2026-07-29 04:14:30.130 -05:00 [DBG] Registered model binder providers, in the following order: ["Microsoft.AspNetCore.Mvc.ModelBinding.Binders.BinderTypeModelBinderProvider","Microsoft.AspNetCore.Mvc.ModelBinding.Binders.ServicesModelBinderProvider","Microsoft.AspNetCore.Mvc.ModelBinding.Binders.BodyModelBinderProvider","Microsoft.AspNetCore.Mvc.ModelBinding.Binders.HeaderModelBinderProvider","Microsoft.AspNetCore.Mvc.ModelBinding.Binders.FloatingPointTypeModelBinderProvider","Microsoft.AspNetCore.Mvc.ModelBinding.Binders.EnumTypeModelBinderProvider","Microsoft.AspNetCore.Mvc.ModelBinding.Binders.DateTimeModelBinderProvider","Microsoft.AspNetCore.Mvc.ModelBinding.Binders.SimpleTypeModelBinderProvider","Microsoft.AspNetCore.Mvc.ModelBinding.Binders.TryParseModelBinderProvider","Microsoft.AspNetCore.Mvc.ModelBinding.Binders.CancellationTokenModelBinderProvider","Microsoft.AspNetCore.Mvc.ModelBinding.Binders.ByteArrayModelBinderProvider","Microsoft.AspNetCore.Mvc.ModelBinding.Binders.FormFileModelBinderProvider","Microsoft.AspNetCore.Mvc.ModelBinding.Binders.FormCollectionModelBinderProvider","Microsoft.AspNetCore.Mvc.ModelBinding.Binders.KeyValuePairModelBinderProvider","Microsoft.AspNetCore.Mvc.ModelBinding.Binders.DictionaryModelBinderProvider","Microsoft.AspNetCore.Mvc.ModelBinding.Binders.ArrayModelBinderProvider","Microsoft.AspNetCore.Mvc.ModelBinding.Binders.CollectionModelBinderProvider","Microsoft.AspNetCore.Mvc.ModelBinding.Binders.ComplexObjectModelBinderProvider"]
2026-07-29 04:14:30.154 -05:00 [DBG] Initializing Razor view compiler with compiled view: '/Pages/Index.cshtml'.
2026-07-29 04:14:30.160 -05:00 [INF] User profile is available. Using 'C:\Users\ArcXN\AppData\Local\ASP.NET\DataProtection-Keys' as key repository and Windows DPAPI to encrypt keys at rest.
2026-07-29 04:14:30.183 -05:00 [DBG] Hosting starting
2026-07-29 04:14:30.188 -05:00 [DBG] Reading data from file 'C:\Users\ArcXN\AppData\Local\ASP.NET\DataProtection-Keys\key-a05a8dc2-9a35-47b8-9d94-c936cb910034.xml'.
2026-07-29 04:14:30.192 -05:00 [DBG] Found key {a05a8dc2-9a35-47b8-9d94-c936cb910034}.
2026-07-29 04:14:30.198 -05:00 [DBG] Considering key {a05a8dc2-9a35-47b8-9d94-c936cb910034} with expiration date 2026-08-04 04:58:08Z as default key.
2026-07-29 04:14:30.198 -05:00 [DBG] Forwarded activator type request from Microsoft.AspNetCore.DataProtection.XmlEncryption.DpapiXmlDecryptor, Microsoft.AspNetCore.DataProtection, Version=8.0.0.0, Culture=neutral, PublicKeyToken=adb9793829ddae60 to Microsoft.AspNetCore.DataProtection.XmlEncryption.DpapiXmlDecryptor, Microsoft.AspNetCore.DataProtection, Culture=neutral, PublicKeyToken=adb9793829ddae60
2026-07-29 04:14:30.199 -05:00 [DBG] Decrypting secret element using Windows DPAPI.
2026-07-29 04:14:30.200 -05:00 [DBG] Forwarded activator type request from Microsoft.AspNetCore.DataProtection.AuthenticatedEncryption.ConfigurationModel.AuthenticatedEncryptorDescriptorDeserializer, Microsoft.AspNetCore.DataProtection, Version=8.0.0.0, Culture=neutral, PublicKeyToken=adb9793829ddae60 to Microsoft.AspNetCore.DataProtection.AuthenticatedEncryption.ConfigurationModel.AuthenticatedEncryptorDescriptorDeserializer, Microsoft.AspNetCore.DataProtection, Culture=neutral, PublicKeyToken=adb9793829ddae60
2026-07-29 04:14:30.201 -05:00 [DBG] Opening CNG algorithm 'AES' from provider 'null' with chaining mode CBC.
2026-07-29 04:14:30.202 -05:00 [DBG] Opening CNG algorithm 'SHA256' from provider 'null' with HMAC.
2026-07-29 04:14:30.203 -05:00 [DBG] Using key {a05a8dc2-9a35-47b8-9d94-c936cb910034} as the default key.
2026-07-29 04:14:30.203 -05:00 [DBG] Key ring with default key {a05a8dc2-9a35-47b8-9d94-c936cb910034} was loaded during application startup.
2026-07-29 04:14:30.205 -05:00 [DBG] Heartbeat SYNAPSE
2026-07-29 04:14:30.205 -05:00 [DBG] Heartbeat TRADEWEAVER
2026-07-29 04:14:30.205 -05:00 [DBG] Heartbeat CASEBLADE
2026-07-29 04:14:30.205 -05:00 [DBG] Heartbeat PROX
2026-07-29 04:14:30.205 -05:00 [DBG] Heartbeat SENTINEL
2026-07-29 04:14:30.205 -05:00 [DBG] Heartbeat MARKETSCRYER
2026-07-29 04:14:30.205 -05:00 [DBG] Heartbeat SIGNALFORGE
2026-07-29 04:14:30.205 -05:00 [DBG] Heartbeat ORACLEVAULT
2026-07-29 04:14:30.205 -05:00 [DBG] Heartbeat RISKWARDEN
2026-07-29 04:14:30.210 -05:00 [WRN] The WebRootPath was not found: C:\Users\ArcXN\OneDrive\Desktop\OnenessSystem\wwwroot. Static files may be unavailable.
2026-07-29 04:14:30.235 -05:00 [DBG] Middleware configuration started with options: {AllowedHosts = *, AllowEmptyHosts = True, IncludeFailureMessage = True}
2026-07-29 04:14:30.236 -05:00 [DBG] Wildcard detected, all requests with hosts will be allowed.
2026-07-29 04:14:30.247 -05:00 [INF] Now listening on: http://localhost:5001
2026-07-29 04:14:30.248 -05:00 [DBG] Loaded hosting startup assembly Oneness.Web
2026-07-29 04:14:30.248 -05:00 [INF] Application started. Press Ctrl+C to shut down.
2026-07-29 04:14:30.248 -05:00 [INF] Hosting environment: Production
2026-07-29 04:14:30.248 -05:00 [INF] Content root path: C:\Users\ArcXN\OneDrive\Desktop\OnenessSystem
2026-07-29 04:14:30.248 -05:00 [DBG] Hosting started
2026-07-29 04:14:39.861 -05:00 [INF] PC health: C: 78.1% used, 10 recent errors
2026-07-29 04:15:30.205 -05:00 [DBG] Heartbeat SYNAPSE
2026-07-29 04:15:30.205 -05:00 [DBG] Heartbeat TRADEWEAVER
2026-07-29 04:15:30.205 -05:00 [DBG] Heartbeat CASEBLADE
2026-07-29 04:15:30.205 -05:00 [DBG] Heartbeat PROX
2026-07-29 04:15:30.205 -05:00 [DBG] Heartbeat SENTINEL
2026-07-29 04:15:30.205 -05:00 [DBG] Heartbeat MARKETSCRYER
2026-07-29 04:15:30.205 -05:00 [DBG] Heartbeat SIGNALFORGE
2026-07-29 04:15:30.205 -05:00 [DBG] Heartbeat ORACLEVAULT
2026-07-29 04:15:30.205 -05:00 [DBG] Heartbeat RISKWARDEN
2026-07-29 04:16:30.205 -05:00 [DBG] Heartbeat SYNAPSE
2026-07-29 04:16:30.205 -05:00 [DBG] Heartbeat TRADEWEAVER
2026-07-29 04:16:30.205 -05:00 [DBG] Heartbeat CASEBLADE
2026-07-29 04:16:30.205 -05:00 [DBG] Heartbeat PROX
2026-07-29 04:16:30.205 -05:00 [DBG] Heartbeat SENTINEL
2026-07-29 04:16:30.205 -05:00 [DBG] Heartbeat MARKETSCRYER
2026-07-29 04:16:30.205 -05:00 [DBG] Heartbeat SIGNALFORGE
2026-07-29 04:16:30.205 -05:00 [DBG] Heartbeat ORACLEVAULT
2026-07-29 04:16:30.205 -05:00 [DBG] Heartbeat RISKWARDEN
2026-07-29 04:17:30.204 -05:00 [DBG] Heartbeat SYNAPSE
2026-07-29 04:17:30.204 -05:00 [DBG] Heartbeat TRADEWEAVER
2026-07-29 04:17:30.204 -05:00 [DBG] Heartbeat CASEBLADE
2026-07-29 04:17:30.204 -05:00 [DBG] Heartbeat PROX
2026-07-29 04:17:30.204 -05:00 [DBG] Heartbeat SENTINEL
2026-07-29 04:17:30.204 -05:00 [DBG] Heartbeat MARKETSCRYER
2026-07-29 04:17:30.204 -05:00 [DBG] Heartbeat SIGNALFORGE
2026-07-29 04:17:30.204 -05:00 [DBG] Heartbeat ORACLEVAULT
2026-07-29 04:17:30.204 -05:00 [DBG] Heartbeat RISKWARDEN
2026-07-29 04:18:30.205 -05:00 [DBG] Heartbeat SYNAPSE
2026-07-29 04:18:30.205 -05:00 [DBG] Heartbeat TRADEWEAVER
2026-07-29 04:18:30.205 -05:00 [DBG] Heartbeat CASEBLADE
2026-07-29 04:18:30.205 -05:00 [DBG] Heartbeat PROX
2026-07-29 04:18:30.205 -05:00 [DBG] Heartbeat SENTINEL
2026-07-29 04:18:30.205 -05:00 [DBG] Heartbeat MARKETSCRYER
2026-07-29 04:18:30.205 -05:00 [DBG] Heartbeat SIGNALFORGE
2026-07-29 04:18:30.205 -05:00 [DBG] Heartbeat ORACLEVAULT
2026-07-29 04:18:30.205 -05:00 [DBG] Heartbeat RISKWARDEN
2026-07-29 04:19:30.205 -05:00 [DBG] Heartbeat SYNAPSE
2026-07-29 04:19:30.205 -05:00 [DBG] Heartbeat TRADEWEAVER
2026-07-29 04:19:30.205 -05:00 [DBG] Heartbeat CASEBLADE
2026-07-29 04:19:30.205 -05:00 [DBG] Heartbeat PROX
2026-07-29 04:19:30.205 -05:00 [DBG] Heartbeat SENTINEL
2026-07-29 04:19:30.205 -05:00 [DBG] Heartbeat MARKETSCRYER
2026-07-29 04:19:30.205 -05:00 [DBG] Heartbeat SIGNALFORGE
2026-07-29 04:19:30.205 -05:00 [DBG] Heartbeat ORACLEVAULT
2026-07-29 04:19:30.205 -05:00 [DBG] Heartbeat RISKWARDEN
2026-07-29 04:19:49.647 -05:00 [INF] PC health: C: 78.1% used, 10 recent errors
2026-07-29 04:20:30.205 -05:00 [DBG] Heartbeat SYNAPSE
2026-07-29 04:20:30.205 -05:00 [DBG] Heartbeat TRADEWEAVER
2026-07-29 04:20:30.205 -05:00 [DBG] Heartbeat CASEBLADE
2026-07-29 04:20:30.205 -05:00 [DBG] Heartbeat PROX
2026-07-29 04:20:30.205 -05:00 [DBG] Heartbeat SENTINEL
2026-07-29 04:20:30.205 -05:00 [DBG] Heartbeat MARKETSCRYER
2026-07-29 04:20:30.205 -05:00 [DBG] Heartbeat SIGNALFORGE
2026-07-29 04:20:30.205 -05:00 [DBG] Heartbeat ORACLEVAULT
2026-07-29 04:20:30.205 -05:00 [DBG] Heartbeat RISKWARDEN
2026-07-29 04:21:30.204 -05:00 [DBG] Heartbeat SYNAPSE
2026-07-29 04:21:30.204 -05:00 [DBG] Heartbeat TRADEWEAVER
2026-07-29 04:21:30.204 -05:00 [DBG] Heartbeat CASEBLADE
2026-07-29 04:21:30.204 -05:00 [DBG] Heartbeat PROX
2026-07-29 04:21:30.204 -05:00 [DBG] Heartbeat SENTINEL
2026-07-29 04:21:30.204 -05:00 [DBG] Heartbeat MARKETSCRYER
2026-07-29 04:21:30.204 -05:00 [DBG] Heartbeat SIGNALFORGE
2026-07-29 04:21:30.204 -05:00 [DBG] Heartbeat ORACLEVAULT
2026-07-29 04:21:30.204 -05:00 [DBG] Heartbeat RISKWARDEN
2026-07-29 04:22:30.204 -05:00 [DBG] Heartbeat SYNAPSE
2026-07-29 04:22:30.204 -05:00 [DBG] Heartbeat TRADEWEAVER
2026-07-29 04:22:30.204 -05:00 [DBG] Heartbeat CASEBLADE
2026-07-29 04:22:30.204 -05:00 [DBG] Heartbeat PROX
2026-07-29 04:22:30.204 -05:00 [DBG] Heartbeat SENTINEL
2026-07-29 04:22:30.204 -05:00 [DBG] Heartbeat MARKETSCRYER
2026-07-29 04:22:30.204 -05:00 [DBG] Heartbeat SIGNALFORGE
2026-07-29 04:22:30.204 -05:00 [DBG] Heartbeat ORACLEVAULT
2026-07-29 04:22:30.204 -05:00 [DBG] Heartbeat RISKWARDEN
2026-07-29 04:23:30.204 -05:00 [DBG] Heartbeat SYNAPSE
2026-07-29 04:23:30.204 -05:00 [DBG] Heartbeat TRADEWEAVER
2026-07-29 04:23:30.204 -05:00 [DBG] Heartbeat CASEBLADE
2026-07-29 04:23:30.204 -05:00 [DBG] Heartbeat PROX
2026-07-29 04:23:30.204 -05:00 [DBG] Heartbeat SENTINEL
2026-07-29 04:23:30.204 -05:00 [DBG] Heartbeat MARKETSCRYER
2026-07-29 04:23:30.204 -05:00 [DBG] Heartbeat SIGNALFORGE
2026-07-29 04:23:30.204 -05:00 [DBG] Heartbeat ORACLEVAULT
2026-07-29 04:23:30.204 -05:00 [DBG] Heartbeat RISKWARDEN
2026-07-29 04:24:30.204 -05:00 [DBG] Heartbeat SYNAPSE
2026-07-29 04:24:30.204 -05:00 [DBG] Heartbeat TRADEWEAVER
2026-07-29 04:24:30.204 -05:00 [DBG] Heartbeat CASEBLADE
2026-07-29 04:24:30.204 -05:00 [DBG] Heartbeat PROX
2026-07-29 04:24:30.204 -05:00 [DBG] Heartbeat SENTINEL
2026-07-29 04:24:30.204 -05:00 [DBG] Heartbeat MARKETSCRYER
2026-07-29 04:24:30.204 -05:00 [DBG] Heartbeat SIGNALFORGE
2026-07-29 04:24:30.204 -05:00 [DBG] Heartbeat ORACLEVAULT
2026-07-29 04:24:30.204 -05:00 [DBG] Heartbeat RISKWARDEN
2026-07-29 04:24:59.726 -05:00 [INF] PC health: C: 78.1% used, 10 recent errors
2026-07-29 04:25:30.203 -05:00 [DBG] Heartbeat SYNAPSE
2026-07-29 04:25:30.203 -05:00 [DBG] Heartbeat TRADEWEAVER
2026-07-29 04:25:30.203 -05:00 [DBG] Heartbeat CASEBLADE
2026-07-29 04:25:30.203 -05:00 [DBG] Heartbeat PROX
2026-07-29 04:25:30.203 -05:00 [DBG] Heartbeat SENTINEL
2026-07-29 04:25:30.203 -05:00 [DBG] Heartbeat MARKETSCRYER
2026-07-29 04:25:30.203 -05:00 [DBG] Heartbeat SIGNALFORGE
2026-07-29 04:25:30.203 -05:00 [DBG] Heartbeat ORACLEVAULT
2026-07-29 04:25:30.203 -05:00 [DBG] Heartbeat RISKWARDEN
2026-07-29 04:26:30.203 -05:00 [DBG] Heartbeat SYNAPSE
2026-07-29 04:26:30.203 -05:00 [DBG] Heartbeat TRADEWEAVER
2026-07-29 04:26:30.203 -05:00 [DBG] Heartbeat CASEBLADE
2026-07-29 04:26:30.203 -05:00 [DBG] Heartbeat PROX
2026-07-29 04:26:30.203 -05:00 [DBG] Heartbeat SENTINEL
2026-07-29 04:26:30.203 -05:00 [DBG] Heartbeat MARKETSCRYER
2026-07-29 04:26:30.203 -05:00 [DBG] Heartbeat SIGNALFORGE
2026-07-29 04:26:30.203 -05:00 [DBG] Heartbeat ORACLEVAULT
2026-07-29 04:26:30.203 -05:00 [DBG] Heartbeat RISKWARDEN
2026-07-29 04:27:30.202 -05:00 [DBG] Heartbeat SYNAPSE
2026-07-29 04:27:30.202 -05:00 [DBG] Heartbeat TRADEWEAVER
2026-07-29 04:27:30.202 -05:00 [DBG] Heartbeat CASEBLADE
2026-07-29 04:27:30.202 -05:00 [DBG] Heartbeat PROX
2026-07-29 04:27:30.202 -05:00 [DBG] Heartbeat SENTINEL
2026-07-29 04:27:30.202 -05:00 [DBG] Heartbeat MARKETSCRYER
2026-07-29 04:27:30.202 -05:00 [DBG] Heartbeat SIGNALFORGE
2026-07-29 04:27:30.202 -05:00 [DBG] Heartbeat ORACLEVAULT
2026-07-29 04:27:30.202 -05:00 [DBG] Heartbeat RISKWARDEN
2026-07-29 04:28:30.202 -05:00 [DBG] Heartbeat SYNAPSE
2026-07-29 04:28:30.202 -05:00 [DBG] Heartbeat TRADEWEAVER
2026-07-29 04:28:30.202 -05:00 [DBG] Heartbeat CASEBLADE
2026-07-29 04:28:30.202 -05:00 [DBG] Heartbeat PROX
2026-07-29 04:28:30.202 -05:00 [DBG] Heartbeat SENTINEL
2026-07-29 04:28:30.202 -05:00 [DBG] Heartbeat MARKETSCRYER
2026-07-29 04:28:30.202 -05:00 [DBG] Heartbeat SIGNALFORGE
2026-07-29 04:28:30.202 -05:00 [DBG] Heartbeat ORACLEVAULT
2026-07-29 04:28:30.202 -05:00 [DBG] Heartbeat RISKWARDEN
2026-07-29 04:29:30.202 -05:00 [DBG] Heartbeat SYNAPSE
2026-07-29 04:29:30.202 -05:00 [DBG] Heartbeat TRADEWEAVER
2026-07-29 04:29:30.202 -05:00 [DBG] Heartbeat CASEBLADE
2026-07-29 04:29:30.202 -05:00 [DBG] Heartbeat PROX
2026-07-29 04:29:30.202 -05:00 [DBG] Heartbeat SENTINEL
2026-07-29 04:29:30.202 -05:00 [DBG] Heartbeat MARKETSCRYER
2026-07-29 04:29:30.202 -05:00 [DBG] Heartbeat SIGNALFORGE
2026-07-29 04:29:30.202 -05:00 [DBG] Heartbeat ORACLEVAULT
2026-07-29 04:29:30.202 -05:00 [DBG] Heartbeat RISKWARDEN
2026-07-29 04:30:09.712 -05:00 [INF] PC health: C: 78.1% used, 10 recent errors
2026-07-29 04:30:30.201 -05:00 [DBG] Heartbeat SYNAPSE
2026-07-29 04:30:30.201 -05:00 [DBG] Heartbeat TRADEWEAVER
2026-07-29 04:30:30.201 -05:00 [DBG] Heartbeat CASEBLADE
2026-07-29 04:30:30.201 -05:00 [DBG] Heartbeat PROX
2026-07-29 04:30:30.201 -05:00 [DBG] Heartbeat SENTINEL
2026-07-29 04:30:30.201 -05:00 [DBG] Heartbeat MARKETSCRYER
2026-07-29 04:30:30.201 -05:00 [DBG] Heartbeat SIGNALFORGE
2026-07-29 04:30:30.201 -05:00 [DBG] Heartbeat ORACLEVAULT
2026-07-29 04:30:30.201 -05:00 [DBG] Heartbeat RISKWARDEN
2026-07-29 04:31:30.201 -05:00 [DBG] Heartbeat SYNAPSE
2026-07-29 04:31:30.201 -05:00 [DBG] Heartbeat TRADEWEAVER
2026-07-29 04:31:30.201 -05:00 [DBG] Heartbeat CASEBLADE
2026-07-29 04:31:30.201 -05:00 [DBG] Heartbeat PROX
2026-07-29 04:31:30.201 -05:00 [DBG] Heartbeat SENTINEL
2026-07-29 04:31:30.201 -05:00 [DBG] Heartbeat MARKETSCRYER
2026-07-29 04:31:30.201 -05:00 [DBG] Heartbeat SIGNALFORGE
2026-07-29 04:31:30.201 -05:00 [DBG] Heartbeat ORACLEVAULT
2026-07-29 04:31:30.201 -05:00 [DBG] Heartbeat RISKWARDEN
2026-07-29 04:32:30.201 -05:00 [DBG] Heartbeat SYNAPSE
2026-07-29 04:32:30.201 -05:00 [DBG] Heartbeat TRADEWEAVER
2026-07-29 04:32:30.201 -05:00 [DBG] Heartbeat CASEBLADE
2026-07-29 04:32:30.201 -05:00 [DBG] Heartbeat PROX
2026-07-29 04:32:30.201 -05:00 [DBG] Heartbeat SENTINEL
2026-07-29 04:32:30.201 -05:00 [DBG] Heartbeat MARKETSCRYER
2026-07-29 04:32:30.201 -05:00 [DBG] Heartbeat SIGNALFORGE
2026-07-29 04:32:30.201 -05:00 [DBG] Heartbeat ORACLEVAULT
2026-07-29 04:32:30.201 -05:00 [DBG] Heartbeat RISKWARDEN
2026-07-29 04:33:30.201 -05:00 [DBG] Heartbeat SYNAPSE
2026-07-29 04:33:30.201 -05:00 [DBG] Heartbeat TRADEWEAVER
2026-07-29 04:33:30.201 -05:00 [DBG] Heartbeat CASEBLADE
2026-07-29 04:33:30.201 -05:00 [DBG] Heartbeat PROX
2026-07-29 04:33:30.201 -05:00 [DBG] Heartbeat SENTINEL
2026-07-29 04:33:30.201 -05:00 [DBG] Heartbeat MARKETSCRYER
2026-07-29 04:33:30.201 -05:00 [DBG] Heartbeat SIGNALFORGE
2026-07-29 04:33:30.201 -05:00 [DBG] Heartbeat ORACLEVAULT
2026-07-29 04:33:30.201 -05:00 [DBG] Heartbeat RISKWARDEN
2026-07-29 04:34:30.202 -05:00 [DBG] Heartbeat SYNAPSE
2026-07-29 04:34:30.202 -05:00 [DBG] Heartbeat TRADEWEAVER
2026-07-29 04:34:30.202 -05:00 [DBG] Heartbeat CASEBLADE
2026-07-29 04:34:30.202 -05:00 [DBG] Heartbeat PROX
2026-07-29 04:34:30.202 -05:00 [DBG] Heartbeat SENTINEL
2026-07-29 04:34:30.202 -05:00 [DBG] Heartbeat MARKETSCRYER
2026-07-29 04:34:30.202 -05:00 [DBG] Heartbeat SIGNALFORGE
2026-07-29 04:34:30.202 -05:00 [DBG] Heartbeat ORACLEVAULT
2026-07-29 04:34:30.202 -05:00 [DBG] Heartbeat RISKWARDEN
2026-07-29 04:35:19.539 -05:00 [INF] PC health: C: 77.9% used, 10 recent errors
2026-07-29 04:35:30.202 -05:00 [DBG] Heartbeat SYNAPSE
2026-07-29 04:35:30.202 -05:00 [DBG] Heartbeat TRADEWEAVER
2026-07-29 04:35:30.202 -05:00 [DBG] Heartbeat CASEBLADE
2026-07-29 04:35:30.202 -05:00 [DBG] Heartbeat PROX
2026-07-29 04:35:30.202 -05:00 [DBG] Heartbeat SENTINEL
2026-07-29 04:35:30.202 -05:00 [DBG] Heartbeat MARKETSCRYER
2026-07-29 04:35:30.202 -05:00 [DBG] Heartbeat SIGNALFORGE
2026-07-29 04:35:30.202 -05:00 [DBG] Heartbeat ORACLEVAULT
2026-07-29 04:35:30.202 -05:00 [DBG] Heartbeat RISKWARDEN
2026-07-29 04:36:30.202 -05:00 [DBG] Heartbeat SYNAPSE
2026-07-29 04:36:30.202 -05:00 [DBG] Heartbeat TRADEWEAVER
2026-07-29 04:36:30.202 -05:00 [DBG] Heartbeat CASEBLADE
2026-07-29 04:36:30.202 -05:00 [DBG] Heartbeat PROX
2026-07-29 04:36:30.202 -05:00 [DBG] Heartbeat SENTINEL
2026-07-29 04:36:30.202 -05:00 [DBG] Heartbeat MARKETSCRYER
2026-07-29 04:36:30.202 -05:00 [DBG] Heartbeat SIGNALFORGE
2026-07-29 04:36:30.202 -05:00 [DBG] Heartbeat ORACLEVAULT
2026-07-29 04:36:30.202 -05:00 [DBG] Heartbeat RISKWARDEN
2026-07-29 04:37:30.202 -05:00 [DBG] Heartbeat SYNAPSE
2026-07-29 04:37:30.202 -05:00 [DBG] Heartbeat TRADEWEAVER
2026-07-29 04:37:30.202 -05:00 [DBG] Heartbeat CASEBLADE
2026-07-29 04:37:30.202 -05:00 [DBG] Heartbeat PROX
2026-07-29 04:37:30.202 -05:00 [DBG] Heartbeat SENTINEL
2026-07-29 04:37:30.202 -05:00 [DBG] Heartbeat MARKETSCRYER
2026-07-29 04:37:30.202 -05:00 [DBG] Heartbeat SIGNALFORGE
2026-07-29 04:37:30.202 -05:00 [DBG] Heartbeat ORACLEVAULT
2026-07-29 04:37:30.202 -05:00 [DBG] Heartbeat RISKWARDEN
2026-07-29 04:38:30.202 -05:00 [DBG] Heartbeat SYNAPSE
2026-07-29 04:38:30.202 -05:00 [DBG] Heartbeat TRADEWEAVER
2026-07-29 04:38:30.202 -05:00 [DBG] Heartbeat CASEBLADE
2026-07-29 04:38:30.202 -05:00 [DBG] Heartbeat PROX
2026-07-29 04:38:30.202 -05:00 [DBG] Heartbeat SENTINEL
2026-07-29 04:38:30.202 -05:00 [DBG] Heartbeat MARKETSCRYER
2026-07-29 04:38:30.202 -05:00 [DBG] Heartbeat SIGNALFORGE
2026-07-29 04:38:30.202 -05:00 [DBG] Heartbeat ORACLEVAULT
2026-07-29 04:38:30.202 -05:00 [DBG] Heartbeat RISKWARDEN
2026-07-29 04:39:30.203 -05:00 [DBG] Heartbeat SYNAPSE
2026-07-29 04:39:30.203 -05:00 [DBG] Heartbeat TRADEWEAVER
2026-07-29 04:39:30.203 -05:00 [DBG] Heartbeat CASEBLADE
2026-07-29 04:39:30.203 -05:00 [DBG] Heartbeat PROX
2026-07-29 04:39:30.203 -05:00 [DBG] Heartbeat SENTINEL
2026-07-29 04:39:30.203 -05:00 [DBG] Heartbeat MARKETSCRYER
2026-07-29 04:39:30.203 -05:00 [DBG] Heartbeat SIGNALFORGE
2026-07-29 04:39:30.203 -05:00 [DBG] Heartbeat ORACLEVAULT
2026-07-29 04:39:30.203 -05:00 [DBG] Heartbeat RISKWARDEN
2026-07-29 04:40:29.429 -05:00 [INF] PC health: C: 77.9% used, 10 recent errors
2026-07-29 04:40:30.202 -05:00 [DBG] Heartbeat SYNAPSE
2026-07-29 04:40:30.662 -05:00 [DBG] Heartbeat TRADEWEAVER
2026-07-29 04:40:30.838 -05:00 [DBG] Heartbeat CASEBLADE
2026-07-29 04:40:30.838 -05:00 [DBG] Heartbeat PROX
2026-07-29 04:40:30.838 -05:00 [DBG] Heartbeat SENTINEL
2026-07-29 04:40:30.838 -05:00 [DBG] Heartbeat MARKETSCRYER
2026-07-29 04:40:30.838 -05:00 [DBG] Heartbeat SIGNALFORGE
2026-07-29 04:40:30.839 -05:00 [DBG] Heartbeat ORACLEVAULT
2026-07-29 04:40:30.839 -05:00 [DBG] Heartbeat RISKWARDEN
2026-07-29 04:41:30.839 -05:00 [DBG] Heartbeat SYNAPSE
2026-07-29 04:41:30.839 -05:00 [DBG] Heartbeat TRADEWEAVER
2026-07-29 04:41:30.839 -05:00 [DBG] Heartbeat CASEBLADE
2026-07-29 04:41:30.839 -05:00 [DBG] Heartbeat PROX
2026-07-29 04:41:30.839 -05:00 [DBG] Heartbeat SENTINEL
2026-07-29 04:41:30.839 -05:00 [DBG] Heartbeat MARKETSCRYER
2026-07-29 04:41:30.839 -05:00 [DBG] Heartbeat SIGNALFORGE
2026-07-29 04:41:30.839 -05:00 [DBG] Heartbeat ORACLEVAULT
2026-07-29 04:41:30.839 -05:00 [DBG] Heartbeat RISKWARDEN
2026-07-29 04:42:30.839 -05:00 [DBG] Heartbeat SYNAPSE
2026-07-29 04:42:30.839 -05:00 [DBG] Heartbeat TRADEWEAVER
2026-07-29 04:42:30.839 -05:00 [DBG] Heartbeat CASEBLADE
2026-07-29 04:42:30.839 -05:00 [DBG] Heartbeat PROX
2026-07-29 04:42:30.839 -05:00 [DBG] Heartbeat SENTINEL
2026-07-29 04:42:30.839 -05:00 [DBG] Heartbeat MARKETSCRYER
2026-07-29 04:42:30.839 -05:00 [DBG] Heartbeat SIGNALFORGE
2026-07-29 04:42:30.839 -05:00 [DBG] Heartbeat ORACLEVAULT
2026-07-29 04:42:30.839 -05:00 [DBG] Heartbeat RISKWARDEN
2026-07-29 04:43:30.839 -05:00 [DBG] Heartbeat SYNAPSE
2026-07-29 04:43:30.840 -05:00 [DBG] Heartbeat TRADEWEAVER
2026-07-29 04:43:30.840 -05:00 [DBG] Heartbeat CASEBLADE
2026-07-29 04:43:30.840 -05:00 [DBG] Heartbeat PROX
2026-07-29 04:43:30.840 -05:00 [DBG] Heartbeat SENTINEL
2026-07-29 04:43:30.840 -05:00 [DBG] Heartbeat MARKETSCRYER
2026-07-29 04:43:30.840 -05:00 [DBG] Heartbeat SIGNALFORGE
2026-07-29 04:43:30.840 -05:00 [DBG] Heartbeat ORACLEVAULT
2026-07-29 04:43:30.840 -05:00 [DBG] Heartbeat RISKWARDEN
2026-07-29 04:44:30.839 -05:00 [DBG] Heartbeat SYNAPSE
2026-07-29 04:44:30.839 -05:00 [DBG] Heartbeat TRADEWEAVER
2026-07-29 04:44:30.839 -05:00 [DBG] Heartbeat CASEBLADE
2026-07-29 04:44:30.839 -05:00 [DBG] Heartbeat PROX
2026-07-29 04:44:30.839 -05:00 [DBG] Heartbeat SENTINEL
2026-07-29 04:44:30.839 -05:00 [DBG] Heartbeat MARKETSCRYER
2026-07-29 04:44:30.839 -05:00 [DBG] Heartbeat SIGNALFORGE
2026-07-29 04:44:30.839 -05:00 [DBG] Heartbeat ORACLEVAULT
2026-07-29 04:44:30.839 -05:00 [DBG] Heartbeat RISKWARDEN
2026-07-29 04:45:30.838 -05:00 [DBG] Heartbeat SYNAPSE
2026-07-29 04:45:30.838 -05:00 [DBG] Heartbeat TRADEWEAVER
2026-07-29 04:45:30.838 -05:00 [DBG] Heartbeat CASEBLADE
2026-07-29 04:45:30.838 -05:00 [DBG] Heartbeat PROX
2026-07-29 04:45:30.838 -05:00 [DBG] Heartbeat SENTINEL
2026-07-29 04:45:30.838 -05:00 [DBG] Heartbeat MARKETSCRYER
2026-07-29 04:45:30.838 -05:00 [DBG] Heartbeat SIGNALFORGE
2026-07-29 04:45:30.838 -05:00 [DBG] Heartbeat ORACLEVAULT
2026-07-29 04:45:30.838 -05:00 [DBG] Heartbeat RISKWARDEN
2026-07-29 04:45:39.286 -05:00 [INF] PC health: C: 77.9% used, 10 recent errors
2026-07-29 04:46:30.839 -05:00 [DBG] Heartbeat SYNAPSE
2026-07-29 04:46:30.839 -05:00 [DBG] Heartbeat TRADEWEAVER
2026-07-29 04:46:30.839 -05:00 [DBG] Heartbeat CASEBLADE
2026-07-29 04:46:30.839 -05:00 [DBG] Heartbeat PROX
2026-07-29 04:46:30.839 -05:00 [DBG] Heartbeat SENTINEL
2026-07-29 04:46:30.839 -05:00 [DBG] Heartbeat MARKETSCRYER
2026-07-29 04:46:30.839 -05:00 [DBG] Heartbeat SIGNALFORGE
2026-07-29 04:46:30.839 -05:00 [DBG] Heartbeat ORACLEVAULT
2026-07-29 04:46:30.839 -05:00 [DBG] Heartbeat RISKWARDEN
2026-07-29 04:47:30.839 -05:00 [DBG] Heartbeat SYNAPSE
2026-07-29 04:47:30.839 -05:00 [DBG] Heartbeat TRADEWEAVER
2026-07-29 04:47:30.839 -05:00 [DBG] Heartbeat CASEBLADE
2026-07-29 04:47:30.839 -05:00 [DBG] Heartbeat PROX
2026-07-29 04:47:30.839 -05:00 [DBG] Heartbeat SENTINEL
2026-07-29 04:47:30.839 -05:00 [DBG] Heartbeat MARKETSCRYER
2026-07-29 04:47:30.839 -05:00 [DBG] Heartbeat SIGNALFORGE
2026-07-29 04:47:30.839 -05:00 [DBG] Heartbeat ORACLEVAULT
2026-07-29 04:47:30.839 -05:00 [DBG] Heartbeat RISKWARDEN
2026-07-29 04:48:30.839 -05:00 [DBG] Heartbeat SYNAPSE
2026-07-29 04:48:30.839 -05:00 [DBG] Heartbeat TRADEWEAVER
2026-07-29 04:48:30.839 -05:00 [DBG] Heartbeat CASEBLADE
2026-07-29 04:48:30.839 -05:00 [DBG] Heartbeat PROX
2026-07-29 04:48:30.839 -05:00 [DBG] Heartbeat SENTINEL
2026-07-29 04:48:30.839 -05:00 [DBG] Heartbeat MARKETSCRYER
2026-07-29 04:48:30.839 -05:00 [DBG] Heartbeat SIGNALFORGE
2026-07-29 04:48:30.839 -05:00 [DBG] Heartbeat ORACLEVAULT
2026-07-29 04:48:30.839 -05:00 [DBG] Heartbeat RISKWARDEN
2026-07-29 04:49:30.839 -05:00 [DBG] Heartbeat SYNAPSE
2026-07-29 04:49:30.839 -05:00 [DBG] Heartbeat TRADEWEAVER
2026-07-29 04:49:30.839 -05:00 [DBG] Heartbeat CASEBLADE
2026-07-29 04:49:30.839 -05:00 [DBG] Heartbeat PROX
2026-07-29 04:49:30.839 -05:00 [DBG] Heartbeat SENTINEL
2026-07-29 04:49:30.839 -05:00 [DBG] Heartbeat MARKETSCRYER
2026-07-29 04:49:30.839 -05:00 [DBG] Heartbeat SIGNALFORGE
2026-07-29 04:49:30.839 -05:00 [DBG] Heartbeat ORACLEVAULT
2026-07-29 04:49:30.839 -05:00 [DBG] Heartbeat RISKWARDEN
2026-07-29 04:50:30.839 -05:00 [DBG] Heartbeat SYNAPSE
2026-07-29 04:50:30.839 -05:00 [DBG] Heartbeat TRADEWEAVER
2026-07-29 04:50:30.839 -05:00 [DBG] Heartbeat CASEBLADE
2026-07-29 04:50:30.839 -05:00 [DBG] Heartbeat PROX
2026-07-29 04:50:30.839 -05:00 [DBG] Heartbeat SENTINEL
2026-07-29 04:50:30.839 -05:00 [DBG] Heartbeat MARKETSCRYER
2026-07-29 04:50:30.839 -05:00 [DBG] Heartbeat SIGNALFORGE
2026-07-29 04:50:30.839 -05:00 [DBG] Heartbeat ORACLEVAULT
2026-07-29 04:50:30.839 -05:00 [DBG] Heartbeat RISKWARDEN
2026-07-29 04:50:49.177 -05:00 [INF] PC health: C: 77.9% used, 10 recent errors
2026-07-29 04:51:30.840 -05:00 [DBG] Heartbeat SYNAPSE
2026-07-29 04:51:30.840 -05:00 [DBG] Heartbeat TRADEWEAVER
2026-07-29 04:51:30.840 -05:00 [DBG] Heartbeat CASEBLADE
2026-07-29 04:51:30.840 -05:00 [DBG] Heartbeat PROX
2026-07-29 04:51:30.840 -05:00 [DBG] Heartbeat SENTINEL
2026-07-29 04:51:30.840 -05:00 [DBG] Heartbeat MARKETSCRYER
2026-07-29 04:51:30.840 -05:00 [DBG] Heartbeat SIGNALFORGE
2026-07-29 04:51:30.840 -05:00 [DBG] Heartbeat ORACLEVAULT
2026-07-29 04:51:30.840 -05:00 [DBG] Heartbeat RISKWARDEN
2026-07-29 04:52:30.840 -05:00 [DBG] Heartbeat SYNAPSE
2026-07-29 04:52:30.840 -05:00 [DBG] Heartbeat TRADEWEAVER
2026-07-29 04:52:30.840 -05:00 [DBG] Heartbeat CASEBLADE
2026-07-29 04:52:30.840 -05:00 [DBG] Heartbeat PROX
2026-07-29 04:52:30.840 -05:00 [DBG] Heartbeat SENTINEL
2026-07-29 04:52:30.840 -05:00 [DBG] Heartbeat MARKETSCRYER
2026-07-29 04:52:30.840 -05:00 [DBG] Heartbeat SIGNALFORGE
2026-07-29 04:52:30.840 -05:00 [DBG] Heartbeat ORACLEVAULT
2026-07-29 04:52:30.840 -05:00 [DBG] Heartbeat RISKWARDEN
2026-07-29 04:53:30.840 -05:00 [DBG] Heartbeat SYNAPSE
2026-07-29 04:53:30.840 -05:00 [DBG] Heartbeat TRADEWEAVER
2026-07-29 04:53:30.840 -05:00 [DBG] Heartbeat CASEBLADE
2026-07-29 04:53:30.840 -05:00 [DBG] Heartbeat PROX
2026-07-29 04:53:30.840 -05:00 [DBG] Heartbeat SENTINEL
2026-07-29 04:53:30.840 -05:00 [DBG] Heartbeat MARKETSCRYER
2026-07-29 04:53:30.840 -05:00 [DBG] Heartbeat SIGNALFORGE
2026-07-29 04:53:30.840 -05:00 [DBG] Heartbeat ORACLEVAULT
2026-07-29 04:53:30.840 -05:00 [DBG] Heartbeat RISKWARDEN
2026-07-29 04:54:30.840 -05:00 [DBG] Heartbeat SYNAPSE
2026-07-29 04:54:30.840 -05:00 [DBG] Heartbeat TRADEWEAVER
2026-07-29 04:54:30.840 -05:00 [DBG] Heartbeat CASEBLADE
2026-07-29 04:54:30.840 -05:00 [DBG] Heartbeat PROX
2026-07-29 04:54:30.840 -05:00 [DBG] Heartbeat SENTINEL
2026-07-29 04:54:30.840 -05:00 [DBG] Heartbeat MARKETSCRYER
2026-07-29 04:54:30.840 -05:00 [DBG] Heartbeat SIGNALFORGE
2026-07-29 04:54:30.840 -05:00 [DBG] Heartbeat ORACLEVAULT
2026-07-29 04:54:30.840 -05:00 [DBG] Heartbeat RISKWARDEN
2026-07-29 04:55:30.840 -05:00 [DBG] Heartbeat SYNAPSE
2026-07-29 04:55:30.840 -05:00 [DBG] Heartbeat TRADEWEAVER
2026-07-29 04:55:30.840 -05:00 [DBG] Heartbeat CASEBLADE
2026-07-29 04:55:30.840 -05:00 [DBG] Heartbeat PROX
2026-07-29 04:55:30.840 -05:00 [DBG] Heartbeat SENTINEL
2026-07-29 04:55:30.841 -05:00 [DBG] Heartbeat MARKETSCRYER
2026-07-29 04:55:30.841 -05:00 [DBG] Heartbeat SIGNALFORGE
2026-07-29 04:55:30.841 -05:00 [DBG] Heartbeat ORACLEVAULT
2026-07-29 04:55:30.841 -05:00 [DBG] Heartbeat RISKWARDEN
2026-07-29 04:55:59.501 -05:00 [INF] PC health: C: 77.9% used, 10 recent errors
2026-07-29 04:56:30.841 -05:00 [DBG] Heartbeat SYNAPSE
2026-07-29 04:56:30.841 -05:00 [DBG] Heartbeat TRADEWEAVER
2026-07-29 04:56:30.841 -05:00 [DBG] Heartbeat CASEBLADE
2026-07-29 04:56:30.841 -05:00 [DBG] Heartbeat PROX
2026-07-29 04:56:30.841 -05:00 [DBG] Heartbeat SENTINEL
2026-07-29 04:56:30.841 -05:00 [DBG] Heartbeat MARKETSCRYER
2026-07-29 04:56:30.841 -05:00 [DBG] Heartbeat SIGNALFORGE
2026-07-29 04:56:30.841 -05:00 [DBG] Heartbeat ORACLEVAULT
2026-07-29 04:56:30.841 -05:00 [DBG] Heartbeat RISKWARDEN
2026-07-29 04:57:30.840 -05:00 [DBG] Heartbeat SYNAPSE
2026-07-29 04:57:30.840 -05:00 [DBG] Heartbeat TRADEWEAVER
2026-07-29 04:57:30.840 -05:00 [DBG] Heartbeat CASEBLADE
2026-07-29 04:57:30.840 -05:00 [DBG] Heartbeat PROX
2026-07-29 04:57:30.841 -05:00 [DBG] Heartbeat SENTINEL
2026-07-29 04:57:30.841 -05:00 [DBG] Heartbeat MARKETSCRYER
2026-07-29 04:57:30.841 -05:00 [DBG] Heartbeat SIGNALFORGE
2026-07-29 04:57:30.841 -05:00 [DBG] Heartbeat ORACLEVAULT
2026-07-29 04:57:30.841 -05:00 [DBG] Heartbeat RISKWARDEN
2026-07-29 04:58:30.841 -05:00 [DBG] Heartbeat SYNAPSE
2026-07-29 04:58:30.841 -05:00 [DBG] Heartbeat TRADEWEAVER
2026-07-29 04:58:30.841 -05:00 [DBG] Heartbeat CASEBLADE
2026-07-29 04:58:30.841 -05:00 [DBG] Heartbeat PROX
2026-07-29 04:58:30.841 -05:00 [DBG] Heartbeat SENTINEL
2026-07-29 04:58:30.841 -05:00 [DBG] Heartbeat MARKETSCRYER
2026-07-29 04:58:30.841 -05:00 [DBG] Heartbeat SIGNALFORGE
2026-07-29 04:58:30.841 -05:00 [DBG] Heartbeat ORACLEVAULT
2026-07-29 04:58:30.841 -05:00 [DBG] Heartbeat RISKWARDEN
2026-07-29 04:59:30.841 -05:00 [DBG] Heartbeat SYNAPSE
2026-07-29 04:59:30.841 -05:00 [DBG] Heartbeat TRADEWEAVER
2026-07-29 04:59:30.841 -05:00 [DBG] Heartbeat CASEBLADE
2026-07-29 04:59:30.841 -05:00 [DBG] Heartbeat PROX
2026-07-29 04:59:30.841 -05:00 [DBG] Heartbeat SENTINEL
2026-07-29 04:59:30.841 -05:00 [DBG] Heartbeat MARKETSCRYER
2026-07-29 04:59:30.841 -05:00 [DBG] Heartbeat SIGNALFORGE
2026-07-29 04:59:30.841 -05:00 [DBG] Heartbeat ORACLEVAULT
2026-07-29 04:59:30.841 -05:00 [DBG] Heartbeat RISKWARDEN
2026-07-29 05:00:30.842 -05:00 [DBG] Heartbeat SYNAPSE
2026-07-29 05:00:30.842 -05:00 [DBG] Heartbeat TRADEWEAVER
2026-07-29 05:00:30.842 -05:00 [DBG] Heartbeat CASEBLADE
2026-07-29 05:00:30.842 -05:00 [DBG] Heartbeat PROX
2026-07-29 05:00:30.842 -05:00 [DBG] Heartbeat SENTINEL
2026-07-29 05:00:30.842 -05:00 [DBG] Heartbeat MARKETSCRYER
2026-07-29 05:00:30.842 -05:00 [DBG] Heartbeat SIGNALFORGE
2026-07-29 05:00:30.842 -05:00 [DBG] Heartbeat ORACLEVAULT
2026-07-29 05:00:30.842 -05:00 [DBG] Heartbeat RISKWARDEN
2026-07-29 05:01:09.639 -05:00 [INF] PC health: C: 77.9% used, 10 recent errors
2026-07-29 05:01:30.842 -05:00 [DBG] Heartbeat SYNAPSE
2026-07-29 05:01:30.842 -05:00 [DBG] Heartbeat TRADEWEAVER
2026-07-29 05:01:30.842 -05:00 [DBG] Heartbeat CASEBLADE
2026-07-29 05:01:30.842 -05:00 [DBG] Heartbeat PROX
2026-07-29 05:01:30.842 -05:00 [DBG] Heartbeat SENTINEL
2026-07-29 05:01:30.842 -05:00 [DBG] Heartbeat MARKETSCRYER
2026-07-29 05:01:30.842 -05:00 [DBG] Heartbeat SIGNALFORGE
2026-07-29 05:01:30.842 -05:00 [DBG] Heartbeat ORACLEVAULT
2026-07-29 05:01:30.842 -05:00 [DBG] Heartbeat RISKWARDEN
2026-07-29 05:02:30.842 -05:00 [DBG] Heartbeat SYNAPSE
2026-07-29 05:02:30.842 -05:00 [DBG] Heartbeat TRADEWEAVER
2026-07-29 05:02:30.842 -05:00 [DBG] Heartbeat CASEBLADE
2026-07-29 05:02:30.842 -05:00 [DBG] Heartbeat PROX
2026-07-29 05:02:30.842 -05:00 [DBG] Heartbeat SENTINEL
2026-07-29 05:02:30.842 -05:00 [DBG] Heartbeat MARKETSCRYER
2026-07-29 05:02:30.842 -05:00 [DBG] Heartbeat SIGNALFORGE
2026-07-29 05:02:30.842 -05:00 [DBG] Heartbeat ORACLEVAULT
2026-07-29 05:02:30.842 -05:00 [DBG] Heartbeat RISKWARDEN
2026-07-29 05:03:30.841 -05:00 [DBG] Heartbeat SYNAPSE
2026-07-29 05:03:30.841 -05:00 [DBG] Heartbeat TRADEWEAVER
2026-07-29 05:03:30.841 -05:00 [DBG] Heartbeat CASEBLADE
2026-07-29 05:03:30.841 -05:00 [DBG] Heartbeat PROX
2026-07-29 05:03:30.841 -05:00 [DBG] Heartbeat SENTINEL
2026-07-29 05:03:30.841 -05:00 [DBG] Heartbeat MARKETSCRYER
2026-07-29 05:03:30.841 -05:00 [DBG] Heartbeat SIGNALFORGE
2026-07-29 05:03:30.841 -05:00 [DBG] Heartbeat ORACLEVAULT
2026-07-29 05:03:30.841 -05:00 [DBG] Heartbeat RISKWARDEN
2026-07-29 05:04:30.842 -05:00 [DBG] Heartbeat SYNAPSE
2026-07-29 05:04:30.842 -05:00 [DBG] Heartbeat TRADEWEAVER
2026-07-29 05:04:30.842 -05:00 [DBG] Heartbeat CASEBLADE
2026-07-29 05:04:30.842 -05:00 [DBG] Heartbeat PROX
2026-07-29 05:04:30.842 -05:00 [DBG] Heartbeat SENTINEL
2026-07-29 05:04:30.842 -05:00 [DBG] Heartbeat MARKETSCRYER
2026-07-29 05:04:30.842 -05:00 [DBG] Heartbeat SIGNALFORGE
2026-07-29 05:04:30.842 -05:00 [DBG] Heartbeat ORACLEVAULT
2026-07-29 05:04:30.842 -05:00 [DBG] Heartbeat RISKWARDEN
2026-07-29 05:05:30.842 -05:00 [DBG] Heartbeat SYNAPSE
2026-07-29 05:05:30.842 -05:00 [DBG] Heartbeat TRADEWEAVER
2026-07-29 05:05:30.842 -05:00 [DBG] Heartbeat CASEBLADE
2026-07-29 05:05:30.842 -05:00 [DBG] Heartbeat PROX
2026-07-29 05:05:30.842 -05:00 [DBG] Heartbeat SENTINEL
2026-07-29 05:05:30.842 -05:00 [DBG] Heartbeat MARKETSCRYER
2026-07-29 05:05:30.842 -05:00 [DBG] Heartbeat SIGNALFORGE
2026-07-29 05:05:30.842 -05:00 [DBG] Heartbeat ORACLEVAULT
2026-07-29 05:05:30.842 -05:00 [DBG] Heartbeat RISKWARDEN
2026-07-29 05:06:19.704 -05:00 [INF] PC health: C: 77.9% used, 10 recent errors
2026-07-29 05:06:30.841 -05:00 [DBG] Heartbeat SYNAPSE
2026-07-29 05:06:30.841 -05:00 [DBG] Heartbeat TRADEWEAVER
2026-07-29 05:06:30.841 -05:00 [DBG] Heartbeat CASEBLADE
2026-07-29 05:06:30.841 -05:00 [DBG] Heartbeat PROX
2026-07-29 05:06:30.841 -05:00 [DBG] Heartbeat SENTINEL
2026-07-29 05:06:30.841 -05:00 [DBG] Heartbeat MARKETSCRYER
2026-07-29 05:06:30.841 -05:00 [DBG] Heartbeat SIGNALFORGE
2026-07-29 05:06:30.841 -05:00 [DBG] Heartbeat ORACLEVAULT
2026-07-29 05:06:30.841 -05:00 [DBG] Heartbeat RISKWARDEN
2026-07-29 05:07:30.841 -05:00 [DBG] Heartbeat SYNAPSE
2026-07-29 05:07:30.841 -05:00 [DBG] Heartbeat TRADEWEAVER
2026-07-29 05:07:30.842 -05:00 [DBG] Heartbeat CASEBLADE
2026-07-29 05:07:30.842 -05:00 [DBG] Heartbeat PROX
2026-07-29 05:07:30.842 -05:00 [DBG] Heartbeat SENTINEL
2026-07-29 05:07:30.842 -05:00 [DBG] Heartbeat MARKETSCRYER
2026-07-29 05:07:30.842 -05:00 [DBG] Heartbeat SIGNALFORGE
2026-07-29 05:07:30.842 -05:00 [DBG] Heartbeat ORACLEVAULT
2026-07-29 05:07:30.842 -05:00 [DBG] Heartbeat RISKWARDEN
2026-07-29 05:08:30.842 -05:00 [DBG] Heartbeat SYNAPSE
2026-07-29 05:08:30.842 -05:00 [DBG] Heartbeat TRADEWEAVER
2026-07-29 05:08:30.842 -05:00 [DBG] Heartbeat CASEBLADE
2026-07-29 05:08:30.842 -05:00 [DBG] Heartbeat PROX
2026-07-29 05:08:30.842 -05:00 [DBG] Heartbeat SENTINEL
2026-07-29 05:08:30.842 -05:00 [DBG] Heartbeat MARKETSCRYER
2026-07-29 05:08:30.842 -05:00 [DBG] Heartbeat SIGNALFORGE
2026-07-29 05:08:30.842 -05:00 [DBG] Heartbeat ORACLEVAULT
2026-07-29 05:08:30.842 -05:00 [DBG] Heartbeat RISKWARDEN
2026-07-29 05:09:30.842 -05:00 [DBG] Heartbeat SYNAPSE
2026-07-29 05:09:30.842 -05:00 [DBG] Heartbeat TRADEWEAVER
2026-07-29 05:09:30.842 -05:00 [DBG] Heartbeat CASEBLADE
2026-07-29 05:09:30.842 -05:00 [DBG] Heartbeat PROX
2026-07-29 05:09:30.842 -05:00 [DBG] Heartbeat SENTINEL
2026-07-29 05:09:30.842 -05:00 [DBG] Heartbeat MARKETSCRYER
2026-07-29 05:09:30.842 -05:00 [DBG] Heartbeat SIGNALFORGE
2026-07-29 05:09:30.842 -05:00 [DBG] Heartbeat ORACLEVAULT
2026-07-29 05:09:30.842 -05:00 [DBG] Heartbeat RISKWARDEN
2026-07-29 05:10:30.843 -05:00 [DBG] Heartbeat SYNAPSE
2026-07-29 05:10:30.843 -05:00 [DBG] Heartbeat TRADEWEAVER
2026-07-29 05:10:30.843 -05:00 [DBG] Heartbeat CASEBLADE
2026-07-29 05:10:30.843 -05:00 [DBG] Heartbeat PROX
2026-07-29 05:10:30.843 -05:00 [DBG] Heartbeat SENTINEL
2026-07-29 05:10:30.843 -05:00 [DBG] Heartbeat MARKETSCRYER
2026-07-29 05:10:30.843 -05:00 [DBG] Heartbeat SIGNALFORGE
2026-07-29 05:10:30.843 -05:00 [DBG] Heartbeat ORACLEVAULT
2026-07-29 05:10:30.843 -05:00 [DBG] Heartbeat RISKWARDEN
2026-07-29 05:11:29.828 -05:00 [INF] PC health: C: 77.9% used, 10 recent errors
2026-07-29 05:11:30.844 -05:00 [DBG] Heartbeat SYNAPSE
2026-07-29 05:11:30.844 -05:00 [DBG] Heartbeat TRADEWEAVER
2026-07-29 05:11:30.844 -05:00 [DBG] Heartbeat CASEBLADE
2026-07-29 05:11:30.844 -05:00 [DBG] Heartbeat PROX
2026-07-29 05:11:30.844 -05:00 [DBG] Heartbeat SENTINEL
2026-07-29 05:11:30.844 -05:00 [DBG] Heartbeat MARKETSCRYER
2026-07-29 05:11:30.844 -05:00 [DBG] Heartbeat SIGNALFORGE
2026-07-29 05:11:30.844 -05:00 [DBG] Heartbeat ORACLEVAULT
2026-07-29 05:11:30.844 -05:00 [DBG] Heartbeat RISKWARDEN
2026-07-29 05:12:30.844 -05:00 [DBG] Heartbeat SYNAPSE
2026-07-29 05:12:30.844 -05:00 [DBG] Heartbeat TRADEWEAVER
2026-07-29 05:12:30.844 -05:00 [DBG] Heartbeat CASEBLADE
2026-07-29 05:12:30.844 -05:00 [DBG] Heartbeat PROX
2026-07-29 05:12:30.844 -05:00 [DBG] Heartbeat SENTINEL
2026-07-29 05:12:30.844 -05:00 [DBG] Heartbeat MARKETSCRYER
2026-07-29 05:12:30.844 -05:00 [DBG] Heartbeat SIGNALFORGE
2026-07-29 05:12:30.844 -05:00 [DBG] Heartbeat ORACLEVAULT
2026-07-29 05:12:30.844 -05:00 [DBG] Heartbeat RISKWARDEN
2026-07-29 05:13:30.844 -05:00 [DBG] Heartbeat SYNAPSE
2026-07-29 05:13:30.844 -05:00 [DBG] Heartbeat TRADEWEAVER
2026-07-29 05:13:30.844 -05:00 [DBG] Heartbeat CASEBLADE
2026-07-29 05:13:30.844 -05:00 [DBG] Heartbeat PROX
2026-07-29 05:13:30.844 -05:00 [DBG] Heartbeat SENTINEL
2026-07-29 05:13:30.844 -05:00 [DBG] Heartbeat MARKETSCRYER
2026-07-29 05:13:30.844 -05:00 [DBG] Heartbeat SIGNALFORGE
2026-07-29 05:13:30.844 -05:00 [DBG] Heartbeat ORACLEVAULT
2026-07-29 05:13:30.844 -05:00 [DBG] Heartbeat RISKWARDEN
2026-07-29 05:14:30.845 -05:00 [DBG] Heartbeat SYNAPSE
2026-07-29 05:14:30.845 -05:00 [DBG] Heartbeat TRADEWEAVER
2026-07-29 05:14:30.845 -05:00 [DBG] Heartbeat CASEBLADE
2026-07-29 05:14:30.845 -05:00 [DBG] Heartbeat PROX
2026-07-29 05:14:30.845 -05:00 [DBG] Heartbeat SENTINEL
2026-07-29 05:14:30.845 -05:00 [DBG] Heartbeat MARKETSCRYER
2026-07-29 05:14:30.845 -05:00 [DBG] Heartbeat SIGNALFORGE
2026-07-29 05:14:30.845 -05:00 [DBG] Heartbeat ORACLEVAULT
2026-07-29 05:14:30.845 -05:00 [DBG] Heartbeat RISKWARDEN
2026-07-29 05:15:30.845 -05:00 [DBG] Heartbeat SYNAPSE
2026-07-29 05:15:30.845 -05:00 [DBG] Heartbeat TRADEWEAVER
2026-07-29 05:15:30.845 -05:00 [DBG] Heartbeat CASEBLADE
2026-07-29 05:15:30.845 -05:00 [DBG] Heartbeat PROX
2026-07-29 05:15:30.845 -05:00 [DBG] Heartbeat SENTINEL
2026-07-29 05:15:30.845 -05:00 [DBG] Heartbeat MARKETSCRYER
2026-07-29 05:15:30.845 -05:00 [DBG] Heartbeat SIGNALFORGE
2026-07-29 05:15:30.845 -05:00 [DBG] Heartbeat ORACLEVAULT
2026-07-29 05:15:30.845 -05:00 [DBG] Heartbeat RISKWARDEN
2026-07-29 05:16:30.844 -05:00 [DBG] Heartbeat SYNAPSE
2026-07-29 05:16:30.844 -05:00 [DBG] Heartbeat TRADEWEAVER
2026-07-29 05:16:30.844 -05:00 [DBG] Heartbeat CASEBLADE
2026-07-29 05:16:30.844 -05:00 [DBG] Heartbeat PROX
2026-07-29 05:16:30.844 -05:00 [DBG] Heartbeat SENTINEL
2026-07-29 05:16:30.844 -05:00 [DBG] Heartbeat MARKETSCRYER
2026-07-29 05:16:30.844 -05:00 [DBG] Heartbeat SIGNALFORGE
2026-07-29 05:16:30.844 -05:00 [DBG] Heartbeat ORACLEVAULT
2026-07-29 05:16:30.844 -05:00 [DBG] Heartbeat RISKWARDEN
2026-07-29 05:16:40.037 -05:00 [INF] PC health: C: 77.9% used, 10 recent errors
2026-07-29 05:17:30.844 -05:00 [DBG] Heartbeat SYNAPSE
2026-07-29 05:17:30.844 -05:00 [DBG] Heartbeat TRADEWEAVER
2026-07-29 05:17:30.844 -05:00 [DBG] Heartbeat CASEBLADE
2026-07-29 05:17:30.844 -05:00 [DBG] Heartbeat PROX
2026-07-29 05:17:30.844 -05:00 [DBG] Heartbeat SENTINEL
2026-07-29 05:17:30.844 -05:00 [DBG] Heartbeat MARKETSCRYER
2026-07-29 05:17:30.844 -05:00 [DBG] Heartbeat SIGNALFORGE
2026-07-29 05:17:30.844 -05:00 [DBG] Heartbeat ORACLEVAULT
2026-07-29 05:17:30.844 -05:00 [DBG] Heartbeat RISKWARDEN
2026-07-29 05:18:30.845 -05:00 [DBG] Heartbeat SYNAPSE
2026-07-29 05:18:30.845 -05:00 [DBG] Heartbeat TRADEWEAVER
2026-07-29 05:18:30.845 -05:00 [DBG] Heartbeat CASEBLADE
2026-07-29 05:18:30.845 -05:00 [DBG] Heartbeat PROX
2026-07-29 05:18:30.845 -05:00 [DBG] Heartbeat SENTINEL
2026-07-29 05:18:30.845 -05:00 [DBG] Heartbeat MARKETSCRYER
2026-07-29 05:18:30.845 -05:00 [DBG] Heartbeat SIGNALFORGE
2026-07-29 05:18:30.845 -05:00 [DBG] Heartbeat ORACLEVAULT
2026-07-29 05:18:30.845 -05:00 [DBG] Heartbeat RISKWARDEN
2026-07-29 05:19:30.845 -05:00 [DBG] Heartbeat SYNAPSE
2026-07-29 05:19:30.845 -05:00 [DBG] Heartbeat TRADEWEAVER
2026-07-29 05:19:30.845 -05:00 [DBG] Heartbeat CASEBLADE
2026-07-29 05:19:30.845 -05:00 [DBG] Heartbeat PROX
2026-07-29 05:19:30.845 -05:00 [DBG] Heartbeat SENTINEL
2026-07-29 05:19:30.845 -05:00 [DBG] Heartbeat MARKETSCRYER
2026-07-29 05:19:30.845 -05:00 [DBG] Heartbeat SIGNALFORGE
2026-07-29 05:19:30.845 -05:00 [DBG] Heartbeat ORACLEVAULT
2026-07-29 05:19:30.845 -05:00 [DBG] Heartbeat RISKWARDEN
2026-07-29 05:20:30.845 -05:00 [DBG] Heartbeat SYNAPSE
2026-07-29 05:20:30.845 -05:00 [DBG] Heartbeat TRADEWEAVER
2026-07-29 05:20:30.845 -05:00 [DBG] Heartbeat CASEBLADE
2026-07-29 05:20:30.845 -05:00 [DBG] Heartbeat PROX
2026-07-29 05:20:30.845 -05:00 [DBG] Heartbeat SENTINEL
2026-07-29 05:20:30.845 -05:00 [DBG] Heartbeat MARKETSCRYER
2026-07-29 05:20:30.845 -05:00 [DBG] Heartbeat SIGNALFORGE
2026-07-29 05:20:30.845 -05:00 [DBG] Heartbeat ORACLEVAULT
2026-07-29 05:20:30.845 -05:00 [DBG] Heartbeat RISKWARDEN
2026-07-29 05:21:30.845 -05:00 [DBG] Heartbeat SYNAPSE
2026-07-29 05:21:30.845 -05:00 [DBG] Heartbeat TRADEWEAVER
2026-07-29 05:21:30.845 -05:00 [DBG] Heartbeat CASEBLADE
2026-07-29 05:21:30.845 -05:00 [DBG] Heartbeat PROX
2026-07-29 05:21:30.845 -05:00 [DBG] Heartbeat SENTINEL
2026-07-29 05:21:30.845 -05:00 [DBG] Heartbeat MARKETSCRYER
2026-07-29 05:21:30.845 -05:00 [DBG] Heartbeat SIGNALFORGE
2026-07-29 05:21:30.845 -05:00 [DBG] Heartbeat ORACLEVAULT
2026-07-29 05:21:30.845 -05:00 [DBG] Heartbeat RISKWARDEN
2026-07-29 05:21:50.162 -05:00 [INF] PC health: C: 77.9% used, 10 recent errors
2026-07-29 05:22:30.846 -05:00 [DBG] Heartbeat SYNAPSE
2026-07-29 05:22:30.846 -05:00 [DBG] Heartbeat TRADEWEAVER
2026-07-29 05:22:30.846 -05:00 [DBG] Heartbeat CASEBLADE
2026-07-29 05:22:30.846 -05:00 [DBG] Heartbeat PROX
2026-07-29 05:22:30.846 -05:00 [DBG] Heartbeat SENTINEL
2026-07-29 05:22:30.846 -05:00 [DBG] Heartbeat MARKETSCRYER
2026-07-29 05:22:30.846 -05:00 [DBG] Heartbeat SIGNALFORGE
2026-07-29 05:22:30.846 -05:00 [DBG] Heartbeat ORACLEVAULT
2026-07-29 05:22:30.846 -05:00 [DBG] Heartbeat RISKWARDEN
2026-07-29 05:23:30.847 -05:00 [DBG] Heartbeat SYNAPSE
2026-07-29 05:23:30.847 -05:00 [DBG] Heartbeat TRADEWEAVER
2026-07-29 05:23:30.847 -05:00 [DBG] Heartbeat CASEBLADE
2026-07-29 05:23:30.847 -05:00 [DBG] Heartbeat PROX
2026-07-29 05:23:30.847 -05:00 [DBG] Heartbeat SENTINEL
2026-07-29 05:23:30.847 -05:00 [DBG] Heartbeat MARKETSCRYER
2026-07-29 05:23:30.847 -05:00 [DBG] Heartbeat SIGNALFORGE
2026-07-29 05:23:30.847 -05:00 [DBG] Heartbeat ORACLEVAULT
2026-07-29 05:23:30.847 -05:00 [DBG] Heartbeat RISKWARDEN
2026-07-29 05:24:30.847 -05:00 [DBG] Heartbeat SYNAPSE
2026-07-29 05:24:30.847 -05:00 [DBG] Heartbeat TRADEWEAVER
2026-07-29 05:24:30.847 -05:00 [DBG] Heartbeat CASEBLADE
2026-07-29 05:24:30.847 -05:00 [DBG] Heartbeat PROX
2026-07-29 05:24:30.847 -05:00 [DBG] Heartbeat SENTINEL
2026-07-29 05:24:30.847 -05:00 [DBG] Heartbeat MARKETSCRYER
2026-07-29 05:24:30.847 -05:00 [DBG] Heartbeat SIGNALFORGE
2026-07-29 05:24:30.847 -05:00 [DBG] Heartbeat ORACLEVAULT
2026-07-29 05:24:30.847 -05:00 [DBG] Heartbeat RISKWARDEN
2026-07-29 05:25:30.847 -05:00 [DBG] Heartbeat SYNAPSE
2026-07-29 05:25:30.847 -05:00 [DBG] Heartbeat TRADEWEAVER
2026-07-29 05:25:30.847 -05:00 [DBG] Heartbeat CASEBLADE
2026-07-29 05:25:30.847 -05:00 [DBG] Heartbeat PROX
2026-07-29 05:25:30.847 -05:00 [DBG] Heartbeat SENTINEL
2026-07-29 05:25:30.847 -05:00 [DBG] Heartbeat MARKETSCRYER
2026-07-29 05:25:30.847 -05:00 [DBG] Heartbeat SIGNALFORGE
2026-07-29 05:25:30.847 -05:00 [DBG] Heartbeat ORACLEVAULT
2026-07-29 05:25:30.847 -05:00 [DBG] Heartbeat RISKWARDEN
2026-07-29 05:26:30.848 -05:00 [DBG] Heartbeat SYNAPSE
2026-07-29 05:26:30.848 -05:00 [DBG] Heartbeat TRADEWEAVER
2026-07-29 05:26:30.848 -05:00 [DBG] Heartbeat CASEBLADE
2026-07-29 05:26:30.848 -05:00 [DBG] Heartbeat PROX
2026-07-29 05:26:30.848 -05:00 [DBG] Heartbeat SENTINEL
2026-07-29 05:26:30.848 -05:00 [DBG] Heartbeat MARKETSCRYER
2026-07-29 05:26:30.848 -05:00 [DBG] Heartbeat SIGNALFORGE
2026-07-29 05:26:30.848 -05:00 [DBG] Heartbeat ORACLEVAULT
2026-07-29 05:26:30.848 -05:00 [DBG] Heartbeat RISKWARDEN
2026-07-29 05:27:00.332 -05:00 [INF] PC health: C: 77.9% used, 10 recent errors
2026-07-29 05:27:30.848 -05:00 [DBG] Heartbeat SYNAPSE
2026-07-29 05:27:30.848 -05:00 [DBG] Heartbeat TRADEWEAVER
2026-07-29 05:27:30.848 -05:00 [DBG] Heartbeat CASEBLADE
2026-07-29 05:27:30.848 -05:00 [DBG] Heartbeat PROX
2026-07-29 05:27:30.848 -05:00 [DBG] Heartbeat SENTINEL
2026-07-29 05:27:30.848 -05:00 [DBG] Heartbeat MARKETSCRYER
2026-07-29 05:27:30.848 -05:00 [DBG] Heartbeat SIGNALFORGE
2026-07-29 05:27:30.848 -05:00 [DBG] Heartbeat ORACLEVAULT
2026-07-29 05:27:30.848 -05:00 [DBG] Heartbeat RISKWARDEN
2026-07-29 05:28:30.848 -05:00 [DBG] Heartbeat SYNAPSE
2026-07-29 05:28:30.848 -05:00 [DBG] Heartbeat TRADEWEAVER
2026-07-29 05:28:30.848 -05:00 [DBG] Heartbeat CASEBLADE
2026-07-29 05:28:30.848 -05:00 [DBG] Heartbeat PROX
2026-07-29 05:28:30.848 -05:00 [DBG] Heartbeat SENTINEL
2026-07-29 05:28:30.848 -05:00 [DBG] Heartbeat MARKETSCRYER
2026-07-29 05:28:30.848 -05:00 [DBG] Heartbeat SIGNALFORGE
2026-07-29 05:28:30.848 -05:00 [DBG] Heartbeat ORACLEVAULT
2026-07-29 05:28:30.848 -05:00 [DBG] Heartbeat RISKWARDEN
2026-07-29 05:29:30.849 -05:00 [DBG] Heartbeat SYNAPSE
2026-07-29 05:29:30.849 -05:00 [DBG] Heartbeat TRADEWEAVER
2026-07-29 05:29:30.849 -05:00 [DBG] Heartbeat CASEBLADE
2026-07-29 05:29:30.849 -05:00 [DBG] Heartbeat PROX
2026-07-29 05:29:30.849 -05:00 [DBG] Heartbeat SENTINEL
2026-07-29 05:29:30.849 -05:00 [DBG] Heartbeat MARKETSCRYER
2026-07-29 05:29:30.849 -05:00 [DBG] Heartbeat SIGNALFORGE
2026-07-29 05:29:30.849 -05:00 [DBG] Heartbeat ORACLEVAULT
2026-07-29 05:29:30.849 -05:00 [DBG] Heartbeat RISKWARDEN
2026-07-29 05:30:30.849 -05:00 [DBG] Heartbeat SYNAPSE
2026-07-29 05:30:30.849 -05:00 [DBG] Heartbeat TRADEWEAVER
2026-07-29 05:30:30.849 -05:00 [DBG] Heartbeat CASEBLADE
2026-07-29 05:30:30.849 -05:00 [DBG] Heartbeat PROX
2026-07-29 05:30:30.849 -05:00 [DBG] Heartbeat SENTINEL
2026-07-29 05:30:30.849 -05:00 [DBG] Heartbeat MARKETSCRYER
2026-07-29 05:30:30.849 -05:00 [DBG] Heartbeat SIGNALFORGE
2026-07-29 05:30:30.849 -05:00 [DBG] Heartbeat ORACLEVAULT
2026-07-29 05:30:30.849 -05:00 [DBG] Heartbeat RISKWARDEN
2026-07-29 05:31:30.850 -05:00 [DBG] Heartbeat SYNAPSE
2026-07-29 05:31:30.850 -05:00 [DBG] Heartbeat TRADEWEAVER
2026-07-29 05:31:30.850 -05:00 [DBG] Heartbeat CASEBLADE
2026-07-29 05:31:30.850 -05:00 [DBG] Heartbeat PROX
2026-07-29 05:31:30.850 -05:00 [DBG] Heartbeat SENTINEL
2026-07-29 05:31:30.850 -05:00 [DBG] Heartbeat MARKETSCRYER
2026-07-29 05:31:30.850 -05:00 [DBG] Heartbeat SIGNALFORGE
2026-07-29 05:31:30.850 -05:00 [DBG] Heartbeat ORACLEVAULT
2026-07-29 05:31:30.850 -05:00 [DBG] Heartbeat RISKWARDEN
2026-07-29 05:32:10.481 -05:00 [INF] PC health: C: 77.9% used, 10 recent errors
2026-07-29 05:32:30.850 -05:00 [DBG] Heartbeat SYNAPSE
2026-07-29 05:32:30.850 -05:00 [DBG] Heartbeat TRADEWEAVER
2026-07-29 05:32:30.851 -05:00 [DBG] Heartbeat CASEBLADE
2026-07-29 05:32:30.851 -05:00 [DBG] Heartbeat PROX
2026-07-29 05:32:30.851 -05:00 [DBG] Heartbeat SENTINEL
2026-07-29 05:32:30.851 -05:00 [DBG] Heartbeat MARKETSCRYER
2026-07-29 05:32:30.851 -05:00 [DBG] Heartbeat SIGNALFORGE
2026-07-29 05:32:30.851 -05:00 [DBG] Heartbeat ORACLEVAULT
2026-07-29 05:32:30.851 -05:00 [DBG] Heartbeat RISKWARDEN
2026-07-29 05:33:30.851 -05:00 [DBG] Heartbeat SYNAPSE
2026-07-29 05:33:30.851 -05:00 [DBG] Heartbeat TRADEWEAVER
2026-07-29 05:33:30.851 -05:00 [DBG] Heartbeat CASEBLADE
2026-07-29 05:33:30.851 -05:00 [DBG] Heartbeat PROX
2026-07-29 05:33:30.851 -05:00 [DBG] Heartbeat SENTINEL
2026-07-29 05:33:30.851 -05:00 [DBG] Heartbeat MARKETSCRYER
2026-07-29 05:33:30.851 -05:00 [DBG] Heartbeat SIGNALFORGE
2026-07-29 05:33:30.851 -05:00 [DBG] Heartbeat ORACLEVAULT
2026-07-29 05:33:30.851 -05:00 [DBG] Heartbeat RISKWARDEN
2026-07-29 05:34:30.851 -05:00 [DBG] Heartbeat SYNAPSE
2026-07-29 05:34:30.851 -05:00 [DBG] Heartbeat TRADEWEAVER
2026-07-29 05:34:30.851 -05:00 [DBG] Heartbeat CASEBLADE
2026-07-29 05:34:30.851 -05:00 [DBG] Heartbeat PROX
2026-07-29 05:34:30.851 -05:00 [DBG] Heartbeat SENTINEL
2026-07-29 05:34:30.851 -05:00 [DBG] Heartbeat MARKETSCRYER
2026-07-29 05:34:30.851 -05:00 [DBG] Heartbeat SIGNALFORGE
2026-07-29 05:34:30.851 -05:00 [DBG] Heartbeat ORACLEVAULT
2026-07-29 05:34:30.851 -05:00 [DBG] Heartbeat RISKWARDEN
2026-07-29 05:35:30.851 -05:00 [DBG] Heartbeat SYNAPSE
2026-07-29 05:35:30.851 -05:00 [DBG] Heartbeat TRADEWEAVER
2026-07-29 05:35:30.851 -05:00 [DBG] Heartbeat CASEBLADE
2026-07-29 05:35:30.851 -05:00 [DBG] Heartbeat PROX
2026-07-29 05:35:30.851 -05:00 [DBG] Heartbeat SENTINEL
2026-07-29 05:35:30.851 -05:00 [DBG] Heartbeat MARKETSCRYER
2026-07-29 05:35:30.851 -05:00 [DBG] Heartbeat SIGNALFORGE
2026-07-29 05:35:30.851 -05:00 [DBG] Heartbeat ORACLEVAULT
2026-07-29 05:35:30.851 -05:00 [DBG] Heartbeat RISKWARDEN
2026-07-29 05:36:30.852 -05:00 [DBG] Heartbeat SYNAPSE
2026-07-29 05:36:30.852 -05:00 [DBG] Heartbeat TRADEWEAVER
2026-07-29 05:36:30.852 -05:00 [DBG] Heartbeat CASEBLADE
2026-07-29 05:36:30.852 -05:00 [DBG] Heartbeat PROX
2026-07-29 05:36:30.852 -05:00 [DBG] Heartbeat SENTINEL
2026-07-29 05:36:30.852 -05:00 [DBG] Heartbeat MARKETSCRYER
2026-07-29 05:36:30.852 -05:00 [DBG] Heartbeat SIGNALFORGE
2026-07-29 05:36:30.852 -05:00 [DBG] Heartbeat ORACLEVAULT
2026-07-29 05:36:30.852 -05:00 [DBG] Heartbeat RISKWARDEN
2026-07-29 05:37:21.083 -05:00 [INF] PC health: C: 77.9% used, 10 recent errors
2026-07-29 05:37:30.852 -05:00 [DBG] Heartbeat SYNAPSE
2026-07-29 05:37:30.852 -05:00 [DBG] Heartbeat TRADEWEAVER
2026-07-29 05:37:30.852 -05:00 [DBG] Heartbeat CASEBLADE
2026-07-29 05:37:30.852 -05:00 [DBG] Heartbeat PROX
2026-07-29 05:37:30.852 -05:00 [DBG] Heartbeat SENTINEL
2026-07-29 05:37:30.852 -05:00 [DBG] Heartbeat MARKETSCRYER
2026-07-29 05:37:30.852 -05:00 [DBG] Heartbeat SIGNALFORGE
2026-07-29 05:37:30.852 -05:00 [DBG] Heartbeat ORACLEVAULT
2026-07-29 05:37:30.852 -05:00 [DBG] Heartbeat RISKWARDEN
2026-07-29 05:38:30.852 -05:00 [DBG] Heartbeat SYNAPSE
2026-07-29 05:38:30.852 -05:00 [DBG] Heartbeat TRADEWEAVER
2026-07-29 05:38:30.853 -05:00 [DBG] Heartbeat CASEBLADE
2026-07-29 05:38:30.853 -05:00 [DBG] Heartbeat PROX
2026-07-29 05:38:30.853 -05:00 [DBG] Heartbeat SENTINEL
2026-07-29 05:38:30.853 -05:00 [DBG] Heartbeat MARKETSCRYER
2026-07-29 05:38:30.853 -05:00 [DBG] Heartbeat SIGNALFORGE
2026-07-29 05:38:30.853 -05:00 [DBG] Heartbeat ORACLEVAULT
2026-07-29 05:38:30.853 -05:00 [DBG] Heartbeat RISKWARDEN
2026-07-29 05:39:30.853 -05:00 [DBG] Heartbeat SYNAPSE
2026-07-29 05:39:30.853 -05:00 [DBG] Heartbeat TRADEWEAVER
2026-07-29 05:39:30.853 -05:00 [DBG] Heartbeat CASEBLADE
2026-07-29 05:39:30.853 -05:00 [DBG] Heartbeat PROX
2026-07-29 05:39:30.853 -05:00 [DBG] Heartbeat SENTINEL
2026-07-29 05:39:30.853 -05:00 [DBG] Heartbeat MARKETSCRYER
2026-07-29 05:39:30.853 -05:00 [DBG] Heartbeat SIGNALFORGE
2026-07-29 05:39:30.853 -05:00 [DBG] Heartbeat ORACLEVAULT
2026-07-29 05:39:30.853 -05:00 [DBG] Heartbeat RISKWARDEN
2026-07-29 05:40:30.854 -05:00 [DBG] Heartbeat SYNAPSE
2026-07-29 05:40:30.854 -05:00 [DBG] Heartbeat TRADEWEAVER
2026-07-29 05:40:30.854 -05:00 [DBG] Heartbeat CASEBLADE
2026-07-29 05:40:30.854 -05:00 [DBG] Heartbeat PROX
2026-07-29 05:40:30.854 -05:00 [DBG] Heartbeat SENTINEL
2026-07-29 05:40:30.854 -05:00 [DBG] Heartbeat MARKETSCRYER
2026-07-29 05:40:30.854 -05:00 [DBG] Heartbeat SIGNALFORGE
2026-07-29 05:40:30.854 -05:00 [DBG] Heartbeat ORACLEVAULT
2026-07-29 05:40:30.854 -05:00 [DBG] Heartbeat RISKWARDEN
2026-07-29 05:41:30.854 -05:00 [DBG] Heartbeat SYNAPSE
2026-07-29 05:41:30.854 -05:00 [DBG] Heartbeat TRADEWEAVER
2026-07-29 05:41:30.854 -05:00 [DBG] Heartbeat CASEBLADE
2026-07-29 05:41:30.854 -05:00 [DBG] Heartbeat PROX
2026-07-29 05:41:30.854 -05:00 [DBG] Heartbeat SENTINEL
2026-07-29 05:41:30.854 -05:00 [DBG] Heartbeat MARKETSCRYER
2026-07-29 05:41:30.854 -05:00 [DBG] Heartbeat SIGNALFORGE
2026-07-29 05:41:30.854 -05:00 [DBG] Heartbeat ORACLEVAULT
2026-07-29 05:41:30.854 -05:00 [DBG] Heartbeat RISKWARDEN
2026-07-29 05:42:30.855 -05:00 [DBG] Heartbeat SYNAPSE
2026-07-29 05:42:30.855 -05:00 [DBG] Heartbeat TRADEWEAVER
2026-07-29 05:42:30.855 -05:00 [DBG] Heartbeat CASEBLADE
2026-07-29 05:42:30.855 -05:00 [DBG] Heartbeat PROX
2026-07-29 05:42:30.855 -05:00 [DBG] Heartbeat SENTINEL
2026-07-29 05:42:30.855 -05:00 [DBG] Heartbeat MARKETSCRYER
2026-07-29 05:42:30.855 -05:00 [DBG] Heartbeat SIGNALFORGE
2026-07-29 05:42:30.855 -05:00 [DBG] Heartbeat ORACLEVAULT
2026-07-29 05:42:30.855 -05:00 [DBG] Heartbeat RISKWARDEN
2026-07-29 05:42:31.311 -05:00 [INF] PC health: C: 77.9% used, 10 recent errors
2026-07-29 05:43:30.856 -05:00 [DBG] Heartbeat SYNAPSE
2026-07-29 05:43:30.856 -05:00 [DBG] Heartbeat TRADEWEAVER
2026-07-29 05:43:30.856 -05:00 [DBG] Heartbeat CASEBLADE
2026-07-29 05:43:30.856 -05:00 [DBG] Heartbeat PROX
2026-07-29 05:43:30.856 -05:00 [DBG] Heartbeat SENTINEL
2026-07-29 05:43:30.856 -05:00 [DBG] Heartbeat MARKETSCRYER
2026-07-29 05:43:30.856 -05:00 [DBG] Heartbeat SIGNALFORGE
2026-07-29 05:43:30.856 -05:00 [DBG] Heartbeat ORACLEVAULT
2026-07-29 05:43:30.856 -05:00 [DBG] Heartbeat RISKWARDEN
2026-07-29 05:44:30.856 -05:00 [DBG] Heartbeat SYNAPSE
2026-07-29 05:44:30.856 -05:00 [DBG] Heartbeat TRADEWEAVER
2026-07-29 05:44:30.856 -05:00 [DBG] Heartbeat CASEBLADE
2026-07-29 05:44:30.856 -05:00 [DBG] Heartbeat PROX
2026-07-29 05:44:30.856 -05:00 [DBG] Heartbeat SENTINEL
2026-07-29 05:44:30.856 -05:00 [DBG] Heartbeat MARKETSCRYER
2026-07-29 05:44:30.856 -05:00 [DBG] Heartbeat SIGNALFORGE
2026-07-29 05:44:30.856 -05:00 [DBG] Heartbeat ORACLEVAULT
2026-07-29 05:44:30.856 -05:00 [DBG] Heartbeat RISKWARDEN
2026-07-29 05:45:30.857 -05:00 [DBG] Heartbeat SYNAPSE
2026-07-29 05:45:30.857 -05:00 [DBG] Heartbeat TRADEWEAVER
2026-07-29 05:45:30.857 -05:00 [DBG] Heartbeat CASEBLADE
2026-07-29 05:45:30.857 -05:00 [DBG] Heartbeat PROX
2026-07-29 05:45:30.857 -05:00 [DBG] Heartbeat SENTINEL
2026-07-29 05:45:30.857 -05:00 [DBG] Heartbeat MARKETSCRYER
2026-07-29 05:45:30.857 -05:00 [DBG] Heartbeat SIGNALFORGE
2026-07-29 05:45:30.857 -05:00 [DBG] Heartbeat ORACLEVAULT
2026-07-29 05:45:30.857 -05:00 [DBG] Heartbeat RISKWARDEN
2026-07-29 05:46:30.857 -05:00 [DBG] Heartbeat SYNAPSE
2026-07-29 05:46:30.857 -05:00 [DBG] Heartbeat TRADEWEAVER
2026-07-29 05:46:30.857 -05:00 [DBG] Heartbeat CASEBLADE
2026-07-29 05:46:30.857 -05:00 [DBG] Heartbeat PROX
2026-07-29 05:46:30.857 -05:00 [DBG] Heartbeat SENTINEL
2026-07-29 05:46:30.857 -05:00 [DBG] Heartbeat MARKETSCRYER
2026-07-29 05:46:30.857 -05:00 [DBG] Heartbeat SIGNALFORGE
2026-07-29 05:46:30.857 -05:00 [DBG] Heartbeat ORACLEVAULT
2026-07-29 05:46:30.857 -05:00 [DBG] Heartbeat RISKWARDEN
2026-07-29 05:47:30.857 -05:00 [DBG] Heartbeat SYNAPSE
2026-07-29 05:47:30.857 -05:00 [DBG] Heartbeat TRADEWEAVER
2026-07-29 05:47:30.857 -05:00 [DBG] Heartbeat CASEBLADE
2026-07-29 05:47:30.857 -05:00 [DBG] Heartbeat PROX
2026-07-29 05:47:30.857 -05:00 [DBG] Heartbeat SENTINEL
2026-07-29 05:47:30.857 -05:00 [DBG] Heartbeat MARKETSCRYER
2026-07-29 05:47:30.857 -05:00 [DBG] Heartbeat SIGNALFORGE
2026-07-29 05:47:30.857 -05:00 [DBG] Heartbeat ORACLEVAULT
2026-07-29 05:47:30.857 -05:00 [DBG] Heartbeat RISKWARDEN
2026-07-29 05:47:41.668 -05:00 [INF] PC health: C: 77.9% used, 10 recent errors
2026-07-29 05:48:30.858 -05:00 [DBG] Heartbeat SYNAPSE
2026-07-29 05:48:30.858 -05:00 [DBG] Heartbeat TRADEWEAVER
2026-07-29 05:48:30.858 -05:00 [DBG] Heartbeat CASEBLADE
2026-07-29 05:48:30.858 -05:00 [DBG] Heartbeat PROX
2026-07-29 05:48:30.858 -05:00 [DBG] Heartbeat SENTINEL
2026-07-29 05:48:30.858 -05:00 [DBG] Heartbeat MARKETSCRYER
2026-07-29 05:48:30.858 -05:00 [DBG] Heartbeat SIGNALFORGE
2026-07-29 05:48:30.858 -05:00 [DBG] Heartbeat ORACLEVAULT
2026-07-29 05:48:30.858 -05:00 [DBG] Heartbeat RISKWARDEN
2026-07-29 05:49:30.859 -05:00 [DBG] Heartbeat SYNAPSE
2026-07-29 05:49:30.859 -05:00 [DBG] Heartbeat TRADEWEAVER
2026-07-29 05:49:30.859 -05:00 [DBG] Heartbeat CASEBLADE
2026-07-29 05:49:30.859 -05:00 [DBG] Heartbeat PROX
2026-07-29 05:49:30.859 -05:00 [DBG] Heartbeat SENTINEL
2026-07-29 05:49:30.859 -05:00 [DBG] Heartbeat MARKETSCRYER
2026-07-29 05:49:30.859 -05:00 [DBG] Heartbeat SIGNALFORGE
2026-07-29 05:49:30.859 -05:00 [DBG] Heartbeat ORACLEVAULT
2026-07-29 05:49:30.859 -05:00 [DBG] Heartbeat RISKWARDEN
2026-07-29 05:50:30.859 -05:00 [DBG] Heartbeat SYNAPSE
2026-07-29 05:50:30.859 -05:00 [DBG] Heartbeat TRADEWEAVER
2026-07-29 05:50:30.859 -05:00 [DBG] Heartbeat CASEBLADE
2026-07-29 05:50:30.859 -05:00 [DBG] Heartbeat PROX
2026-07-29 05:50:30.859 -05:00 [DBG] Heartbeat SENTINEL
2026-07-29 05:50:30.859 -05:00 [DBG] Heartbeat MARKETSCRYER
2026-07-29 05:50:30.859 -05:00 [DBG] Heartbeat SIGNALFORGE
2026-07-29 05:50:30.859 -05:00 [DBG] Heartbeat ORACLEVAULT
2026-07-29 05:50:30.859 -05:00 [DBG] Heartbeat RISKWARDEN
2026-07-29 05:51:30.860 -05:00 [DBG] Heartbeat SYNAPSE
2026-07-29 05:51:30.860 -05:00 [DBG] Heartbeat TRADEWEAVER
2026-07-29 05:51:30.860 -05:00 [DBG] Heartbeat CASEBLADE
2026-07-29 05:51:30.860 -05:00 [DBG] Heartbeat PROX
2026-07-29 05:51:30.860 -05:00 [DBG] Heartbeat SENTINEL
2026-07-29 05:51:30.860 -05:00 [DBG] Heartbeat MARKETSCRYER
2026-07-29 05:51:30.860 -05:00 [DBG] Heartbeat SIGNALFORGE
2026-07-29 05:51:30.860 -05:00 [DBG] Heartbeat ORACLEVAULT
2026-07-29 05:51:30.860 -05:00 [DBG] Heartbeat RISKWARDEN
2026-07-29 05:52:30.861 -05:00 [DBG] Heartbeat SYNAPSE
2026-07-29 05:52:30.861 -05:00 [DBG] Heartbeat TRADEWEAVER
2026-07-29 05:52:30.861 -05:00 [DBG] Heartbeat CASEBLADE
2026-07-29 05:52:30.861 -05:00 [DBG] Heartbeat PROX
2026-07-29 05:52:30.861 -05:00 [DBG] Heartbeat SENTINEL
2026-07-29 05:52:30.861 -05:00 [DBG] Heartbeat MARKETSCRYER
2026-07-29 05:52:30.861 -05:00 [DBG] Heartbeat SIGNALFORGE
2026-07-29 05:52:30.861 -05:00 [DBG] Heartbeat ORACLEVAULT
2026-07-29 05:52:30.861 -05:00 [DBG] Heartbeat RISKWARDEN
2026-07-29 05:52:52.064 -05:00 [INF] PC health: C: 77.9% used, 10 recent errors
2026-07-29 05:53:30.861 -05:00 [DBG] Heartbeat SYNAPSE
2026-07-29 05:53:30.861 -05:00 [DBG] Heartbeat TRADEWEAVER
2026-07-29 05:53:30.861 -05:00 [DBG] Heartbeat CASEBLADE
2026-07-29 05:53:30.861 -05:00 [DBG] Heartbeat PROX
2026-07-29 05:53:30.861 -05:00 [DBG] Heartbeat SENTINEL
2026-07-29 05:53:30.861 -05:00 [DBG] Heartbeat MARKETSCRYER
2026-07-29 05:53:30.861 -05:00 [DBG] Heartbeat SIGNALFORGE
2026-07-29 05:53:30.861 -05:00 [DBG] Heartbeat ORACLEVAULT
2026-07-29 05:53:30.861 -05:00 [DBG] Heartbeat RISKWARDEN
2026-07-29 05:54:30.861 -05:00 [DBG] Heartbeat SYNAPSE
2026-07-29 05:54:30.861 -05:00 [DBG] Heartbeat TRADEWEAVER
2026-07-29 05:54:30.861 -05:00 [DBG] Heartbeat CASEBLADE
2026-07-29 05:54:30.861 -05:00 [DBG] Heartbeat PROX
2026-07-29 05:54:30.861 -05:00 [DBG] Heartbeat SENTINEL
2026-07-29 05:54:30.861 -05:00 [DBG] Heartbeat MARKETSCRYER
2026-07-29 05:54:30.861 -05:00 [DBG] Heartbeat SIGNALFORGE
2026-07-29 05:54:30.861 -05:00 [DBG] Heartbeat ORACLEVAULT
2026-07-29 05:54:30.861 -05:00 [DBG] Heartbeat RISKWARDEN
2026-07-29 05:55:30.861 -05:00 [DBG] Heartbeat SYNAPSE
2026-07-29 05:55:30.861 -05:00 [DBG] Heartbeat TRADEWEAVER
2026-07-29 05:55:30.861 -05:00 [DBG] Heartbeat CASEBLADE
2026-07-29 05:55:30.861 -05:00 [DBG] Heartbeat PROX
2026-07-29 05:55:30.861 -05:00 [DBG] Heartbeat SENTINEL
2026-07-29 05:55:30.861 -05:00 [DBG] Heartbeat MARKETSCRYER
2026-07-29 05:55:30.861 -05:00 [DBG] Heartbeat SIGNALFORGE
2026-07-29 05:55:30.861 -05:00 [DBG] Heartbeat ORACLEVAULT
2026-07-29 05:55:30.861 -05:00 [DBG] Heartbeat RISKWARDEN
2026-07-29 05:56:30.862 -05:00 [DBG] Heartbeat SYNAPSE
2026-07-29 05:56:30.862 -05:00 [DBG] Heartbeat TRADEWEAVER
2026-07-29 05:56:30.862 -05:00 [DBG] Heartbeat CASEBLADE
2026-07-29 05:56:30.862 -05:00 [DBG] Heartbeat PROX
2026-07-29 05:56:30.862 -05:00 [DBG] Heartbeat SENTINEL
2026-07-29 05:56:30.862 -05:00 [DBG] Heartbeat MARKETSCRYER
2026-07-29 05:56:30.862 -05:00 [DBG] Heartbeat SIGNALFORGE
2026-07-29 05:56:30.862 -05:00 [DBG] Heartbeat ORACLEVAULT
2026-07-29 05:56:30.862 -05:00 [DBG] Heartbeat RISKWARDEN
2026-07-29 05:57:30.862 -05:00 [DBG] Heartbeat SYNAPSE
2026-07-29 05:57:30.862 -05:00 [DBG] Heartbeat TRADEWEAVER
2026-07-29 05:57:30.862 -05:00 [DBG] Heartbeat CASEBLADE
2026-07-29 05:57:30.862 -05:00 [DBG] Heartbeat PROX
2026-07-29 05:57:30.862 -05:00 [DBG] Heartbeat SENTINEL
2026-07-29 05:57:30.862 -05:00 [DBG] Heartbeat MARKETSCRYER
2026-07-29 05:57:30.862 -05:00 [DBG] Heartbeat SIGNALFORGE
2026-07-29 05:57:30.862 -05:00 [DBG] Heartbeat ORACLEVAULT
2026-07-29 05:57:30.862 -05:00 [DBG] Heartbeat RISKWARDEN
2026-07-29 05:58:02.532 -05:00 [INF] PC health: C: 77.9% used, 10 recent errors
2026-07-29 05:58:30.863 -05:00 [DBG] Heartbeat SYNAPSE
2026-07-29 05:58:30.863 -05:00 [DBG] Heartbeat TRADEWEAVER
2026-07-29 05:58:30.863 -05:00 [DBG] Heartbeat CASEBLADE
2026-07-29 05:58:30.863 -05:00 [DBG] Heartbeat PROX
2026-07-29 05:58:30.863 -05:00 [DBG] Heartbeat SENTINEL
2026-07-29 05:58:30.863 -05:00 [DBG] Heartbeat MARKETSCRYER
2026-07-29 05:58:30.863 -05:00 [DBG] Heartbeat SIGNALFORGE
2026-07-29 05:58:30.863 -05:00 [DBG] Heartbeat ORACLEVAULT
2026-07-29 05:58:30.863 -05:00 [DBG] Heartbeat RISKWARDEN
2026-07-29 05:59:30.863 -05:00 [DBG] Heartbeat SYNAPSE
2026-07-29 05:59:30.863 -05:00 [DBG] Heartbeat TRADEWEAVER
2026-07-29 05:59:30.863 -05:00 [DBG] Heartbeat CASEBLADE
2026-07-29 05:59:30.863 -05:00 [DBG] Heartbeat PROX
2026-07-29 05:59:30.863 -05:00 [DBG] Heartbeat SENTINEL
2026-07-29 05:59:30.863 -05:00 [DBG] Heartbeat MARKETSCRYER
2026-07-29 05:59:30.863 -05:00 [DBG] Heartbeat SIGNALFORGE
2026-07-29 05:59:30.863 -05:00 [DBG] Heartbeat ORACLEVAULT
2026-07-29 05:59:30.863 -05:00 [DBG] Heartbeat RISKWARDEN
2026-07-29 06:00:30.863 -05:00 [DBG] Heartbeat SYNAPSE
2026-07-29 06:00:30.863 -05:00 [DBG] Heartbeat TRADEWEAVER
2026-07-29 06:00:30.863 -05:00 [DBG] Heartbeat CASEBLADE
2026-07-29 06:00:30.863 -05:00 [DBG] Heartbeat PROX
2026-07-29 06:00:30.863 -05:00 [DBG] Heartbeat SENTINEL
2026-07-29 06:00:30.863 -05:00 [DBG] Heartbeat MARKETSCRYER
2026-07-29 06:00:30.863 -05:00 [DBG] Heartbeat SIGNALFORGE
2026-07-29 06:00:30.863 -05:00 [DBG] Heartbeat ORACLEVAULT
2026-07-29 06:00:30.863 -05:00 [DBG] Heartbeat RISKWARDEN
2026-07-29 06:01:30.864 -05:00 [DBG] Heartbeat SYNAPSE
2026-07-29 06:01:30.864 -05:00 [DBG] Heartbeat TRADEWEAVER
2026-07-29 06:01:30.864 -05:00 [DBG] Heartbeat CASEBLADE
2026-07-29 06:01:30.864 -05:00 [DBG] Heartbeat PROX
2026-07-29 06:01:30.864 -05:00 [DBG] Heartbeat SENTINEL
2026-07-29 06:01:30.864 -05:00 [DBG] Heartbeat MARKETSCRYER
2026-07-29 06:01:30.864 -05:00 [DBG] Heartbeat SIGNALFORGE
2026-07-29 06:01:30.864 -05:00 [DBG] Heartbeat ORACLEVAULT
2026-07-29 06:01:30.864 -05:00 [DBG] Heartbeat RISKWARDEN
2026-07-29 06:02:30.865 -05:00 [DBG] Heartbeat SYNAPSE
2026-07-29 06:02:30.865 -05:00 [DBG] Heartbeat TRADEWEAVER
2026-07-29 06:02:30.865 -05:00 [DBG] Heartbeat CASEBLADE
2026-07-29 06:02:30.865 -05:00 [DBG] Heartbeat PROX
2026-07-29 06:02:30.865 -05:00 [DBG] Heartbeat SENTINEL
2026-07-29 06:02:30.865 -05:00 [DBG] Heartbeat MARKETSCRYER
2026-07-29 06:02:30.865 -05:00 [DBG] Heartbeat SIGNALFORGE
2026-07-29 06:02:30.865 -05:00 [DBG] Heartbeat ORACLEVAULT
2026-07-29 06:02:30.865 -05:00 [DBG] Heartbeat RISKWARDEN
2026-07-29 06:03:12.227 -05:00 [INF] PC health: C: 77.9% used, 10 recent errors
2026-07-29 06:03:30.866 -05:00 [DBG] Heartbeat SYNAPSE
2026-07-29 06:03:30.866 -05:00 [DBG] Heartbeat TRADEWEAVER
2026-07-29 06:03:30.866 -05:00 [DBG] Heartbeat CASEBLADE
2026-07-29 06:03:30.866 -05:00 [DBG] Heartbeat PROX
2026-07-29 06:03:30.866 -05:00 [DBG] Heartbeat SENTINEL
2026-07-29 06:03:30.866 -05:00 [DBG] Heartbeat MARKETSCRYER
2026-07-29 06:03:30.866 -05:00 [DBG] Heartbeat SIGNALFORGE
2026-07-29 06:03:30.866 -05:00 [DBG] Heartbeat ORACLEVAULT
2026-07-29 06:03:30.866 -05:00 [DBG] Heartbeat RISKWARDEN
2026-07-29 06:04:30.866 -05:00 [DBG] Heartbeat SYNAPSE
2026-07-29 06:04:30.866 -05:00 [DBG] Heartbeat TRADEWEAVER
2026-07-29 06:04:30.866 -05:00 [DBG] Heartbeat CASEBLADE
2026-07-29 06:04:30.866 -05:00 [DBG] Heartbeat PROX
2026-07-29 06:04:30.866 -05:00 [DBG] Heartbeat SENTINEL
2026-07-29 06:04:30.866 -05:00 [DBG] Heartbeat MARKETSCRYER
2026-07-29 06:04:30.866 -05:00 [DBG] Heartbeat SIGNALFORGE
2026-07-29 06:04:30.866 -05:00 [DBG] Heartbeat ORACLEVAULT
2026-07-29 06:04:30.866 -05:00 [DBG] Heartbeat RISKWARDEN
2026-07-29 06:05:30.866 -05:00 [DBG] Heartbeat SYNAPSE
2026-07-29 06:05:30.866 -05:00 [DBG] Heartbeat TRADEWEAVER
2026-07-29 06:05:30.866 -05:00 [DBG] Heartbeat CASEBLADE
2026-07-29 06:05:30.867 -05:00 [DBG] Heartbeat PROX
2026-07-29 06:05:30.867 -05:00 [DBG] Heartbeat SENTINEL
2026-07-29 06:05:30.867 -05:00 [DBG] Heartbeat MARKETSCRYER
2026-07-29 06:05:30.867 -05:00 [DBG] Heartbeat SIGNALFORGE
2026-07-29 06:05:30.867 -05:00 [DBG] Heartbeat ORACLEVAULT
2026-07-29 06:05:30.867 -05:00 [DBG] Heartbeat RISKWARDEN
2026-07-29 06:06:30.867 -05:00 [DBG] Heartbeat SYNAPSE
2026-07-29 06:06:30.867 -05:00 [DBG] Heartbeat TRADEWEAVER
2026-07-29 06:06:30.867 -05:00 [DBG] Heartbeat CASEBLADE
2026-07-29 06:06:30.867 -05:00 [DBG] Heartbeat PROX
2026-07-29 06:06:30.867 -05:00 [DBG] Heartbeat SENTINEL
2026-07-29 06:06:30.867 -05:00 [DBG] Heartbeat MARKETSCRYER
2026-07-29 06:06:30.867 -05:00 [DBG] Heartbeat SIGNALFORGE
2026-07-29 06:06:30.867 -05:00 [DBG] Heartbeat ORACLEVAULT
2026-07-29 06:06:30.867 -05:00 [DBG] Heartbeat RISKWARDEN
2026-07-29 06:07:30.867 -05:00 [DBG] Heartbeat SYNAPSE
2026-07-29 06:07:30.867 -05:00 [DBG] Heartbeat TRADEWEAVER
2026-07-29 06:07:30.867 -05:00 [DBG] Heartbeat CASEBLADE
2026-07-29 06:07:30.867 -05:00 [DBG] Heartbeat PROX
2026-07-29 06:07:30.867 -05:00 [DBG] Heartbeat SENTINEL
2026-07-29 06:07:30.867 -05:00 [DBG] Heartbeat MARKETSCRYER
2026-07-29 06:07:30.867 -05:00 [DBG] Heartbeat SIGNALFORGE
2026-07-29 06:07:30.867 -05:00 [DBG] Heartbeat ORACLEVAULT
2026-07-29 06:07:30.867 -05:00 [DBG] Heartbeat RISKWARDEN
2026-07-29 06:08:22.942 -05:00 [INF] PC health: C: 77.9% used, 10 recent errors
2026-07-29 06:08:30.867 -05:00 [DBG] Heartbeat SYNAPSE
2026-07-29 06:08:30.867 -05:00 [DBG] Heartbeat TRADEWEAVER
2026-07-29 06:08:30.867 -05:00 [DBG] Heartbeat CASEBLADE
2026-07-29 06:08:30.867 -05:00 [DBG] Heartbeat PROX
2026-07-29 06:08:30.867 -05:00 [DBG] Heartbeat SENTINEL
2026-07-29 06:08:30.867 -05:00 [DBG] Heartbeat MARKETSCRYER
2026-07-29 06:08:30.867 -05:00 [DBG] Heartbeat SIGNALFORGE
2026-07-29 06:08:30.867 -05:00 [DBG] Heartbeat ORACLEVAULT
2026-07-29 06:08:30.867 -05:00 [DBG] Heartbeat RISKWARDEN
2026-07-29 06:09:30.867 -05:00 [DBG] Heartbeat SYNAPSE
2026-07-29 06:09:30.867 -05:00 [DBG] Heartbeat TRADEWEAVER
2026-07-29 06:09:30.867 -05:00 [DBG] Heartbeat CASEBLADE
2026-07-29 06:09:30.867 -05:00 [DBG] Heartbeat PROX
2026-07-29 06:09:30.867 -05:00 [DBG] Heartbeat SENTINEL
2026-07-29 06:09:30.867 -05:00 [DBG] Heartbeat MARKETSCRYER
2026-07-29 06:09:30.867 -05:00 [DBG] Heartbeat SIGNALFORGE
2026-07-29 06:09:30.867 -05:00 [DBG] Heartbeat ORACLEVAULT
2026-07-29 06:09:30.867 -05:00 [DBG] Heartbeat RISKWARDEN
2026-07-29 06:10:30.868 -05:00 [DBG] Heartbeat SYNAPSE
2026-07-29 06:10:30.868 -05:00 [DBG] Heartbeat TRADEWEAVER
2026-07-29 06:10:30.868 -05:00 [DBG] Heartbeat CASEBLADE
2026-07-29 06:10:30.868 -05:00 [DBG] Heartbeat PROX
2026-07-29 06:10:30.868 -05:00 [DBG] Heartbeat SENTINEL
2026-07-29 06:10:30.868 -05:00 [DBG] Heartbeat MARKETSCRYER
2026-07-29 06:10:30.868 -05:00 [DBG] Heartbeat SIGNALFORGE
2026-07-29 06:10:30.868 -05:00 [DBG] Heartbeat ORACLEVAULT
2026-07-29 06:10:30.868 -05:00 [DBG] Heartbeat RISKWARDEN
2026-07-29 06:11:30.869 -05:00 [DBG] Heartbeat SYNAPSE
2026-07-29 06:11:30.869 -05:00 [DBG] Heartbeat TRADEWEAVER
2026-07-29 06:11:30.869 -05:00 [DBG] Heartbeat CASEBLADE
2026-07-29 06:11:30.869 -05:00 [DBG] Heartbeat PROX
2026-07-29 06:11:30.869 -05:00 [DBG] Heartbeat SENTINEL
2026-07-29 06:11:30.869 -05:00 [DBG] Heartbeat MARKETSCRYER
2026-07-29 06:11:30.869 -05:00 [DBG] Heartbeat SIGNALFORGE
2026-07-29 06:11:30.869 -05:00 [DBG] Heartbeat ORACLEVAULT
2026-07-29 06:11:30.869 -05:00 [DBG] Heartbeat RISKWARDEN
2026-07-29 06:12:30.869 -05:00 [DBG] Heartbeat SYNAPSE
2026-07-29 06:12:30.869 -05:00 [DBG] Heartbeat TRADEWEAVER
2026-07-29 06:12:30.869 -05:00 [DBG] Heartbeat CASEBLADE
2026-07-29 06:12:30.869 -05:00 [DBG] Heartbeat PROX
2026-07-29 06:12:30.869 -05:00 [DBG] Heartbeat SENTINEL
2026-07-29 06:12:30.869 -05:00 [DBG] Heartbeat MARKETSCRYER
2026-07-29 06:12:30.869 -05:00 [DBG] Heartbeat SIGNALFORGE
2026-07-29 06:12:30.869 -05:00 [DBG] Heartbeat ORACLEVAULT
2026-07-29 06:12:30.869 -05:00 [DBG] Heartbeat RISKWARDEN
2026-07-29 06:13:30.871 -05:00 [DBG] Heartbeat SYNAPSE
2026-07-29 06:13:30.871 -05:00 [DBG] Heartbeat TRADEWEAVER
2026-07-29 06:13:30.871 -05:00 [DBG] Heartbeat CASEBLADE
2026-07-29 06:13:30.871 -05:00 [DBG] Heartbeat PROX
2026-07-29 06:13:30.871 -05:00 [DBG] Heartbeat SENTINEL
2026-07-29 06:13:30.871 -05:00 [DBG] Heartbeat MARKETSCRYER
2026-07-29 06:13:30.871 -05:00 [DBG] Heartbeat SIGNALFORGE
2026-07-29 06:13:30.871 -05:00 [DBG] Heartbeat ORACLEVAULT
2026-07-29 06:13:30.871 -05:00 [DBG] Heartbeat RISKWARDEN
2026-07-29 06:13:33.702 -05:00 [INF] PC health: C: 77.9% used, 10 recent errors
2026-07-29 06:14:30.871 -05:00 [DBG] Heartbeat SYNAPSE
2026-07-29 06:14:30.871 -05:00 [DBG] Heartbeat TRADEWEAVER
2026-07-29 06:14:30.871 -05:00 [DBG] Heartbeat CASEBLADE
2026-07-29 06:14:30.871 -05:00 [DBG] Heartbeat PROX
2026-07-29 06:14:30.871 -05:00 [DBG] Heartbeat SENTINEL
2026-07-29 06:14:30.871 -05:00 [DBG] Heartbeat MARKETSCRYER
2026-07-29 06:14:30.871 -05:00 [DBG] Heartbeat SIGNALFORGE
2026-07-29 06:14:30.871 -05:00 [DBG] Heartbeat ORACLEVAULT
2026-07-29 06:14:30.871 -05:00 [DBG] Heartbeat RISKWARDEN
2026-07-29 06:15:30.872 -05:00 [DBG] Heartbeat SYNAPSE
2026-07-29 06:15:30.872 -05:00 [DBG] Heartbeat TRADEWEAVER
2026-07-29 06:15:30.872 -05:00 [DBG] Heartbeat CASEBLADE
2026-07-29 06:15:30.872 -05:00 [DBG] Heartbeat PROX
2026-07-29 06:15:30.872 -05:00 [DBG] Heartbeat SENTINEL
2026-07-29 06:15:30.872 -05:00 [DBG] Heartbeat MARKETSCRYER
2026-07-29 06:15:30.872 -05:00 [DBG] Heartbeat SIGNALFORGE
2026-07-29 06:15:30.872 -05:00 [DBG] Heartbeat ORACLEVAULT
2026-07-29 06:15:30.872 -05:00 [DBG] Heartbeat RISKWARDEN
2026-07-29 06:16:30.872 -05:00 [DBG] Heartbeat SYNAPSE
2026-07-29 06:16:30.872 -05:00 [DBG] Heartbeat TRADEWEAVER
2026-07-29 06:16:30.872 -05:00 [DBG] Heartbeat CASEBLADE
2026-07-29 06:16:30.872 -05:00 [DBG] Heartbeat PROX
2026-07-29 06:16:30.872 -05:00 [DBG] Heartbeat SENTINEL
2026-07-29 06:16:30.872 -05:00 [DBG] Heartbeat MARKETSCRYER
2026-07-29 06:16:30.872 -05:00 [DBG] Heartbeat SIGNALFORGE
2026-07-29 06:16:30.872 -05:00 [DBG] Heartbeat ORACLEVAULT
2026-07-29 06:16:30.872 -05:00 [DBG] Heartbeat RISKWARDEN
2026-07-29 06:17:30.872 -05:00 [DBG] Heartbeat SYNAPSE
2026-07-29 06:17:30.872 -05:00 [DBG] Heartbeat TRADEWEAVER
2026-07-29 06:17:30.872 -05:00 [DBG] Heartbeat CASEBLADE
2026-07-29 06:17:30.872 -05:00 [DBG] Heartbeat PROX
2026-07-29 06:17:30.872 -05:00 [DBG] Heartbeat SENTINEL
2026-07-29 06:17:30.872 -05:00 [DBG] Heartbeat MARKETSCRYER
2026-07-29 06:17:30.872 -05:00 [DBG] Heartbeat SIGNALFORGE
2026-07-29 06:17:30.872 -05:00 [DBG] Heartbeat ORACLEVAULT
2026-07-29 06:17:30.872 -05:00 [DBG] Heartbeat RISKWARDEN
2026-07-29 06:18:30.872 -05:00 [DBG] Heartbeat SYNAPSE
2026-07-29 06:18:30.872 -05:00 [DBG] Heartbeat TRADEWEAVER
2026-07-29 06:18:30.872 -05:00 [DBG] Heartbeat CASEBLADE
2026-07-29 06:18:30.872 -05:00 [DBG] Heartbeat PROX
2026-07-29 06:18:30.872 -05:00 [DBG] Heartbeat SENTINEL
2026-07-29 06:18:30.872 -05:00 [DBG] Heartbeat MARKETSCRYER
2026-07-29 06:18:30.872 -05:00 [DBG] Heartbeat SIGNALFORGE
2026-07-29 06:18:30.872 -05:00 [DBG] Heartbeat ORACLEVAULT
2026-07-29 06:18:30.872 -05:00 [DBG] Heartbeat RISKWARDEN
2026-07-29 06:18:44.318 -05:00 [INF] PC health: C: 77.9% used, 10 recent errors
2026-07-29 06:19:30.872 -05:00 [DBG] Heartbeat SYNAPSE
2026-07-29 06:19:30.873 -05:00 [DBG] Heartbeat TRADEWEAVER
2026-07-29 06:19:30.873 -05:00 [DBG] Heartbeat CASEBLADE
2026-07-29 06:19:30.873 -05:00 [DBG] Heartbeat PROX
2026-07-29 06:19:30.873 -05:00 [DBG] Heartbeat SENTINEL
2026-07-29 06:19:30.873 -05:00 [DBG] Heartbeat MARKETSCRYER
2026-07-29 06:19:30.873 -05:00 [DBG] Heartbeat SIGNALFORGE
2026-07-29 06:19:30.873 -05:00 [DBG] Heartbeat ORACLEVAULT
2026-07-29 06:19:30.873 -05:00 [DBG] Heartbeat RISKWARDEN
2026-07-29 06:20:30.873 -05:00 [DBG] Heartbeat SYNAPSE
2026-07-29 06:20:30.873 -05:00 [DBG] Heartbeat TRADEWEAVER
2026-07-29 06:20:30.873 -05:00 [DBG] Heartbeat CASEBLADE
2026-07-29 06:20:30.873 -05:00 [DBG] Heartbeat PROX
2026-07-29 06:20:30.873 -05:00 [DBG] Heartbeat SENTINEL
2026-07-29 06:20:30.873 -05:00 [DBG] Heartbeat MARKETSCRYER
2026-07-29 06:20:30.873 -05:00 [DBG] Heartbeat SIGNALFORGE
2026-07-29 06:20:30.873 -05:00 [DBG] Heartbeat ORACLEVAULT
2026-07-29 06:20:30.873 -05:00 [DBG] Heartbeat RISKWARDEN
2026-07-29 06:21:30.873 -05:00 [DBG] Heartbeat SYNAPSE
2026-07-29 06:21:30.873 -05:00 [DBG] Heartbeat TRADEWEAVER
2026-07-29 06:21:30.873 -05:00 [DBG] Heartbeat CASEBLADE
2026-07-29 06:21:30.873 -05:00 [DBG] Heartbeat PROX
2026-07-29 06:21:30.873 -05:00 [DBG] Heartbeat SENTINEL
2026-07-29 06:21:30.873 -05:00 [DBG] Heartbeat MARKETSCRYER
2026-07-29 06:21:30.873 -05:00 [DBG] Heartbeat SIGNALFORGE
2026-07-29 06:21:30.873 -05:00 [DBG] Heartbeat ORACLEVAULT
2026-07-29 06:21:30.873 -05:00 [DBG] Heartbeat RISKWARDEN
2026-07-29 06:22:30.873 -05:00 [DBG] Heartbeat SYNAPSE
2026-07-29 06:22:30.874 -05:00 [DBG] Heartbeat TRADEWEAVER
2026-07-29 06:22:30.874 -05:00 [DBG] Heartbeat CASEBLADE
2026-07-29 06:22:30.874 -05:00 [DBG] Heartbeat PROX
2026-07-29 06:22:30.874 -05:00 [DBG] Heartbeat SENTINEL
2026-07-29 06:22:30.874 -05:00 [DBG] Heartbeat MARKETSCRYER
2026-07-29 06:22:30.874 -05:00 [DBG] Heartbeat SIGNALFORGE
2026-07-29 06:22:30.874 -05:00 [DBG] Heartbeat ORACLEVAULT
2026-07-29 06:22:30.874 -05:00 [DBG] Heartbeat RISKWARDEN
2026-07-29 06:23:30.874 -05:00 [DBG] Heartbeat SYNAPSE
2026-07-29 06:23:30.874 -05:00 [DBG] Heartbeat TRADEWEAVER
2026-07-29 06:23:30.874 -05:00 [DBG] Heartbeat CASEBLADE
2026-07-29 06:23:30.874 -05:00 [DBG] Heartbeat PROX
2026-07-29 06:23:30.874 -05:00 [DBG] Heartbeat SENTINEL
2026-07-29 06:23:30.874 -05:00 [DBG] Heartbeat MARKETSCRYER
2026-07-29 06:23:30.874 -05:00 [DBG] Heartbeat SIGNALFORGE
2026-07-29 06:23:30.874 -05:00 [DBG] Heartbeat ORACLEVAULT
2026-07-29 06:23:30.874 -05:00 [DBG] Heartbeat RISKWARDEN
2026-07-29 06:23:55.013 -05:00 [INF] PC health: C: 77.9% used, 10 recent errors
2026-07-29 06:24:30.874 -05:00 [DBG] Heartbeat SYNAPSE
2026-07-29 06:24:30.874 -05:00 [DBG] Heartbeat TRADEWEAVER
2026-07-29 06:24:30.874 -05:00 [DBG] Heartbeat CASEBLADE
2026-07-29 06:24:30.874 -05:00 [DBG] Heartbeat PROX
2026-07-29 06:24:30.874 -05:00 [DBG] Heartbeat SENTINEL
2026-07-29 06:24:30.874 -05:00 [DBG] Heartbeat MARKETSCRYER
2026-07-29 06:24:30.874 -05:00 [DBG] Heartbeat SIGNALFORGE
2026-07-29 06:24:30.874 -05:00 [DBG] Heartbeat ORACLEVAULT
2026-07-29 06:24:30.874 -05:00 [DBG] Heartbeat RISKWARDEN
2026-07-29 06:25:30.874 -05:00 [DBG] Heartbeat SYNAPSE
2026-07-29 06:25:30.874 -05:00 [DBG] Heartbeat TRADEWEAVER
2026-07-29 06:25:30.874 -05:00 [DBG] Heartbeat CASEBLADE
2026-07-29 06:25:30.874 -05:00 [DBG] Heartbeat PROX
2026-07-29 06:25:30.874 -05:00 [DBG] Heartbeat SENTINEL
2026-07-29 06:25:30.874 -05:00 [DBG] Heartbeat MARKETSCRYER
2026-07-29 06:25:30.874 -05:00 [DBG] Heartbeat SIGNALFORGE
2026-07-29 06:25:30.874 -05:00 [DBG] Heartbeat ORACLEVAULT
2026-07-29 06:25:30.874 -05:00 [DBG] Heartbeat RISKWARDEN
2026-07-29 06:26:30.875 -05:00 [DBG] Heartbeat SYNAPSE
2026-07-29 06:26:30.875 -05:00 [DBG] Heartbeat TRADEWEAVER
2026-07-29 06:26:30.875 -05:00 [DBG] Heartbeat CASEBLADE
2026-07-29 06:26:30.875 -05:00 [DBG] Heartbeat PROX
2026-07-29 06:26:30.875 -05:00 [DBG] Heartbeat SENTINEL
2026-07-29 06:26:30.875 -05:00 [DBG] Heartbeat MARKETSCRYER
2026-07-29 06:26:30.875 -05:00 [DBG] Heartbeat SIGNALFORGE
2026-07-29 06:26:30.875 -05:00 [DBG] Heartbeat ORACLEVAULT
2026-07-29 06:26:30.875 -05:00 [DBG] Heartbeat RISKWARDEN
2026-07-29 06:27:30.875 -05:00 [DBG] Heartbeat SYNAPSE
2026-07-29 06:27:30.875 -05:00 [DBG] Heartbeat TRADEWEAVER
2026-07-29 06:27:30.875 -05:00 [DBG] Heartbeat CASEBLADE
2026-07-29 06:27:30.875 -05:00 [DBG] Heartbeat PROX
2026-07-29 06:27:30.875 -05:00 [DBG] Heartbeat SENTINEL
2026-07-29 06:27:30.875 -05:00 [DBG] Heartbeat MARKETSCRYER
2026-07-29 06:27:30.875 -05:00 [DBG] Heartbeat SIGNALFORGE
2026-07-29 06:27:30.875 -05:00 [DBG] Heartbeat ORACLEVAULT
2026-07-29 06:27:30.875 -05:00 [DBG] Heartbeat RISKWARDEN
2026-07-29 06:28:30.875 -05:00 [DBG] Heartbeat SYNAPSE
2026-07-29 06:28:30.875 -05:00 [DBG] Heartbeat TRADEWEAVER
2026-07-29 06:28:30.875 -05:00 [DBG] Heartbeat CASEBLADE
2026-07-29 06:28:30.875 -05:00 [DBG] Heartbeat PROX
2026-07-29 06:28:30.875 -05:00 [DBG] Heartbeat SENTINEL
2026-07-29 06:28:30.875 -05:00 [DBG] Heartbeat MARKETSCRYER
2026-07-29 06:28:30.875 -05:00 [DBG] Heartbeat SIGNALFORGE
2026-07-29 06:28:30.875 -05:00 [DBG] Heartbeat ORACLEVAULT
2026-07-29 06:28:30.876 -05:00 [DBG] Heartbeat RISKWARDEN
2026-07-29 06:29:05.597 -05:00 [INF] PC health: C: 77.9% used, 10 recent errors
2026-07-29 06:29:30.875 -05:00 [DBG] Heartbeat SYNAPSE
2026-07-29 06:29:30.875 -05:00 [DBG] Heartbeat TRADEWEAVER
2026-07-29 06:29:30.875 -05:00 [DBG] Heartbeat CASEBLADE
2026-07-29 06:29:30.875 -05:00 [DBG] Heartbeat PROX
2026-07-29 06:29:30.875 -05:00 [DBG] Heartbeat SENTINEL
2026-07-29 06:29:30.875 -05:00 [DBG] Heartbeat MARKETSCRYER
2026-07-29 06:29:30.875 -05:00 [DBG] Heartbeat SIGNALFORGE
2026-07-29 06:29:30.875 -05:00 [DBG] Heartbeat ORACLEVAULT
2026-07-29 06:29:30.875 -05:00 [DBG] Heartbeat RISKWARDEN
2026-07-29 06:30:30.875 -05:00 [DBG] Heartbeat SYNAPSE
2026-07-29 06:30:30.875 -05:00 [DBG] Heartbeat TRADEWEAVER
2026-07-29 06:30:30.875 -05:00 [DBG] Heartbeat CASEBLADE
2026-07-29 06:30:30.876 -05:00 [DBG] Heartbeat PROX
2026-07-29 06:30:30.876 -05:00 [DBG] Heartbeat SENTINEL
2026-07-29 06:30:30.876 -05:00 [DBG] Heartbeat MARKETSCRYER
2026-07-29 06:30:30.876 -05:00 [DBG] Heartbeat SIGNALFORGE
2026-07-29 06:30:30.876 -05:00 [DBG] Heartbeat ORACLEVAULT
2026-07-29 06:30:30.876 -05:00 [DBG] Heartbeat RISKWARDEN
2026-07-29 06:31:30.876 -05:00 [DBG] Heartbeat SYNAPSE
2026-07-29 06:31:30.876 -05:00 [DBG] Heartbeat TRADEWEAVER
2026-07-29 06:31:30.876 -05:00 [DBG] Heartbeat CASEBLADE
2026-07-29 06:31:30.876 -05:00 [DBG] Heartbeat PROX
2026-07-29 06:31:30.876 -05:00 [DBG] Heartbeat SENTINEL
2026-07-29 06:31:30.876 -05:00 [DBG] Heartbeat MARKETSCRYER
2026-07-29 06:31:30.876 -05:00 [DBG] Heartbeat SIGNALFORGE
2026-07-29 06:31:30.876 -05:00 [DBG] Heartbeat ORACLEVAULT
2026-07-29 06:31:30.876 -05:00 [DBG] Heartbeat RISKWARDEN
2026-07-29 06:32:30.878 -05:00 [DBG] Heartbeat SYNAPSE
2026-07-29 06:32:30.878 -05:00 [DBG] Heartbeat TRADEWEAVER
2026-07-29 06:32:30.878 -05:00 [DBG] Heartbeat CASEBLADE
2026-07-29 06:32:30.878 -05:00 [DBG] Heartbeat PROX
2026-07-29 06:32:30.878 -05:00 [DBG] Heartbeat SENTINEL
2026-07-29 06:32:30.878 -05:00 [DBG] Heartbeat MARKETSCRYER
2026-07-29 06:32:30.878 -05:00 [DBG] Heartbeat SIGNALFORGE
2026-07-29 06:32:30.878 -05:00 [DBG] Heartbeat ORACLEVAULT
2026-07-29 06:32:30.878 -05:00 [DBG] Heartbeat RISKWARDEN
2026-07-29 06:33:30.878 -05:00 [DBG] Heartbeat SYNAPSE
2026-07-29 06:33:30.878 -05:00 [DBG] Heartbeat TRADEWEAVER
2026-07-29 06:33:30.878 -05:00 [DBG] Heartbeat CASEBLADE
2026-07-29 06:33:30.878 -05:00 [DBG] Heartbeat PROX
2026-07-29 06:33:30.878 -05:00 [DBG] Heartbeat SENTINEL
2026-07-29 06:33:30.878 -05:00 [DBG] Heartbeat MARKETSCRYER
2026-07-29 06:33:30.878 -05:00 [DBG] Heartbeat SIGNALFORGE
2026-07-29 06:33:30.878 -05:00 [DBG] Heartbeat ORACLEVAULT
2026-07-29 06:33:30.878 -05:00 [DBG] Heartbeat RISKWARDEN
2026-07-29 06:34:16.126 -05:00 [INF] PC health: C: 77.9% used, 10 recent errors
2026-07-29 06:34:30.878 -05:00 [DBG] Heartbeat SYNAPSE
2026-07-29 06:34:30.878 -05:00 [DBG] Heartbeat TRADEWEAVER
2026-07-29 06:34:30.878 -05:00 [DBG] Heartbeat CASEBLADE
2026-07-29 06:34:30.878 -05:00 [DBG] Heartbeat PROX
2026-07-29 06:34:30.878 -05:00 [DBG] Heartbeat SENTINEL
2026-07-29 06:34:30.878 -05:00 [DBG] Heartbeat MARKETSCRYER
2026-07-29 06:34:30.878 -05:00 [DBG] Heartbeat SIGNALFORGE
2026-07-29 06:34:30.878 -05:00 [DBG] Heartbeat ORACLEVAULT
2026-07-29 06:34:30.878 -05:00 [DBG] Heartbeat RISKWARDEN
2026-07-29 06:35:30.878 -05:00 [DBG] Heartbeat SYNAPSE
2026-07-29 06:35:30.878 -05:00 [DBG] Heartbeat TRADEWEAVER
2026-07-29 06:35:30.878 -05:00 [DBG] Heartbeat CASEBLADE
2026-07-29 06:35:30.878 -05:00 [DBG] Heartbeat PROX
2026-07-29 06:35:30.878 -05:00 [DBG] Heartbeat SENTINEL
2026-07-29 06:35:30.878 -05:00 [DBG] Heartbeat MARKETSCRYER
2026-07-29 06:35:30.878 -05:00 [DBG] Heartbeat SIGNALFORGE
2026-07-29 06:35:30.878 -05:00 [DBG] Heartbeat ORACLEVAULT
2026-07-29 06:35:30.878 -05:00 [DBG] Heartbeat RISKWARDEN
2026-07-29 06:36:30.879 -05:00 [DBG] Heartbeat SYNAPSE
2026-07-29 06:36:30.879 -05:00 [DBG] Heartbeat TRADEWEAVER
2026-07-29 06:36:30.879 -05:00 [DBG] Heartbeat CASEBLADE
2026-07-29 06:36:30.879 -05:00 [DBG] Heartbeat PROX
2026-07-29 06:36:30.879 -05:00 [DBG] Heartbeat SENTINEL
2026-07-29 06:36:30.879 -05:00 [DBG] Heartbeat MARKETSCRYER
2026-07-29 06:36:30.879 -05:00 [DBG] Heartbeat SIGNALFORGE
2026-07-29 06:36:30.879 -05:00 [DBG] Heartbeat ORACLEVAULT
2026-07-29 06:36:30.879 -05:00 [DBG] Heartbeat RISKWARDEN
2026-07-29 06:37:30.879 -05:00 [DBG] Heartbeat SYNAPSE
2026-07-29 06:37:30.879 -05:00 [DBG] Heartbeat TRADEWEAVER
2026-07-29 06:37:30.879 -05:00 [DBG] Heartbeat CASEBLADE
2026-07-29 06:37:30.879 -05:00 [DBG] Heartbeat PROX
2026-07-29 06:37:30.879 -05:00 [DBG] Heartbeat SENTINEL
2026-07-29 06:37:30.879 -05:00 [DBG] Heartbeat MARKETSCRYER
2026-07-29 06:37:30.879 -05:00 [DBG] Heartbeat SIGNALFORGE
2026-07-29 06:37:30.879 -05:00 [DBG] Heartbeat ORACLEVAULT
2026-07-29 06:37:30.879 -05:00 [DBG] Heartbeat RISKWARDEN
2026-07-29 06:38:30.880 -05:00 [DBG] Heartbeat SYNAPSE
2026-07-29 06:38:30.880 -05:00 [DBG] Heartbeat TRADEWEAVER
2026-07-29 06:38:30.880 -05:00 [DBG] Heartbeat CASEBLADE
2026-07-29 06:38:30.880 -05:00 [DBG] Heartbeat PROX
2026-07-29 06:38:30.880 -05:00 [DBG] Heartbeat SENTINEL
2026-07-29 06:38:30.880 -05:00 [DBG] Heartbeat MARKETSCRYER
2026-07-29 06:38:30.880 -05:00 [DBG] Heartbeat SIGNALFORGE
2026-07-29 06:38:30.880 -05:00 [DBG] Heartbeat ORACLEVAULT
2026-07-29 06:38:30.880 -05:00 [DBG] Heartbeat RISKWARDEN
2026-07-29 06:39:26.730 -05:00 [INF] PC health: C: 77.9% used, 10 recent errors
2026-07-29 06:39:30.880 -05:00 [DBG] Heartbeat SYNAPSE
2026-07-29 06:39:30.880 -05:00 [DBG] Heartbeat TRADEWEAVER
2026-07-29 06:39:30.880 -05:00 [DBG] Heartbeat CASEBLADE
2026-07-29 06:39:30.880 -05:00 [DBG] Heartbeat PROX
2026-07-29 06:39:30.880 -05:00 [DBG] Heartbeat SENTINEL
2026-07-29 06:39:30.880 -05:00 [DBG] Heartbeat MARKETSCRYER
2026-07-29 06:39:30.880 -05:00 [DBG] Heartbeat SIGNALFORGE
2026-07-29 06:39:30.880 -05:00 [DBG] Heartbeat ORACLEVAULT
2026-07-29 06:39:30.880 -05:00 [DBG] Heartbeat RISKWARDEN
2026-07-29 06:40:30.881 -05:00 [DBG] Heartbeat SYNAPSE
2026-07-29 06:40:30.881 -05:00 [DBG] Heartbeat TRADEWEAVER
2026-07-29 06:40:30.881 -05:00 [DBG] Heartbeat CASEBLADE
2026-07-29 06:40:30.881 -05:00 [DBG] Heartbeat PROX
2026-07-29 06:40:30.881 -05:00 [DBG] Heartbeat SENTINEL
2026-07-29 06:40:30.881 -05:00 [DBG] Heartbeat MARKETSCRYER
2026-07-29 06:40:30.881 -05:00 [DBG] Heartbeat SIGNALFORGE
2026-07-29 06:40:30.881 -05:00 [DBG] Heartbeat ORACLEVAULT
2026-07-29 06:40:30.881 -05:00 [DBG] Heartbeat RISKWARDEN
2026-07-29 06:41:30.881 -05:00 [DBG] Heartbeat SYNAPSE
2026-07-29 06:41:30.881 -05:00 [DBG] Heartbeat TRADEWEAVER
2026-07-29 06:41:30.881 -05:00 [DBG] Heartbeat CASEBLADE
2026-07-29 06:41:30.881 -05:00 [DBG] Heartbeat PROX
2026-07-29 06:41:30.881 -05:00 [DBG] Heartbeat SENTINEL
2026-07-29 06:41:30.881 -05:00 [DBG] Heartbeat MARKETSCRYER
2026-07-29 06:41:30.881 -05:00 [DBG] Heartbeat SIGNALFORGE
2026-07-29 06:41:30.881 -05:00 [DBG] Heartbeat ORACLEVAULT
2026-07-29 06:41:30.881 -05:00 [DBG] Heartbeat RISKWARDEN
2026-07-29 06:42:30.882 -05:00 [DBG] Heartbeat SYNAPSE
2026-07-29 06:42:30.882 -05:00 [DBG] Heartbeat TRADEWEAVER
2026-07-29 06:42:30.882 -05:00 [DBG] Heartbeat CASEBLADE
2026-07-29 06:42:30.882 -05:00 [DBG] Heartbeat PROX
2026-07-29 06:42:30.882 -05:00 [DBG] Heartbeat SENTINEL
2026-07-29 06:42:30.882 -05:00 [DBG] Heartbeat MARKETSCRYER
2026-07-29 06:42:30.882 -05:00 [DBG] Heartbeat SIGNALFORGE
2026-07-29 06:42:30.882 -05:00 [DBG] Heartbeat ORACLEVAULT
2026-07-29 06:42:30.882 -05:00 [DBG] Heartbeat RISKWARDEN
2026-07-29 06:43:30.883 -05:00 [DBG] Heartbeat SYNAPSE
2026-07-29 06:43:30.883 -05:00 [DBG] Heartbeat TRADEWEAVER
2026-07-29 06:43:30.883 -05:00 [DBG] Heartbeat CASEBLADE
2026-07-29 06:43:30.883 -05:00 [DBG] Heartbeat PROX
2026-07-29 06:43:30.883 -05:00 [DBG] Heartbeat SENTINEL
2026-07-29 06:43:30.883 -05:00 [DBG] Heartbeat MARKETSCRYER
2026-07-29 06:43:30.883 -05:00 [DBG] Heartbeat SIGNALFORGE
2026-07-29 06:43:30.883 -05:00 [DBG] Heartbeat ORACLEVAULT
2026-07-29 06:43:30.883 -05:00 [DBG] Heartbeat RISKWARDEN
2026-07-29 06:44:30.884 -05:00 [DBG] Heartbeat SYNAPSE
2026-07-29 06:44:30.884 -05:00 [DBG] Heartbeat TRADEWEAVER
2026-07-29 06:44:30.884 -05:00 [DBG] Heartbeat CASEBLADE
2026-07-29 06:44:30.884 -05:00 [DBG] Heartbeat PROX
2026-07-29 06:44:30.884 -05:00 [DBG] Heartbeat SENTINEL
2026-07-29 06:44:30.884 -05:00 [DBG] Heartbeat MARKETSCRYER
2026-07-29 06:44:30.884 -05:00 [DBG] Heartbeat SIGNALFORGE
2026-07-29 06:44:30.884 -05:00 [DBG] Heartbeat ORACLEVAULT
2026-07-29 06:44:30.884 -05:00 [DBG] Heartbeat RISKWARDEN
2026-07-29 06:44:37.415 -05:00 [INF] PC health: C: 77.9% used, 10 recent errors
2026-07-29 06:45:30.885 -05:00 [DBG] Heartbeat SYNAPSE
2026-07-29 06:45:30.885 -05:00 [DBG] Heartbeat TRADEWEAVER
2026-07-29 06:45:30.885 -05:00 [DBG] Heartbeat CASEBLADE
2026-07-29 06:45:30.885 -05:00 [DBG] Heartbeat PROX
2026-07-29 06:45:30.885 -05:00 [DBG] Heartbeat SENTINEL
2026-07-29 06:45:30.885 -05:00 [DBG] Heartbeat MARKETSCRYER
2026-07-29 06:45:30.885 -05:00 [DBG] Heartbeat SIGNALFORGE
2026-07-29 06:45:30.885 -05:00 [DBG] Heartbeat ORACLEVAULT
2026-07-29 06:45:30.885 -05:00 [DBG] Heartbeat RISKWARDEN
2026-07-29 06:46:30.885 -05:00 [DBG] Heartbeat SYNAPSE
2026-07-29 06:46:30.885 -05:00 [DBG] Heartbeat TRADEWEAVER
2026-07-29 06:46:30.885 -05:00 [DBG] Heartbeat CASEBLADE
2026-07-29 06:46:30.885 -05:00 [DBG] Heartbeat PROX
2026-07-29 06:46:30.885 -05:00 [DBG] Heartbeat SENTINEL
2026-07-29 06:46:30.885 -05:00 [DBG] Heartbeat MARKETSCRYER
2026-07-29 06:46:30.885 -05:00 [DBG] Heartbeat SIGNALFORGE
2026-07-29 06:46:30.885 -05:00 [DBG] Heartbeat ORACLEVAULT
2026-07-29 06:46:30.885 -05:00 [DBG] Heartbeat RISKWARDEN
2026-07-29 06:47:30.885 -05:00 [DBG] Heartbeat SYNAPSE
2026-07-29 06:47:30.885 -05:00 [DBG] Heartbeat TRADEWEAVER
2026-07-29 06:47:30.885 -05:00 [DBG] Heartbeat CASEBLADE
2026-07-29 06:47:30.885 -05:00 [DBG] Heartbeat PROX
2026-07-29 06:47:30.885 -05:00 [DBG] Heartbeat SENTINEL
2026-07-29 06:47:30.885 -05:00 [DBG] Heartbeat MARKETSCRYER
2026-07-29 06:47:30.885 -05:00 [DBG] Heartbeat SIGNALFORGE
2026-07-29 06:47:30.885 -05:00 [DBG] Heartbeat ORACLEVAULT
2026-07-29 06:47:30.885 -05:00 [DBG] Heartbeat RISKWARDEN
2026-07-29 06:48:30.886 -05:00 [DBG] Heartbeat SYNAPSE
2026-07-29 06:48:30.886 -05:00 [DBG] Heartbeat TRADEWEAVER
2026-07-29 06:48:30.886 -05:00 [DBG] Heartbeat CASEBLADE
2026-07-29 06:48:30.886 -05:00 [DBG] Heartbeat PROX
2026-07-29 06:48:30.886 -05:00 [DBG] Heartbeat SENTINEL
2026-07-29 06:48:30.886 -05:00 [DBG] Heartbeat MARKETSCRYER
2026-07-29 06:48:30.886 -05:00 [DBG] Heartbeat SIGNALFORGE
2026-07-29 06:48:30.886 -05:00 [DBG] Heartbeat ORACLEVAULT
2026-07-29 06:48:30.886 -05:00 [DBG] Heartbeat RISKWARDEN
2026-07-29 06:49:30.886 -05:00 [DBG] Heartbeat SYNAPSE
2026-07-29 06:49:30.886 -05:00 [DBG] Heartbeat TRADEWEAVER
2026-07-29 06:49:30.886 -05:00 [DBG] Heartbeat CASEBLADE
2026-07-29 06:49:30.886 -05:00 [DBG] Heartbeat PROX
2026-07-29 06:49:30.886 -05:00 [DBG] Heartbeat SENTINEL
2026-07-29 06:49:30.886 -05:00 [DBG] Heartbeat MARKETSCRYER
2026-07-29 06:49:30.886 -05:00 [DBG] Heartbeat SIGNALFORGE
2026-07-29 06:49:30.886 -05:00 [DBG] Heartbeat ORACLEVAULT
2026-07-29 06:49:30.886 -05:00 [DBG] Heartbeat RISKWARDEN
2026-07-29 06:49:48.150 -05:00 [INF] PC health: C: 77.9% used, 10 recent errors
2026-07-29 06:50:30.887 -05:00 [DBG] Heartbeat SYNAPSE
2026-07-29 06:50:30.887 -05:00 [DBG] Heartbeat TRADEWEAVER
2026-07-29 06:50:30.887 -05:00 [DBG] Heartbeat CASEBLADE
2026-07-29 06:50:30.887 -05:00 [DBG] Heartbeat PROX
2026-07-29 06:50:30.887 -05:00 [DBG] Heartbeat SENTINEL
2026-07-29 06:50:30.888 -05:00 [DBG] Heartbeat MARKETSCRYER
2026-07-29 06:50:30.888 -05:00 [DBG] Heartbeat SIGNALFORGE
2026-07-29 06:50:30.888 -05:00 [DBG] Heartbeat ORACLEVAULT
2026-07-29 06:50:30.888 -05:00 [DBG] Heartbeat RISKWARDEN
2026-07-29 06:51:30.887 -05:00 [DBG] Heartbeat SYNAPSE
2026-07-29 06:51:30.888 -05:00 [DBG] Heartbeat TRADEWEAVER
2026-07-29 06:51:30.888 -05:00 [DBG] Heartbeat CASEBLADE
2026-07-29 06:51:30.888 -05:00 [DBG] Heartbeat PROX
2026-07-29 06:51:30.888 -05:00 [DBG] Heartbeat SENTINEL
2026-07-29 06:51:30.888 -05:00 [DBG] Heartbeat MARKETSCRYER
2026-07-29 06:51:30.888 -05:00 [DBG] Heartbeat SIGNALFORGE
2026-07-29 06:51:30.888 -05:00 [DBG] Heartbeat ORACLEVAULT
2026-07-29 06:51:30.888 -05:00 [DBG] Heartbeat RISKWARDEN
2026-07-29 06:52:30.888 -05:00 [DBG] Heartbeat SYNAPSE
2026-07-29 06:52:30.888 -05:00 [DBG] Heartbeat TRADEWEAVER
2026-07-29 06:52:30.888 -05:00 [DBG] Heartbeat CASEBLADE
2026-07-29 06:52:30.888 -05:00 [DBG] Heartbeat PROX
2026-07-29 06:52:30.888 -05:00 [DBG] Heartbeat SENTINEL
2026-07-29 06:52:30.888 -05:00 [DBG] Heartbeat MARKETSCRYER
2026-07-29 06:52:30.888 -05:00 [DBG] Heartbeat SIGNALFORGE
2026-07-29 06:52:30.888 -05:00 [DBG] Heartbeat ORACLEVAULT
2026-07-29 06:52:30.888 -05:00 [DBG] Heartbeat RISKWARDEN
2026-07-29 06:53:30.888 -05:00 [DBG] Heartbeat SYNAPSE
2026-07-29 06:53:30.888 -05:00 [DBG] Heartbeat TRADEWEAVER
2026-07-29 06:53:30.888 -05:00 [DBG] Heartbeat CASEBLADE
2026-07-29 06:53:30.888 -05:00 [DBG] Heartbeat PROX
2026-07-29 06:53:30.888 -05:00 [DBG] Heartbeat SENTINEL
2026-07-29 06:53:30.888 -05:00 [DBG] Heartbeat MARKETSCRYER
2026-07-29 06:53:30.888 -05:00 [DBG] Heartbeat SIGNALFORGE
2026-07-29 06:53:30.888 -05:00 [DBG] Heartbeat ORACLEVAULT
2026-07-29 06:53:30.888 -05:00 [DBG] Heartbeat RISKWARDEN
2026-07-29 06:54:30.889 -05:00 [DBG] Heartbeat SYNAPSE
2026-07-29 06:54:30.889 -05:00 [DBG] Heartbeat TRADEWEAVER
2026-07-29 06:54:30.889 -05:00 [DBG] Heartbeat CASEBLADE
2026-07-29 06:54:30.889 -05:00 [DBG] Heartbeat PROX
2026-07-29 06:54:30.889 -05:00 [DBG] Heartbeat SENTINEL
2026-07-29 06:54:30.889 -05:00 [DBG] Heartbeat MARKETSCRYER
2026-07-29 06:54:30.889 -05:00 [DBG] Heartbeat SIGNALFORGE
2026-07-29 06:54:30.889 -05:00 [DBG] Heartbeat ORACLEVAULT
2026-07-29 06:54:30.889 -05:00 [DBG] Heartbeat RISKWARDEN
2026-07-29 06:54:58.837 -05:00 [INF] PC health: C: 77.9% used, 10 recent errors
2026-07-29 06:55:30.889 -05:00 [DBG] Heartbeat SYNAPSE
2026-07-29 06:55:30.889 -05:00 [DBG] Heartbeat TRADEWEAVER
2026-07-29 06:55:30.889 -05:00 [DBG] Heartbeat CASEBLADE
2026-07-29 06:55:30.889 -05:00 [DBG] Heartbeat PROX
2026-07-29 06:55:30.889 -05:00 [DBG] Heartbeat SENTINEL
2026-07-29 06:55:30.889 -05:00 [DBG] Heartbeat MARKETSCRYER
2026-07-29 06:55:30.889 -05:00 [DBG] Heartbeat SIGNALFORGE
2026-07-29 06:55:30.889 -05:00 [DBG] Heartbeat ORACLEVAULT
2026-07-29 06:55:30.889 -05:00 [DBG] Heartbeat RISKWARDEN
2026-07-29 06:56:30.890 -05:00 [DBG] Heartbeat SYNAPSE
2026-07-29 06:56:30.890 -05:00 [DBG] Heartbeat TRADEWEAVER
2026-07-29 06:56:30.890 -05:00 [DBG] Heartbeat CASEBLADE
2026-07-29 06:56:30.890 -05:00 [DBG] Heartbeat PROX
2026-07-29 06:56:30.890 -05:00 [DBG] Heartbeat SENTINEL
2026-07-29 06:56:30.890 -05:00 [DBG] Heartbeat MARKETSCRYER
2026-07-29 06:56:30.890 -05:00 [DBG] Heartbeat SIGNALFORGE
2026-07-29 06:56:30.890 -05:00 [DBG] Heartbeat ORACLEVAULT
2026-07-29 06:56:30.890 -05:00 [DBG] Heartbeat RISKWARDEN
2026-07-29 06:57:30.891 -05:00 [DBG] Heartbeat SYNAPSE
2026-07-29 06:57:30.891 -05:00 [DBG] Heartbeat TRADEWEAVER
2026-07-29 06:57:30.891 -05:00 [DBG] Heartbeat CASEBLADE
2026-07-29 06:57:30.891 -05:00 [DBG] Heartbeat PROX
2026-07-29 06:57:30.891 -05:00 [DBG] Heartbeat SENTINEL
2026-07-29 06:57:30.891 -05:00 [DBG] Heartbeat MARKETSCRYER
2026-07-29 06:57:30.891 -05:00 [DBG] Heartbeat SIGNALFORGE
2026-07-29 06:57:30.891 -05:00 [DBG] Heartbeat ORACLEVAULT
2026-07-29 06:57:30.891 -05:00 [DBG] Heartbeat RISKWARDEN
2026-07-29 06:58:30.891 -05:00 [DBG] Heartbeat SYNAPSE
2026-07-29 06:58:30.891 -05:00 [DBG] Heartbeat TRADEWEAVER
2026-07-29 06:58:30.892 -05:00 [DBG] Heartbeat CASEBLADE
2026-07-29 06:58:30.892 -05:00 [DBG] Heartbeat PROX
2026-07-29 06:58:30.892 -05:00 [DBG] Heartbeat SENTINEL
2026-07-29 06:58:30.892 -05:00 [DBG] Heartbeat MARKETSCRYER
2026-07-29 06:58:30.892 -05:00 [DBG] Heartbeat SIGNALFORGE
2026-07-29 06:58:30.892 -05:00 [DBG] Heartbeat ORACLEVAULT
2026-07-29 06:58:30.892 -05:00 [DBG] Heartbeat RISKWARDEN
2026-07-29 06:59:30.892 -05:00 [DBG] Heartbeat SYNAPSE
2026-07-29 06:59:30.892 -05:00 [DBG] Heartbeat TRADEWEAVER
2026-07-29 06:59:30.892 -05:00 [DBG] Heartbeat CASEBLADE
2026-07-29 06:59:30.892 -05:00 [DBG] Heartbeat PROX
2026-07-29 06:59:30.892 -05:00 [DBG] Heartbeat SENTINEL
2026-07-29 06:59:30.892 -05:00 [DBG] Heartbeat MARKETSCRYER
2026-07-29 06:59:30.892 -05:00 [DBG] Heartbeat SIGNALFORGE
2026-07-29 06:59:30.892 -05:00 [DBG] Heartbeat ORACLEVAULT
2026-07-29 06:59:30.892 -05:00 [DBG] Heartbeat RISKWARDEN
2026-07-29 07:00:08.738 -05:00 [INF] PC health: C: 77.9% used, 10 recent errors
2026-07-29 07:00:30.893 -05:00 [DBG] Heartbeat SYNAPSE
2026-07-29 07:00:30.893 -05:00 [DBG] Heartbeat TRADEWEAVER
2026-07-29 07:00:30.893 -05:00 [DBG] Heartbeat CASEBLADE
2026-07-29 07:00:30.893 -05:00 [DBG] Heartbeat PROX
2026-07-29 07:00:30.893 -05:00 [DBG] Heartbeat SENTINEL
2026-07-29 07:00:30.893 -05:00 [DBG] Heartbeat MARKETSCRYER
2026-07-29 07:00:30.893 -05:00 [DBG] Heartbeat SIGNALFORGE
2026-07-29 07:00:30.893 -05:00 [DBG] Heartbeat ORACLEVAULT
2026-07-29 07:00:30.893 -05:00 [DBG] Heartbeat RISKWARDEN
2026-07-29 07:01:30.893 -05:00 [DBG] Heartbeat SYNAPSE
2026-07-29 07:01:30.893 -05:00 [DBG] Heartbeat TRADEWEAVER
2026-07-29 07:01:30.893 -05:00 [DBG] Heartbeat CASEBLADE
2026-07-29 07:01:30.893 -05:00 [DBG] Heartbeat PROX
2026-07-29 07:01:30.893 -05:00 [DBG] Heartbeat SENTINEL
2026-07-29 07:01:30.893 -05:00 [DBG] Heartbeat MARKETSCRYER
2026-07-29 07:01:30.893 -05:00 [DBG] Heartbeat SIGNALFORGE
2026-07-29 07:01:30.893 -05:00 [DBG] Heartbeat ORACLEVAULT
2026-07-29 07:01:30.893 -05:00 [DBG] Heartbeat RISKWARDEN
2026-07-29 07:02:30.894 -05:00 [DBG] Heartbeat SYNAPSE
2026-07-29 07:02:30.894 -05:00 [DBG] Heartbeat TRADEWEAVER
2026-07-29 07:02:30.894 -05:00 [DBG] Heartbeat CASEBLADE
2026-07-29 07:02:30.894 -05:00 [DBG] Heartbeat PROX
2026-07-29 07:02:30.894 -05:00 [DBG] Heartbeat SENTINEL
2026-07-29 07:02:30.894 -05:00 [DBG] Heartbeat MARKETSCRYER
2026-07-29 07:02:30.894 -05:00 [DBG] Heartbeat SIGNALFORGE
2026-07-29 07:02:30.894 -05:00 [DBG] Heartbeat ORACLEVAULT
2026-07-29 07:02:30.894 -05:00 [DBG] Heartbeat RISKWARDEN
2026-07-29 07:03:30.893 -05:00 [DBG] Heartbeat SYNAPSE
2026-07-29 07:03:30.893 -05:00 [DBG] Heartbeat TRADEWEAVER
2026-07-29 07:03:30.893 -05:00 [DBG] Heartbeat CASEBLADE
2026-07-29 07:03:30.893 -05:00 [DBG] Heartbeat PROX
2026-07-29 07:03:30.893 -05:00 [DBG] Heartbeat SENTINEL
2026-07-29 07:03:30.893 -05:00 [DBG] Heartbeat MARKETSCRYER
2026-07-29 07:03:30.893 -05:00 [DBG] Heartbeat SIGNALFORGE
2026-07-29 07:03:30.893 -05:00 [DBG] Heartbeat ORACLEVAULT
2026-07-29 07:03:30.893 -05:00 [DBG] Heartbeat RISKWARDEN
2026-07-29 07:04:30.891 -05:00 [DBG] Heartbeat SYNAPSE
2026-07-29 07:04:30.891 -05:00 [DBG] Heartbeat TRADEWEAVER
2026-07-29 07:04:30.891 -05:00 [DBG] Heartbeat CASEBLADE
2026-07-29 07:04:30.891 -05:00 [DBG] Heartbeat PROX
2026-07-29 07:04:30.891 -05:00 [DBG] Heartbeat SENTINEL
2026-07-29 07:04:30.891 -05:00 [DBG] Heartbeat MARKETSCRYER
2026-07-29 07:04:30.891 -05:00 [DBG] Heartbeat SIGNALFORGE
2026-07-29 07:04:30.891 -05:00 [DBG] Heartbeat ORACLEVAULT
2026-07-29 07:04:30.891 -05:00 [DBG] Heartbeat RISKWARDEN
2026-07-29 07:05:18.138 -05:00 [INF] PC health: C: 77.9% used, 10 recent errors
2026-07-29 07:05:30.890 -05:00 [DBG] Heartbeat SYNAPSE
2026-07-29 07:05:30.890 -05:00 [DBG] Heartbeat TRADEWEAVER
2026-07-29 07:05:30.890 -05:00 [DBG] Heartbeat CASEBLADE
2026-07-29 07:05:30.890 -05:00 [DBG] Heartbeat PROX
2026-07-29 07:05:30.890 -05:00 [DBG] Heartbeat SENTINEL
2026-07-29 07:05:30.890 -05:00 [DBG] Heartbeat MARKETSCRYER
2026-07-29 07:05:30.890 -05:00 [DBG] Heartbeat SIGNALFORGE
2026-07-29 07:05:30.890 -05:00 [DBG] Heartbeat ORACLEVAULT
2026-07-29 07:05:30.890 -05:00 [DBG] Heartbeat RISKWARDEN
2026-07-29 07:06:30.888 -05:00 [DBG] Heartbeat SYNAPSE
2026-07-29 07:06:30.888 -05:00 [DBG] Heartbeat TRADEWEAVER
2026-07-29 07:06:30.888 -05:00 [DBG] Heartbeat CASEBLADE
2026-07-29 07:06:30.888 -05:00 [DBG] Heartbeat PROX
2026-07-29 07:06:30.888 -05:00 [DBG] Heartbeat SENTINEL
2026-07-29 07:06:30.888 -05:00 [DBG] Heartbeat MARKETSCRYER
2026-07-29 07:06:30.888 -05:00 [DBG] Heartbeat SIGNALFORGE
2026-07-29 07:06:30.888 -05:00 [DBG] Heartbeat ORACLEVAULT
2026-07-29 07:06:30.888 -05:00 [DBG] Heartbeat RISKWARDEN
2026-07-29 07:07:30.886 -05:00 [DBG] Heartbeat SYNAPSE
2026-07-29 07:07:30.886 -05:00 [DBG] Heartbeat TRADEWEAVER
2026-07-29 07:07:30.886 -05:00 [DBG] Heartbeat CASEBLADE
2026-07-29 07:07:30.886 -05:00 [DBG] Heartbeat PROX
2026-07-29 07:07:30.886 -05:00 [DBG] Heartbeat SENTINEL
2026-07-29 07:07:30.886 -05:00 [DBG] Heartbeat MARKETSCRYER
2026-07-29 07:07:30.886 -05:00 [DBG] Heartbeat SIGNALFORGE
2026-07-29 07:07:30.886 -05:00 [DBG] Heartbeat ORACLEVAULT
2026-07-29 07:07:30.886 -05:00 [DBG] Heartbeat RISKWARDEN
2026-07-29 07:08:30.884 -05:00 [DBG] Heartbeat SYNAPSE
2026-07-29 07:08:30.884 -05:00 [DBG] Heartbeat TRADEWEAVER
2026-07-29 07:08:30.884 -05:00 [DBG] Heartbeat CASEBLADE
2026-07-29 07:08:30.884 -05:00 [DBG] Heartbeat PROX
2026-07-29 07:08:30.884 -05:00 [DBG] Heartbeat SENTINEL
2026-07-29 07:08:30.884 -05:00 [DBG] Heartbeat MARKETSCRYER
2026-07-29 07:08:30.884 -05:00 [DBG] Heartbeat SIGNALFORGE
2026-07-29 07:08:30.884 -05:00 [DBG] Heartbeat ORACLEVAULT
2026-07-29 07:08:30.884 -05:00 [DBG] Heartbeat RISKWARDEN
2026-07-29 07:09:30.882 -05:00 [DBG] Heartbeat SYNAPSE
2026-07-29 07:09:30.882 -05:00 [DBG] Heartbeat TRADEWEAVER
2026-07-29 07:09:30.882 -05:00 [DBG] Heartbeat CASEBLADE
2026-07-29 07:09:30.882 -05:00 [DBG] Heartbeat PROX
2026-07-29 07:09:30.882 -05:00 [DBG] Heartbeat SENTINEL
2026-07-29 07:09:30.882 -05:00 [DBG] Heartbeat MARKETSCRYER
2026-07-29 07:09:30.882 -05:00 [DBG] Heartbeat SIGNALFORGE
2026-07-29 07:09:30.882 -05:00 [DBG] Heartbeat ORACLEVAULT
2026-07-29 07:09:30.882 -05:00 [DBG] Heartbeat RISKWARDEN
2026-07-29 07:10:28.832 -05:00 [INF] PC health: C: 77.9% used, 10 recent errors
2026-07-29 07:10:30.881 -05:00 [DBG] Heartbeat SYNAPSE
2026-07-29 07:10:30.881 -05:00 [DBG] Heartbeat TRADEWEAVER
2026-07-29 07:10:30.881 -05:00 [DBG] Heartbeat CASEBLADE
2026-07-29 07:10:30.881 -05:00 [DBG] Heartbeat PROX
2026-07-29 07:10:30.881 -05:00 [DBG] Heartbeat SENTINEL
2026-07-29 07:10:30.881 -05:00 [DBG] Heartbeat MARKETSCRYER
2026-07-29 07:10:30.881 -05:00 [DBG] Heartbeat SIGNALFORGE
2026-07-29 07:10:30.881 -05:00 [DBG] Heartbeat ORACLEVAULT
2026-07-29 07:10:30.881 -05:00 [DBG] Heartbeat RISKWARDEN
2026-07-29 07:11:30.879 -05:00 [DBG] Heartbeat SYNAPSE
2026-07-29 07:11:30.879 -05:00 [DBG] Heartbeat TRADEWEAVER
2026-07-29 07:11:30.879 -05:00 [DBG] Heartbeat CASEBLADE
2026-07-29 07:11:30.879 -05:00 [DBG] Heartbeat PROX
2026-07-29 07:11:30.879 -05:00 [DBG] Heartbeat SENTINEL
2026-07-29 07:11:30.879 -05:00 [DBG] Heartbeat MARKETSCRYER
2026-07-29 07:11:30.879 -05:00 [DBG] Heartbeat SIGNALFORGE
2026-07-29 07:11:30.879 -05:00 [DBG] Heartbeat ORACLEVAULT
2026-07-29 07:11:30.879 -05:00 [DBG] Heartbeat RISKWARDEN
2026-07-29 07:12:30.876 -05:00 [DBG] Heartbeat SYNAPSE
2026-07-29 07:12:30.877 -05:00 [DBG] Heartbeat TRADEWEAVER
2026-07-29 07:12:30.877 -05:00 [DBG] Heartbeat CASEBLADE
2026-07-29 07:12:30.877 -05:00 [DBG] Heartbeat PROX
2026-07-29 07:12:30.877 -05:00 [DBG] Heartbeat SENTINEL
2026-07-29 07:12:30.877 -05:00 [DBG] Heartbeat MARKETSCRYER
2026-07-29 07:12:30.877 -05:00 [DBG] Heartbeat SIGNALFORGE
2026-07-29 07:12:30.877 -05:00 [DBG] Heartbeat ORACLEVAULT
2026-07-29 07:12:30.877 -05:00 [DBG] Heartbeat RISKWARDEN
2026-07-29 07:13:30.875 -05:00 [DBG] Heartbeat SYNAPSE
2026-07-29 07:13:30.875 -05:00 [DBG] Heartbeat TRADEWEAVER
2026-07-29 07:13:30.875 -05:00 [DBG] Heartbeat CASEBLADE
2026-07-29 07:13:30.875 -05:00 [DBG] Heartbeat PROX
2026-07-29 07:13:30.875 -05:00 [DBG] Heartbeat SENTINEL
2026-07-29 07:13:30.875 -05:00 [DBG] Heartbeat MARKETSCRYER
2026-07-29 07:13:30.875 -05:00 [DBG] Heartbeat SIGNALFORGE
2026-07-29 07:13:30.875 -05:00 [DBG] Heartbeat ORACLEVAULT
2026-07-29 07:13:30.875 -05:00 [DBG] Heartbeat RISKWARDEN
2026-07-29 07:14:30.873 -05:00 [DBG] Heartbeat SYNAPSE
2026-07-29 07:14:30.873 -05:00 [DBG] Heartbeat TRADEWEAVER
2026-07-29 07:14:30.873 -05:00 [DBG] Heartbeat CASEBLADE
2026-07-29 07:14:30.873 -05:00 [DBG] Heartbeat PROX
2026-07-29 07:14:30.873 -05:00 [DBG] Heartbeat SENTINEL
2026-07-29 07:14:30.873 -05:00 [DBG] Heartbeat MARKETSCRYER
2026-07-29 07:14:30.873 -05:00 [DBG] Heartbeat SIGNALFORGE
2026-07-29 07:14:30.873 -05:00 [DBG] Heartbeat ORACLEVAULT
2026-07-29 07:14:30.873 -05:00 [DBG] Heartbeat RISKWARDEN
2026-07-29 07:15:30.871 -05:00 [DBG] Heartbeat SYNAPSE
2026-07-29 07:15:30.871 -05:00 [DBG] Heartbeat TRADEWEAVER
2026-07-29 07:15:30.871 -05:00 [DBG] Heartbeat CASEBLADE
2026-07-29 07:15:30.871 -05:00 [DBG] Heartbeat PROX
2026-07-29 07:15:30.871 -05:00 [DBG] Heartbeat SENTINEL
2026-07-29 07:15:30.871 -05:00 [DBG] Heartbeat MARKETSCRYER
2026-07-29 07:15:30.871 -05:00 [DBG] Heartbeat SIGNALFORGE
2026-07-29 07:15:30.871 -05:00 [DBG] Heartbeat ORACLEVAULT
2026-07-29 07:15:30.871 -05:00 [DBG] Heartbeat RISKWARDEN
2026-07-29 07:15:39.509 -05:00 [INF] PC health: C: 77.9% used, 10 recent errors
2026-07-29 07:16:30.869 -05:00 [DBG] Heartbeat SYNAPSE
2026-07-29 07:16:30.869 -05:00 [DBG] Heartbeat TRADEWEAVER
2026-07-29 07:16:30.869 -05:00 [DBG] Heartbeat CASEBLADE
2026-07-29 07:16:30.869 -05:00 [DBG] Heartbeat PROX
2026-07-29 07:16:30.869 -05:00 [DBG] Heartbeat SENTINEL
2026-07-29 07:16:30.869 -05:00 [DBG] Heartbeat MARKETSCRYER
2026-07-29 07:16:30.869 -05:00 [DBG] Heartbeat SIGNALFORGE
2026-07-29 07:16:30.869 -05:00 [DBG] Heartbeat ORACLEVAULT
2026-07-29 07:16:30.869 -05:00 [DBG] Heartbeat RISKWARDEN
2026-07-29 07:17:30.867 -05:00 [DBG] Heartbeat SYNAPSE
2026-07-29 07:17:30.867 -05:00 [DBG] Heartbeat TRADEWEAVER
2026-07-29 07:17:30.867 -05:00 [DBG] Heartbeat CASEBLADE
2026-07-29 07:17:30.867 -05:00 [DBG] Heartbeat PROX
2026-07-29 07:17:30.867 -05:00 [DBG] Heartbeat SENTINEL
2026-07-29 07:17:30.867 -05:00 [DBG] Heartbeat MARKETSCRYER
2026-07-29 07:17:30.867 -05:00 [DBG] Heartbeat SIGNALFORGE
2026-07-29 07:17:30.867 -05:00 [DBG] Heartbeat ORACLEVAULT
2026-07-29 07:17:30.867 -05:00 [DBG] Heartbeat RISKWARDEN
2026-07-29 07:18:30.865 -05:00 [DBG] Heartbeat SYNAPSE
2026-07-29 07:18:30.865 -05:00 [DBG] Heartbeat TRADEWEAVER
2026-07-29 07:18:30.865 -05:00 [DBG] Heartbeat CASEBLADE
2026-07-29 07:18:30.865 -05:00 [DBG] Heartbeat PROX
2026-07-29 07:18:30.865 -05:00 [DBG] Heartbeat SENTINEL
2026-07-29 07:18:30.865 -05:00 [DBG] Heartbeat MARKETSCRYER
2026-07-29 07:18:30.865 -05:00 [DBG] Heartbeat SIGNALFORGE
2026-07-29 07:18:30.865 -05:00 [DBG] Heartbeat ORACLEVAULT
2026-07-29 07:18:30.865 -05:00 [DBG] Heartbeat RISKWARDEN
2026-07-29 07:19:30.863 -05:00 [DBG] Heartbeat SYNAPSE
2026-07-29 07:19:30.863 -05:00 [DBG] Heartbeat TRADEWEAVER
2026-07-29 07:19:30.864 -05:00 [DBG] Heartbeat CASEBLADE
2026-07-29 07:19:30.864 -05:00 [DBG] Heartbeat PROX
2026-07-29 07:19:30.864 -05:00 [DBG] Heartbeat SENTINEL
2026-07-29 07:19:30.864 -05:00 [DBG] Heartbeat MARKETSCRYER
2026-07-29 07:19:30.864 -05:00 [DBG] Heartbeat SIGNALFORGE
2026-07-29 07:19:30.864 -05:00 [DBG] Heartbeat ORACLEVAULT
2026-07-29 07:19:30.864 -05:00 [DBG] Heartbeat RISKWARDEN
2026-07-29 07:20:30.862 -05:00 [DBG] Heartbeat SYNAPSE
2026-07-29 07:20:30.862 -05:00 [DBG] Heartbeat TRADEWEAVER
2026-07-29 07:20:30.862 -05:00 [DBG] Heartbeat CASEBLADE
2026-07-29 07:20:30.862 -05:00 [DBG] Heartbeat PROX
2026-07-29 07:20:30.862 -05:00 [DBG] Heartbeat SENTINEL
2026-07-29 07:20:30.862 -05:00 [DBG] Heartbeat MARKETSCRYER
2026-07-29 07:20:30.862 -05:00 [DBG] Heartbeat SIGNALFORGE
2026-07-29 07:20:30.862 -05:00 [DBG] Heartbeat ORACLEVAULT
2026-07-29 07:20:30.862 -05:00 [DBG] Heartbeat RISKWARDEN
2026-07-29 07:20:50.037 -05:00 [INF] PC health: C: 77.9% used, 10 recent errors
2026-07-29 07:21:30.861 -05:00 [DBG] Heartbeat SYNAPSE
2026-07-29 07:21:30.861 -05:00 [DBG] Heartbeat TRADEWEAVER
2026-07-29 07:21:30.861 -05:00 [DBG] Heartbeat CASEBLADE
2026-07-29 07:21:30.861 -05:00 [DBG] Heartbeat PROX
2026-07-29 07:21:30.861 -05:00 [DBG] Heartbeat SENTINEL
2026-07-29 07:21:30.861 -05:00 [DBG] Heartbeat MARKETSCRYER
2026-07-29 07:21:30.861 -05:00 [DBG] Heartbeat SIGNALFORGE
2026-07-29 07:21:30.861 -05:00 [DBG] Heartbeat ORACLEVAULT
2026-07-29 07:21:30.861 -05:00 [DBG] Heartbeat RISKWARDEN
2026-07-29 07:22:30.860 -05:00 [DBG] Heartbeat SYNAPSE
2026-07-29 07:22:30.860 -05:00 [DBG] Heartbeat TRADEWEAVER
2026-07-29 07:22:30.860 -05:00 [DBG] Heartbeat CASEBLADE
2026-07-29 07:22:30.860 -05:00 [DBG] Heartbeat PROX
2026-07-29 07:22:30.860 -05:00 [DBG] Heartbeat SENTINEL
2026-07-29 07:22:30.860 -05:00 [DBG] Heartbeat MARKETSCRYER
2026-07-29 07:22:30.860 -05:00 [DBG] Heartbeat SIGNALFORGE
2026-07-29 07:22:30.860 -05:00 [DBG] Heartbeat ORACLEVAULT
2026-07-29 07:22:30.860 -05:00 [DBG] Heartbeat RISKWARDEN
2026-07-29 07:23:30.859 -05:00 [DBG] Heartbeat SYNAPSE
2026-07-29 07:23:30.859 -05:00 [DBG] Heartbeat TRADEWEAVER
2026-07-29 07:23:30.859 -05:00 [DBG] Heartbeat CASEBLADE
2026-07-29 07:23:30.859 -05:00 [DBG] Heartbeat PROX
2026-07-29 07:23:30.859 -05:00 [DBG] Heartbeat SENTINEL
2026-07-29 07:23:30.859 -05:00 [DBG] Heartbeat MARKETSCRYER
2026-07-29 07:23:30.859 -05:00 [DBG] Heartbeat SIGNALFORGE
2026-07-29 07:23:30.859 -05:00 [DBG] Heartbeat ORACLEVAULT
2026-07-29 07:23:30.859 -05:00 [DBG] Heartbeat RISKWARDEN
2026-07-29 07:24:30.857 -05:00 [DBG] Heartbeat SYNAPSE
2026-07-29 07:24:30.857 -05:00 [DBG] Heartbeat TRADEWEAVER
2026-07-29 07:24:30.857 -05:00 [DBG] Heartbeat CASEBLADE
2026-07-29 07:24:30.857 -05:00 [DBG] Heartbeat PROX
2026-07-29 07:24:30.857 -05:00 [DBG] Heartbeat SENTINEL
2026-07-29 07:24:30.857 -05:00 [DBG] Heartbeat MARKETSCRYER
2026-07-29 07:24:30.857 -05:00 [DBG] Heartbeat SIGNALFORGE
2026-07-29 07:24:30.857 -05:00 [DBG] Heartbeat ORACLEVAULT
2026-07-29 07:24:30.857 -05:00 [DBG] Heartbeat RISKWARDEN
2026-07-29 07:25:30.856 -05:00 [DBG] Heartbeat SYNAPSE
2026-07-29 07:25:30.856 -05:00 [DBG] Heartbeat TRADEWEAVER
2026-07-29 07:25:30.856 -05:00 [DBG] Heartbeat CASEBLADE
2026-07-29 07:25:30.856 -05:00 [DBG] Heartbeat PROX
2026-07-29 07:25:30.856 -05:00 [DBG] Heartbeat SENTINEL
2026-07-29 07:25:30.856 -05:00 [DBG] Heartbeat MARKETSCRYER
2026-07-29 07:25:30.856 -05:00 [DBG] Heartbeat SIGNALFORGE
2026-07-29 07:25:30.856 -05:00 [DBG] Heartbeat ORACLEVAULT
2026-07-29 07:25:30.856 -05:00 [DBG] Heartbeat RISKWARDEN
2026-07-29 07:26:00.616 -05:00 [INF] PC health: C: 77.9% used, 10 recent errors
2026-07-29 07:26:30.854 -05:00 [DBG] Heartbeat SYNAPSE
2026-07-29 07:26:30.855 -05:00 [DBG] Heartbeat TRADEWEAVER
2026-07-29 07:26:30.855 -05:00 [DBG] Heartbeat CASEBLADE
2026-07-29 07:26:30.855 -05:00 [DBG] Heartbeat PROX
2026-07-29 07:26:30.855 -05:00 [DBG] Heartbeat SENTINEL
2026-07-29 07:26:30.855 -05:00 [DBG] Heartbeat MARKETSCRYER
2026-07-29 07:26:30.855 -05:00 [DBG] Heartbeat SIGNALFORGE
2026-07-29 07:26:30.855 -05:00 [DBG] Heartbeat ORACLEVAULT
2026-07-29 07:26:30.855 -05:00 [DBG] Heartbeat RISKWARDEN
2026-07-29 07:27:30.853 -05:00 [DBG] Heartbeat SYNAPSE
2026-07-29 07:27:30.853 -05:00 [DBG] Heartbeat TRADEWEAVER
2026-07-29 07:27:30.853 -05:00 [DBG] Heartbeat CASEBLADE
2026-07-29 07:27:30.853 -05:00 [DBG] Heartbeat PROX
2026-07-29 07:27:30.853 -05:00 [DBG] Heartbeat SENTINEL
2026-07-29 07:27:30.853 -05:00 [DBG] Heartbeat MARKETSCRYER
2026-07-29 07:27:30.853 -05:00 [DBG] Heartbeat SIGNALFORGE
2026-07-29 07:27:30.853 -05:00 [DBG] Heartbeat ORACLEVAULT
2026-07-29 07:27:30.853 -05:00 [DBG] Heartbeat RISKWARDEN
2026-07-29 07:28:30.853 -05:00 [DBG] Heartbeat SYNAPSE
2026-07-29 07:28:30.853 -05:00 [DBG] Heartbeat TRADEWEAVER
2026-07-29 07:28:30.853 -05:00 [DBG] Heartbeat CASEBLADE
2026-07-29 07:28:30.853 -05:00 [DBG] Heartbeat PROX
2026-07-29 07:28:30.853 -05:00 [DBG] Heartbeat SENTINEL
2026-07-29 07:28:30.853 -05:00 [DBG] Heartbeat MARKETSCRYER
2026-07-29 07:28:30.853 -05:00 [DBG] Heartbeat SIGNALFORGE
2026-07-29 07:28:30.853 -05:00 [DBG] Heartbeat ORACLEVAULT
2026-07-29 07:28:30.853 -05:00 [DBG] Heartbeat RISKWARDEN
2026-07-29 07:29:30.852 -05:00 [DBG] Heartbeat SYNAPSE
2026-07-29 07:29:30.852 -05:00 [DBG] Heartbeat TRADEWEAVER
2026-07-29 07:29:30.852 -05:00 [DBG] Heartbeat CASEBLADE
2026-07-29 07:29:30.852 -05:00 [DBG] Heartbeat PROX
2026-07-29 07:29:30.852 -05:00 [DBG] Heartbeat SENTINEL
2026-07-29 07:29:30.852 -05:00 [DBG] Heartbeat MARKETSCRYER
2026-07-29 07:29:30.852 -05:00 [DBG] Heartbeat SIGNALFORGE
2026-07-29 07:29:30.852 -05:00 [DBG] Heartbeat ORACLEVAULT
2026-07-29 07:29:30.852 -05:00 [DBG] Heartbeat RISKWARDEN
2026-07-29 07:30:30.851 -05:00 [DBG] Heartbeat SYNAPSE
2026-07-29 07:30:30.851 -05:00 [DBG] Heartbeat TRADEWEAVER
2026-07-29 07:30:30.851 -05:00 [DBG] Heartbeat CASEBLADE
2026-07-29 07:30:30.851 -05:00 [DBG] Heartbeat PROX
2026-07-29 07:30:30.851 -05:00 [DBG] Heartbeat SENTINEL
2026-07-29 07:30:30.851 -05:00 [DBG] Heartbeat MARKETSCRYER
2026-07-29 07:30:30.851 -05:00 [DBG] Heartbeat SIGNALFORGE
2026-07-29 07:30:30.851 -05:00 [DBG] Heartbeat ORACLEVAULT
2026-07-29 07:30:30.851 -05:00 [DBG] Heartbeat RISKWARDEN
2026-07-29 07:31:11.211 -05:00 [INF] PC health: C: 77.9% used, 10 recent errors
2026-07-29 07:31:30.850 -05:00 [DBG] Heartbeat SYNAPSE
2026-07-29 07:31:30.850 -05:00 [DBG] Heartbeat TRADEWEAVER
2026-07-29 07:31:30.850 -05:00 [DBG] Heartbeat CASEBLADE
2026-07-29 07:31:30.850 -05:00 [DBG] Heartbeat PROX
2026-07-29 07:31:30.850 -05:00 [DBG] Heartbeat SENTINEL
2026-07-29 07:31:30.850 -05:00 [DBG] Heartbeat MARKETSCRYER
2026-07-29 07:31:30.850 -05:00 [DBG] Heartbeat SIGNALFORGE
2026-07-29 07:31:30.850 -05:00 [DBG] Heartbeat ORACLEVAULT
2026-07-29 07:31:30.850 -05:00 [DBG] Heartbeat RISKWARDEN
2026-07-29 07:32:30.849 -05:00 [DBG] Heartbeat SYNAPSE
2026-07-29 07:32:30.849 -05:00 [DBG] Heartbeat TRADEWEAVER
2026-07-29 07:32:30.849 -05:00 [DBG] Heartbeat CASEBLADE
2026-07-29 07:32:30.849 -05:00 [DBG] Heartbeat PROX
2026-07-29 07:32:30.849 -05:00 [DBG] Heartbeat SENTINEL
2026-07-29 07:32:30.849 -05:00 [DBG] Heartbeat MARKETSCRYER
2026-07-29 07:32:30.849 -05:00 [DBG] Heartbeat SIGNALFORGE
2026-07-29 07:32:30.849 -05:00 [DBG] Heartbeat ORACLEVAULT
2026-07-29 07:32:30.849 -05:00 [DBG] Heartbeat RISKWARDEN
2026-07-29 07:33:30.847 -05:00 [DBG] Heartbeat SYNAPSE
2026-07-29 07:33:30.847 -05:00 [DBG] Heartbeat TRADEWEAVER
2026-07-29 07:33:30.847 -05:00 [DBG] Heartbeat CASEBLADE
2026-07-29 07:33:30.847 -05:00 [DBG] Heartbeat PROX
2026-07-29 07:33:30.847 -05:00 [DBG] Heartbeat SENTINEL
2026-07-29 07:33:30.847 -05:00 [DBG] Heartbeat MARKETSCRYER
2026-07-29 07:33:30.847 -05:00 [DBG] Heartbeat SIGNALFORGE
2026-07-29 07:33:30.847 -05:00 [DBG] Heartbeat ORACLEVAULT
2026-07-29 07:33:30.847 -05:00 [DBG] Heartbeat RISKWARDEN
2026-07-29 07:34:30.846 -05:00 [DBG] Heartbeat SYNAPSE
2026-07-29 07:34:30.846 -05:00 [DBG] Heartbeat TRADEWEAVER
2026-07-29 07:34:30.846 -05:00 [DBG] Heartbeat CASEBLADE
2026-07-29 07:34:30.846 -05:00 [DBG] Heartbeat PROX
2026-07-29 07:34:30.846 -05:00 [DBG] Heartbeat SENTINEL
2026-07-29 07:34:30.846 -05:00 [DBG] Heartbeat MARKETSCRYER
2026-07-29 07:34:30.846 -05:00 [DBG] Heartbeat SIGNALFORGE
2026-07-29 07:34:30.846 -05:00 [DBG] Heartbeat ORACLEVAULT
2026-07-29 07:34:30.846 -05:00 [DBG] Heartbeat RISKWARDEN
2026-07-29 07:35:30.846 -05:00 [DBG] Heartbeat SYNAPSE
2026-07-29 07:35:30.846 -05:00 [DBG] Heartbeat TRADEWEAVER
2026-07-29 07:35:30.846 -05:00 [DBG] Heartbeat CASEBLADE
2026-07-29 07:35:30.846 -05:00 [DBG] Heartbeat PROX
2026-07-29 07:35:30.846 -05:00 [DBG] Heartbeat SENTINEL
2026-07-29 07:35:30.846 -05:00 [DBG] Heartbeat MARKETSCRYER
2026-07-29 07:35:30.846 -05:00 [DBG] Heartbeat SIGNALFORGE
2026-07-29 07:35:30.846 -05:00 [DBG] Heartbeat ORACLEVAULT
2026-07-29 07:35:30.846 -05:00 [DBG] Heartbeat RISKWARDEN
2026-07-29 07:36:21.983 -05:00 [INF] PC health: C: 77.9% used, 10 recent errors
2026-07-29 07:36:30.845 -05:00 [DBG] Heartbeat SYNAPSE
2026-07-29 07:36:30.845 -05:00 [DBG] Heartbeat TRADEWEAVER
2026-07-29 07:36:30.845 -05:00 [DBG] Heartbeat CASEBLADE
2026-07-29 07:36:30.845 -05:00 [DBG] Heartbeat PROX
2026-07-29 07:36:30.845 -05:00 [DBG] Heartbeat SENTINEL
2026-07-29 07:36:30.845 -05:00 [DBG] Heartbeat MARKETSCRYER
2026-07-29 07:36:30.845 -05:00 [DBG] Heartbeat SIGNALFORGE
2026-07-29 07:36:30.845 -05:00 [DBG] Heartbeat ORACLEVAULT
2026-07-29 07:36:30.845 -05:00 [DBG] Heartbeat RISKWARDEN
2026-07-29 07:37:30.844 -05:00 [DBG] Heartbeat SYNAPSE
2026-07-29 07:37:30.844 -05:00 [DBG] Heartbeat TRADEWEAVER
2026-07-29 07:37:30.844 -05:00 [DBG] Heartbeat CASEBLADE
2026-07-29 07:37:30.844 -05:00 [DBG] Heartbeat PROX
2026-07-29 07:37:30.844 -05:00 [DBG] Heartbeat SENTINEL
2026-07-29 07:37:30.844 -05:00 [DBG] Heartbeat MARKETSCRYER
2026-07-29 07:37:30.844 -05:00 [DBG] Heartbeat SIGNALFORGE
2026-07-29 07:37:30.844 -05:00 [DBG] Heartbeat ORACLEVAULT
2026-07-29 07:37:30.844 -05:00 [DBG] Heartbeat RISKWARDEN
2026-07-29 07:38:30.843 -05:00 [DBG] Heartbeat SYNAPSE
2026-07-29 07:38:30.843 -05:00 [DBG] Heartbeat TRADEWEAVER
2026-07-29 07:38:30.843 -05:00 [DBG] Heartbeat CASEBLADE
2026-07-29 07:38:30.843 -05:00 [DBG] Heartbeat PROX
2026-07-29 07:38:30.843 -05:00 [DBG] Heartbeat SENTINEL
2026-07-29 07:38:30.843 -05:00 [DBG] Heartbeat MARKETSCRYER
2026-07-29 07:38:30.843 -05:00 [DBG] Heartbeat SIGNALFORGE
2026-07-29 07:38:30.844 -05:00 [DBG] Heartbeat ORACLEVAULT
2026-07-29 07:38:30.844 -05:00 [DBG] Heartbeat RISKWARDEN
2026-07-29 07:39:30.843 -05:00 [DBG] Heartbeat SYNAPSE
2026-07-29 07:39:30.843 -05:00 [DBG] Heartbeat TRADEWEAVER
2026-07-29 07:39:30.844 -05:00 [DBG] Heartbeat CASEBLADE
2026-07-29 07:39:30.844 -05:00 [DBG] Heartbeat PROX
2026-07-29 07:39:30.844 -05:00 [DBG] Heartbeat SENTINEL
2026-07-29 07:39:30.844 -05:00 [DBG] Heartbeat MARKETSCRYER
2026-07-29 07:39:30.844 -05:00 [DBG] Heartbeat SIGNALFORGE
2026-07-29 07:39:30.844 -05:00 [DBG] Heartbeat ORACLEVAULT
2026-07-29 07:39:30.844 -05:00 [DBG] Heartbeat RISKWARDEN
2026-07-29 07:40:30.842 -05:00 [DBG] Heartbeat SYNAPSE
2026-07-29 07:40:30.843 -05:00 [DBG] Heartbeat TRADEWEAVER
2026-07-29 07:40:30.843 -05:00 [DBG] Heartbeat CASEBLADE
2026-07-29 07:40:30.843 -05:00 [DBG] Heartbeat PROX
2026-07-29 07:40:30.843 -05:00 [DBG] Heartbeat SENTINEL
2026-07-29 07:40:30.843 -05:00 [DBG] Heartbeat MARKETSCRYER
2026-07-29 07:40:30.843 -05:00 [DBG] Heartbeat SIGNALFORGE
2026-07-29 07:40:30.843 -05:00 [DBG] Heartbeat ORACLEVAULT
2026-07-29 07:40:30.843 -05:00 [DBG] Heartbeat RISKWARDEN
2026-07-29 07:41:30.842 -05:00 [DBG] Heartbeat SYNAPSE
2026-07-29 07:41:30.842 -05:00 [DBG] Heartbeat TRADEWEAVER
2026-07-29 07:41:30.842 -05:00 [DBG] Heartbeat CASEBLADE
2026-07-29 07:41:30.842 -05:00 [DBG] Heartbeat PROX
2026-07-29 07:41:30.842 -05:00 [DBG] Heartbeat SENTINEL
2026-07-29 07:41:30.842 -05:00 [DBG] Heartbeat MARKETSCRYER
2026-07-29 07:41:30.842 -05:00 [DBG] Heartbeat SIGNALFORGE
2026-07-29 07:41:30.842 -05:00 [DBG] Heartbeat ORACLEVAULT
2026-07-29 07:41:30.842 -05:00 [DBG] Heartbeat RISKWARDEN
2026-07-29 07:41:32.633 -05:00 [INF] PC health: C: 77.9% used, 10 recent errors
2026-07-29 07:42:30.842 -05:00 [DBG] Heartbeat SYNAPSE
2026-07-29 07:42:30.842 -05:00 [DBG] Heartbeat TRADEWEAVER
2026-07-29 07:42:30.842 -05:00 [DBG] Heartbeat CASEBLADE
2026-07-29 07:42:30.842 -05:00 [DBG] Heartbeat PROX
2026-07-29 07:42:30.842 -05:00 [DBG] Heartbeat SENTINEL
2026-07-29 07:42:30.842 -05:00 [DBG] Heartbeat MARKETSCRYER
2026-07-29 07:42:30.842 -05:00 [DBG] Heartbeat SIGNALFORGE
2026-07-29 07:42:30.842 -05:00 [DBG] Heartbeat ORACLEVAULT
2026-07-29 07:42:30.842 -05:00 [DBG] Heartbeat RISKWARDEN
2026-07-29 07:43:30.842 -05:00 [DBG] Heartbeat SYNAPSE
2026-07-29 07:43:30.842 -05:00 [DBG] Heartbeat TRADEWEAVER
2026-07-29 07:43:30.842 -05:00 [DBG] Heartbeat CASEBLADE
2026-07-29 07:43:30.842 -05:00 [DBG] Heartbeat PROX
2026-07-29 07:43:30.842 -05:00 [DBG] Heartbeat SENTINEL
2026-07-29 07:43:30.842 -05:00 [DBG] Heartbeat MARKETSCRYER
2026-07-29 07:43:30.842 -05:00 [DBG] Heartbeat SIGNALFORGE
2026-07-29 07:43:30.842 -05:00 [DBG] Heartbeat ORACLEVAULT
2026-07-29 07:43:30.842 -05:00 [DBG] Heartbeat RISKWARDEN
2026-07-29 07:44:30.842 -05:00 [DBG] Heartbeat SYNAPSE
2026-07-29 07:44:30.842 -05:00 [DBG] Heartbeat TRADEWEAVER
2026-07-29 07:44:30.842 -05:00 [DBG] Heartbeat CASEBLADE
2026-07-29 07:44:30.842 -05:00 [DBG] Heartbeat PROX
2026-07-29 07:44:30.842 -05:00 [DBG] Heartbeat SENTINEL
2026-07-29 07:44:30.842 -05:00 [DBG] Heartbeat MARKETSCRYER
2026-07-29 07:44:30.842 -05:00 [DBG] Heartbeat SIGNALFORGE
2026-07-29 07:44:30.842 -05:00 [DBG] Heartbeat ORACLEVAULT
2026-07-29 07:44:30.842 -05:00 [DBG] Heartbeat RISKWARDEN
2026-07-29 07:45:30.841 -05:00 [DBG] Heartbeat SYNAPSE
2026-07-29 07:45:30.841 -05:00 [DBG] Heartbeat TRADEWEAVER
2026-07-29 07:45:30.841 -05:00 [DBG] Heartbeat CASEBLADE
2026-07-29 07:45:30.841 -05:00 [DBG] Heartbeat PROX
2026-07-29 07:45:30.841 -05:00 [DBG] Heartbeat SENTINEL
2026-07-29 07:45:30.841 -05:00 [DBG] Heartbeat MARKETSCRYER
2026-07-29 07:45:30.841 -05:00 [DBG] Heartbeat SIGNALFORGE
2026-07-29 07:45:30.841 -05:00 [DBG] Heartbeat ORACLEVAULT
2026-07-29 07:45:30.841 -05:00 [DBG] Heartbeat RISKWARDEN
2026-07-29 07:46:30.840 -05:00 [DBG] Heartbeat SYNAPSE
2026-07-29 07:46:30.840 -05:00 [DBG] Heartbeat TRADEWEAVER
2026-07-29 07:46:30.840 -05:00 [DBG] Heartbeat CASEBLADE
2026-07-29 07:46:30.840 -05:00 [DBG] Heartbeat PROX
2026-07-29 07:46:30.840 -05:00 [DBG] Heartbeat SENTINEL
2026-07-29 07:46:30.840 -05:00 [DBG] Heartbeat MARKETSCRYER
2026-07-29 07:46:30.840 -05:00 [DBG] Heartbeat SIGNALFORGE
2026-07-29 07:46:30.840 -05:00 [DBG] Heartbeat ORACLEVAULT
2026-07-29 07:46:30.840 -05:00 [DBG] Heartbeat RISKWARDEN
2026-07-29 07:46:43.220 -05:00 [INF] PC health: C: 77.9% used, 10 recent errors
2026-07-29 07:47:30.838 -05:00 [DBG] Heartbeat SYNAPSE
2026-07-29 07:47:30.839 -05:00 [DBG] Heartbeat TRADEWEAVER
2026-07-29 07:47:30.839 -05:00 [DBG] Heartbeat CASEBLADE
2026-07-29 07:47:30.839 -05:00 [DBG] Heartbeat PROX
2026-07-29 07:47:30.839 -05:00 [DBG] Heartbeat SENTINEL
2026-07-29 07:47:30.839 -05:00 [DBG] Heartbeat MARKETSCRYER
2026-07-29 07:47:30.839 -05:00 [DBG] Heartbeat SIGNALFORGE
2026-07-29 07:47:30.839 -05:00 [DBG] Heartbeat ORACLEVAULT
2026-07-29 07:47:30.839 -05:00 [DBG] Heartbeat RISKWARDEN
2026-07-29 07:48:30.839 -05:00 [DBG] Heartbeat SYNAPSE
2026-07-29 07:48:30.839 -05:00 [DBG] Heartbeat TRADEWEAVER
2026-07-29 07:48:30.839 -05:00 [DBG] Heartbeat CASEBLADE
2026-07-29 07:48:30.839 -05:00 [DBG] Heartbeat PROX
2026-07-29 07:48:30.839 -05:00 [DBG] Heartbeat SENTINEL
2026-07-29 07:48:30.839 -05:00 [DBG] Heartbeat MARKETSCRYER
2026-07-29 07:48:30.839 -05:00 [DBG] Heartbeat SIGNALFORGE
2026-07-29 07:48:30.839 -05:00 [DBG] Heartbeat ORACLEVAULT
2026-07-29 07:48:30.839 -05:00 [DBG] Heartbeat RISKWARDEN
2026-07-29 07:49:30.838 -05:00 [DBG] Heartbeat SYNAPSE
2026-07-29 07:49:30.838 -05:00 [DBG] Heartbeat TRADEWEAVER
2026-07-29 07:49:30.838 -05:00 [DBG] Heartbeat CASEBLADE
2026-07-29 07:49:30.838 -05:00 [DBG] Heartbeat PROX
2026-07-29 07:49:30.838 -05:00 [DBG] Heartbeat SENTINEL
2026-07-29 07:49:30.838 -05:00 [DBG] Heartbeat MARKETSCRYER
2026-07-29 07:49:30.838 -05:00 [DBG] Heartbeat SIGNALFORGE
2026-07-29 07:49:30.838 -05:00 [DBG] Heartbeat ORACLEVAULT
2026-07-29 07:49:30.838 -05:00 [DBG] Heartbeat RISKWARDEN
2026-07-29 07:50:30.838 -05:00 [DBG] Heartbeat SYNAPSE
2026-07-29 07:50:30.838 -05:00 [DBG] Heartbeat TRADEWEAVER
2026-07-29 07:50:30.838 -05:00 [DBG] Heartbeat CASEBLADE
2026-07-29 07:50:30.838 -05:00 [DBG] Heartbeat PROX
2026-07-29 07:50:30.838 -05:00 [DBG] Heartbeat SENTINEL
2026-07-29 07:50:30.838 -05:00 [DBG] Heartbeat MARKETSCRYER
2026-07-29 07:50:30.838 -05:00 [DBG] Heartbeat SIGNALFORGE
2026-07-29 07:50:30.838 -05:00 [DBG] Heartbeat ORACLEVAULT
2026-07-29 07:50:30.838 -05:00 [DBG] Heartbeat RISKWARDEN
2026-07-29 07:51:30.837 -05:00 [DBG] Heartbeat SYNAPSE
2026-07-29 07:51:30.837 -05:00 [DBG] Heartbeat TRADEWEAVER
2026-07-29 07:51:30.837 -05:00 [DBG] Heartbeat CASEBLADE
2026-07-29 07:51:30.837 -05:00 [DBG] Heartbeat PROX
2026-07-29 07:51:30.837 -05:00 [DBG] Heartbeat SENTINEL
2026-07-29 07:51:30.837 -05:00 [DBG] Heartbeat MARKETSCRYER
2026-07-29 07:51:30.837 -05:00 [DBG] Heartbeat SIGNALFORGE
2026-07-29 07:51:30.837 -05:00 [DBG] Heartbeat ORACLEVAULT
2026-07-29 07:51:30.837 -05:00 [DBG] Heartbeat RISKWARDEN
2026-07-29 07:51:53.894 -05:00 [INF] PC health: C: 77.9% used, 10 recent errors
2026-07-29 07:52:30.836 -05:00 [DBG] Heartbeat SYNAPSE
2026-07-29 07:52:30.836 -05:00 [DBG] Heartbeat TRADEWEAVER
2026-07-29 07:52:30.836 -05:00 [DBG] Heartbeat CASEBLADE
2026-07-29 07:52:30.836 -05:00 [DBG] Heartbeat PROX
2026-07-29 07:52:30.836 -05:00 [DBG] Heartbeat SENTINEL
2026-07-29 07:52:30.836 -05:00 [DBG] Heartbeat MARKETSCRYER
2026-07-29 07:52:30.836 -05:00 [DBG] Heartbeat SIGNALFORGE
2026-07-29 07:52:30.836 -05:00 [DBG] Heartbeat ORACLEVAULT
2026-07-29 07:52:30.836 -05:00 [DBG] Heartbeat RISKWARDEN
2026-07-29 07:53:30.836 -05:00 [DBG] Heartbeat SYNAPSE
2026-07-29 07:53:30.836 -05:00 [DBG] Heartbeat TRADEWEAVER
2026-07-29 07:53:30.836 -05:00 [DBG] Heartbeat CASEBLADE
2026-07-29 07:53:30.836 -05:00 [DBG] Heartbeat PROX
2026-07-29 07:53:30.836 -05:00 [DBG] Heartbeat SENTINEL
2026-07-29 07:53:30.836 -05:00 [DBG] Heartbeat MARKETSCRYER
2026-07-29 07:53:30.836 -05:00 [DBG] Heartbeat SIGNALFORGE
2026-07-29 07:53:30.836 -05:00 [DBG] Heartbeat ORACLEVAULT
2026-07-29 07:53:30.836 -05:00 [DBG] Heartbeat RISKWARDEN
2026-07-29 07:54:30.835 -05:00 [DBG] Heartbeat SYNAPSE
2026-07-29 07:54:30.835 -05:00 [DBG] Heartbeat TRADEWEAVER
2026-07-29 07:54:30.835 -05:00 [DBG] Heartbeat CASEBLADE
2026-07-29 07:54:30.835 -05:00 [DBG] Heartbeat PROX
2026-07-29 07:54:30.835 -05:00 [DBG] Heartbeat SENTINEL
2026-07-29 07:54:30.835 -05:00 [DBG] Heartbeat MARKETSCRYER
2026-07-29 07:54:30.835 -05:00 [DBG] Heartbeat SIGNALFORGE
2026-07-29 07:54:30.835 -05:00 [DBG] Heartbeat ORACLEVAULT
2026-07-29 07:54:30.835 -05:00 [DBG] Heartbeat RISKWARDEN
2026-07-29 07:55:30.835 -05:00 [DBG] Heartbeat SYNAPSE
2026-07-29 07:55:30.835 -05:00 [DBG] Heartbeat TRADEWEAVER
2026-07-29 07:55:30.835 -05:00 [DBG] Heartbeat CASEBLADE
2026-07-29 07:55:30.835 -05:00 [DBG] Heartbeat PROX
2026-07-29 07:55:30.835 -05:00 [DBG] Heartbeat SENTINEL
2026-07-29 07:55:30.835 -05:00 [DBG] Heartbeat MARKETSCRYER
2026-07-29 07:55:30.835 -05:00 [DBG] Heartbeat SIGNALFORGE
2026-07-29 07:55:30.835 -05:00 [DBG] Heartbeat ORACLEVAULT
2026-07-29 07:55:30.835 -05:00 [DBG] Heartbeat RISKWARDEN
2026-07-29 07:56:30.835 -05:00 [DBG] Heartbeat SYNAPSE
2026-07-29 07:56:30.835 -05:00 [DBG] Heartbeat TRADEWEAVER
2026-07-29 07:56:30.835 -05:00 [DBG] Heartbeat CASEBLADE
2026-07-29 07:56:30.835 -05:00 [DBG] Heartbeat PROX
2026-07-29 07:56:30.835 -05:00 [DBG] Heartbeat SENTINEL
2026-07-29 07:56:30.835 -05:00 [DBG] Heartbeat MARKETSCRYER
2026-07-29 07:56:30.835 -05:00 [DBG] Heartbeat SIGNALFORGE
2026-07-29 07:56:30.835 -05:00 [DBG] Heartbeat ORACLEVAULT
2026-07-29 07:56:30.835 -05:00 [DBG] Heartbeat RISKWARDEN
2026-07-29 07:57:04.524 -05:00 [INF] PC health: C: 77.9% used, 10 recent errors
2026-07-29 07:57:30.834 -05:00 [DBG] Heartbeat SYNAPSE
2026-07-29 07:57:30.835 -05:00 [DBG] Heartbeat TRADEWEAVER
2026-07-29 07:57:30.835 -05:00 [DBG] Heartbeat CASEBLADE
2026-07-29 07:57:30.835 -05:00 [DBG] Heartbeat PROX
2026-07-29 07:57:30.835 -05:00 [DBG] Heartbeat SENTINEL
2026-07-29 07:57:30.835 -05:00 [DBG] Heartbeat MARKETSCRYER
2026-07-29 07:57:30.835 -05:00 [DBG] Heartbeat SIGNALFORGE
2026-07-29 07:57:30.835 -05:00 [DBG] Heartbeat ORACLEVAULT
2026-07-29 07:57:30.835 -05:00 [DBG] Heartbeat RISKWARDEN
2026-07-29 07:58:30.834 -05:00 [DBG] Heartbeat SYNAPSE
2026-07-29 07:58:30.834 -05:00 [DBG] Heartbeat TRADEWEAVER
2026-07-29 07:58:30.834 -05:00 [DBG] Heartbeat CASEBLADE
2026-07-29 07:58:30.834 -05:00 [DBG] Heartbeat PROX
2026-07-29 07:58:30.834 -05:00 [DBG] Heartbeat SENTINEL
2026-07-29 07:58:30.834 -05:00 [DBG] Heartbeat MARKETSCRYER
2026-07-29 07:58:30.834 -05:00 [DBG] Heartbeat SIGNALFORGE
2026-07-29 07:58:30.834 -05:00 [DBG] Heartbeat ORACLEVAULT
2026-07-29 07:58:30.834 -05:00 [DBG] Heartbeat RISKWARDEN
2026-07-29 07:59:30.835 -05:00 [DBG] Heartbeat SYNAPSE
2026-07-29 07:59:30.835 -05:00 [DBG] Heartbeat TRADEWEAVER
2026-07-29 07:59:30.835 -05:00 [DBG] Heartbeat CASEBLADE
2026-07-29 07:59:30.835 -05:00 [DBG] Heartbeat PROX
2026-07-29 07:59:30.835 -05:00 [DBG] Heartbeat SENTINEL
2026-07-29 07:59:30.835 -05:00 [DBG] Heartbeat MARKETSCRYER
2026-07-29 07:59:30.835 -05:00 [DBG] Heartbeat SIGNALFORGE
2026-07-29 07:59:30.835 -05:00 [DBG] Heartbeat ORACLEVAULT
2026-07-29 07:59:30.835 -05:00 [DBG] Heartbeat RISKWARDEN
2026-07-29 08:00:30.834 -05:00 [DBG] Heartbeat SYNAPSE
2026-07-29 08:00:30.834 -05:00 [DBG] Heartbeat TRADEWEAVER
2026-07-29 08:00:30.834 -05:00 [DBG] Heartbeat CASEBLADE
2026-07-29 08:00:30.834 -05:00 [DBG] Heartbeat PROX
2026-07-29 08:00:30.834 -05:00 [DBG] Heartbeat SENTINEL
2026-07-29 08:00:30.834 -05:00 [DBG] Heartbeat MARKETSCRYER
2026-07-29 08:00:30.834 -05:00 [DBG] Heartbeat SIGNALFORGE
2026-07-29 08:00:30.834 -05:00 [DBG] Heartbeat ORACLEVAULT
2026-07-29 08:00:30.834 -05:00 [DBG] Heartbeat RISKWARDEN
2026-07-29 08:01:30.833 -05:00 [DBG] Heartbeat SYNAPSE
2026-07-29 08:01:30.833 -05:00 [DBG] Heartbeat TRADEWEAVER
2026-07-29 08:01:30.833 -05:00 [DBG] Heartbeat CASEBLADE
2026-07-29 08:01:30.833 -05:00 [DBG] Heartbeat PROX
2026-07-29 08:01:30.833 -05:00 [DBG] Heartbeat SENTINEL
2026-07-29 08:01:30.833 -05:00 [DBG] Heartbeat MARKETSCRYER
2026-07-29 08:01:30.833 -05:00 [DBG] Heartbeat SIGNALFORGE
2026-07-29 08:01:30.833 -05:00 [DBG] Heartbeat ORACLEVAULT
2026-07-29 08:01:30.833 -05:00 [DBG] Heartbeat RISKWARDEN
2026-07-29 08:02:13.907 -05:00 [INF] PC health: C: 77.9% used, 10 recent errors
2026-07-29 08:02:30.832 -05:00 [DBG] Heartbeat SYNAPSE
2026-07-29 08:02:30.832 -05:00 [DBG] Heartbeat TRADEWEAVER
2026-07-29 08:02:30.832 -05:00 [DBG] Heartbeat CASEBLADE
2026-07-29 08:02:30.832 -05:00 [DBG] Heartbeat PROX
2026-07-29 08:02:30.832 -05:00 [DBG] Heartbeat SENTINEL
2026-07-29 08:02:30.832 -05:00 [DBG] Heartbeat MARKETSCRYER
2026-07-29 08:02:30.832 -05:00 [DBG] Heartbeat SIGNALFORGE
2026-07-29 08:02:30.832 -05:00 [DBG] Heartbeat ORACLEVAULT
2026-07-29 08:02:30.832 -05:00 [DBG] Heartbeat RISKWARDEN
2026-07-29 08:03:30.831 -05:00 [DBG] Heartbeat SYNAPSE
2026-07-29 08:03:30.831 -05:00 [DBG] Heartbeat TRADEWEAVER
2026-07-29 08:03:30.831 -05:00 [DBG] Heartbeat CASEBLADE
2026-07-29 08:03:30.831 -05:00 [DBG] Heartbeat PROX
2026-07-29 08:03:30.831 -05:00 [DBG] Heartbeat SENTINEL
2026-07-29 08:03:30.831 -05:00 [DBG] Heartbeat MARKETSCRYER
2026-07-29 08:03:30.831 -05:00 [DBG] Heartbeat SIGNALFORGE
2026-07-29 08:03:30.831 -05:00 [DBG] Heartbeat ORACLEVAULT
2026-07-29 08:03:30.831 -05:00 [DBG] Heartbeat RISKWARDEN
2026-07-29 08:04:30.831 -05:00 [DBG] Heartbeat SYNAPSE
2026-07-29 08:04:30.831 -05:00 [DBG] Heartbeat TRADEWEAVER
2026-07-29 08:04:30.831 -05:00 [DBG] Heartbeat CASEBLADE
2026-07-29 08:04:30.831 -05:00 [DBG] Heartbeat PROX
2026-07-29 08:04:30.831 -05:00 [DBG] Heartbeat SENTINEL
2026-07-29 08:04:30.831 -05:00 [DBG] Heartbeat MARKETSCRYER
2026-07-29 08:04:30.831 -05:00 [DBG] Heartbeat SIGNALFORGE
2026-07-29 08:04:30.831 -05:00 [DBG] Heartbeat ORACLEVAULT
2026-07-29 08:04:30.831 -05:00 [DBG] Heartbeat RISKWARDEN
2026-07-29 08:05:30.830 -05:00 [DBG] Heartbeat SYNAPSE
2026-07-29 08:05:30.830 -05:00 [DBG] Heartbeat TRADEWEAVER
2026-07-29 08:05:30.830 -05:00 [DBG] Heartbeat CASEBLADE
2026-07-29 08:05:30.830 -05:00 [DBG] Heartbeat PROX
2026-07-29 08:05:30.830 -05:00 [DBG] Heartbeat SENTINEL
2026-07-29 08:05:30.830 -05:00 [DBG] Heartbeat MARKETSCRYER
2026-07-29 08:05:30.830 -05:00 [DBG] Heartbeat SIGNALFORGE
2026-07-29 08:05:30.830 -05:00 [DBG] Heartbeat ORACLEVAULT
2026-07-29 08:05:30.830 -05:00 [DBG] Heartbeat RISKWARDEN
2026-07-29 08:06:30.830 -05:00 [DBG] Heartbeat SYNAPSE
2026-07-29 08:06:30.830 -05:00 [DBG] Heartbeat TRADEWEAVER
2026-07-29 08:06:30.830 -05:00 [DBG] Heartbeat CASEBLADE
2026-07-29 08:06:30.830 -05:00 [DBG] Heartbeat PROX
2026-07-29 08:06:30.830 -05:00 [DBG] Heartbeat SENTINEL
2026-07-29 08:06:30.830 -05:00 [DBG] Heartbeat MARKETSCRYER
2026-07-29 08:06:30.830 -05:00 [DBG] Heartbeat SIGNALFORGE
2026-07-29 08:06:30.830 -05:00 [DBG] Heartbeat ORACLEVAULT
2026-07-29 08:06:30.830 -05:00 [DBG] Heartbeat RISKWARDEN
2026-07-29 08:07:24.434 -05:00 [INF] PC health: C: 77.9% used, 10 recent errors
2026-07-29 08:07:30.829 -05:00 [DBG] Heartbeat SYNAPSE
2026-07-29 08:07:30.829 -05:00 [DBG] Heartbeat TRADEWEAVER
2026-07-29 08:07:30.829 -05:00 [DBG] Heartbeat CASEBLADE
2026-07-29 08:07:30.829 -05:00 [DBG] Heartbeat PROX
2026-07-29 08:07:30.829 -05:00 [DBG] Heartbeat SENTINEL
2026-07-29 08:07:30.829 -05:00 [DBG] Heartbeat MARKETSCRYER
2026-07-29 08:07:30.829 -05:00 [DBG] Heartbeat SIGNALFORGE
2026-07-29 08:07:30.829 -05:00 [DBG] Heartbeat ORACLEVAULT
2026-07-29 08:07:30.829 -05:00 [DBG] Heartbeat RISKWARDEN
2026-07-29 08:08:30.828 -05:00 [DBG] Heartbeat SYNAPSE
2026-07-29 08:08:30.828 -05:00 [DBG] Heartbeat TRADEWEAVER
2026-07-29 08:08:30.828 -05:00 [DBG] Heartbeat CASEBLADE
2026-07-29 08:08:30.828 -05:00 [DBG] Heartbeat PROX
2026-07-29 08:08:30.828 -05:00 [DBG] Heartbeat SENTINEL
2026-07-29 08:08:30.828 -05:00 [DBG] Heartbeat MARKETSCRYER
2026-07-29 08:08:30.828 -05:00 [DBG] Heartbeat SIGNALFORGE
2026-07-29 08:08:30.828 -05:00 [DBG] Heartbeat ORACLEVAULT
2026-07-29 08:08:30.828 -05:00 [DBG] Heartbeat RISKWARDEN
2026-07-29 08:09:30.829 -05:00 [DBG] Heartbeat SYNAPSE
2026-07-29 08:09:30.829 -05:00 [DBG] Heartbeat TRADEWEAVER
2026-07-29 08:09:30.829 -05:00 [DBG] Heartbeat CASEBLADE
2026-07-29 08:09:30.829 -05:00 [DBG] Heartbeat PROX
2026-07-29 08:09:30.829 -05:00 [DBG] Heartbeat SENTINEL
2026-07-29 08:09:30.829 -05:00 [DBG] Heartbeat MARKETSCRYER
2026-07-29 08:09:30.829 -05:00 [DBG] Heartbeat SIGNALFORGE
2026-07-29 08:09:30.829 -05:00 [DBG] Heartbeat ORACLEVAULT
2026-07-29 08:09:30.829 -05:00 [DBG] Heartbeat RISKWARDEN
2026-07-29 08:10:30.829 -05:00 [DBG] Heartbeat SYNAPSE
2026-07-29 08:10:30.829 -05:00 [DBG] Heartbeat TRADEWEAVER
2026-07-29 08:10:30.829 -05:00 [DBG] Heartbeat CASEBLADE
2026-07-29 08:10:30.829 -05:00 [DBG] Heartbeat PROX
2026-07-29 08:10:30.829 -05:00 [DBG] Heartbeat SENTINEL
2026-07-29 08:10:30.829 -05:00 [DBG] Heartbeat MARKETSCRYER
2026-07-29 08:10:30.829 -05:00 [DBG] Heartbeat SIGNALFORGE
2026-07-29 08:10:30.829 -05:00 [DBG] Heartbeat ORACLEVAULT
2026-07-29 08:10:30.829 -05:00 [DBG] Heartbeat RISKWARDEN
2026-07-29 08:11:30.828 -05:00 [DBG] Heartbeat SYNAPSE
2026-07-29 08:11:30.828 -05:00 [DBG] Heartbeat TRADEWEAVER
2026-07-29 08:11:30.828 -05:00 [DBG] Heartbeat CASEBLADE
2026-07-29 08:11:30.828 -05:00 [DBG] Heartbeat PROX
2026-07-29 08:11:30.828 -05:00 [DBG] Heartbeat SENTINEL
2026-07-29 08:11:30.828 -05:00 [DBG] Heartbeat MARKETSCRYER
2026-07-29 08:11:30.828 -05:00 [DBG] Heartbeat SIGNALFORGE
2026-07-29 08:11:30.828 -05:00 [DBG] Heartbeat ORACLEVAULT
2026-07-29 08:11:30.828 -05:00 [DBG] Heartbeat RISKWARDEN
2026-07-29 08:12:30.828 -05:00 [DBG] Heartbeat SYNAPSE
2026-07-29 08:12:30.828 -05:00 [DBG] Heartbeat TRADEWEAVER
2026-07-29 08:12:30.828 -05:00 [DBG] Heartbeat CASEBLADE
2026-07-29 08:12:30.828 -05:00 [DBG] Heartbeat PROX
2026-07-29 08:12:30.828 -05:00 [DBG] Heartbeat SENTINEL
2026-07-29 08:12:30.828 -05:00 [DBG] Heartbeat MARKETSCRYER
2026-07-29 08:12:30.828 -05:00 [DBG] Heartbeat SIGNALFORGE
2026-07-29 08:12:30.828 -05:00 [DBG] Heartbeat ORACLEVAULT
2026-07-29 08:12:30.828 -05:00 [DBG] Heartbeat RISKWARDEN
2026-07-29 08:12:34.994 -05:00 [INF] PC health: C: 77.9% used, 10 recent errors
2026-07-29 08:13:30.829 -05:00 [DBG] Heartbeat SYNAPSE
2026-07-29 08:13:30.829 -05:00 [DBG] Heartbeat TRADEWEAVER
2026-07-29 08:13:30.829 -05:00 [DBG] Heartbeat CASEBLADE
2026-07-29 08:13:30.829 -05:00 [DBG] Heartbeat PROX
2026-07-29 08:13:30.829 -05:00 [DBG] Heartbeat SENTINEL
2026-07-29 08:13:30.829 -05:00 [DBG] Heartbeat MARKETSCRYER
2026-07-29 08:13:30.829 -05:00 [DBG] Heartbeat SIGNALFORGE
2026-07-29 08:13:30.829 -05:00 [DBG] Heartbeat ORACLEVAULT
2026-07-29 08:13:30.829 -05:00 [DBG] Heartbeat RISKWARDEN
2026-07-29 08:14:30.829 -05:00 [DBG] Heartbeat SYNAPSE
2026-07-29 08:14:30.829 -05:00 [DBG] Heartbeat TRADEWEAVER
2026-07-29 08:14:30.829 -05:00 [DBG] Heartbeat CASEBLADE
2026-07-29 08:14:30.829 -05:00 [DBG] Heartbeat PROX
2026-07-29 08:14:30.829 -05:00 [DBG] Heartbeat SENTINEL
2026-07-29 08:14:30.829 -05:00 [DBG] Heartbeat MARKETSCRYER
2026-07-29 08:14:30.829 -05:00 [DBG] Heartbeat SIGNALFORGE
2026-07-29 08:14:30.829 -05:00 [DBG] Heartbeat ORACLEVAULT
2026-07-29 08:14:30.829 -05:00 [DBG] Heartbeat RISKWARDEN
2026-07-29 08:15:30.828 -05:00 [DBG] Heartbeat SYNAPSE
2026-07-29 08:15:30.828 -05:00 [DBG] Heartbeat TRADEWEAVER
2026-07-29 08:15:30.828 -05:00 [DBG] Heartbeat CASEBLADE
2026-07-29 08:15:30.828 -05:00 [DBG] Heartbeat PROX
2026-07-29 08:15:30.828 -05:00 [DBG] Heartbeat SENTINEL
2026-07-29 08:15:30.828 -05:00 [DBG] Heartbeat MARKETSCRYER
2026-07-29 08:15:30.828 -05:00 [DBG] Heartbeat SIGNALFORGE
2026-07-29 08:15:30.828 -05:00 [DBG] Heartbeat ORACLEVAULT
2026-07-29 08:15:30.828 -05:00 [DBG] Heartbeat RISKWARDEN
2026-07-29 08:16:30.828 -05:00 [DBG] Heartbeat SYNAPSE
2026-07-29 08:16:30.828 -05:00 [DBG] Heartbeat TRADEWEAVER
2026-07-29 08:16:30.828 -05:00 [DBG] Heartbeat CASEBLADE
2026-07-29 08:16:30.828 -05:00 [DBG] Heartbeat PROX
2026-07-29 08:16:30.828 -05:00 [DBG] Heartbeat SENTINEL
2026-07-29 08:16:30.828 -05:00 [DBG] Heartbeat MARKETSCRYER
2026-07-29 08:16:30.828 -05:00 [DBG] Heartbeat SIGNALFORGE
2026-07-29 08:16:30.828 -05:00 [DBG] Heartbeat ORACLEVAULT
2026-07-29 08:16:30.828 -05:00 [DBG] Heartbeat RISKWARDEN
2026-07-29 08:17:30.828 -05:00 [DBG] Heartbeat SYNAPSE
2026-07-29 08:17:30.828 -05:00 [DBG] Heartbeat TRADEWEAVER
2026-07-29 08:17:30.828 -05:00 [DBG] Heartbeat CASEBLADE
2026-07-29 08:17:30.828 -05:00 [DBG] Heartbeat PROX
2026-07-29 08:17:30.828 -05:00 [DBG] Heartbeat SENTINEL
2026-07-29 08:17:30.828 -05:00 [DBG] Heartbeat MARKETSCRYER
2026-07-29 08:17:30.828 -05:00 [DBG] Heartbeat SIGNALFORGE
2026-07-29 08:17:30.828 -05:00 [DBG] Heartbeat ORACLEVAULT
2026-07-29 08:17:30.828 -05:00 [DBG] Heartbeat RISKWARDEN
2026-07-29 08:17:45.649 -05:00 [INF] PC health: C: 77.9% used, 10 recent errors
2026-07-29 08:18:30.828 -05:00 [DBG] Heartbeat SYNAPSE
2026-07-29 08:18:30.829 -05:00 [DBG] Heartbeat TRADEWEAVER
2026-07-29 08:18:30.829 -05:00 [DBG] Heartbeat CASEBLADE
2026-07-29 08:18:30.829 -05:00 [DBG] Heartbeat PROX
2026-07-29 08:18:30.829 -05:00 [DBG] Heartbeat SENTINEL
2026-07-29 08:18:30.829 -05:00 [DBG] Heartbeat MARKETSCRYER
2026-07-29 08:18:30.829 -05:00 [DBG] Heartbeat SIGNALFORGE
2026-07-29 08:18:30.829 -05:00 [DBG] Heartbeat ORACLEVAULT
2026-07-29 08:18:30.829 -05:00 [DBG] Heartbeat RISKWARDEN
2026-07-29 08:19:30.828 -05:00 [DBG] Heartbeat SYNAPSE
2026-07-29 08:19:30.828 -05:00 [DBG] Heartbeat TRADEWEAVER
2026-07-29 08:19:30.828 -05:00 [DBG] Heartbeat CASEBLADE
2026-07-29 08:19:30.828 -05:00 [DBG] Heartbeat PROX
2026-07-29 08:19:30.828 -05:00 [DBG] Heartbeat SENTINEL
2026-07-29 08:19:30.828 -05:00 [DBG] Heartbeat MARKETSCRYER
2026-07-29 08:19:30.828 -05:00 [DBG] Heartbeat SIGNALFORGE
2026-07-29 08:19:30.828 -05:00 [DBG] Heartbeat ORACLEVAULT
2026-07-29 08:19:30.828 -05:00 [DBG] Heartbeat RISKWARDEN
2026-07-29 08:20:30.827 -05:00 [DBG] Heartbeat SYNAPSE
2026-07-29 08:20:30.827 -05:00 [DBG] Heartbeat TRADEWEAVER
2026-07-29 08:20:30.828 -05:00 [DBG] Heartbeat CASEBLADE
2026-07-29 08:20:30.828 -05:00 [DBG] Heartbeat PROX
2026-07-29 08:20:30.828 -05:00 [DBG] Heartbeat SENTINEL
2026-07-29 08:20:30.828 -05:00 [DBG] Heartbeat MARKETSCRYER
2026-07-29 08:20:30.828 -05:00 [DBG] Heartbeat SIGNALFORGE
2026-07-29 08:20:30.828 -05:00 [DBG] Heartbeat ORACLEVAULT
2026-07-29 08:20:30.828 -05:00 [DBG] Heartbeat RISKWARDEN
2026-07-29 08:21:30.828 -05:00 [DBG] Heartbeat SYNAPSE
2026-07-29 08:21:30.828 -05:00 [DBG] Heartbeat TRADEWEAVER
2026-07-29 08:21:30.828 -05:00 [DBG] Heartbeat CASEBLADE
2026-07-29 08:21:30.828 -05:00 [DBG] Heartbeat PROX
2026-07-29 08:21:30.828 -05:00 [DBG] Heartbeat SENTINEL
2026-07-29 08:21:30.828 -05:00 [DBG] Heartbeat MARKETSCRYER
2026-07-29 08:21:30.828 -05:00 [DBG] Heartbeat SIGNALFORGE
2026-07-29 08:21:30.828 -05:00 [DBG] Heartbeat ORACLEVAULT
2026-07-29 08:21:30.828 -05:00 [DBG] Heartbeat RISKWARDEN
2026-07-29 08:22:30.828 -05:00 [DBG] Heartbeat SYNAPSE
2026-07-29 08:22:30.828 -05:00 [DBG] Heartbeat TRADEWEAVER
2026-07-29 08:22:30.828 -05:00 [DBG] Heartbeat CASEBLADE
2026-07-29 08:22:30.828 -05:00 [DBG] Heartbeat PROX
2026-07-29 08:22:30.828 -05:00 [DBG] Heartbeat SENTINEL
2026-07-29 08:22:30.828 -05:00 [DBG] Heartbeat MARKETSCRYER
2026-07-29 08:22:30.828 -05:00 [DBG] Heartbeat SIGNALFORGE
2026-07-29 08:22:30.828 -05:00 [DBG] Heartbeat ORACLEVAULT
2026-07-29 08:22:30.828 -05:00 [DBG] Heartbeat RISKWARDEN
2026-07-29 08:22:56.128 -05:00 [INF] PC health: C: 77.9% used, 10 recent errors
2026-07-29 08:23:30.827 -05:00 [DBG] Heartbeat SYNAPSE
2026-07-29 08:23:30.827 -05:00 [DBG] Heartbeat TRADEWEAVER
2026-07-29 08:23:30.827 -05:00 [DBG] Heartbeat CASEBLADE
2026-07-29 08:23:30.827 -05:00 [DBG] Heartbeat PROX
2026-07-29 08:23:30.827 -05:00 [DBG] Heartbeat SENTINEL
2026-07-29 08:23:30.827 -05:00 [DBG] Heartbeat MARKETSCRYER
2026-07-29 08:23:30.827 -05:00 [DBG] Heartbeat SIGNALFORGE
2026-07-29 08:23:30.827 -05:00 [DBG] Heartbeat ORACLEVAULT
2026-07-29 08:23:30.827 -05:00 [DBG] Heartbeat RISKWARDEN
2026-07-29 08:24:30.827 -05:00 [DBG] Heartbeat SYNAPSE
2026-07-29 08:24:30.827 -05:00 [DBG] Heartbeat TRADEWEAVER
2026-07-29 08:24:30.827 -05:00 [DBG] Heartbeat CASEBLADE
2026-07-29 08:24:30.827 -05:00 [DBG] Heartbeat PROX
2026-07-29 08:24:30.827 -05:00 [DBG] Heartbeat SENTINEL
2026-07-29 08:24:30.827 -05:00 [DBG] Heartbeat MARKETSCRYER
2026-07-29 08:24:30.827 -05:00 [DBG] Heartbeat SIGNALFORGE
2026-07-29 08:24:30.827 -05:00 [DBG] Heartbeat ORACLEVAULT
2026-07-29 08:24:30.827 -05:00 [DBG] Heartbeat RISKWARDEN
2026-07-29 08:25:30.827 -05:00 [DBG] Heartbeat SYNAPSE
2026-07-29 08:25:30.827 -05:00 [DBG] Heartbeat TRADEWEAVER
2026-07-29 08:25:30.827 -05:00 [DBG] Heartbeat CASEBLADE
2026-07-29 08:25:30.827 -05:00 [DBG] Heartbeat PROX
2026-07-29 08:25:30.827 -05:00 [DBG] Heartbeat SENTINEL
2026-07-29 08:25:30.827 -05:00 [DBG] Heartbeat MARKETSCRYER
2026-07-29 08:25:30.827 -05:00 [DBG] Heartbeat SIGNALFORGE
2026-07-29 08:25:30.827 -05:00 [DBG] Heartbeat ORACLEVAULT
2026-07-29 08:25:30.827 -05:00 [DBG] Heartbeat RISKWARDEN
2026-07-29 08:26:30.826 -05:00 [DBG] Heartbeat SYNAPSE
2026-07-29 08:26:30.826 -05:00 [DBG] Heartbeat TRADEWEAVER
2026-07-29 08:26:30.826 -05:00 [DBG] Heartbeat CASEBLADE
2026-07-29 08:26:30.826 -05:00 [DBG] Heartbeat PROX
2026-07-29 08:26:30.826 -05:00 [DBG] Heartbeat SENTINEL
2026-07-29 08:26:30.826 -05:00 [DBG] Heartbeat MARKETSCRYER
2026-07-29 08:26:30.826 -05:00 [DBG] Heartbeat SIGNALFORGE
2026-07-29 08:26:30.826 -05:00 [DBG] Heartbeat ORACLEVAULT
2026-07-29 08:26:30.826 -05:00 [DBG] Heartbeat RISKWARDEN
2026-07-29 08:27:30.826 -05:00 [DBG] Heartbeat SYNAPSE
2026-07-29 08:27:30.826 -05:00 [DBG] Heartbeat TRADEWEAVER
2026-07-29 08:27:30.826 -05:00 [DBG] Heartbeat CASEBLADE
2026-07-29 08:27:30.826 -05:00 [DBG] Heartbeat PROX
2026-07-29 08:27:30.826 -05:00 [DBG] Heartbeat SENTINEL
2026-07-29 08:27:30.826 -05:00 [DBG] Heartbeat MARKETSCRYER
2026-07-29 08:27:30.826 -05:00 [DBG] Heartbeat SIGNALFORGE
2026-07-29 08:27:30.826 -05:00 [DBG] Heartbeat ORACLEVAULT
2026-07-29 08:27:30.826 -05:00 [DBG] Heartbeat RISKWARDEN
2026-07-29 08:28:06.641 -05:00 [INF] PC health: C: 77.9% used, 10 recent errors
2026-07-29 08:28:30.826 -05:00 [DBG] Heartbeat SYNAPSE
2026-07-29 08:28:30.826 -05:00 [DBG] Heartbeat TRADEWEAVER
2026-07-29 08:28:30.826 -05:00 [DBG] Heartbeat CASEBLADE
2026-07-29 08:28:30.826 -05:00 [DBG] Heartbeat PROX
2026-07-29 08:28:30.826 -05:00 [DBG] Heartbeat SENTINEL
2026-07-29 08:28:30.826 -05:00 [DBG] Heartbeat MARKETSCRYER
2026-07-29 08:28:30.826 -05:00 [DBG] Heartbeat SIGNALFORGE
2026-07-29 08:28:30.826 -05:00 [DBG] Heartbeat ORACLEVAULT
2026-07-29 08:28:30.826 -05:00 [DBG] Heartbeat RISKWARDEN
2026-07-29 08:29:30.827 -05:00 [DBG] Heartbeat SYNAPSE
2026-07-29 08:29:30.827 -05:00 [DBG] Heartbeat TRADEWEAVER
2026-07-29 08:29:30.827 -05:00 [DBG] Heartbeat CASEBLADE
2026-07-29 08:29:30.827 -05:00 [DBG] Heartbeat PROX
2026-07-29 08:29:30.827 -05:00 [DBG] Heartbeat SENTINEL
2026-07-29 08:29:30.827 -05:00 [DBG] Heartbeat MARKETSCRYER
2026-07-29 08:29:30.827 -05:00 [DBG] Heartbeat SIGNALFORGE
2026-07-29 08:29:30.827 -05:00 [DBG] Heartbeat ORACLEVAULT
2026-07-29 08:29:30.827 -05:00 [DBG] Heartbeat RISKWARDEN
2026-07-29 08:30:30.827 -05:00 [DBG] Heartbeat SYNAPSE
2026-07-29 08:30:30.827 -05:00 [DBG] Heartbeat TRADEWEAVER
2026-07-29 08:30:30.827 -05:00 [DBG] Heartbeat CASEBLADE
2026-07-29 08:30:30.827 -05:00 [DBG] Heartbeat PROX
2026-07-29 08:30:30.827 -05:00 [DBG] Heartbeat SENTINEL
2026-07-29 08:30:30.827 -05:00 [DBG] Heartbeat MARKETSCRYER
2026-07-29 08:30:30.827 -05:00 [DBG] Heartbeat SIGNALFORGE
2026-07-29 08:30:30.827 -05:00 [DBG] Heartbeat ORACLEVAULT
2026-07-29 08:30:30.827 -05:00 [DBG] Heartbeat RISKWARDEN
2026-07-29 08:31:30.827 -05:00 [DBG] Heartbeat SYNAPSE
2026-07-29 08:31:30.827 -05:00 [DBG] Heartbeat TRADEWEAVER
2026-07-29 08:31:30.827 -05:00 [DBG] Heartbeat CASEBLADE
2026-07-29 08:31:30.827 -05:00 [DBG] Heartbeat PROX
2026-07-29 08:31:30.827 -05:00 [DBG] Heartbeat SENTINEL
2026-07-29 08:31:30.827 -05:00 [DBG] Heartbeat MARKETSCRYER
2026-07-29 08:31:30.827 -05:00 [DBG] Heartbeat SIGNALFORGE
2026-07-29 08:31:30.827 -05:00 [DBG] Heartbeat ORACLEVAULT
2026-07-29 08:31:30.827 -05:00 [DBG] Heartbeat RISKWARDEN
2026-07-29 08:32:30.826 -05:00 [DBG] Heartbeat SYNAPSE
2026-07-29 08:32:30.826 -05:00 [DBG] Heartbeat TRADEWEAVER
2026-07-29 08:32:30.826 -05:00 [DBG] Heartbeat CASEBLADE
2026-07-29 08:32:30.826 -05:00 [DBG] Heartbeat PROX
2026-07-29 08:32:30.826 -05:00 [DBG] Heartbeat SENTINEL
2026-07-29 08:32:30.826 -05:00 [DBG] Heartbeat MARKETSCRYER
2026-07-29 08:32:30.826 -05:00 [DBG] Heartbeat SIGNALFORGE
2026-07-29 08:32:30.826 -05:00 [DBG] Heartbeat ORACLEVAULT
2026-07-29 08:32:30.826 -05:00 [DBG] Heartbeat RISKWARDEN
2026-07-29 08:33:17.202 -05:00 [INF] PC health: C: 77.9% used, 10 recent errors
2026-07-29 08:33:30.828 -05:00 [DBG] Heartbeat SYNAPSE
2026-07-29 08:33:30.828 -05:00 [DBG] Heartbeat TRADEWEAVER
2026-07-29 08:33:30.828 -05:00 [DBG] Heartbeat CASEBLADE
2026-07-29 08:33:30.828 -05:00 [DBG] Heartbeat PROX
2026-07-29 08:33:30.828 -05:00 [DBG] Heartbeat SENTINEL
2026-07-29 08:33:30.828 -05:00 [DBG] Heartbeat MARKETSCRYER
2026-07-29 08:33:30.828 -05:00 [DBG] Heartbeat SIGNALFORGE
2026-07-29 08:33:30.828 -05:00 [DBG] Heartbeat ORACLEVAULT
2026-07-29 08:33:30.828 -05:00 [DBG] Heartbeat RISKWARDEN
2026-07-29 08:34:30.829 -05:00 [DBG] Heartbeat SYNAPSE
2026-07-29 08:34:30.829 -05:00 [DBG] Heartbeat TRADEWEAVER
2026-07-29 08:34:30.829 -05:00 [DBG] Heartbeat CASEBLADE
2026-07-29 08:34:30.829 -05:00 [DBG] Heartbeat PROX
2026-07-29 08:34:30.829 -05:00 [DBG] Heartbeat SENTINEL
2026-07-29 08:34:30.829 -05:00 [DBG] Heartbeat MARKETSCRYER
2026-07-29 08:34:30.829 -05:00 [DBG] Heartbeat SIGNALFORGE
2026-07-29 08:34:30.829 -05:00 [DBG] Heartbeat ORACLEVAULT
2026-07-29 08:34:30.829 -05:00 [DBG] Heartbeat RISKWARDEN
2026-07-29 08:35:30.828 -05:00 [DBG] Heartbeat SYNAPSE
2026-07-29 08:35:30.828 -05:00 [DBG] Heartbeat TRADEWEAVER
2026-07-29 08:35:30.828 -05:00 [DBG] Heartbeat CASEBLADE
2026-07-29 08:35:30.828 -05:00 [DBG] Heartbeat PROX
2026-07-29 08:35:30.828 -05:00 [DBG] Heartbeat SENTINEL
2026-07-29 08:35:30.828 -05:00 [DBG] Heartbeat MARKETSCRYER
2026-07-29 08:35:30.828 -05:00 [DBG] Heartbeat SIGNALFORGE
2026-07-29 08:35:30.828 -05:00 [DBG] Heartbeat ORACLEVAULT
2026-07-29 08:35:30.828 -05:00 [DBG] Heartbeat RISKWARDEN
2026-07-29 08:36:30.829 -05:00 [DBG] Heartbeat SYNAPSE
2026-07-29 08:36:30.829 -05:00 [DBG] Heartbeat TRADEWEAVER
2026-07-29 08:36:30.829 -05:00 [DBG] Heartbeat CASEBLADE
2026-07-29 08:36:30.829 -05:00 [DBG] Heartbeat PROX
2026-07-29 08:36:30.829 -05:00 [DBG] Heartbeat SENTINEL
2026-07-29 08:36:30.829 -05:00 [DBG] Heartbeat MARKETSCRYER
2026-07-29 08:36:30.829 -05:00 [DBG] Heartbeat SIGNALFORGE
2026-07-29 08:36:30.829 -05:00 [DBG] Heartbeat ORACLEVAULT
2026-07-29 08:36:30.829 -05:00 [DBG] Heartbeat RISKWARDEN
2026-07-29 08:37:30.829 -05:00 [DBG] Heartbeat SYNAPSE
2026-07-29 08:37:30.829 -05:00 [DBG] Heartbeat TRADEWEAVER
2026-07-29 08:37:30.829 -05:00 [DBG] Heartbeat CASEBLADE
2026-07-29 08:37:30.829 -05:00 [DBG] Heartbeat PROX
2026-07-29 08:37:30.829 -05:00 [DBG] Heartbeat SENTINEL
2026-07-29 08:37:30.829 -05:00 [DBG] Heartbeat MARKETSCRYER
2026-07-29 08:37:30.829 -05:00 [DBG] Heartbeat SIGNALFORGE
2026-07-29 08:37:30.829 -05:00 [DBG] Heartbeat ORACLEVAULT
2026-07-29 08:37:30.829 -05:00 [DBG] Heartbeat RISKWARDEN
2026-07-29 08:38:27.774 -05:00 [INF] PC health: C: 77.9% used, 10 recent errors
2026-07-29 08:38:30.829 -05:00 [DBG] Heartbeat SYNAPSE
2026-07-29 08:38:30.829 -05:00 [DBG] Heartbeat TRADEWEAVER
2026-07-29 08:38:30.829 -05:00 [DBG] Heartbeat CASEBLADE
2026-07-29 08:38:30.829 -05:00 [DBG] Heartbeat PROX
2026-07-29 08:38:30.829 -05:00 [DBG] Heartbeat SENTINEL
2026-07-29 08:38:30.829 -05:00 [DBG] Heartbeat MARKETSCRYER
2026-07-29 08:38:30.829 -05:00 [DBG] Heartbeat SIGNALFORGE
2026-07-29 08:38:30.829 -05:00 [DBG] Heartbeat ORACLEVAULT
2026-07-29 08:38:30.829 -05:00 [DBG] Heartbeat RISKWARDEN
2026-07-29 08:39:30.829 -05:00 [DBG] Heartbeat SYNAPSE
2026-07-29 08:39:30.829 -05:00 [DBG] Heartbeat TRADEWEAVER
2026-07-29 08:39:30.829 -05:00 [DBG] Heartbeat CASEBLADE
2026-07-29 08:39:30.829 -05:00 [DBG] Heartbeat PROX
2026-07-29 08:39:30.829 -05:00 [DBG] Heartbeat SENTINEL
2026-07-29 08:39:30.829 -05:00 [DBG] Heartbeat MARKETSCRYER
2026-07-29 08:39:30.829 -05:00 [DBG] Heartbeat SIGNALFORGE
2026-07-29 08:39:30.829 -05:00 [DBG] Heartbeat ORACLEVAULT
2026-07-29 08:39:30.829 -05:00 [DBG] Heartbeat RISKWARDEN
2026-07-29 08:40:30.829 -05:00 [DBG] Heartbeat SYNAPSE
2026-07-29 08:40:30.829 -05:00 [DBG] Heartbeat TRADEWEAVER
2026-07-29 08:40:30.829 -05:00 [DBG] Heartbeat CASEBLADE
2026-07-29 08:40:30.829 -05:00 [DBG] Heartbeat PROX
2026-07-29 08:40:30.829 -05:00 [DBG] Heartbeat SENTINEL
2026-07-29 08:40:30.829 -05:00 [DBG] Heartbeat MARKETSCRYER
2026-07-29 08:40:30.829 -05:00 [DBG] Heartbeat SIGNALFORGE
2026-07-29 08:40:30.829 -05:00 [DBG] Heartbeat ORACLEVAULT
2026-07-29 08:40:30.829 -05:00 [DBG] Heartbeat RISKWARDEN
2026-07-29 08:41:30.829 -05:00 [DBG] Heartbeat SYNAPSE
2026-07-29 08:41:30.829 -05:00 [DBG] Heartbeat TRADEWEAVER
2026-07-29 08:41:30.829 -05:00 [DBG] Heartbeat CASEBLADE
2026-07-29 08:41:30.829 -05:00 [DBG] Heartbeat PROX
2026-07-29 08:41:30.829 -05:00 [DBG] Heartbeat SENTINEL
2026-07-29 08:41:30.829 -05:00 [DBG] Heartbeat MARKETSCRYER
2026-07-29 08:41:30.829 -05:00 [DBG] Heartbeat SIGNALFORGE
2026-07-29 08:41:30.829 -05:00 [DBG] Heartbeat ORACLEVAULT
2026-07-29 08:41:30.829 -05:00 [DBG] Heartbeat RISKWARDEN
2026-07-29 08:42:30.829 -05:00 [DBG] Heartbeat SYNAPSE
2026-07-29 08:42:30.829 -05:00 [DBG] Heartbeat TRADEWEAVER
2026-07-29 08:42:30.829 -05:00 [DBG] Heartbeat CASEBLADE
2026-07-29 08:42:30.829 -05:00 [DBG] Heartbeat PROX
2026-07-29 08:42:30.829 -05:00 [DBG] Heartbeat SENTINEL
2026-07-29 08:42:30.829 -05:00 [DBG] Heartbeat MARKETSCRYER
2026-07-29 08:42:30.829 -05:00 [DBG] Heartbeat SIGNALFORGE
2026-07-29 08:42:30.829 -05:00 [DBG] Heartbeat ORACLEVAULT
2026-07-29 08:42:30.829 -05:00 [DBG] Heartbeat RISKWARDEN
2026-07-29 08:43:30.829 -05:00 [DBG] Heartbeat SYNAPSE
2026-07-29 08:43:30.829 -05:00 [DBG] Heartbeat TRADEWEAVER
2026-07-29 08:43:30.829 -05:00 [DBG] Heartbeat CASEBLADE
2026-07-29 08:43:30.829 -05:00 [DBG] Heartbeat PROX
2026-07-29 08:43:30.829 -05:00 [DBG] Heartbeat SENTINEL
2026-07-29 08:43:30.829 -05:00 [DBG] Heartbeat MARKETSCRYER
2026-07-29 08:43:30.829 -05:00 [DBG] Heartbeat SIGNALFORGE
2026-07-29 08:43:30.829 -05:00 [DBG] Heartbeat ORACLEVAULT
2026-07-29 08:43:30.829 -05:00 [DBG] Heartbeat RISKWARDEN
2026-07-29 08:43:38.431 -05:00 [INF] PC health: C: 77.9% used, 10 recent errors
2026-07-29 08:44:30.829 -05:00 [DBG] Heartbeat SYNAPSE
2026-07-29 08:44:30.829 -05:00 [DBG] Heartbeat TRADEWEAVER
2026-07-29 08:44:30.829 -05:00 [DBG] Heartbeat CASEBLADE
2026-07-29 08:44:30.829 -05:00 [DBG] Heartbeat PROX
2026-07-29 08:44:30.829 -05:00 [DBG] Heartbeat SENTINEL
2026-07-29 08:44:30.829 -05:00 [DBG] Heartbeat MARKETSCRYER
2026-07-29 08:44:30.829 -05:00 [DBG] Heartbeat SIGNALFORGE
2026-07-29 08:44:30.829 -05:00 [DBG] Heartbeat ORACLEVAULT
2026-07-29 08:44:30.829 -05:00 [DBG] Heartbeat RISKWARDEN
2026-07-29 08:45:30.829 -05:00 [DBG] Heartbeat SYNAPSE
2026-07-29 08:45:30.829 -05:00 [DBG] Heartbeat TRADEWEAVER
2026-07-29 08:45:30.829 -05:00 [DBG] Heartbeat CASEBLADE
2026-07-29 08:45:30.829 -05:00 [DBG] Heartbeat PROX
2026-07-29 08:45:30.829 -05:00 [DBG] Heartbeat SENTINEL
2026-07-29 08:45:30.829 -05:00 [DBG] Heartbeat MARKETSCRYER
2026-07-29 08:45:30.829 -05:00 [DBG] Heartbeat SIGNALFORGE
2026-07-29 08:45:30.829 -05:00 [DBG] Heartbeat ORACLEVAULT
2026-07-29 08:45:30.829 -05:00 [DBG] Heartbeat RISKWARDEN
2026-07-29 08:46:30.830 -05:00 [DBG] Heartbeat SYNAPSE
2026-07-29 08:46:30.830 -05:00 [DBG] Heartbeat TRADEWEAVER
2026-07-29 08:46:30.830 -05:00 [DBG] Heartbeat CASEBLADE
2026-07-29 08:46:30.830 -05:00 [DBG] Heartbeat PROX
2026-07-29 08:46:30.830 -05:00 [DBG] Heartbeat SENTINEL
2026-07-29 08:46:30.830 -05:00 [DBG] Heartbeat MARKETSCRYER
2026-07-29 08:46:30.830 -05:00 [DBG] Heartbeat SIGNALFORGE
2026-07-29 08:46:30.830 -05:00 [DBG] Heartbeat ORACLEVAULT
2026-07-29 08:46:30.830 -05:00 [DBG] Heartbeat RISKWARDEN
2026-07-29 08:47:30.830 -05:00 [DBG] Heartbeat SYNAPSE
2026-07-29 08:47:30.831 -05:00 [DBG] Heartbeat TRADEWEAVER
2026-07-29 08:47:30.831 -05:00 [DBG] Heartbeat CASEBLADE
2026-07-29 08:47:30.831 -05:00 [DBG] Heartbeat PROX
2026-07-29 08:47:30.831 -05:00 [DBG] Heartbeat SENTINEL
2026-07-29 08:47:30.831 -05:00 [DBG] Heartbeat MARKETSCRYER
2026-07-29 08:47:30.831 -05:00 [DBG] Heartbeat SIGNALFORGE
2026-07-29 08:47:30.831 -05:00 [DBG] Heartbeat ORACLEVAULT
2026-07-29 08:47:30.831 -05:00 [DBG] Heartbeat RISKWARDEN
2026-07-29 08:48:30.830 -05:00 [DBG] Heartbeat SYNAPSE
2026-07-29 08:48:30.830 -05:00 [DBG] Heartbeat TRADEWEAVER
2026-07-29 08:48:30.830 -05:00 [DBG] Heartbeat CASEBLADE
2026-07-29 08:48:30.830 -05:00 [DBG] Heartbeat PROX
2026-07-29 08:48:30.830 -05:00 [DBG] Heartbeat SENTINEL
2026-07-29 08:48:30.830 -05:00 [DBG] Heartbeat MARKETSCRYER
2026-07-29 08:48:30.830 -05:00 [DBG] Heartbeat SIGNALFORGE
2026-07-29 08:48:30.830 -05:00 [DBG] Heartbeat ORACLEVAULT
2026-07-29 08:48:30.830 -05:00 [DBG] Heartbeat RISKWARDEN
2026-07-29 08:48:49.057 -05:00 [INF] PC health: C: 77.9% used, 10 recent errors
2026-07-29 08:49:30.831 -05:00 [DBG] Heartbeat SYNAPSE
2026-07-29 08:49:30.831 -05:00 [DBG] Heartbeat TRADEWEAVER
2026-07-29 08:49:30.831 -05:00 [DBG] Heartbeat CASEBLADE
2026-07-29 08:49:30.831 -05:00 [DBG] Heartbeat PROX
2026-07-29 08:49:30.831 -05:00 [DBG] Heartbeat SENTINEL
2026-07-29 08:49:30.831 -05:00 [DBG] Heartbeat MARKETSCRYER
2026-07-29 08:49:30.831 -05:00 [DBG] Heartbeat SIGNALFORGE
2026-07-29 08:49:30.831 -05:00 [DBG] Heartbeat ORACLEVAULT
2026-07-29 08:49:30.831 -05:00 [DBG] Heartbeat RISKWARDEN
2026-07-29 08:50:30.831 -05:00 [DBG] Heartbeat SYNAPSE
2026-07-29 08:50:30.831 -05:00 [DBG] Heartbeat TRADEWEAVER
2026-07-29 08:50:30.831 -05:00 [DBG] Heartbeat CASEBLADE
2026-07-29 08:50:30.831 -05:00 [DBG] Heartbeat PROX
2026-07-29 08:50:30.831 -05:00 [DBG] Heartbeat SENTINEL
2026-07-29 08:50:30.831 -05:00 [DBG] Heartbeat MARKETSCRYER
2026-07-29 08:50:30.831 -05:00 [DBG] Heartbeat SIGNALFORGE
2026-07-29 08:50:30.831 -05:00 [DBG] Heartbeat ORACLEVAULT
2026-07-29 08:50:30.831 -05:00 [DBG] Heartbeat RISKWARDEN
2026-07-29 08:51:30.831 -05:00 [DBG] Heartbeat SYNAPSE
2026-07-29 08:51:30.831 -05:00 [DBG] Heartbeat TRADEWEAVER
2026-07-29 08:51:30.831 -05:00 [DBG] Heartbeat CASEBLADE
2026-07-29 08:51:30.831 -05:00 [DBG] Heartbeat PROX
2026-07-29 08:51:30.831 -05:00 [DBG] Heartbeat SENTINEL
2026-07-29 08:51:30.831 -05:00 [DBG] Heartbeat MARKETSCRYER
2026-07-29 08:51:30.831 -05:00 [DBG] Heartbeat SIGNALFORGE
2026-07-29 08:51:30.831 -05:00 [DBG] Heartbeat ORACLEVAULT
2026-07-29 08:51:30.831 -05:00 [DBG] Heartbeat RISKWARDEN
2026-07-29 08:52:30.831 -05:00 [DBG] Heartbeat SYNAPSE
2026-07-29 08:52:30.831 -05:00 [DBG] Heartbeat TRADEWEAVER
2026-07-29 08:52:30.831 -05:00 [DBG] Heartbeat CASEBLADE
2026-07-29 08:52:30.831 -05:00 [DBG] Heartbeat PROX
2026-07-29 08:52:30.831 -05:00 [DBG] Heartbeat SENTINEL
2026-07-29 08:52:30.831 -05:00 [DBG] Heartbeat MARKETSCRYER
2026-07-29 08:52:30.831 -05:00 [DBG] Heartbeat SIGNALFORGE
2026-07-29 08:52:30.831 -05:00 [DBG] Heartbeat ORACLEVAULT
2026-07-29 08:52:30.831 -05:00 [DBG] Heartbeat RISKWARDEN
2026-07-29 08:53:30.831 -05:00 [DBG] Heartbeat SYNAPSE
2026-07-29 08:53:30.831 -05:00 [DBG] Heartbeat TRADEWEAVER
2026-07-29 08:53:30.831 -05:00 [DBG] Heartbeat CASEBLADE
2026-07-29 08:53:30.831 -05:00 [DBG] Heartbeat PROX
2026-07-29 08:53:30.831 -05:00 [DBG] Heartbeat SENTINEL
2026-07-29 08:53:30.831 -05:00 [DBG] Heartbeat MARKETSCRYER
2026-07-29 08:53:30.831 -05:00 [DBG] Heartbeat SIGNALFORGE
2026-07-29 08:53:30.831 -05:00 [DBG] Heartbeat ORACLEVAULT
2026-07-29 08:53:30.831 -05:00 [DBG] Heartbeat RISKWARDEN
2026-07-29 08:53:59.532 -05:00 [INF] PC health: C: 77.9% used, 10 recent errors
2026-07-29 08:54:30.831 -05:00 [DBG] Heartbeat SYNAPSE
2026-07-29 08:54:30.831 -05:00 [DBG] Heartbeat TRADEWEAVER
2026-07-29 08:54:30.831 -05:00 [DBG] Heartbeat CASEBLADE
2026-07-29 08:54:30.831 -05:00 [DBG] Heartbeat PROX
2026-07-29 08:54:30.831 -05:00 [DBG] Heartbeat SENTINEL
2026-07-29 08:54:30.831 -05:00 [DBG] Heartbeat MARKETSCRYER
2026-07-29 08:54:30.831 -05:00 [DBG] Heartbeat SIGNALFORGE
2026-07-29 08:54:30.831 -05:00 [DBG] Heartbeat ORACLEVAULT
2026-07-29 08:54:30.831 -05:00 [DBG] Heartbeat RISKWARDEN
2026-07-29 08:55:30.831 -05:00 [DBG] Heartbeat SYNAPSE
2026-07-29 08:55:30.997 -05:00 [DBG] Heartbeat TRADEWEAVER
2026-07-29 08:55:30.997 -05:00 [DBG] Heartbeat CASEBLADE
2026-07-29 08:55:30.997 -05:00 [DBG] Heartbeat PROX
2026-07-29 08:55:30.997 -05:00 [DBG] Heartbeat SENTINEL
2026-07-29 08:55:30.997 -05:00 [DBG] Heartbeat MARKETSCRYER
2026-07-29 08:55:30.997 -05:00 [DBG] Heartbeat SIGNALFORGE
2026-07-29 08:55:30.997 -05:00 [DBG] Heartbeat ORACLEVAULT
2026-07-29 08:55:30.997 -05:00 [DBG] Heartbeat RISKWARDEN
2026-07-29 08:56:30.997 -05:00 [DBG] Heartbeat SYNAPSE
2026-07-29 08:56:30.997 -05:00 [DBG] Heartbeat TRADEWEAVER
2026-07-29 08:56:30.997 -05:00 [DBG] Heartbeat CASEBLADE
2026-07-29 08:56:30.997 -05:00 [DBG] Heartbeat PROX
2026-07-29 08:56:30.997 -05:00 [DBG] Heartbeat SENTINEL
2026-07-29 08:56:30.997 -05:00 [DBG] Heartbeat MARKETSCRYER
2026-07-29 08:56:30.997 -05:00 [DBG] Heartbeat SIGNALFORGE
2026-07-29 08:56:30.997 -05:00 [DBG] Heartbeat ORACLEVAULT
2026-07-29 08:56:30.997 -05:00 [DBG] Heartbeat RISKWARDEN
2026-07-29 08:57:30.997 -05:00 [DBG] Heartbeat SYNAPSE
2026-07-29 08:57:30.997 -05:00 [DBG] Heartbeat TRADEWEAVER
2026-07-29 08:57:30.997 -05:00 [DBG] Heartbeat CASEBLADE
2026-07-29 08:57:30.997 -05:00 [DBG] Heartbeat PROX
2026-07-29 08:57:30.997 -05:00 [DBG] Heartbeat SENTINEL
2026-07-29 08:57:30.997 -05:00 [DBG] Heartbeat MARKETSCRYER
2026-07-29 08:57:30.997 -05:00 [DBG] Heartbeat SIGNALFORGE
2026-07-29 08:57:30.997 -05:00 [DBG] Heartbeat ORACLEVAULT
2026-07-29 08:57:30.997 -05:00 [DBG] Heartbeat RISKWARDEN
2026-07-29 08:58:30.997 -05:00 [DBG] Heartbeat SYNAPSE
2026-07-29 08:58:30.997 -05:00 [DBG] Heartbeat TRADEWEAVER
2026-07-29 08:58:30.997 -05:00 [DBG] Heartbeat CASEBLADE
2026-07-29 08:58:30.997 -05:00 [DBG] Heartbeat PROX
2026-07-29 08:58:30.997 -05:00 [DBG] Heartbeat SENTINEL
2026-07-29 08:58:30.997 -05:00 [DBG] Heartbeat MARKETSCRYER
2026-07-29 08:58:30.997 -05:00 [DBG] Heartbeat SIGNALFORGE
2026-07-29 08:58:30.997 -05:00 [DBG] Heartbeat ORACLEVAULT
2026-07-29 08:58:30.997 -05:00 [DBG] Heartbeat RISKWARDEN
2026-07-29 08:59:10.151 -05:00 [INF] PC health: C: 77.9% used, 10 recent errors
2026-07-29 08:59:30.998 -05:00 [DBG] Heartbeat SYNAPSE
2026-07-29 08:59:30.998 -05:00 [DBG] Heartbeat TRADEWEAVER
2026-07-29 08:59:30.998 -05:00 [DBG] Heartbeat CASEBLADE
2026-07-29 08:59:30.998 -05:00 [DBG] Heartbeat PROX
2026-07-29 08:59:30.998 -05:00 [DBG] Heartbeat SENTINEL
2026-07-29 08:59:30.998 -05:00 [DBG] Heartbeat MARKETSCRYER
2026-07-29 08:59:30.998 -05:00 [DBG] Heartbeat SIGNALFORGE
2026-07-29 08:59:30.998 -05:00 [DBG] Heartbeat ORACLEVAULT
2026-07-29 08:59:30.998 -05:00 [DBG] Heartbeat RISKWARDEN
2026-07-29 09:00:30.998 -05:00 [DBG] Heartbeat SYNAPSE
2026-07-29 09:00:30.998 -05:00 [DBG] Heartbeat TRADEWEAVER
2026-07-29 09:00:30.998 -05:00 [DBG] Heartbeat CASEBLADE
2026-07-29 09:00:30.998 -05:00 [DBG] Heartbeat PROX
2026-07-29 09:00:30.998 -05:00 [DBG] Heartbeat SENTINEL
2026-07-29 09:00:30.998 -05:00 [DBG] Heartbeat MARKETSCRYER
2026-07-29 09:00:30.998 -05:00 [DBG] Heartbeat SIGNALFORGE
2026-07-29 09:00:30.998 -05:00 [DBG] Heartbeat ORACLEVAULT
2026-07-29 09:00:30.998 -05:00 [DBG] Heartbeat RISKWARDEN
2026-07-29 09:01:30.998 -05:00 [DBG] Heartbeat SYNAPSE
2026-07-29 09:01:30.998 -05:00 [DBG] Heartbeat TRADEWEAVER
2026-07-29 09:01:30.998 -05:00 [DBG] Heartbeat CASEBLADE
2026-07-29 09:01:30.998 -05:00 [DBG] Heartbeat PROX
2026-07-29 09:01:30.998 -05:00 [DBG] Heartbeat SENTINEL
2026-07-29 09:01:30.998 -05:00 [DBG] Heartbeat MARKETSCRYER
2026-07-29 09:01:30.998 -05:00 [DBG] Heartbeat SIGNALFORGE
2026-07-29 09:01:30.998 -05:00 [DBG] Heartbeat ORACLEVAULT
2026-07-29 09:01:30.998 -05:00 [DBG] Heartbeat RISKWARDEN
2026-07-29 09:02:30.998 -05:00 [DBG] Heartbeat SYNAPSE
2026-07-29 09:02:30.998 -05:00 [DBG] Heartbeat TRADEWEAVER
2026-07-29 09:02:30.998 -05:00 [DBG] Heartbeat CASEBLADE
2026-07-29 09:02:30.998 -05:00 [DBG] Heartbeat PROX
2026-07-29 09:02:30.998 -05:00 [DBG] Heartbeat SENTINEL
2026-07-29 09:02:30.998 -05:00 [DBG] Heartbeat MARKETSCRYER
2026-07-29 09:02:30.998 -05:00 [DBG] Heartbeat SIGNALFORGE
2026-07-29 09:02:30.998 -05:00 [DBG] Heartbeat ORACLEVAULT
2026-07-29 09:02:30.998 -05:00 [DBG] Heartbeat RISKWARDEN
2026-07-29 09:03:30.999 -05:00 [DBG] Heartbeat SYNAPSE
2026-07-29 09:03:30.999 -05:00 [DBG] Heartbeat TRADEWEAVER
2026-07-29 09:03:30.999 -05:00 [DBG] Heartbeat CASEBLADE
2026-07-29 09:03:30.999 -05:00 [DBG] Heartbeat PROX
2026-07-29 09:03:30.999 -05:00 [DBG] Heartbeat SENTINEL
2026-07-29 09:03:30.999 -05:00 [DBG] Heartbeat MARKETSCRYER
2026-07-29 09:03:30.999 -05:00 [DBG] Heartbeat SIGNALFORGE
2026-07-29 09:03:30.999 -05:00 [DBG] Heartbeat ORACLEVAULT
2026-07-29 09:03:30.999 -05:00 [DBG] Heartbeat RISKWARDEN
2026-07-29 09:04:21.068 -05:00 [INF] PC health: C: 77.9% used, 10 recent errors
2026-07-29 09:04:30.999 -05:00 [DBG] Heartbeat SYNAPSE
2026-07-29 09:04:30.999 -05:00 [DBG] Heartbeat TRADEWEAVER
2026-07-29 09:04:30.999 -05:00 [DBG] Heartbeat CASEBLADE
2026-07-29 09:04:30.999 -05:00 [DBG] Heartbeat PROX
2026-07-29 09:04:30.999 -05:00 [DBG] Heartbeat SENTINEL
2026-07-29 09:04:30.999 -05:00 [DBG] Heartbeat MARKETSCRYER
2026-07-29 09:04:30.999 -05:00 [DBG] Heartbeat SIGNALFORGE
2026-07-29 09:04:30.999 -05:00 [DBG] Heartbeat ORACLEVAULT
2026-07-29 09:04:30.999 -05:00 [DBG] Heartbeat RISKWARDEN
2026-07-29 09:05:30.999 -05:00 [DBG] Heartbeat SYNAPSE
2026-07-29 09:05:30.999 -05:00 [DBG] Heartbeat TRADEWEAVER
2026-07-29 09:05:30.999 -05:00 [DBG] Heartbeat CASEBLADE
2026-07-29 09:05:30.999 -05:00 [DBG] Heartbeat PROX
2026-07-29 09:05:30.999 -05:00 [DBG] Heartbeat SENTINEL
2026-07-29 09:05:30.999 -05:00 [DBG] Heartbeat MARKETSCRYER
2026-07-29 09:05:30.999 -05:00 [DBG] Heartbeat SIGNALFORGE
2026-07-29 09:05:30.999 -05:00 [DBG] Heartbeat ORACLEVAULT
2026-07-29 09:05:30.999 -05:00 [DBG] Heartbeat RISKWARDEN
2026-07-29 09:06:31.000 -05:00 [DBG] Heartbeat SYNAPSE
2026-07-29 09:06:31.000 -05:00 [DBG] Heartbeat TRADEWEAVER
2026-07-29 09:06:31.000 -05:00 [DBG] Heartbeat CASEBLADE
2026-07-29 09:06:31.000 -05:00 [DBG] Heartbeat PROX
2026-07-29 09:06:31.000 -05:00 [DBG] Heartbeat SENTINEL
2026-07-29 09:06:31.000 -05:00 [DBG] Heartbeat MARKETSCRYER
2026-07-29 09:06:31.000 -05:00 [DBG] Heartbeat SIGNALFORGE
2026-07-29 09:06:31.000 -05:00 [DBG] Heartbeat ORACLEVAULT
2026-07-29 09:06:31.000 -05:00 [DBG] Heartbeat RISKWARDEN
2026-07-29 09:07:31.001 -05:00 [DBG] Heartbeat SYNAPSE
2026-07-29 09:07:31.001 -05:00 [DBG] Heartbeat TRADEWEAVER
2026-07-29 09:07:31.001 -05:00 [DBG] Heartbeat CASEBLADE
2026-07-29 09:07:31.001 -05:00 [DBG] Heartbeat PROX
2026-07-29 09:07:31.001 -05:00 [DBG] Heartbeat SENTINEL
2026-07-29 09:07:31.001 -05:00 [DBG] Heartbeat MARKETSCRYER
2026-07-29 09:07:31.001 -05:00 [DBG] Heartbeat SIGNALFORGE
2026-07-29 09:07:31.001 -05:00 [DBG] Heartbeat ORACLEVAULT
2026-07-29 09:07:31.001 -05:00 [DBG] Heartbeat RISKWARDEN
2026-07-29 09:08:31.001 -05:00 [DBG] Heartbeat SYNAPSE
2026-07-29 09:08:31.001 -05:00 [DBG] Heartbeat TRADEWEAVER
2026-07-29 09:08:31.001 -05:00 [DBG] Heartbeat CASEBLADE
2026-07-29 09:08:31.001 -05:00 [DBG] Heartbeat PROX
2026-07-29 09:08:31.001 -05:00 [DBG] Heartbeat SENTINEL
2026-07-29 09:08:31.001 -05:00 [DBG] Heartbeat MARKETSCRYER
2026-07-29 09:08:31.001 -05:00 [DBG] Heartbeat SIGNALFORGE
2026-07-29 09:08:31.001 -05:00 [DBG] Heartbeat ORACLEVAULT
2026-07-29 09:08:31.001 -05:00 [DBG] Heartbeat RISKWARDEN
2026-07-29 09:09:31.001 -05:00 [DBG] Heartbeat SYNAPSE
2026-07-29 09:09:31.001 -05:00 [DBG] Heartbeat TRADEWEAVER
2026-07-29 09:09:31.001 -05:00 [DBG] Heartbeat CASEBLADE
2026-07-29 09:09:31.001 -05:00 [DBG] Heartbeat PROX
2026-07-29 09:09:31.001 -05:00 [DBG] Heartbeat SENTINEL
2026-07-29 09:09:31.001 -05:00 [DBG] Heartbeat MARKETSCRYER
2026-07-29 09:09:31.001 -05:00 [DBG] Heartbeat SIGNALFORGE
2026-07-29 09:09:31.001 -05:00 [DBG] Heartbeat ORACLEVAULT
2026-07-29 09:09:31.001 -05:00 [DBG] Heartbeat RISKWARDEN
2026-07-29 09:09:31.511 -05:00 [INF] PC health: C: 77.9% used, 10 recent errors
2026-07-29 09:10:31.001 -05:00 [DBG] Heartbeat SYNAPSE
2026-07-29 09:10:31.001 -05:00 [DBG] Heartbeat TRADEWEAVER
2026-07-29 09:10:31.001 -05:00 [DBG] Heartbeat CASEBLADE
2026-07-29 09:10:31.001 -05:00 [DBG] Heartbeat PROX
2026-07-29 09:10:31.001 -05:00 [DBG] Heartbeat SENTINEL
2026-07-29 09:10:31.001 -05:00 [DBG] Heartbeat MARKETSCRYER
2026-07-29 09:10:31.001 -05:00 [DBG] Heartbeat SIGNALFORGE
2026-07-29 09:10:31.001 -05:00 [DBG] Heartbeat ORACLEVAULT
2026-07-29 09:10:31.001 -05:00 [DBG] Heartbeat RISKWARDEN
2026-07-29 09:11:31.001 -05:00 [DBG] Heartbeat SYNAPSE
2026-07-29 09:11:31.001 -05:00 [DBG] Heartbeat TRADEWEAVER
2026-07-29 09:11:31.001 -05:00 [DBG] Heartbeat CASEBLADE
2026-07-29 09:11:31.001 -05:00 [DBG] Heartbeat PROX
2026-07-29 09:11:31.001 -05:00 [DBG] Heartbeat SENTINEL
2026-07-29 09:11:31.001 -05:00 [DBG] Heartbeat MARKETSCRYER
2026-07-29 09:11:31.001 -05:00 [DBG] Heartbeat SIGNALFORGE
2026-07-29 09:11:31.001 -05:00 [DBG] Heartbeat ORACLEVAULT
2026-07-29 09:11:31.001 -05:00 [DBG] Heartbeat RISKWARDEN
2026-07-29 09:12:31.001 -05:00 [DBG] Heartbeat SYNAPSE
2026-07-29 09:12:31.002 -05:00 [DBG] Heartbeat TRADEWEAVER
2026-07-29 09:12:31.002 -05:00 [DBG] Heartbeat CASEBLADE
2026-07-29 09:12:31.002 -05:00 [DBG] Heartbeat PROX
2026-07-29 09:12:31.002 -05:00 [DBG] Heartbeat SENTINEL
2026-07-29 09:12:31.002 -05:00 [DBG] Heartbeat MARKETSCRYER
2026-07-29 09:12:31.002 -05:00 [DBG] Heartbeat SIGNALFORGE
2026-07-29 09:12:31.002 -05:00 [DBG] Heartbeat ORACLEVAULT
2026-07-29 09:12:31.002 -05:00 [DBG] Heartbeat RISKWARDEN
2026-07-29 09:13:31.002 -05:00 [DBG] Heartbeat SYNAPSE
2026-07-29 09:13:31.002 -05:00 [DBG] Heartbeat TRADEWEAVER
2026-07-29 09:13:31.002 -05:00 [DBG] Heartbeat CASEBLADE
2026-07-29 09:13:31.002 -05:00 [DBG] Heartbeat PROX
2026-07-29 09:13:31.002 -05:00 [DBG] Heartbeat SENTINEL
2026-07-29 09:13:31.002 -05:00 [DBG] Heartbeat MARKETSCRYER
2026-07-29 09:13:31.002 -05:00 [DBG] Heartbeat SIGNALFORGE
2026-07-29 09:13:31.002 -05:00 [DBG] Heartbeat ORACLEVAULT
2026-07-29 09:13:31.002 -05:00 [DBG] Heartbeat RISKWARDEN
2026-07-29 09:14:31.002 -05:00 [DBG] Heartbeat SYNAPSE
2026-07-29 09:14:31.002 -05:00 [DBG] Heartbeat TRADEWEAVER
2026-07-29 09:14:31.002 -05:00 [DBG] Heartbeat CASEBLADE
2026-07-29 09:14:31.002 -05:00 [DBG] Heartbeat PROX
2026-07-29 09:14:31.002 -05:00 [DBG] Heartbeat SENTINEL
2026-07-29 09:14:31.002 -05:00 [DBG] Heartbeat MARKETSCRYER
2026-07-29 09:14:31.002 -05:00 [DBG] Heartbeat SIGNALFORGE
2026-07-29 09:14:31.002 -05:00 [DBG] Heartbeat ORACLEVAULT
2026-07-29 09:14:31.002 -05:00 [DBG] Heartbeat RISKWARDEN
2026-07-29 09:14:42.083 -05:00 [INF] PC health: C: 77.9% used, 10 recent errors
2026-07-29 09:15:31.002 -05:00 [DBG] Heartbeat SYNAPSE
2026-07-29 09:15:31.002 -05:00 [DBG] Heartbeat TRADEWEAVER
2026-07-29 09:15:31.002 -05:00 [DBG] Heartbeat CASEBLADE
2026-07-29 09:15:31.002 -05:00 [DBG] Heartbeat PROX
2026-07-29 09:15:31.002 -05:00 [DBG] Heartbeat SENTINEL
2026-07-29 09:15:31.002 -05:00 [DBG] Heartbeat MARKETSCRYER
2026-07-29 09:15:31.002 -05:00 [DBG] Heartbeat SIGNALFORGE
2026-07-29 09:15:31.002 -05:00 [DBG] Heartbeat ORACLEVAULT
2026-07-29 09:15:31.002 -05:00 [DBG] Heartbeat RISKWARDEN
2026-07-29 09:16:31.003 -05:00 [DBG] Heartbeat SYNAPSE
2026-07-29 09:16:31.003 -05:00 [DBG] Heartbeat TRADEWEAVER
2026-07-29 09:16:31.003 -05:00 [DBG] Heartbeat CASEBLADE
2026-07-29 09:16:31.003 -05:00 [DBG] Heartbeat PROX
2026-07-29 09:16:31.003 -05:00 [DBG] Heartbeat SENTINEL
2026-07-29 09:16:31.003 -05:00 [DBG] Heartbeat MARKETSCRYER
2026-07-29 09:16:31.003 -05:00 [DBG] Heartbeat SIGNALFORGE
2026-07-29 09:16:31.003 -05:00 [DBG] Heartbeat ORACLEVAULT
2026-07-29 09:16:31.003 -05:00 [DBG] Heartbeat RISKWARDEN
2026-07-29 09:17:31.004 -05:00 [DBG] Heartbeat SYNAPSE
2026-07-29 09:17:31.004 -05:00 [DBG] Heartbeat TRADEWEAVER
2026-07-29 09:17:31.004 -05:00 [DBG] Heartbeat CASEBLADE
2026-07-29 09:17:31.004 -05:00 [DBG] Heartbeat PROX
2026-07-29 09:17:31.004 -05:00 [DBG] Heartbeat SENTINEL
2026-07-29 09:17:31.004 -05:00 [DBG] Heartbeat MARKETSCRYER
2026-07-29 09:17:31.004 -05:00 [DBG] Heartbeat SIGNALFORGE
2026-07-29 09:17:31.004 -05:00 [DBG] Heartbeat ORACLEVAULT
2026-07-29 09:17:31.004 -05:00 [DBG] Heartbeat RISKWARDEN
2026-07-29 09:18:31.005 -05:00 [DBG] Heartbeat SYNAPSE
2026-07-29 09:18:31.005 -05:00 [DBG] Heartbeat TRADEWEAVER
2026-07-29 09:18:31.005 -05:00 [DBG] Heartbeat CASEBLADE
2026-07-29 09:18:31.005 -05:00 [DBG] Heartbeat PROX
2026-07-29 09:18:31.005 -05:00 [DBG] Heartbeat SENTINEL
2026-07-29 09:18:31.005 -05:00 [DBG] Heartbeat MARKETSCRYER
2026-07-29 09:18:31.005 -05:00 [DBG] Heartbeat SIGNALFORGE
2026-07-29 09:18:31.005 -05:00 [DBG] Heartbeat ORACLEVAULT
2026-07-29 09:18:31.005 -05:00 [DBG] Heartbeat RISKWARDEN
2026-07-29 09:19:31.005 -05:00 [DBG] Heartbeat SYNAPSE
2026-07-29 09:19:31.005 -05:00 [DBG] Heartbeat TRADEWEAVER
2026-07-29 09:19:31.005 -05:00 [DBG] Heartbeat CASEBLADE
2026-07-29 09:19:31.005 -05:00 [DBG] Heartbeat PROX
2026-07-29 09:19:31.005 -05:00 [DBG] Heartbeat SENTINEL
2026-07-29 09:19:31.005 -05:00 [DBG] Heartbeat MARKETSCRYER
2026-07-29 09:19:31.005 -05:00 [DBG] Heartbeat SIGNALFORGE
2026-07-29 09:19:31.005 -05:00 [DBG] Heartbeat ORACLEVAULT
2026-07-29 09:19:31.005 -05:00 [DBG] Heartbeat RISKWARDEN
2026-07-29 09:19:52.578 -05:00 [INF] PC health: C: 77.9% used, 10 recent errors
2026-07-29 09:20:31.005 -05:00 [DBG] Heartbeat SYNAPSE
2026-07-29 09:20:31.005 -05:00 [DBG] Heartbeat TRADEWEAVER
2026-07-29 09:20:31.005 -05:00 [DBG] Heartbeat CASEBLADE
2026-07-29 09:20:31.005 -05:00 [DBG] Heartbeat PROX
2026-07-29 09:20:31.005 -05:00 [DBG] Heartbeat SENTINEL
2026-07-29 09:20:31.005 -05:00 [DBG] Heartbeat MARKETSCRYER
2026-07-29 09:20:31.005 -05:00 [DBG] Heartbeat SIGNALFORGE
2026-07-29 09:20:31.005 -05:00 [DBG] Heartbeat ORACLEVAULT
2026-07-29 09:20:31.005 -05:00 [DBG] Heartbeat RISKWARDEN
2026-07-29 09:21:31.005 -05:00 [DBG] Heartbeat SYNAPSE
2026-07-29 09:21:31.005 -05:00 [DBG] Heartbeat TRADEWEAVER
2026-07-29 09:21:31.005 -05:00 [DBG] Heartbeat CASEBLADE
2026-07-29 09:21:31.005 -05:00 [DBG] Heartbeat PROX
2026-07-29 09:21:31.005 -05:00 [DBG] Heartbeat SENTINEL
2026-07-29 09:21:31.005 -05:00 [DBG] Heartbeat MARKETSCRYER
2026-07-29 09:21:31.005 -05:00 [DBG] Heartbeat SIGNALFORGE
2026-07-29 09:21:31.005 -05:00 [DBG] Heartbeat ORACLEVAULT
2026-07-29 09:21:31.005 -05:00 [DBG] Heartbeat RISKWARDEN
2026-07-29 09:22:31.005 -05:00 [DBG] Heartbeat SYNAPSE
2026-07-29 09:22:31.005 -05:00 [DBG] Heartbeat TRADEWEAVER
2026-07-29 09:22:31.005 -05:00 [DBG] Heartbeat CASEBLADE
2026-07-29 09:22:31.005 -05:00 [DBG] Heartbeat PROX
2026-07-29 09:22:31.005 -05:00 [DBG] Heartbeat SENTINEL
2026-07-29 09:22:31.005 -05:00 [DBG] Heartbeat MARKETSCRYER
2026-07-29 09:22:31.005 -05:00 [DBG] Heartbeat SIGNALFORGE
2026-07-29 09:22:31.005 -05:00 [DBG] Heartbeat ORACLEVAULT
2026-07-29 09:22:31.005 -05:00 [DBG] Heartbeat RISKWARDEN
2026-07-29 09:23:31.006 -05:00 [DBG] Heartbeat SYNAPSE
2026-07-29 09:23:31.006 -05:00 [DBG] Heartbeat TRADEWEAVER
2026-07-29 09:23:31.006 -05:00 [DBG] Heartbeat CASEBLADE
2026-07-29 09:23:31.006 -05:00 [DBG] Heartbeat PROX
2026-07-29 09:23:31.006 -05:00 [DBG] Heartbeat SENTINEL
2026-07-29 09:23:31.006 -05:00 [DBG] Heartbeat MARKETSCRYER
2026-07-29 09:23:31.006 -05:00 [DBG] Heartbeat SIGNALFORGE
2026-07-29 09:23:31.006 -05:00 [DBG] Heartbeat ORACLEVAULT
2026-07-29 09:23:31.006 -05:00 [DBG] Heartbeat RISKWARDEN
2026-07-29 09:24:31.006 -05:00 [DBG] Heartbeat SYNAPSE
2026-07-29 09:24:31.007 -05:00 [DBG] Heartbeat TRADEWEAVER
2026-07-29 09:24:31.007 -05:00 [DBG] Heartbeat CASEBLADE
2026-07-29 09:24:31.007 -05:00 [DBG] Heartbeat PROX
2026-07-29 09:24:31.007 -05:00 [DBG] Heartbeat SENTINEL
2026-07-29 09:24:31.007 -05:00 [DBG] Heartbeat MARKETSCRYER
2026-07-29 09:24:31.007 -05:00 [DBG] Heartbeat SIGNALFORGE
2026-07-29 09:24:31.007 -05:00 [DBG] Heartbeat ORACLEVAULT
2026-07-29 09:24:31.007 -05:00 [DBG] Heartbeat RISKWARDEN
2026-07-29 09:25:03.057 -05:00 [INF] PC health: C: 77.9% used, 10 recent errors
2026-07-29 09:25:31.007 -05:00 [DBG] Heartbeat SYNAPSE
2026-07-29 09:25:31.007 -05:00 [DBG] Heartbeat TRADEWEAVER
2026-07-29 09:25:31.007 -05:00 [DBG] Heartbeat CASEBLADE
2026-07-29 09:25:31.007 -05:00 [DBG] Heartbeat PROX
2026-07-29 09:25:31.007 -05:00 [DBG] Heartbeat SENTINEL
2026-07-29 09:25:31.007 -05:00 [DBG] Heartbeat MARKETSCRYER
2026-07-29 09:25:31.007 -05:00 [DBG] Heartbeat SIGNALFORGE
2026-07-29 09:25:31.007 -05:00 [DBG] Heartbeat ORACLEVAULT
2026-07-29 09:25:31.007 -05:00 [DBG] Heartbeat RISKWARDEN
2026-07-29 09:26:31.007 -05:00 [DBG] Heartbeat SYNAPSE
2026-07-29 09:26:31.007 -05:00 [DBG] Heartbeat TRADEWEAVER
2026-07-29 09:26:31.007 -05:00 [DBG] Heartbeat CASEBLADE
2026-07-29 09:26:31.007 -05:00 [DBG] Heartbeat PROX
2026-07-29 09:26:31.007 -05:00 [DBG] Heartbeat SENTINEL
2026-07-29 09:26:31.007 -05:00 [DBG] Heartbeat MARKETSCRYER
2026-07-29 09:26:31.007 -05:00 [DBG] Heartbeat SIGNALFORGE
2026-07-29 09:26:31.007 -05:00 [DBG] Heartbeat ORACLEVAULT
2026-07-29 09:26:31.007 -05:00 [DBG] Heartbeat RISKWARDEN
2026-07-29 09:27:31.007 -05:00 [DBG] Heartbeat SYNAPSE
2026-07-29 09:27:31.007 -05:00 [DBG] Heartbeat TRADEWEAVER
2026-07-29 09:27:31.007 -05:00 [DBG] Heartbeat CASEBLADE
2026-07-29 09:27:31.007 -05:00 [DBG] Heartbeat PROX
2026-07-29 09:27:31.007 -05:00 [DBG] Heartbeat SENTINEL
2026-07-29 09:27:31.007 -05:00 [DBG] Heartbeat MARKETSCRYER
2026-07-29 09:27:31.007 -05:00 [DBG] Heartbeat SIGNALFORGE
2026-07-29 09:27:31.007 -05:00 [DBG] Heartbeat ORACLEVAULT
2026-07-29 09:27:31.007 -05:00 [DBG] Heartbeat RISKWARDEN
2026-07-29 09:28:31.007 -05:00 [DBG] Heartbeat SYNAPSE
2026-07-29 09:28:31.007 -05:00 [DBG] Heartbeat TRADEWEAVER
2026-07-29 09:28:31.007 -05:00 [DBG] Heartbeat CASEBLADE
2026-07-29 09:28:31.007 -05:00 [DBG] Heartbeat PROX
2026-07-29 09:28:31.007 -05:00 [DBG] Heartbeat SENTINEL
2026-07-29 09:28:31.008 -05:00 [DBG] Heartbeat MARKETSCRYER
2026-07-29 09:28:31.008 -05:00 [DBG] Heartbeat SIGNALFORGE
2026-07-29 09:28:31.008 -05:00 [DBG] Heartbeat ORACLEVAULT
2026-07-29 09:28:31.008 -05:00 [DBG] Heartbeat RISKWARDEN
2026-07-29 09:29:31.008 -05:00 [DBG] Heartbeat SYNAPSE
2026-07-29 09:29:31.008 -05:00 [DBG] Heartbeat TRADEWEAVER
2026-07-29 09:29:31.008 -05:00 [DBG] Heartbeat CASEBLADE
2026-07-29 09:29:31.008 -05:00 [DBG] Heartbeat PROX
2026-07-29 09:29:31.008 -05:00 [DBG] Heartbeat SENTINEL
2026-07-29 09:29:31.008 -05:00 [DBG] Heartbeat MARKETSCRYER
2026-07-29 09:29:31.008 -05:00 [DBG] Heartbeat SIGNALFORGE
2026-07-29 09:29:31.008 -05:00 [DBG] Heartbeat ORACLEVAULT
2026-07-29 09:29:31.008 -05:00 [DBG] Heartbeat RISKWARDEN
2026-07-29 09:30:13.613 -05:00 [INF] PC health: C: 77.9% used, 10 recent errors
2026-07-29 09:30:31.007 -05:00 [DBG] Heartbeat SYNAPSE
2026-07-29 09:30:31.007 -05:00 [DBG] Heartbeat TRADEWEAVER
2026-07-29 09:30:31.007 -05:00 [DBG] Heartbeat CASEBLADE
2026-07-29 09:30:31.007 -05:00 [DBG] Heartbeat PROX
2026-07-29 09:30:31.007 -05:00 [DBG] Heartbeat SENTINEL
2026-07-29 09:30:31.007 -05:00 [DBG] Heartbeat MARKETSCRYER
2026-07-29 09:30:31.007 -05:00 [DBG] Heartbeat SIGNALFORGE
2026-07-29 09:30:31.007 -05:00 [DBG] Heartbeat ORACLEVAULT
2026-07-29 09:30:31.007 -05:00 [DBG] Heartbeat RISKWARDEN
2026-07-29 09:31:31.008 -05:00 [DBG] Heartbeat SYNAPSE
2026-07-29 09:31:31.008 -05:00 [DBG] Heartbeat TRADEWEAVER
2026-07-29 09:31:31.008 -05:00 [DBG] Heartbeat CASEBLADE
2026-07-29 09:31:31.008 -05:00 [DBG] Heartbeat PROX
2026-07-29 09:31:31.008 -05:00 [DBG] Heartbeat SENTINEL
2026-07-29 09:31:31.008 -05:00 [DBG] Heartbeat MARKETSCRYER
2026-07-29 09:31:31.008 -05:00 [DBG] Heartbeat SIGNALFORGE
2026-07-29 09:31:31.008 -05:00 [DBG] Heartbeat ORACLEVAULT
2026-07-29 09:31:31.008 -05:00 [DBG] Heartbeat RISKWARDEN
2026-07-29 09:32:31.009 -05:00 [DBG] Heartbeat SYNAPSE
2026-07-29 09:32:31.009 -05:00 [DBG] Heartbeat TRADEWEAVER
2026-07-29 09:32:31.009 -05:00 [DBG] Heartbeat CASEBLADE
2026-07-29 09:32:31.009 -05:00 [DBG] Heartbeat PROX
2026-07-29 09:32:31.009 -05:00 [DBG] Heartbeat SENTINEL
2026-07-29 09:32:31.009 -05:00 [DBG] Heartbeat MARKETSCRYER
2026-07-29 09:32:31.009 -05:00 [DBG] Heartbeat SIGNALFORGE
2026-07-29 09:32:31.009 -05:00 [DBG] Heartbeat ORACLEVAULT
2026-07-29 09:32:31.009 -05:00 [DBG] Heartbeat RISKWARDEN
2026-07-29 09:33:31.008 -05:00 [DBG] Heartbeat SYNAPSE
2026-07-29 09:33:31.009 -05:00 [DBG] Heartbeat TRADEWEAVER
2026-07-29 09:33:31.009 -05:00 [DBG] Heartbeat CASEBLADE
2026-07-29 09:33:31.009 -05:00 [DBG] Heartbeat PROX
2026-07-29 09:33:31.009 -05:00 [DBG] Heartbeat SENTINEL
2026-07-29 09:33:31.009 -05:00 [DBG] Heartbeat MARKETSCRYER
2026-07-29 09:33:31.009 -05:00 [DBG] Heartbeat SIGNALFORGE
2026-07-29 09:33:31.009 -05:00 [DBG] Heartbeat ORACLEVAULT
2026-07-29 09:33:31.009 -05:00 [DBG] Heartbeat RISKWARDEN
2026-07-29 09:34:31.010 -05:00 [DBG] Heartbeat SYNAPSE
2026-07-29 09:34:31.010 -05:00 [DBG] Heartbeat TRADEWEAVER
2026-07-29 09:34:31.010 -05:00 [DBG] Heartbeat CASEBLADE
2026-07-29 09:34:31.010 -05:00 [DBG] Heartbeat PROX
2026-07-29 09:34:31.010 -05:00 [DBG] Heartbeat SENTINEL
2026-07-29 09:34:31.010 -05:00 [DBG] Heartbeat MARKETSCRYER
2026-07-29 09:34:31.010 -05:00 [DBG] Heartbeat SIGNALFORGE
2026-07-29 09:34:31.010 -05:00 [DBG] Heartbeat ORACLEVAULT
2026-07-29 09:34:31.010 -05:00 [DBG] Heartbeat RISKWARDEN
2026-07-29 09:35:24.151 -05:00 [INF] PC health: C: 77.9% used, 10 recent errors
2026-07-29 09:35:31.010 -05:00 [DBG] Heartbeat SYNAPSE
2026-07-29 09:35:31.010 -05:00 [DBG] Heartbeat TRADEWEAVER
2026-07-29 09:35:31.010 -05:00 [DBG] Heartbeat CASEBLADE
2026-07-29 09:35:31.010 -05:00 [DBG] Heartbeat PROX
2026-07-29 09:35:31.010 -05:00 [DBG] Heartbeat SENTINEL
2026-07-29 09:35:31.010 -05:00 [DBG] Heartbeat MARKETSCRYER
2026-07-29 09:35:31.010 -05:00 [DBG] Heartbeat SIGNALFORGE
2026-07-29 09:35:31.010 -05:00 [DBG] Heartbeat ORACLEVAULT
2026-07-29 09:35:31.010 -05:00 [DBG] Heartbeat RISKWARDEN
2026-07-29 09:36:31.010 -05:00 [DBG] Heartbeat SYNAPSE
2026-07-29 09:36:31.010 -05:00 [DBG] Heartbeat TRADEWEAVER
2026-07-29 09:36:31.010 -05:00 [DBG] Heartbeat CASEBLADE
2026-07-29 09:36:31.010 -05:00 [DBG] Heartbeat PROX
2026-07-29 09:36:31.010 -05:00 [DBG] Heartbeat SENTINEL
2026-07-29 09:36:31.010 -05:00 [DBG] Heartbeat MARKETSCRYER
2026-07-29 09:36:31.010 -05:00 [DBG] Heartbeat SIGNALFORGE
2026-07-29 09:36:31.010 -05:00 [DBG] Heartbeat ORACLEVAULT
2026-07-29 09:36:31.010 -05:00 [DBG] Heartbeat RISKWARDEN
2026-07-29 09:37:31.010 -05:00 [DBG] Heartbeat SYNAPSE
2026-07-29 09:37:31.011 -05:00 [DBG] Heartbeat TRADEWEAVER
2026-07-29 09:37:31.011 -05:00 [DBG] Heartbeat CASEBLADE
2026-07-29 09:37:31.011 -05:00 [DBG] Heartbeat PROX
2026-07-29 09:37:31.011 -05:00 [DBG] Heartbeat SENTINEL
2026-07-29 09:37:31.011 -05:00 [DBG] Heartbeat MARKETSCRYER
2026-07-29 09:37:31.011 -05:00 [DBG] Heartbeat SIGNALFORGE
2026-07-29 09:37:31.011 -05:00 [DBG] Heartbeat ORACLEVAULT
2026-07-29 09:37:31.011 -05:00 [DBG] Heartbeat RISKWARDEN
2026-07-29 09:38:31.011 -05:00 [DBG] Heartbeat SYNAPSE
2026-07-29 09:38:31.011 -05:00 [DBG] Heartbeat TRADEWEAVER
2026-07-29 09:38:31.011 -05:00 [DBG] Heartbeat CASEBLADE
2026-07-29 09:38:31.011 -05:00 [DBG] Heartbeat PROX
2026-07-29 09:38:31.011 -05:00 [DBG] Heartbeat SENTINEL
2026-07-29 09:38:31.011 -05:00 [DBG] Heartbeat MARKETSCRYER
2026-07-29 09:38:31.011 -05:00 [DBG] Heartbeat SIGNALFORGE
2026-07-29 09:38:31.011 -05:00 [DBG] Heartbeat ORACLEVAULT
2026-07-29 09:38:31.011 -05:00 [DBG] Heartbeat RISKWARDEN
2026-07-29 09:39:31.012 -05:00 [DBG] Heartbeat SYNAPSE
2026-07-29 09:39:31.012 -05:00 [DBG] Heartbeat TRADEWEAVER
2026-07-29 09:39:31.012 -05:00 [DBG] Heartbeat CASEBLADE
2026-07-29 09:39:31.012 -05:00 [DBG] Heartbeat PROX
2026-07-29 09:39:31.012 -05:00 [DBG] Heartbeat SENTINEL
2026-07-29 09:39:31.012 -05:00 [DBG] Heartbeat MARKETSCRYER
2026-07-29 09:39:31.012 -05:00 [DBG] Heartbeat SIGNALFORGE
2026-07-29 09:39:31.012 -05:00 [DBG] Heartbeat ORACLEVAULT
2026-07-29 09:39:31.012 -05:00 [DBG] Heartbeat RISKWARDEN
2026-07-29 09:40:31.012 -05:00 [DBG] Heartbeat SYNAPSE
2026-07-29 09:40:31.012 -05:00 [DBG] Heartbeat TRADEWEAVER
2026-07-29 09:40:31.012 -05:00 [DBG] Heartbeat CASEBLADE
2026-07-29 09:40:31.012 -05:00 [DBG] Heartbeat PROX
2026-07-29 09:40:31.012 -05:00 [DBG] Heartbeat SENTINEL
2026-07-29 09:40:31.012 -05:00 [DBG] Heartbeat MARKETSCRYER
2026-07-29 09:40:31.012 -05:00 [DBG] Heartbeat SIGNALFORGE
2026-07-29 09:40:31.012 -05:00 [DBG] Heartbeat ORACLEVAULT
2026-07-29 09:40:31.012 -05:00 [DBG] Heartbeat RISKWARDEN
2026-07-29 09:40:34.866 -05:00 [INF] PC health: C: 78% used, 10 recent errors
2026-07-29 09:41:31.013 -05:00 [DBG] Heartbeat SYNAPSE
2026-07-29 09:41:31.013 -05:00 [DBG] Heartbeat TRADEWEAVER
2026-07-29 09:41:31.013 -05:00 [DBG] Heartbeat CASEBLADE
2026-07-29 09:41:31.013 -05:00 [DBG] Heartbeat PROX
2026-07-29 09:41:31.013 -05:00 [DBG] Heartbeat SENTINEL
2026-07-29 09:41:31.013 -05:00 [DBG] Heartbeat MARKETSCRYER
2026-07-29 09:41:31.013 -05:00 [DBG] Heartbeat SIGNALFORGE
2026-07-29 09:41:31.013 -05:00 [DBG] Heartbeat ORACLEVAULT
2026-07-29 09:41:31.013 -05:00 [DBG] Heartbeat RISKWARDEN
2026-07-29 09:42:31.013 -05:00 [DBG] Heartbeat SYNAPSE
2026-07-29 09:42:31.013 -05:00 [DBG] Heartbeat TRADEWEAVER
2026-07-29 09:42:31.013 -05:00 [DBG] Heartbeat CASEBLADE
2026-07-29 09:42:31.013 -05:00 [DBG] Heartbeat PROX
2026-07-29 09:42:31.013 -05:00 [DBG] Heartbeat SENTINEL
2026-07-29 09:42:31.013 -05:00 [DBG] Heartbeat MARKETSCRYER
2026-07-29 09:42:31.013 -05:00 [DBG] Heartbeat SIGNALFORGE
2026-07-29 09:42:31.013 -05:00 [DBG] Heartbeat ORACLEVAULT
2026-07-29 09:42:31.013 -05:00 [DBG] Heartbeat RISKWARDEN
2026-07-29 09:43:31.013 -05:00 [DBG] Heartbeat SYNAPSE
2026-07-29 09:43:31.013 -05:00 [DBG] Heartbeat TRADEWEAVER
2026-07-29 09:43:31.013 -05:00 [DBG] Heartbeat CASEBLADE
2026-07-29 09:43:31.013 -05:00 [DBG] Heartbeat PROX
2026-07-29 09:43:31.013 -05:00 [DBG] Heartbeat SENTINEL
2026-07-29 09:43:31.013 -05:00 [DBG] Heartbeat MARKETSCRYER
2026-07-29 09:43:31.013 -05:00 [DBG] Heartbeat SIGNALFORGE
2026-07-29 09:43:31.013 -05:00 [DBG] Heartbeat ORACLEVAULT
2026-07-29 09:43:31.013 -05:00 [DBG] Heartbeat RISKWARDEN
2026-07-29 09:44:31.013 -05:00 [DBG] Heartbeat SYNAPSE
2026-07-29 09:44:31.013 -05:00 [DBG] Heartbeat TRADEWEAVER
2026-07-29 09:44:31.013 -05:00 [DBG] Heartbeat CASEBLADE
2026-07-29 09:44:31.013 -05:00 [DBG] Heartbeat PROX
2026-07-29 09:44:31.013 -05:00 [DBG] Heartbeat SENTINEL
2026-07-29 09:44:31.013 -05:00 [DBG] Heartbeat MARKETSCRYER
2026-07-29 09:44:31.013 -05:00 [DBG] Heartbeat SIGNALFORGE
2026-07-29 09:44:31.013 -05:00 [DBG] Heartbeat ORACLEVAULT
2026-07-29 09:44:31.013 -05:00 [DBG] Heartbeat RISKWARDEN
2026-07-29 09:45:31.013 -05:00 [DBG] Heartbeat SYNAPSE
2026-07-29 09:45:31.013 -05:00 [DBG] Heartbeat TRADEWEAVER
2026-07-29 09:45:31.013 -05:00 [DBG] Heartbeat CASEBLADE
2026-07-29 09:45:31.013 -05:00 [DBG] Heartbeat PROX
2026-07-29 09:45:31.013 -05:00 [DBG] Heartbeat SENTINEL
2026-07-29 09:45:31.013 -05:00 [DBG] Heartbeat MARKETSCRYER
2026-07-29 09:45:31.013 -05:00 [DBG] Heartbeat SIGNALFORGE
2026-07-29 09:45:31.013 -05:00 [DBG] Heartbeat ORACLEVAULT
2026-07-29 09:45:31.013 -05:00 [DBG] Heartbeat RISKWARDEN
2026-07-29 09:45:45.552 -05:00 [INF] PC health: C: 78% used, 10 recent errors
2026-07-29 09:46:31.013 -05:00 [DBG] Heartbeat SYNAPSE
2026-07-29 09:46:31.013 -05:00 [DBG] Heartbeat TRADEWEAVER
2026-07-29 09:46:31.013 -05:00 [DBG] Heartbeat CASEBLADE
2026-07-29 09:46:31.013 -05:00 [DBG] Heartbeat PROX
2026-07-29 09:46:31.013 -05:00 [DBG] Heartbeat SENTINEL
2026-07-29 09:46:31.013 -05:00 [DBG] Heartbeat MARKETSCRYER
2026-07-29 09:46:31.013 -05:00 [DBG] Heartbeat SIGNALFORGE
2026-07-29 09:46:31.013 -05:00 [DBG] Heartbeat ORACLEVAULT
2026-07-29 09:46:31.013 -05:00 [DBG] Heartbeat RISKWARDEN
2026-07-29 09:47:31.013 -05:00 [DBG] Heartbeat SYNAPSE
2026-07-29 09:47:31.013 -05:00 [DBG] Heartbeat TRADEWEAVER
2026-07-29 09:47:31.013 -05:00 [DBG] Heartbeat CASEBLADE
2026-07-29 09:47:31.013 -05:00 [DBG] Heartbeat PROX
2026-07-29 09:47:31.013 -05:00 [DBG] Heartbeat SENTINEL
2026-07-29 09:47:31.013 -05:00 [DBG] Heartbeat MARKETSCRYER
2026-07-29 09:47:31.013 -05:00 [DBG] Heartbeat SIGNALFORGE
2026-07-29 09:47:31.013 -05:00 [DBG] Heartbeat ORACLEVAULT
2026-07-29 09:47:31.013 -05:00 [DBG] Heartbeat RISKWARDEN
2026-07-29 09:48:31.013 -05:00 [DBG] Heartbeat SYNAPSE
2026-07-29 09:48:31.013 -05:00 [DBG] Heartbeat TRADEWEAVER
2026-07-29 09:48:31.013 -05:00 [DBG] Heartbeat CASEBLADE
2026-07-29 09:48:31.013 -05:00 [DBG] Heartbeat PROX
2026-07-29 09:48:31.013 -05:00 [DBG] Heartbeat SENTINEL
2026-07-29 09:48:31.013 -05:00 [DBG] Heartbeat MARKETSCRYER
2026-07-29 09:48:31.013 -05:00 [DBG] Heartbeat SIGNALFORGE
2026-07-29 09:48:31.013 -05:00 [DBG] Heartbeat ORACLEVAULT
2026-07-29 09:48:31.013 -05:00 [DBG] Heartbeat RISKWARDEN
2026-07-29 09:49:31.014 -05:00 [DBG] Heartbeat SYNAPSE
2026-07-29 09:49:31.014 -05:00 [DBG] Heartbeat TRADEWEAVER
2026-07-29 09:49:31.014 -05:00 [DBG] Heartbeat CASEBLADE
2026-07-29 09:49:31.014 -05:00 [DBG] Heartbeat PROX
2026-07-29 09:49:31.014 -05:00 [DBG] Heartbeat SENTINEL
2026-07-29 09:49:31.014 -05:00 [DBG] Heartbeat MARKETSCRYER
2026-07-29 09:49:31.014 -05:00 [DBG] Heartbeat SIGNALFORGE
2026-07-29 09:49:31.014 -05:00 [DBG] Heartbeat ORACLEVAULT
2026-07-29 09:49:31.014 -05:00 [DBG] Heartbeat RISKWARDEN
2026-07-29 09:50:31.014 -05:00 [DBG] Heartbeat SYNAPSE
2026-07-29 09:50:31.014 -05:00 [DBG] Heartbeat TRADEWEAVER
2026-07-29 09:50:31.014 -05:00 [DBG] Heartbeat CASEBLADE
2026-07-29 09:50:31.014 -05:00 [DBG] Heartbeat PROX
2026-07-29 09:50:31.014 -05:00 [DBG] Heartbeat SENTINEL
2026-07-29 09:50:31.014 -05:00 [DBG] Heartbeat MARKETSCRYER
2026-07-29 09:50:31.014 -05:00 [DBG] Heartbeat SIGNALFORGE
2026-07-29 09:50:31.014 -05:00 [DBG] Heartbeat ORACLEVAULT
2026-07-29 09:50:31.014 -05:00 [DBG] Heartbeat RISKWARDEN
2026-07-29 09:50:55.922 -05:00 [INF] PC health: C: 78% used, 10 recent errors
2026-07-29 09:51:31.014 -05:00 [DBG] Heartbeat SYNAPSE
2026-07-29 09:51:31.014 -05:00 [DBG] Heartbeat TRADEWEAVER
2026-07-29 09:51:31.014 -05:00 [DBG] Heartbeat CASEBLADE
2026-07-29 09:51:31.014 -05:00 [DBG] Heartbeat PROX
2026-07-29 09:51:31.014 -05:00 [DBG] Heartbeat SENTINEL
2026-07-29 09:51:31.014 -05:00 [DBG] Heartbeat MARKETSCRYER
2026-07-29 09:51:31.014 -05:00 [DBG] Heartbeat SIGNALFORGE
2026-07-29 09:51:31.014 -05:00 [DBG] Heartbeat ORACLEVAULT
2026-07-29 09:51:31.014 -05:00 [DBG] Heartbeat RISKWARDEN
2026-07-29 09:52:31.014 -05:00 [DBG] Heartbeat SYNAPSE
2026-07-29 09:52:31.014 -05:00 [DBG] Heartbeat TRADEWEAVER
2026-07-29 09:52:31.014 -05:00 [DBG] Heartbeat CASEBLADE
2026-07-29 09:52:31.014 -05:00 [DBG] Heartbeat PROX
2026-07-29 09:52:31.014 -05:00 [DBG] Heartbeat SENTINEL
2026-07-29 09:52:31.014 -05:00 [DBG] Heartbeat MARKETSCRYER
2026-07-29 09:52:31.014 -05:00 [DBG] Heartbeat SIGNALFORGE
2026-07-29 09:52:31.014 -05:00 [DBG] Heartbeat ORACLEVAULT
2026-07-29 09:52:31.014 -05:00 [DBG] Heartbeat RISKWARDEN
2026-07-29 09:53:31.015 -05:00 [DBG] Heartbeat SYNAPSE
2026-07-29 09:53:31.015 -05:00 [DBG] Heartbeat TRADEWEAVER
2026-07-29 09:53:31.015 -05:00 [DBG] Heartbeat CASEBLADE
2026-07-29 09:53:31.015 -05:00 [DBG] Heartbeat PROX
2026-07-29 09:53:31.015 -05:00 [DBG] Heartbeat SENTINEL
2026-07-29 09:53:31.015 -05:00 [DBG] Heartbeat MARKETSCRYER
2026-07-29 09:53:31.015 -05:00 [DBG] Heartbeat SIGNALFORGE
2026-07-29 09:53:31.015 -05:00 [DBG] Heartbeat ORACLEVAULT
2026-07-29 09:53:31.015 -05:00 [DBG] Heartbeat RISKWARDEN
2026-07-29 09:54:31.015 -05:00 [DBG] Heartbeat SYNAPSE
2026-07-29 09:54:31.015 -05:00 [DBG] Heartbeat TRADEWEAVER
2026-07-29 09:54:31.015 -05:00 [DBG] Heartbeat CASEBLADE
2026-07-29 09:54:31.015 -05:00 [DBG] Heartbeat PROX
2026-07-29 09:54:31.015 -05:00 [DBG] Heartbeat SENTINEL
2026-07-29 09:54:31.015 -05:00 [DBG] Heartbeat MARKETSCRYER
2026-07-29 09:54:31.015 -05:00 [DBG] Heartbeat SIGNALFORGE
2026-07-29 09:54:31.015 -05:00 [DBG] Heartbeat ORACLEVAULT
2026-07-29 09:54:31.015 -05:00 [DBG] Heartbeat RISKWARDEN
2026-07-29 09:55:31.015 -05:00 [DBG] Heartbeat SYNAPSE
2026-07-29 09:55:31.015 -05:00 [DBG] Heartbeat TRADEWEAVER
2026-07-29 09:55:31.015 -05:00 [DBG] Heartbeat CASEBLADE
2026-07-29 09:55:31.015 -05:00 [DBG] Heartbeat PROX
2026-07-29 09:55:31.015 -05:00 [DBG] Heartbeat SENTINEL
2026-07-29 09:55:31.015 -05:00 [DBG] Heartbeat MARKETSCRYER
2026-07-29 09:55:31.015 -05:00 [DBG] Heartbeat SIGNALFORGE
2026-07-29 09:55:31.015 -05:00 [DBG] Heartbeat ORACLEVAULT
2026-07-29 09:55:31.015 -05:00 [DBG] Heartbeat RISKWARDEN
2026-07-29 09:56:06.647 -05:00 [INF] PC health: C: 78% used, 10 recent errors
2026-07-29 09:56:31.015 -05:00 [DBG] Heartbeat SYNAPSE
2026-07-29 09:56:31.015 -05:00 [DBG] Heartbeat TRADEWEAVER
2026-07-29 09:56:31.015 -05:00 [DBG] Heartbeat CASEBLADE
2026-07-29 09:56:31.015 -05:00 [DBG] Heartbeat PROX
2026-07-29 09:56:31.015 -05:00 [DBG] Heartbeat SENTINEL
2026-07-29 09:56:31.015 -05:00 [DBG] Heartbeat MARKETSCRYER
2026-07-29 09:56:31.015 -05:00 [DBG] Heartbeat SIGNALFORGE
2026-07-29 09:56:31.015 -05:00 [DBG] Heartbeat ORACLEVAULT
2026-07-29 09:56:31.015 -05:00 [DBG] Heartbeat RISKWARDEN
2026-07-29 09:57:31.016 -05:00 [DBG] Heartbeat SYNAPSE
2026-07-29 09:57:31.016 -05:00 [DBG] Heartbeat TRADEWEAVER
2026-07-29 09:57:31.016 -05:00 [DBG] Heartbeat CASEBLADE
2026-07-29 09:57:31.016 -05:00 [DBG] Heartbeat PROX
2026-07-29 09:57:31.016 -05:00 [DBG] Heartbeat SENTINEL
2026-07-29 09:57:31.016 -05:00 [DBG] Heartbeat MARKETSCRYER
2026-07-29 09:57:31.016 -05:00 [DBG] Heartbeat SIGNALFORGE
2026-07-29 09:57:31.016 -05:00 [DBG] Heartbeat ORACLEVAULT
2026-07-29 09:57:31.016 -05:00 [DBG] Heartbeat RISKWARDEN
2026-07-29 09:58:31.016 -05:00 [DBG] Heartbeat SYNAPSE
2026-07-29 09:58:31.016 -05:00 [DBG] Heartbeat TRADEWEAVER
2026-07-29 09:58:31.016 -05:00 [DBG] Heartbeat CASEBLADE
2026-07-29 09:58:31.017 -05:00 [DBG] Heartbeat PROX
2026-07-29 09:58:31.017 -05:00 [DBG] Heartbeat SENTINEL
2026-07-29 09:58:31.017 -05:00 [DBG] Heartbeat MARKETSCRYER
2026-07-29 09:58:31.017 -05:00 [DBG] Heartbeat SIGNALFORGE
2026-07-29 09:58:31.017 -05:00 [DBG] Heartbeat ORACLEVAULT
2026-07-29 09:58:31.017 -05:00 [DBG] Heartbeat RISKWARDEN
2026-07-29 09:59:31.017 -05:00 [DBG] Heartbeat SYNAPSE
2026-07-29 09:59:31.017 -05:00 [DBG] Heartbeat TRADEWEAVER
2026-07-29 09:59:31.017 -05:00 [DBG] Heartbeat CASEBLADE
2026-07-29 09:59:31.017 -05:00 [DBG] Heartbeat PROX
2026-07-29 09:59:31.017 -05:00 [DBG] Heartbeat SENTINEL
2026-07-29 09:59:31.017 -05:00 [DBG] Heartbeat MARKETSCRYER
2026-07-29 09:59:31.017 -05:00 [DBG] Heartbeat SIGNALFORGE
2026-07-29 09:59:31.017 -05:00 [DBG] Heartbeat ORACLEVAULT
2026-07-29 09:59:31.017 -05:00 [DBG] Heartbeat RISKWARDEN
2026-07-29 10:00:31.018 -05:00 [DBG] Heartbeat SYNAPSE
2026-07-29 10:00:31.018 -05:00 [DBG] Heartbeat TRADEWEAVER
2026-07-29 10:00:31.018 -05:00 [DBG] Heartbeat CASEBLADE
2026-07-29 10:00:31.018 -05:00 [DBG] Heartbeat PROX
2026-07-29 10:00:31.018 -05:00 [DBG] Heartbeat SENTINEL
2026-07-29 10:00:31.018 -05:00 [DBG] Heartbeat MARKETSCRYER
2026-07-29 10:00:31.018 -05:00 [DBG] Heartbeat SIGNALFORGE
2026-07-29 10:00:31.018 -05:00 [DBG] Heartbeat ORACLEVAULT
2026-07-29 10:00:31.018 -05:00 [DBG] Heartbeat RISKWARDEN
2026-07-29 10:01:17.364 -05:00 [INF] PC health: C: 77.9% used, 10 recent errors
2026-07-29 10:01:31.018 -05:00 [DBG] Heartbeat SYNAPSE
2026-07-29 10:01:31.018 -05:00 [DBG] Heartbeat TRADEWEAVER
2026-07-29 10:01:31.018 -05:00 [DBG] Heartbeat CASEBLADE
2026-07-29 10:01:31.018 -05:00 [DBG] Heartbeat PROX
2026-07-29 10:01:31.018 -05:00 [DBG] Heartbeat SENTINEL
2026-07-29 10:01:31.018 -05:00 [DBG] Heartbeat MARKETSCRYER
2026-07-29 10:01:31.018 -05:00 [DBG] Heartbeat SIGNALFORGE
2026-07-29 10:01:31.018 -05:00 [DBG] Heartbeat ORACLEVAULT
2026-07-29 10:01:31.018 -05:00 [DBG] Heartbeat RISKWARDEN
2026-07-29 10:02:31.018 -05:00 [DBG] Heartbeat SYNAPSE
2026-07-29 10:02:31.018 -05:00 [DBG] Heartbeat TRADEWEAVER
2026-07-29 10:02:31.018 -05:00 [DBG] Heartbeat CASEBLADE
2026-07-29 10:02:31.018 -05:00 [DBG] Heartbeat PROX
2026-07-29 10:02:31.018 -05:00 [DBG] Heartbeat SENTINEL
2026-07-29 10:02:31.018 -05:00 [DBG] Heartbeat MARKETSCRYER
2026-07-29 10:02:31.018 -05:00 [DBG] Heartbeat SIGNALFORGE
2026-07-29 10:02:31.018 -05:00 [DBG] Heartbeat ORACLEVAULT
2026-07-29 10:02:31.018 -05:00 [DBG] Heartbeat RISKWARDEN
2026-07-29 10:03:31.019 -05:00 [DBG] Heartbeat SYNAPSE
2026-07-29 10:03:31.020 -05:00 [DBG] Heartbeat TRADEWEAVER
2026-07-29 10:03:31.020 -05:00 [DBG] Heartbeat CASEBLADE
2026-07-29 10:03:31.020 -05:00 [DBG] Heartbeat PROX
2026-07-29 10:03:31.020 -05:00 [DBG] Heartbeat SENTINEL
2026-07-29 10:03:31.020 -05:00 [DBG] Heartbeat MARKETSCRYER
2026-07-29 10:03:31.020 -05:00 [DBG] Heartbeat SIGNALFORGE
2026-07-29 10:03:31.020 -05:00 [DBG] Heartbeat ORACLEVAULT
2026-07-29 10:03:31.020 -05:00 [DBG] Heartbeat RISKWARDEN
2026-07-29 10:04:31.020 -05:00 [DBG] Heartbeat SYNAPSE
2026-07-29 10:04:31.020 -05:00 [DBG] Heartbeat TRADEWEAVER
2026-07-29 10:04:31.020 -05:00 [DBG] Heartbeat CASEBLADE
2026-07-29 10:04:31.020 -05:00 [DBG] Heartbeat PROX
2026-07-29 10:04:31.020 -05:00 [DBG] Heartbeat SENTINEL
2026-07-29 10:04:31.020 -05:00 [DBG] Heartbeat MARKETSCRYER
2026-07-29 10:04:31.020 -05:00 [DBG] Heartbeat SIGNALFORGE
2026-07-29 10:04:31.020 -05:00 [DBG] Heartbeat ORACLEVAULT
2026-07-29 10:04:31.020 -05:00 [DBG] Heartbeat RISKWARDEN
2026-07-29 10:05:31.021 -05:00 [DBG] Heartbeat SYNAPSE
2026-07-29 10:05:31.021 -05:00 [DBG] Heartbeat TRADEWEAVER
2026-07-29 10:05:31.021 -05:00 [DBG] Heartbeat CASEBLADE
2026-07-29 10:05:31.021 -05:00 [DBG] Heartbeat PROX
2026-07-29 10:05:31.021 -05:00 [DBG] Heartbeat SENTINEL
2026-07-29 10:05:31.021 -05:00 [DBG] Heartbeat MARKETSCRYER
2026-07-29 10:05:31.021 -05:00 [DBG] Heartbeat SIGNALFORGE
2026-07-29 10:05:31.021 -05:00 [DBG] Heartbeat ORACLEVAULT
2026-07-29 10:05:31.021 -05:00 [DBG] Heartbeat RISKWARDEN
2026-07-29 10:06:28.048 -05:00 [INF] PC health: C: 77.9% used, 10 recent errors
2026-07-29 10:06:31.022 -05:00 [DBG] Heartbeat SYNAPSE
2026-07-29 10:06:31.022 -05:00 [DBG] Heartbeat TRADEWEAVER
2026-07-29 10:06:31.022 -05:00 [DBG] Heartbeat CASEBLADE
2026-07-29 10:06:31.022 -05:00 [DBG] Heartbeat PROX
2026-07-29 10:06:31.022 -05:00 [DBG] Heartbeat SENTINEL
2026-07-29 10:06:31.022 -05:00 [DBG] Heartbeat MARKETSCRYER
2026-07-29 10:06:31.022 -05:00 [DBG] Heartbeat SIGNALFORGE
2026-07-29 10:06:31.022 -05:00 [DBG] Heartbeat ORACLEVAULT
2026-07-29 10:06:31.022 -05:00 [DBG] Heartbeat RISKWARDEN
2026-07-29 10:07:31.022 -05:00 [DBG] Heartbeat SYNAPSE
2026-07-29 10:07:31.022 -05:00 [DBG] Heartbeat TRADEWEAVER
2026-07-29 10:07:31.022 -05:00 [DBG] Heartbeat CASEBLADE
2026-07-29 10:07:31.022 -05:00 [DBG] Heartbeat PROX
2026-07-29 10:07:31.022 -05:00 [DBG] Heartbeat SENTINEL
2026-07-29 10:07:31.022 -05:00 [DBG] Heartbeat MARKETSCRYER
2026-07-29 10:07:31.022 -05:00 [DBG] Heartbeat SIGNALFORGE
2026-07-29 10:07:31.022 -05:00 [DBG] Heartbeat ORACLEVAULT
2026-07-29 10:07:31.022 -05:00 [DBG] Heartbeat RISKWARDEN
2026-07-29 10:08:31.023 -05:00 [DBG] Heartbeat SYNAPSE
2026-07-29 10:08:31.023 -05:00 [DBG] Heartbeat TRADEWEAVER
2026-07-29 10:08:31.023 -05:00 [DBG] Heartbeat CASEBLADE
2026-07-29 10:08:31.023 -05:00 [DBG] Heartbeat PROX
2026-07-29 10:08:31.023 -05:00 [DBG] Heartbeat SENTINEL
2026-07-29 10:08:31.023 -05:00 [DBG] Heartbeat MARKETSCRYER
2026-07-29 10:08:31.023 -05:00 [DBG] Heartbeat SIGNALFORGE
2026-07-29 10:08:31.023 -05:00 [DBG] Heartbeat ORACLEVAULT
2026-07-29 10:08:31.023 -05:00 [DBG] Heartbeat RISKWARDEN
2026-07-29 10:09:31.023 -05:00 [DBG] Heartbeat SYNAPSE
2026-07-29 10:09:31.023 -05:00 [DBG] Heartbeat TRADEWEAVER
2026-07-29 10:09:31.023 -05:00 [DBG] Heartbeat CASEBLADE
2026-07-29 10:09:31.023 -05:00 [DBG] Heartbeat PROX
2026-07-29 10:09:31.023 -05:00 [DBG] Heartbeat SENTINEL
2026-07-29 10:09:31.023 -05:00 [DBG] Heartbeat MARKETSCRYER
2026-07-29 10:09:31.023 -05:00 [DBG] Heartbeat SIGNALFORGE
2026-07-29 10:09:31.156 -05:00 [DBG] Heartbeat ORACLEVAULT
2026-07-29 10:09:31.156 -05:00 [DBG] Heartbeat RISKWARDEN
2026-07-29 10:10:31.156 -05:00 [DBG] Heartbeat SYNAPSE
2026-07-29 10:10:31.156 -05:00 [DBG] Heartbeat TRADEWEAVER
2026-07-29 10:10:31.156 -05:00 [DBG] Heartbeat CASEBLADE
2026-07-29 10:10:31.156 -05:00 [DBG] Heartbeat PROX
2026-07-29 10:10:31.156 -05:00 [DBG] Heartbeat SENTINEL
2026-07-29 10:10:31.156 -05:00 [DBG] Heartbeat MARKETSCRYER
2026-07-29 10:10:31.156 -05:00 [DBG] Heartbeat SIGNALFORGE
2026-07-29 10:10:31.156 -05:00 [DBG] Heartbeat ORACLEVAULT
2026-07-29 10:10:31.156 -05:00 [DBG] Heartbeat RISKWARDEN
2026-07-29 10:11:31.157 -05:00 [DBG] Heartbeat SYNAPSE
2026-07-29 10:11:31.157 -05:00 [DBG] Heartbeat TRADEWEAVER
2026-07-29 10:11:31.157 -05:00 [DBG] Heartbeat CASEBLADE
2026-07-29 10:11:31.157 -05:00 [DBG] Heartbeat PROX
2026-07-29 10:11:31.157 -05:00 [DBG] Heartbeat SENTINEL
2026-07-29 10:11:31.157 -05:00 [DBG] Heartbeat MARKETSCRYER
2026-07-29 10:11:31.157 -05:00 [DBG] Heartbeat SIGNALFORGE
2026-07-29 10:11:31.157 -05:00 [DBG] Heartbeat ORACLEVAULT
2026-07-29 10:11:31.157 -05:00 [DBG] Heartbeat RISKWARDEN
2026-07-29 10:11:38.720 -05:00 [INF] PC health: C: 77.9% used, 10 recent errors
2026-07-29 10:12:31.157 -05:00 [DBG] Heartbeat SYNAPSE
2026-07-29 10:12:31.157 -05:00 [DBG] Heartbeat TRADEWEAVER
2026-07-29 10:12:31.157 -05:00 [DBG] Heartbeat CASEBLADE
2026-07-29 10:12:31.157 -05:00 [DBG] Heartbeat PROX
2026-07-29 10:12:31.157 -05:00 [DBG] Heartbeat SENTINEL
2026-07-29 10:12:31.157 -05:00 [DBG] Heartbeat MARKETSCRYER
2026-07-29 10:12:31.157 -05:00 [DBG] Heartbeat SIGNALFORGE
2026-07-29 10:12:31.157 -05:00 [DBG] Heartbeat ORACLEVAULT
2026-07-29 10:12:31.157 -05:00 [DBG] Heartbeat RISKWARDEN
2026-07-29 10:13:31.157 -05:00 [DBG] Heartbeat SYNAPSE
2026-07-29 10:13:31.157 -05:00 [DBG] Heartbeat TRADEWEAVER
2026-07-29 10:13:31.157 -05:00 [DBG] Heartbeat CASEBLADE
2026-07-29 10:13:31.157 -05:00 [DBG] Heartbeat PROX
2026-07-29 10:13:31.157 -05:00 [DBG] Heartbeat SENTINEL
2026-07-29 10:13:31.157 -05:00 [DBG] Heartbeat MARKETSCRYER
2026-07-29 10:13:31.157 -05:00 [DBG] Heartbeat SIGNALFORGE
2026-07-29 10:13:31.157 -05:00 [DBG] Heartbeat ORACLEVAULT
2026-07-29 10:13:31.157 -05:00 [DBG] Heartbeat RISKWARDEN
2026-07-29 10:14:31.157 -05:00 [DBG] Heartbeat SYNAPSE
2026-07-29 10:14:31.157 -05:00 [DBG] Heartbeat TRADEWEAVER
2026-07-29 10:14:31.157 -05:00 [DBG] Heartbeat CASEBLADE
2026-07-29 10:14:31.157 -05:00 [DBG] Heartbeat PROX
2026-07-29 10:14:31.157 -05:00 [DBG] Heartbeat SENTINEL
2026-07-29 10:14:31.157 -05:00 [DBG] Heartbeat MARKETSCRYER
2026-07-29 10:14:31.157 -05:00 [DBG] Heartbeat SIGNALFORGE
2026-07-29 10:14:31.157 -05:00 [DBG] Heartbeat ORACLEVAULT
2026-07-29 10:14:31.157 -05:00 [DBG] Heartbeat RISKWARDEN
2026-07-29 10:15:31.158 -05:00 [DBG] Heartbeat SYNAPSE
2026-07-29 10:15:31.158 -05:00 [DBG] Heartbeat TRADEWEAVER
2026-07-29 10:15:31.158 -05:00 [DBG] Heartbeat CASEBLADE
2026-07-29 10:15:31.158 -05:00 [DBG] Heartbeat PROX
2026-07-29 10:15:31.158 -05:00 [DBG] Heartbeat SENTINEL
2026-07-29 10:15:31.158 -05:00 [DBG] Heartbeat MARKETSCRYER
2026-07-29 10:15:31.158 -05:00 [DBG] Heartbeat SIGNALFORGE
2026-07-29 10:15:31.158 -05:00 [DBG] Heartbeat ORACLEVAULT
2026-07-29 10:15:31.158 -05:00 [DBG] Heartbeat RISKWARDEN
2026-07-29 10:16:31.159 -05:00 [DBG] Heartbeat SYNAPSE
2026-07-29 10:16:31.159 -05:00 [DBG] Heartbeat TRADEWEAVER
2026-07-29 10:16:31.159 -05:00 [DBG] Heartbeat CASEBLADE
2026-07-29 10:16:31.159 -05:00 [DBG] Heartbeat PROX
2026-07-29 10:16:31.159 -05:00 [DBG] Heartbeat SENTINEL
2026-07-29 10:16:31.159 -05:00 [DBG] Heartbeat MARKETSCRYER
2026-07-29 10:16:31.159 -05:00 [DBG] Heartbeat SIGNALFORGE
2026-07-29 10:16:31.159 -05:00 [DBG] Heartbeat ORACLEVAULT
2026-07-29 10:16:31.159 -05:00 [DBG] Heartbeat RISKWARDEN
2026-07-29 10:16:49.471 -05:00 [INF] PC health: C: 77.9% used, 10 recent errors
2026-07-29 10:17:31.160 -05:00 [DBG] Heartbeat SYNAPSE
2026-07-29 10:17:31.160 -05:00 [DBG] Heartbeat TRADEWEAVER
2026-07-29 10:17:31.160 -05:00 [DBG] Heartbeat CASEBLADE
2026-07-29 10:17:31.160 -05:00 [DBG] Heartbeat PROX
2026-07-29 10:17:31.160 -05:00 [DBG] Heartbeat SENTINEL
2026-07-29 10:17:31.160 -05:00 [DBG] Heartbeat MARKETSCRYER
2026-07-29 10:17:31.160 -05:00 [DBG] Heartbeat SIGNALFORGE
2026-07-29 10:17:31.160 -05:00 [DBG] Heartbeat ORACLEVAULT
2026-07-29 10:17:31.160 -05:00 [DBG] Heartbeat RISKWARDEN
2026-07-29 10:18:31.160 -05:00 [DBG] Heartbeat SYNAPSE
2026-07-29 10:18:31.160 -05:00 [DBG] Heartbeat TRADEWEAVER
2026-07-29 10:18:31.160 -05:00 [DBG] Heartbeat CASEBLADE
2026-07-29 10:18:31.160 -05:00 [DBG] Heartbeat PROX
2026-07-29 10:18:31.160 -05:00 [DBG] Heartbeat SENTINEL
2026-07-29 10:18:31.160 -05:00 [DBG] Heartbeat MARKETSCRYER
2026-07-29 10:18:31.160 -05:00 [DBG] Heartbeat SIGNALFORGE
2026-07-29 10:18:31.160 -05:00 [DBG] Heartbeat ORACLEVAULT
2026-07-29 10:18:31.160 -05:00 [DBG] Heartbeat RISKWARDEN
2026-07-29 10:19:31.160 -05:00 [DBG] Heartbeat SYNAPSE
2026-07-29 10:19:31.160 -05:00 [DBG] Heartbeat TRADEWEAVER
2026-07-29 10:19:31.160 -05:00 [DBG] Heartbeat CASEBLADE
2026-07-29 10:19:31.160 -05:00 [DBG] Heartbeat PROX
2026-07-29 10:19:31.160 -05:00 [DBG] Heartbeat SENTINEL
2026-07-29 10:19:31.160 -05:00 [DBG] Heartbeat MARKETSCRYER
2026-07-29 10:19:31.160 -05:00 [DBG] Heartbeat SIGNALFORGE
2026-07-29 10:19:31.160 -05:00 [DBG] Heartbeat ORACLEVAULT
2026-07-29 10:19:31.160 -05:00 [DBG] Heartbeat RISKWARDEN
2026-07-29 10:20:31.160 -05:00 [DBG] Heartbeat SYNAPSE
2026-07-29 10:20:31.160 -05:00 [DBG] Heartbeat TRADEWEAVER
2026-07-29 10:20:31.160 -05:00 [DBG] Heartbeat CASEBLADE
2026-07-29 10:20:31.160 -05:00 [DBG] Heartbeat PROX
2026-07-29 10:20:31.160 -05:00 [DBG] Heartbeat SENTINEL
2026-07-29 10:20:31.160 -05:00 [DBG] Heartbeat MARKETSCRYER
2026-07-29 10:20:31.160 -05:00 [DBG] Heartbeat SIGNALFORGE
2026-07-29 10:20:31.160 -05:00 [DBG] Heartbeat ORACLEVAULT
2026-07-29 10:20:31.160 -05:00 [DBG] Heartbeat RISKWARDEN
2026-07-29 10:21:31.161 -05:00 [DBG] Heartbeat SYNAPSE
2026-07-29 10:21:31.161 -05:00 [DBG] Heartbeat TRADEWEAVER
2026-07-29 10:21:31.161 -05:00 [DBG] Heartbeat CASEBLADE
2026-07-29 10:21:31.161 -05:00 [DBG] Heartbeat PROX
2026-07-29 10:21:31.161 -05:00 [DBG] Heartbeat SENTINEL
2026-07-29 10:21:31.161 -05:00 [DBG] Heartbeat MARKETSCRYER
2026-07-29 10:21:31.161 -05:00 [DBG] Heartbeat SIGNALFORGE
2026-07-29 10:21:31.161 -05:00 [DBG] Heartbeat ORACLEVAULT
2026-07-29 10:21:31.161 -05:00 [DBG] Heartbeat RISKWARDEN
2026-07-29 10:22:00.119 -05:00 [INF] PC health: C: 77.9% used, 10 recent errors
2026-07-29 10:22:31.161 -05:00 [DBG] Heartbeat SYNAPSE
2026-07-29 10:22:31.161 -05:00 [DBG] Heartbeat TRADEWEAVER
2026-07-29 10:22:31.161 -05:00 [DBG] Heartbeat CASEBLADE
2026-07-29 10:22:31.161 -05:00 [DBG] Heartbeat PROX
2026-07-29 10:22:31.161 -05:00 [DBG] Heartbeat SENTINEL
2026-07-29 10:22:31.161 -05:00 [DBG] Heartbeat MARKETSCRYER
2026-07-29 10:22:31.161 -05:00 [DBG] Heartbeat SIGNALFORGE
2026-07-29 10:22:31.161 -05:00 [DBG] Heartbeat ORACLEVAULT
2026-07-29 10:22:31.161 -05:00 [DBG] Heartbeat RISKWARDEN
2026-07-29 10:23:31.162 -05:00 [DBG] Heartbeat SYNAPSE
2026-07-29 10:23:31.162 -05:00 [DBG] Heartbeat TRADEWEAVER
2026-07-29 10:23:31.162 -05:00 [DBG] Heartbeat CASEBLADE
2026-07-29 10:23:31.162 -05:00 [DBG] Heartbeat PROX
2026-07-29 10:23:31.162 -05:00 [DBG] Heartbeat SENTINEL
2026-07-29 10:23:31.162 -05:00 [DBG] Heartbeat MARKETSCRYER
2026-07-29 10:23:31.162 -05:00 [DBG] Heartbeat SIGNALFORGE
2026-07-29 10:23:31.162 -05:00 [DBG] Heartbeat ORACLEVAULT
2026-07-29 10:23:31.162 -05:00 [DBG] Heartbeat RISKWARDEN
2026-07-29 10:24:31.163 -05:00 [DBG] Heartbeat SYNAPSE
2026-07-29 10:24:31.163 -05:00 [DBG] Heartbeat TRADEWEAVER
2026-07-29 10:24:31.163 -05:00 [DBG] Heartbeat CASEBLADE
2026-07-29 10:24:31.163 -05:00 [DBG] Heartbeat PROX
2026-07-29 10:24:31.163 -05:00 [DBG] Heartbeat SENTINEL
2026-07-29 10:24:31.163 -05:00 [DBG] Heartbeat MARKETSCRYER
2026-07-29 10:24:31.163 -05:00 [DBG] Heartbeat SIGNALFORGE
2026-07-29 10:24:31.163 -05:00 [DBG] Heartbeat ORACLEVAULT
2026-07-29 10:24:31.163 -05:00 [DBG] Heartbeat RISKWARDEN
2026-07-29 10:25:31.163 -05:00 [DBG] Heartbeat SYNAPSE
2026-07-29 10:25:31.164 -05:00 [DBG] Heartbeat TRADEWEAVER
2026-07-29 10:25:31.164 -05:00 [DBG] Heartbeat CASEBLADE
2026-07-29 10:25:31.164 -05:00 [DBG] Heartbeat PROX
2026-07-29 10:25:31.164 -05:00 [DBG] Heartbeat SENTINEL
2026-07-29 10:25:31.164 -05:00 [DBG] Heartbeat MARKETSCRYER
2026-07-29 10:25:31.164 -05:00 [DBG] Heartbeat SIGNALFORGE
2026-07-29 10:25:31.164 -05:00 [DBG] Heartbeat ORACLEVAULT
2026-07-29 10:25:31.164 -05:00 [DBG] Heartbeat RISKWARDEN
2026-07-29 10:26:31.164 -05:00 [DBG] Heartbeat SYNAPSE
2026-07-29 10:26:31.164 -05:00 [DBG] Heartbeat TRADEWEAVER
2026-07-29 10:26:31.164 -05:00 [DBG] Heartbeat CASEBLADE
2026-07-29 10:26:31.164 -05:00 [DBG] Heartbeat PROX
2026-07-29 10:26:31.164 -05:00 [DBG] Heartbeat SENTINEL
2026-07-29 10:26:31.164 -05:00 [DBG] Heartbeat MARKETSCRYER
2026-07-29 10:26:31.164 -05:00 [DBG] Heartbeat SIGNALFORGE
2026-07-29 10:26:31.164 -05:00 [DBG] Heartbeat ORACLEVAULT
2026-07-29 10:26:31.164 -05:00 [DBG] Heartbeat RISKWARDEN
2026-07-29 10:27:10.831 -05:00 [INF] PC health: C: 77.9% used, 10 recent errors
2026-07-29 10:27:31.164 -05:00 [DBG] Heartbeat SYNAPSE
2026-07-29 10:27:31.164 -05:00 [DBG] Heartbeat TRADEWEAVER
2026-07-29 10:27:31.164 -05:00 [DBG] Heartbeat CASEBLADE
2026-07-29 10:27:31.164 -05:00 [DBG] Heartbeat PROX
2026-07-29 10:27:31.164 -05:00 [DBG] Heartbeat SENTINEL
2026-07-29 10:27:31.164 -05:00 [DBG] Heartbeat MARKETSCRYER
2026-07-29 10:27:31.164 -05:00 [DBG] Heartbeat SIGNALFORGE
2026-07-29 10:27:31.164 -05:00 [DBG] Heartbeat ORACLEVAULT
2026-07-29 10:27:31.164 -05:00 [DBG] Heartbeat RISKWARDEN
2026-07-29 10:28:31.164 -05:00 [DBG] Heartbeat SYNAPSE
2026-07-29 10:28:31.164 -05:00 [DBG] Heartbeat TRADEWEAVER
2026-07-29 10:28:31.164 -05:00 [DBG] Heartbeat CASEBLADE
2026-07-29 10:28:31.164 -05:00 [DBG] Heartbeat PROX
2026-07-29 10:28:31.164 -05:00 [DBG] Heartbeat SENTINEL
2026-07-29 10:28:31.164 -05:00 [DBG] Heartbeat MARKETSCRYER
2026-07-29 10:28:31.164 -05:00 [DBG] Heartbeat SIGNALFORGE
2026-07-29 10:28:31.164 -05:00 [DBG] Heartbeat ORACLEVAULT
2026-07-29 10:28:31.164 -05:00 [DBG] Heartbeat RISKWARDEN
2026-07-29 10:29:31.165 -05:00 [DBG] Heartbeat SYNAPSE
2026-07-29 10:29:31.165 -05:00 [DBG] Heartbeat TRADEWEAVER
2026-07-29 10:29:31.165 -05:00 [DBG] Heartbeat CASEBLADE
2026-07-29 10:29:31.165 -05:00 [DBG] Heartbeat PROX
2026-07-29 10:29:31.165 -05:00 [DBG] Heartbeat SENTINEL
2026-07-29 10:29:31.165 -05:00 [DBG] Heartbeat MARKETSCRYER
2026-07-29 10:29:31.165 -05:00 [DBG] Heartbeat SIGNALFORGE
2026-07-29 10:29:31.165 -05:00 [DBG] Heartbeat ORACLEVAULT
2026-07-29 10:29:31.165 -05:00 [DBG] Heartbeat RISKWARDEN
2026-07-29 10:30:31.166 -05:00 [DBG] Heartbeat SYNAPSE
2026-07-29 10:30:31.166 -05:00 [DBG] Heartbeat TRADEWEAVER
2026-07-29 10:30:31.166 -05:00 [DBG] Heartbeat CASEBLADE
2026-07-29 10:30:31.166 -05:00 [DBG] Heartbeat PROX
2026-07-29 10:30:31.166 -05:00 [DBG] Heartbeat SENTINEL
2026-07-29 10:30:31.166 -05:00 [DBG] Heartbeat MARKETSCRYER
2026-07-29 10:30:31.166 -05:00 [DBG] Heartbeat SIGNALFORGE
2026-07-29 10:30:31.166 -05:00 [DBG] Heartbeat ORACLEVAULT
2026-07-29 10:30:31.166 -05:00 [DBG] Heartbeat RISKWARDEN
2026-07-29 10:31:31.166 -05:00 [DBG] Heartbeat SYNAPSE
2026-07-29 10:31:31.166 -05:00 [DBG] Heartbeat TRADEWEAVER
2026-07-29 10:31:31.166 -05:00 [DBG] Heartbeat CASEBLADE
2026-07-29 10:31:31.166 -05:00 [DBG] Heartbeat PROX
2026-07-29 10:31:31.166 -05:00 [DBG] Heartbeat SENTINEL
2026-07-29 10:31:31.166 -05:00 [DBG] Heartbeat MARKETSCRYER
2026-07-29 10:31:31.166 -05:00 [DBG] Heartbeat SIGNALFORGE
2026-07-29 10:31:31.166 -05:00 [DBG] Heartbeat ORACLEVAULT
2026-07-29 10:31:31.166 -05:00 [DBG] Heartbeat RISKWARDEN
2026-07-29 10:32:21.522 -05:00 [INF] PC health: C: 77.9% used, 10 recent errors
2026-07-29 10:32:31.167 -05:00 [DBG] Heartbeat SYNAPSE
2026-07-29 10:32:31.167 -05:00 [DBG] Heartbeat TRADEWEAVER
2026-07-29 10:32:31.167 -05:00 [DBG] Heartbeat CASEBLADE
2026-07-29 10:32:31.167 -05:00 [DBG] Heartbeat PROX
2026-07-29 10:32:31.167 -05:00 [DBG] Heartbeat SENTINEL
2026-07-29 10:32:31.167 -05:00 [DBG] Heartbeat MARKETSCRYER
2026-07-29 10:32:31.167 -05:00 [DBG] Heartbeat SIGNALFORGE
2026-07-29 10:32:31.167 -05:00 [DBG] Heartbeat ORACLEVAULT
2026-07-29 10:32:31.167 -05:00 [DBG] Heartbeat RISKWARDEN
2026-07-29 10:33:31.167 -05:00 [DBG] Heartbeat SYNAPSE
2026-07-29 10:33:31.167 -05:00 [DBG] Heartbeat TRADEWEAVER
2026-07-29 10:33:31.167 -05:00 [DBG] Heartbeat CASEBLADE
2026-07-29 10:33:31.167 -05:00 [DBG] Heartbeat PROX
2026-07-29 10:33:31.167 -05:00 [DBG] Heartbeat SENTINEL
2026-07-29 10:33:31.167 -05:00 [DBG] Heartbeat MARKETSCRYER
2026-07-29 10:33:31.167 -05:00 [DBG] Heartbeat SIGNALFORGE
2026-07-29 10:33:31.167 -05:00 [DBG] Heartbeat ORACLEVAULT
2026-07-29 10:33:31.167 -05:00 [DBG] Heartbeat RISKWARDEN
2026-07-29 10:34:31.167 -05:00 [DBG] Heartbeat SYNAPSE
2026-07-29 10:34:31.167 -05:00 [DBG] Heartbeat TRADEWEAVER
2026-07-29 10:34:31.167 -05:00 [DBG] Heartbeat CASEBLADE
2026-07-29 10:34:31.167 -05:00 [DBG] Heartbeat PROX
2026-07-29 10:34:31.167 -05:00 [DBG] Heartbeat SENTINEL
2026-07-29 10:34:31.167 -05:00 [DBG] Heartbeat MARKETSCRYER
2026-07-29 10:34:31.167 -05:00 [DBG] Heartbeat SIGNALFORGE
2026-07-29 10:34:31.167 -05:00 [DBG] Heartbeat ORACLEVAULT
2026-07-29 10:34:31.167 -05:00 [DBG] Heartbeat RISKWARDEN
2026-07-29 10:35:31.168 -05:00 [DBG] Heartbeat SYNAPSE
2026-07-29 10:35:31.168 -05:00 [DBG] Heartbeat TRADEWEAVER
2026-07-29 10:35:31.168 -05:00 [DBG] Heartbeat CASEBLADE
2026-07-29 10:35:31.168 -05:00 [DBG] Heartbeat PROX
2026-07-29 10:35:31.168 -05:00 [DBG] Heartbeat SENTINEL
2026-07-29 10:35:31.168 -05:00 [DBG] Heartbeat MARKETSCRYER
2026-07-29 10:35:31.168 -05:00 [DBG] Heartbeat SIGNALFORGE
2026-07-29 10:35:31.168 -05:00 [DBG] Heartbeat ORACLEVAULT
2026-07-29 10:35:31.168 -05:00 [DBG] Heartbeat RISKWARDEN
2026-07-29 10:36:31.168 -05:00 [DBG] Heartbeat SYNAPSE
2026-07-29 10:36:31.168 -05:00 [DBG] Heartbeat TRADEWEAVER
2026-07-29 10:36:31.168 -05:00 [DBG] Heartbeat CASEBLADE
2026-07-29 10:36:31.168 -05:00 [DBG] Heartbeat PROX
2026-07-29 10:36:31.168 -05:00 [DBG] Heartbeat SENTINEL
2026-07-29 10:36:31.168 -05:00 [DBG] Heartbeat MARKETSCRYER
2026-07-29 10:36:31.168 -05:00 [DBG] Heartbeat SIGNALFORGE
2026-07-29 10:36:31.168 -05:00 [DBG] Heartbeat ORACLEVAULT
2026-07-29 10:36:31.168 -05:00 [DBG] Heartbeat RISKWARDEN
2026-07-29 10:37:31.168 -05:00 [DBG] Heartbeat SYNAPSE
2026-07-29 10:37:31.168 -05:00 [DBG] Heartbeat TRADEWEAVER
2026-07-29 10:37:31.168 -05:00 [DBG] Heartbeat CASEBLADE
2026-07-29 10:37:31.168 -05:00 [DBG] Heartbeat PROX
2026-07-29 10:37:31.168 -05:00 [DBG] Heartbeat SENTINEL
2026-07-29 10:37:31.168 -05:00 [DBG] Heartbeat MARKETSCRYER
2026-07-29 10:37:31.168 -05:00 [DBG] Heartbeat SIGNALFORGE
2026-07-29 10:37:31.168 -05:00 [DBG] Heartbeat ORACLEVAULT
2026-07-29 10:37:31.168 -05:00 [DBG] Heartbeat RISKWARDEN
2026-07-29 10:37:32.169 -05:00 [INF] PC health: C: 78% used, 10 recent errors
2026-07-29 10:38:31.170 -05:00 [DBG] Heartbeat SYNAPSE
2026-07-29 10:38:31.170 -05:00 [DBG] Heartbeat TRADEWEAVER
2026-07-29 10:38:31.170 -05:00 [DBG] Heartbeat CASEBLADE
2026-07-29 10:38:31.170 -05:00 [DBG] Heartbeat PROX
2026-07-29 10:38:31.170 -05:00 [DBG] Heartbeat SENTINEL
2026-07-29 10:38:31.170 -05:00 [DBG] Heartbeat MARKETSCRYER
2026-07-29 10:38:31.170 -05:00 [DBG] Heartbeat SIGNALFORGE
2026-07-29 10:38:31.170 -05:00 [DBG] Heartbeat ORACLEVAULT
2026-07-29 10:38:31.170 -05:00 [DBG] Heartbeat RISKWARDEN
2026-07-29 10:39:31.170 -05:00 [DBG] Heartbeat SYNAPSE
2026-07-29 10:39:31.170 -05:00 [DBG] Heartbeat TRADEWEAVER
2026-07-29 10:39:31.170 -05:00 [DBG] Heartbeat CASEBLADE
2026-07-29 10:39:31.170 -05:00 [DBG] Heartbeat PROX
2026-07-29 10:39:31.170 -05:00 [DBG] Heartbeat SENTINEL
2026-07-29 10:39:31.170 -05:00 [DBG] Heartbeat MARKETSCRYER
2026-07-29 10:39:31.170 -05:00 [DBG] Heartbeat SIGNALFORGE
2026-07-29 10:39:31.170 -05:00 [DBG] Heartbeat ORACLEVAULT
2026-07-29 10:39:31.170 -05:00 [DBG] Heartbeat RISKWARDEN
2026-07-29 10:40:31.170 -05:00 [DBG] Heartbeat SYNAPSE
2026-07-29 10:40:31.170 -05:00 [DBG] Heartbeat TRADEWEAVER
2026-07-29 10:40:31.170 -05:00 [DBG] Heartbeat CASEBLADE
2026-07-29 10:40:31.170 -05:00 [DBG] Heartbeat PROX
2026-07-29 10:40:31.170 -05:00 [DBG] Heartbeat SENTINEL
2026-07-29 10:40:31.170 -05:00 [DBG] Heartbeat MARKETSCRYER
2026-07-29 10:40:31.170 -05:00 [DBG] Heartbeat SIGNALFORGE
2026-07-29 10:40:31.170 -05:00 [DBG] Heartbeat ORACLEVAULT
2026-07-29 10:40:31.170 -05:00 [DBG] Heartbeat RISKWARDEN
2026-07-29 10:41:31.171 -05:00 [DBG] Heartbeat SYNAPSE
2026-07-29 10:41:31.171 -05:00 [DBG] Heartbeat TRADEWEAVER
2026-07-29 10:41:31.171 -05:00 [DBG] Heartbeat CASEBLADE
2026-07-29 10:41:31.171 -05:00 [DBG] Heartbeat PROX
2026-07-29 10:41:31.171 -05:00 [DBG] Heartbeat SENTINEL
2026-07-29 10:41:31.171 -05:00 [DBG] Heartbeat MARKETSCRYER
2026-07-29 10:41:31.171 -05:00 [DBG] Heartbeat SIGNALFORGE
2026-07-29 10:41:31.171 -05:00 [DBG] Heartbeat ORACLEVAULT
2026-07-29 10:41:31.171 -05:00 [DBG] Heartbeat RISKWARDEN
2026-07-29 10:42:31.171 -05:00 [DBG] Heartbeat SYNAPSE
2026-07-29 10:42:31.171 -05:00 [DBG] Heartbeat TRADEWEAVER
2026-07-29 10:42:31.171 -05:00 [DBG] Heartbeat CASEBLADE
2026-07-29 10:42:31.171 -05:00 [DBG] Heartbeat PROX
2026-07-29 10:42:31.171 -05:00 [DBG] Heartbeat SENTINEL
2026-07-29 10:42:31.171 -05:00 [DBG] Heartbeat MARKETSCRYER
2026-07-29 10:42:31.171 -05:00 [DBG] Heartbeat SIGNALFORGE
2026-07-29 10:42:31.171 -05:00 [DBG] Heartbeat ORACLEVAULT
2026-07-29 10:42:31.171 -05:00 [DBG] Heartbeat RISKWARDEN
2026-07-29 10:42:42.902 -05:00 [INF] PC health: C: 78% used, 10 recent errors
2026-07-29 10:43:31.172 -05:00 [DBG] Heartbeat SYNAPSE
2026-07-29 10:43:31.172 -05:00 [DBG] Heartbeat TRADEWEAVER
2026-07-29 10:43:31.172 -05:00 [DBG] Heartbeat CASEBLADE
2026-07-29 10:43:31.172 -05:00 [DBG] Heartbeat PROX
2026-07-29 10:43:31.172 -05:00 [DBG] Heartbeat SENTINEL
2026-07-29 10:43:31.172 -05:00 [DBG] Heartbeat MARKETSCRYER
2026-07-29 10:43:31.172 -05:00 [DBG] Heartbeat SIGNALFORGE
2026-07-29 10:43:31.172 -05:00 [DBG] Heartbeat ORACLEVAULT
2026-07-29 10:43:31.172 -05:00 [DBG] Heartbeat RISKWARDEN
2026-07-29 10:44:31.172 -05:00 [DBG] Heartbeat SYNAPSE
2026-07-29 10:44:31.172 -05:00 [DBG] Heartbeat TRADEWEAVER
2026-07-29 10:44:31.172 -05:00 [DBG] Heartbeat CASEBLADE
2026-07-29 10:44:31.172 -05:00 [DBG] Heartbeat PROX
2026-07-29 10:44:31.172 -05:00 [DBG] Heartbeat SENTINEL
2026-07-29 10:44:31.172 -05:00 [DBG] Heartbeat MARKETSCRYER
2026-07-29 10:44:31.172 -05:00 [DBG] Heartbeat SIGNALFORGE
2026-07-29 10:44:31.172 -05:00 [DBG] Heartbeat ORACLEVAULT
2026-07-29 10:44:31.172 -05:00 [DBG] Heartbeat RISKWARDEN
2026-07-29 10:45:31.172 -05:00 [DBG] Heartbeat SYNAPSE
2026-07-29 10:45:31.172 -05:00 [DBG] Heartbeat TRADEWEAVER
2026-07-29 10:45:31.172 -05:00 [DBG] Heartbeat CASEBLADE
2026-07-29 10:45:31.172 -05:00 [DBG] Heartbeat PROX
2026-07-29 10:45:31.172 -05:00 [DBG] Heartbeat SENTINEL
2026-07-29 10:45:31.172 -05:00 [DBG] Heartbeat MARKETSCRYER
2026-07-29 10:45:31.172 -05:00 [DBG] Heartbeat SIGNALFORGE
2026-07-29 10:45:31.172 -05:00 [DBG] Heartbeat ORACLEVAULT
2026-07-29 10:45:31.172 -05:00 [DBG] Heartbeat RISKWARDEN
2026-07-29 10:46:31.173 -05:00 [DBG] Heartbeat SYNAPSE
2026-07-29 10:46:31.173 -05:00 [DBG] Heartbeat TRADEWEAVER
2026-07-29 10:46:31.173 -05:00 [DBG] Heartbeat CASEBLADE
2026-07-29 10:46:31.173 -05:00 [DBG] Heartbeat PROX
2026-07-29 10:46:31.173 -05:00 [DBG] Heartbeat SENTINEL
2026-07-29 10:46:31.173 -05:00 [DBG] Heartbeat MARKETSCRYER
2026-07-29 10:46:31.173 -05:00 [DBG] Heartbeat SIGNALFORGE
2026-07-29 10:46:31.173 -05:00 [DBG] Heartbeat ORACLEVAULT
2026-07-29 10:46:31.173 -05:00 [DBG] Heartbeat RISKWARDEN
2026-07-29 10:47:31.174 -05:00 [DBG] Heartbeat SYNAPSE
2026-07-29 10:47:31.174 -05:00 [DBG] Heartbeat TRADEWEAVER
2026-07-29 10:47:31.174 -05:00 [DBG] Heartbeat CASEBLADE
2026-07-29 10:47:31.174 -05:00 [DBG] Heartbeat PROX
2026-07-29 10:47:31.174 -05:00 [DBG] Heartbeat SENTINEL
2026-07-29 10:47:31.174 -05:00 [DBG] Heartbeat MARKETSCRYER
2026-07-29 10:47:31.174 -05:00 [DBG] Heartbeat SIGNALFORGE
2026-07-29 10:47:31.174 -05:00 [DBG] Heartbeat ORACLEVAULT
2026-07-29 10:47:31.174 -05:00 [DBG] Heartbeat RISKWARDEN
2026-07-29 10:47:53.514 -05:00 [INF] PC health: C: 78% used, 10 recent errors
2026-07-29 10:48:31.175 -05:00 [DBG] Heartbeat SYNAPSE
2026-07-29 10:48:31.175 -05:00 [DBG] Heartbeat TRADEWEAVER
2026-07-29 10:48:31.175 -05:00 [DBG] Heartbeat CASEBLADE
2026-07-29 10:48:31.175 -05:00 [DBG] Heartbeat PROX
2026-07-29 10:48:31.175 -05:00 [DBG] Heartbeat SENTINEL
2026-07-29 10:48:31.175 -05:00 [DBG] Heartbeat MARKETSCRYER
2026-07-29 10:48:31.175 -05:00 [DBG] Heartbeat SIGNALFORGE
2026-07-29 10:48:31.175 -05:00 [DBG] Heartbeat ORACLEVAULT
2026-07-29 10:48:31.175 -05:00 [DBG] Heartbeat RISKWARDEN
2026-07-29 10:49:31.175 -05:00 [DBG] Heartbeat SYNAPSE
2026-07-29 10:49:31.175 -05:00 [DBG] Heartbeat TRADEWEAVER
2026-07-29 10:49:31.175 -05:00 [DBG] Heartbeat CASEBLADE
2026-07-29 10:49:31.175 -05:00 [DBG] Heartbeat PROX
2026-07-29 10:49:31.175 -05:00 [DBG] Heartbeat SENTINEL
2026-07-29 10:49:31.175 -05:00 [DBG] Heartbeat MARKETSCRYER
2026-07-29 10:49:31.175 -05:00 [DBG] Heartbeat SIGNALFORGE
2026-07-29 10:49:31.175 -05:00 [DBG] Heartbeat ORACLEVAULT
2026-07-29 10:49:31.175 -05:00 [DBG] Heartbeat RISKWARDEN
2026-07-29 10:50:31.176 -05:00 [DBG] Heartbeat SYNAPSE
2026-07-29 10:50:31.176 -05:00 [DBG] Heartbeat TRADEWEAVER
2026-07-29 10:50:31.176 -05:00 [DBG] Heartbeat CASEBLADE
2026-07-29 10:50:31.176 -05:00 [DBG] Heartbeat PROX
2026-07-29 10:50:31.176 -05:00 [DBG] Heartbeat SENTINEL
2026-07-29 10:50:31.176 -05:00 [DBG] Heartbeat MARKETSCRYER
2026-07-29 10:50:31.176 -05:00 [DBG] Heartbeat SIGNALFORGE
2026-07-29 10:50:31.176 -05:00 [DBG] Heartbeat ORACLEVAULT
2026-07-29 10:50:31.176 -05:00 [DBG] Heartbeat RISKWARDEN
2026-07-29 10:51:31.176 -05:00 [DBG] Heartbeat SYNAPSE
2026-07-29 10:51:31.176 -05:00 [DBG] Heartbeat TRADEWEAVER
2026-07-29 10:51:31.176 -05:00 [DBG] Heartbeat CASEBLADE
2026-07-29 10:51:31.176 -05:00 [DBG] Heartbeat PROX
2026-07-29 10:51:31.176 -05:00 [DBG] Heartbeat SENTINEL
2026-07-29 10:51:31.176 -05:00 [DBG] Heartbeat MARKETSCRYER
2026-07-29 10:51:31.176 -05:00 [DBG] Heartbeat SIGNALFORGE
2026-07-29 10:51:31.176 -05:00 [DBG] Heartbeat ORACLEVAULT
2026-07-29 10:51:31.176 -05:00 [DBG] Heartbeat RISKWARDEN
2026-07-29 10:52:31.177 -05:00 [DBG] Heartbeat SYNAPSE
2026-07-29 10:52:31.177 -05:00 [DBG] Heartbeat TRADEWEAVER
2026-07-29 10:52:31.177 -05:00 [DBG] Heartbeat CASEBLADE
2026-07-29 10:52:31.177 -05:00 [DBG] Heartbeat PROX
2026-07-29 10:52:31.177 -05:00 [DBG] Heartbeat SENTINEL
2026-07-29 10:52:31.177 -05:00 [DBG] Heartbeat MARKETSCRYER
2026-07-29 10:52:31.177 -05:00 [DBG] Heartbeat SIGNALFORGE
2026-07-29 10:52:31.177 -05:00 [DBG] Heartbeat ORACLEVAULT
2026-07-29 10:52:31.177 -05:00 [DBG] Heartbeat RISKWARDEN
2026-07-29 10:53:04.163 -05:00 [INF] PC health: C: 78% used, 10 recent errors
2026-07-29 10:53:31.178 -05:00 [DBG] Heartbeat SYNAPSE
2026-07-29 10:53:31.178 -05:00 [DBG] Heartbeat TRADEWEAVER
2026-07-29 10:53:31.178 -05:00 [DBG] Heartbeat CASEBLADE
2026-07-29 10:53:31.178 -05:00 [DBG] Heartbeat PROX
2026-07-29 10:53:31.178 -05:00 [DBG] Heartbeat SENTINEL
2026-07-29 10:53:31.178 -05:00 [DBG] Heartbeat MARKETSCRYER
2026-07-29 10:53:31.178 -05:00 [DBG] Heartbeat SIGNALFORGE
2026-07-29 10:53:31.178 -05:00 [DBG] Heartbeat ORACLEVAULT
2026-07-29 10:53:31.178 -05:00 [DBG] Heartbeat RISKWARDEN
2026-07-29 10:54:31.178 -05:00 [DBG] Heartbeat SYNAPSE
2026-07-29 10:54:31.178 -05:00 [DBG] Heartbeat TRADEWEAVER
2026-07-29 10:54:31.178 -05:00 [DBG] Heartbeat CASEBLADE
2026-07-29 10:54:31.178 -05:00 [DBG] Heartbeat PROX
2026-07-29 10:54:31.178 -05:00 [DBG] Heartbeat SENTINEL
2026-07-29 10:54:31.178 -05:00 [DBG] Heartbeat MARKETSCRYER
2026-07-29 10:54:31.178 -05:00 [DBG] Heartbeat SIGNALFORGE
2026-07-29 10:54:31.178 -05:00 [DBG] Heartbeat ORACLEVAULT
2026-07-29 10:54:31.178 -05:00 [DBG] Heartbeat RISKWARDEN
2026-07-29 10:55:31.178 -05:00 [DBG] Heartbeat SYNAPSE
2026-07-29 10:55:31.218 -05:00 [DBG] Heartbeat TRADEWEAVER
2026-07-29 10:55:31.218 -05:00 [DBG] Heartbeat CASEBLADE
2026-07-29 10:55:31.218 -05:00 [DBG] Heartbeat PROX
2026-07-29 10:55:31.218 -05:00 [DBG] Heartbeat SENTINEL
2026-07-29 10:55:31.218 -05:00 [DBG] Heartbeat MARKETSCRYER
2026-07-29 10:55:31.218 -05:00 [DBG] Heartbeat SIGNALFORGE
2026-07-29 10:55:31.218 -05:00 [DBG] Heartbeat ORACLEVAULT
2026-07-29 10:55:31.218 -05:00 [DBG] Heartbeat RISKWARDEN
2026-07-29 10:56:31.217 -05:00 [DBG] Heartbeat SYNAPSE
2026-07-29 10:56:31.217 -05:00 [DBG] Heartbeat TRADEWEAVER
2026-07-29 10:56:31.217 -05:00 [DBG] Heartbeat CASEBLADE
2026-07-29 10:56:31.217 -05:00 [DBG] Heartbeat PROX
2026-07-29 10:56:31.217 -05:00 [DBG] Heartbeat SENTINEL
2026-07-29 10:56:31.217 -05:00 [DBG] Heartbeat MARKETSCRYER
2026-07-29 10:56:31.217 -05:00 [DBG] Heartbeat SIGNALFORGE
2026-07-29 10:56:31.217 -05:00 [DBG] Heartbeat ORACLEVAULT
2026-07-29 10:56:31.217 -05:00 [DBG] Heartbeat RISKWARDEN
2026-07-29 10:57:31.217 -05:00 [DBG] Heartbeat SYNAPSE
2026-07-29 10:57:31.217 -05:00 [DBG] Heartbeat TRADEWEAVER
2026-07-29 10:57:31.217 -05:00 [DBG] Heartbeat CASEBLADE
2026-07-29 10:57:31.217 -05:00 [DBG] Heartbeat PROX
2026-07-29 10:57:31.217 -05:00 [DBG] Heartbeat SENTINEL
2026-07-29 10:57:31.217 -05:00 [DBG] Heartbeat MARKETSCRYER
2026-07-29 10:57:31.217 -05:00 [DBG] Heartbeat SIGNALFORGE
2026-07-29 10:57:31.217 -05:00 [DBG] Heartbeat ORACLEVAULT
2026-07-29 10:57:31.217 -05:00 [DBG] Heartbeat RISKWARDEN
2026-07-29 10:58:14.859 -05:00 [INF] PC health: C: 78% used, 10 recent errors
2026-07-29 10:58:31.217 -05:00 [DBG] Heartbeat SYNAPSE
2026-07-29 10:58:31.217 -05:00 [DBG] Heartbeat TRADEWEAVER
2026-07-29 10:58:31.217 -05:00 [DBG] Heartbeat CASEBLADE
2026-07-29 10:58:31.217 -05:00 [DBG] Heartbeat PROX
2026-07-29 10:58:31.217 -05:00 [DBG] Heartbeat SENTINEL
2026-07-29 10:58:31.217 -05:00 [DBG] Heartbeat MARKETSCRYER
2026-07-29 10:58:31.217 -05:00 [DBG] Heartbeat SIGNALFORGE
2026-07-29 10:58:31.217 -05:00 [DBG] Heartbeat ORACLEVAULT
2026-07-29 10:58:31.217 -05:00 [DBG] Heartbeat RISKWARDEN
2026-07-29 10:59:31.218 -05:00 [DBG] Heartbeat SYNAPSE
2026-07-29 10:59:31.218 -05:00 [DBG] Heartbeat TRADEWEAVER
2026-07-29 10:59:31.218 -05:00 [DBG] Heartbeat CASEBLADE
2026-07-29 10:59:31.218 -05:00 [DBG] Heartbeat PROX
2026-07-29 10:59:31.218 -05:00 [DBG] Heartbeat SENTINEL
2026-07-29 10:59:31.218 -05:00 [DBG] Heartbeat MARKETSCRYER
2026-07-29 10:59:31.218 -05:00 [DBG] Heartbeat SIGNALFORGE
2026-07-29 10:59:31.218 -05:00 [DBG] Heartbeat ORACLEVAULT
2026-07-29 10:59:31.218 -05:00 [DBG] Heartbeat RISKWARDEN
2026-07-29 11:00:31.218 -05:00 [DBG] Heartbeat SYNAPSE
2026-07-29 11:00:31.218 -05:00 [DBG] Heartbeat TRADEWEAVER
2026-07-29 11:00:31.218 -05:00 [DBG] Heartbeat CASEBLADE
2026-07-29 11:00:31.218 -05:00 [DBG] Heartbeat PROX
2026-07-29 11:00:31.218 -05:00 [DBG] Heartbeat SENTINEL
2026-07-29 11:00:31.218 -05:00 [DBG] Heartbeat MARKETSCRYER
2026-07-29 11:00:31.218 -05:00 [DBG] Heartbeat SIGNALFORGE
2026-07-29 11:00:31.218 -05:00 [DBG] Heartbeat ORACLEVAULT
2026-07-29 11:00:31.218 -05:00 [DBG] Heartbeat RISKWARDEN
2026-07-29 11:01:31.218 -05:00 [DBG] Heartbeat SYNAPSE
2026-07-29 11:01:31.218 -05:00 [DBG] Heartbeat TRADEWEAVER
2026-07-29 11:01:31.218 -05:00 [DBG] Heartbeat CASEBLADE
2026-07-29 11:01:31.219 -05:00 [DBG] Heartbeat PROX
2026-07-29 11:01:31.219 -05:00 [DBG] Heartbeat SENTINEL
2026-07-29 11:01:31.219 -05:00 [DBG] Heartbeat MARKETSCRYER
2026-07-29 11:01:31.219 -05:00 [DBG] Heartbeat SIGNALFORGE
2026-07-29 11:01:31.219 -05:00 [DBG] Heartbeat ORACLEVAULT
2026-07-29 11:01:31.219 -05:00 [DBG] Heartbeat RISKWARDEN
2026-07-29 11:02:31.219 -05:00 [DBG] Heartbeat SYNAPSE
2026-07-29 11:02:31.219 -05:00 [DBG] Heartbeat TRADEWEAVER
2026-07-29 11:02:31.219 -05:00 [DBG] Heartbeat CASEBLADE
2026-07-29 11:02:31.219 -05:00 [DBG] Heartbeat PROX
2026-07-29 11:02:31.219 -05:00 [DBG] Heartbeat SENTINEL
2026-07-29 11:02:31.219 -05:00 [DBG] Heartbeat MARKETSCRYER
2026-07-29 11:02:31.219 -05:00 [DBG] Heartbeat SIGNALFORGE
2026-07-29 11:02:31.219 -05:00 [DBG] Heartbeat ORACLEVAULT
2026-07-29 11:02:31.219 -05:00 [DBG] Heartbeat RISKWARDEN
2026-07-29 11:03:25.334 -05:00 [INF] PC health: C: 78% used, 10 recent errors
2026-07-29 11:03:31.220 -05:00 [DBG] Heartbeat SYNAPSE
2026-07-29 11:03:31.220 -05:00 [DBG] Heartbeat TRADEWEAVER
2026-07-29 11:03:31.220 -05:00 [DBG] Heartbeat CASEBLADE
2026-07-29 11:03:31.220 -05:00 [DBG] Heartbeat PROX
2026-07-29 11:03:31.220 -05:00 [DBG] Heartbeat SENTINEL
2026-07-29 11:03:31.220 -05:00 [DBG] Heartbeat MARKETSCRYER
2026-07-29 11:03:31.220 -05:00 [DBG] Heartbeat SIGNALFORGE
2026-07-29 11:03:31.220 -05:00 [DBG] Heartbeat ORACLEVAULT
2026-07-29 11:03:31.220 -05:00 [DBG] Heartbeat RISKWARDEN
2026-07-29 11:04:31.219 -05:00 [DBG] Heartbeat SYNAPSE
2026-07-29 11:04:31.220 -05:00 [DBG] Heartbeat TRADEWEAVER
2026-07-29 11:04:31.220 -05:00 [DBG] Heartbeat CASEBLADE
2026-07-29 11:04:31.220 -05:00 [DBG] Heartbeat PROX
2026-07-29 11:04:31.220 -05:00 [DBG] Heartbeat SENTINEL
2026-07-29 11:04:31.220 -05:00 [DBG] Heartbeat MARKETSCRYER
2026-07-29 11:04:31.220 -05:00 [DBG] Heartbeat SIGNALFORGE
2026-07-29 11:04:31.220 -05:00 [DBG] Heartbeat ORACLEVAULT
2026-07-29 11:04:31.220 -05:00 [DBG] Heartbeat RISKWARDEN
2026-07-29 11:05:31.220 -05:00 [DBG] Heartbeat SYNAPSE
2026-07-29 11:05:31.220 -05:00 [DBG] Heartbeat TRADEWEAVER
2026-07-29 11:05:31.220 -05:00 [DBG] Heartbeat CASEBLADE
2026-07-29 11:05:31.220 -05:00 [DBG] Heartbeat PROX
2026-07-29 11:05:31.220 -05:00 [DBG] Heartbeat SENTINEL
2026-07-29 11:05:31.220 -05:00 [DBG] Heartbeat MARKETSCRYER
2026-07-29 11:05:31.220 -05:00 [DBG] Heartbeat SIGNALFORGE
2026-07-29 11:05:31.220 -05:00 [DBG] Heartbeat ORACLEVAULT
2026-07-29 11:05:31.220 -05:00 [DBG] Heartbeat RISKWARDEN
2026-07-29 11:06:31.220 -05:00 [DBG] Heartbeat SYNAPSE
2026-07-29 11:06:31.220 -05:00 [DBG] Heartbeat TRADEWEAVER
2026-07-29 11:06:31.220 -05:00 [DBG] Heartbeat CASEBLADE
2026-07-29 11:06:31.220 -05:00 [DBG] Heartbeat PROX
2026-07-29 11:06:31.220 -05:00 [DBG] Heartbeat SENTINEL
2026-07-29 11:06:31.220 -05:00 [DBG] Heartbeat MARKETSCRYER
2026-07-29 11:06:31.220 -05:00 [DBG] Heartbeat SIGNALFORGE
2026-07-29 11:06:31.220 -05:00 [DBG] Heartbeat ORACLEVAULT
2026-07-29 11:06:31.220 -05:00 [DBG] Heartbeat RISKWARDEN
2026-07-29 11:07:31.221 -05:00 [DBG] Heartbeat SYNAPSE
2026-07-29 11:07:31.221 -05:00 [DBG] Heartbeat TRADEWEAVER
2026-07-29 11:07:31.221 -05:00 [DBG] Heartbeat CASEBLADE
2026-07-29 11:07:31.221 -05:00 [DBG] Heartbeat PROX
2026-07-29 11:07:31.221 -05:00 [DBG] Heartbeat SENTINEL
2026-07-29 11:07:31.221 -05:00 [DBG] Heartbeat MARKETSCRYER
2026-07-29 11:07:31.221 -05:00 [DBG] Heartbeat SIGNALFORGE
2026-07-29 11:07:31.221 -05:00 [DBG] Heartbeat ORACLEVAULT
2026-07-29 11:07:31.221 -05:00 [DBG] Heartbeat RISKWARDEN
2026-07-29 11:08:31.222 -05:00 [DBG] Heartbeat SYNAPSE
2026-07-29 11:08:31.222 -05:00 [DBG] Heartbeat TRADEWEAVER
2026-07-29 11:08:31.222 -05:00 [DBG] Heartbeat CASEBLADE
2026-07-29 11:08:31.222 -05:00 [DBG] Heartbeat PROX
2026-07-29 11:08:31.222 -05:00 [DBG] Heartbeat SENTINEL
2026-07-29 11:08:31.222 -05:00 [DBG] Heartbeat MARKETSCRYER
2026-07-29 11:08:31.222 -05:00 [DBG] Heartbeat SIGNALFORGE
2026-07-29 11:08:31.222 -05:00 [DBG] Heartbeat ORACLEVAULT
2026-07-29 11:08:31.222 -05:00 [DBG] Heartbeat RISKWARDEN
2026-07-29 11:08:35.967 -05:00 [INF] PC health: C: 78% used, 10 recent errors
2026-07-29 11:09:31.222 -05:00 [DBG] Heartbeat SYNAPSE
2026-07-29 11:09:31.222 -05:00 [DBG] Heartbeat TRADEWEAVER
2026-07-29 11:09:31.222 -05:00 [DBG] Heartbeat CASEBLADE
2026-07-29 11:09:31.222 -05:00 [DBG] Heartbeat PROX
2026-07-29 11:09:31.222 -05:00 [DBG] Heartbeat SENTINEL
2026-07-29 11:09:31.222 -05:00 [DBG] Heartbeat MARKETSCRYER
2026-07-29 11:09:31.222 -05:00 [DBG] Heartbeat SIGNALFORGE
2026-07-29 11:09:31.222 -05:00 [DBG] Heartbeat ORACLEVAULT
2026-07-29 11:09:31.222 -05:00 [DBG] Heartbeat RISKWARDEN
2026-07-29 11:10:31.223 -05:00 [DBG] Heartbeat SYNAPSE
2026-07-29 11:10:31.223 -05:00 [DBG] Heartbeat TRADEWEAVER
2026-07-29 11:10:31.223 -05:00 [DBG] Heartbeat CASEBLADE
2026-07-29 11:10:31.223 -05:00 [DBG] Heartbeat PROX
2026-07-29 11:10:31.223 -05:00 [DBG] Heartbeat SENTINEL
2026-07-29 11:10:31.223 -05:00 [DBG] Heartbeat MARKETSCRYER
2026-07-29 11:10:31.223 -05:00 [DBG] Heartbeat SIGNALFORGE
2026-07-29 11:10:31.223 -05:00 [DBG] Heartbeat ORACLEVAULT
2026-07-29 11:10:31.223 -05:00 [DBG] Heartbeat RISKWARDEN
2026-07-29 11:11:31.223 -05:00 [DBG] Heartbeat SYNAPSE
2026-07-29 11:11:31.223 -05:00 [DBG] Heartbeat TRADEWEAVER
2026-07-29 11:11:31.223 -05:00 [DBG] Heartbeat CASEBLADE
2026-07-29 11:11:31.223 -05:00 [DBG] Heartbeat PROX
2026-07-29 11:11:31.223 -05:00 [DBG] Heartbeat SENTINEL
2026-07-29 11:11:31.223 -05:00 [DBG] Heartbeat MARKETSCRYER
2026-07-29 11:11:31.223 -05:00 [DBG] Heartbeat SIGNALFORGE
2026-07-29 11:11:31.223 -05:00 [DBG] Heartbeat ORACLEVAULT
2026-07-29 11:11:31.223 -05:00 [DBG] Heartbeat RISKWARDEN
2026-07-29 11:12:31.224 -05:00 [DBG] Heartbeat SYNAPSE
2026-07-29 11:12:31.224 -05:00 [DBG] Heartbeat TRADEWEAVER
2026-07-29 11:12:31.224 -05:00 [DBG] Heartbeat CASEBLADE
2026-07-29 11:12:31.224 -05:00 [DBG] Heartbeat PROX
2026-07-29 11:12:31.224 -05:00 [DBG] Heartbeat SENTINEL
2026-07-29 11:12:31.224 -05:00 [DBG] Heartbeat MARKETSCRYER
2026-07-29 11:12:31.224 -05:00 [DBG] Heartbeat SIGNALFORGE
2026-07-29 11:12:31.224 -05:00 [DBG] Heartbeat ORACLEVAULT
2026-07-29 11:12:31.224 -05:00 [DBG] Heartbeat RISKWARDEN
2026-07-29 11:13:31.225 -05:00 [DBG] Heartbeat SYNAPSE
2026-07-29 11:13:31.225 -05:00 [DBG] Heartbeat TRADEWEAVER
2026-07-29 11:13:31.225 -05:00 [DBG] Heartbeat CASEBLADE
2026-07-29 11:13:31.225 -05:00 [DBG] Heartbeat PROX
2026-07-29 11:13:31.225 -05:00 [DBG] Heartbeat SENTINEL
2026-07-29 11:13:31.225 -05:00 [DBG] Heartbeat MARKETSCRYER
2026-07-29 11:13:31.225 -05:00 [DBG] Heartbeat SIGNALFORGE
2026-07-29 11:13:31.225 -05:00 [DBG] Heartbeat ORACLEVAULT
2026-07-29 11:13:31.225 -05:00 [DBG] Heartbeat RISKWARDEN
2026-07-29 11:13:46.654 -05:00 [INF] PC health: C: 78% used, 10 recent errors
2026-07-29 11:14:31.225 -05:00 [DBG] Heartbeat SYNAPSE
2026-07-29 11:14:31.225 -05:00 [DBG] Heartbeat TRADEWEAVER
2026-07-29 11:14:31.225 -05:00 [DBG] Heartbeat CASEBLADE
2026-07-29 11:14:31.225 -05:00 [DBG] Heartbeat PROX
2026-07-29 11:14:31.225 -05:00 [DBG] Heartbeat SENTINEL
2026-07-29 11:14:31.225 -05:00 [DBG] Heartbeat MARKETSCRYER
2026-07-29 11:14:31.225 -05:00 [DBG] Heartbeat SIGNALFORGE
2026-07-29 11:14:31.225 -05:00 [DBG] Heartbeat ORACLEVAULT
2026-07-29 11:14:31.225 -05:00 [DBG] Heartbeat RISKWARDEN
2026-07-29 11:15:31.226 -05:00 [DBG] Heartbeat SYNAPSE
2026-07-29 11:15:31.226 -05:00 [DBG] Heartbeat TRADEWEAVER
2026-07-29 11:15:31.226 -05:00 [DBG] Heartbeat CASEBLADE
2026-07-29 11:15:31.226 -05:00 [DBG] Heartbeat PROX
2026-07-29 11:15:31.226 -05:00 [DBG] Heartbeat SENTINEL
2026-07-29 11:15:31.226 -05:00 [DBG] Heartbeat MARKETSCRYER
2026-07-29 11:15:31.226 -05:00 [DBG] Heartbeat SIGNALFORGE
2026-07-29 11:15:31.226 -05:00 [DBG] Heartbeat ORACLEVAULT
2026-07-29 11:15:31.226 -05:00 [DBG] Heartbeat RISKWARDEN
2026-07-29 11:16:31.227 -05:00 [DBG] Heartbeat SYNAPSE
2026-07-29 11:16:31.227 -05:00 [DBG] Heartbeat TRADEWEAVER
2026-07-29 11:16:31.227 -05:00 [DBG] Heartbeat CASEBLADE
2026-07-29 11:16:31.227 -05:00 [DBG] Heartbeat PROX
2026-07-29 11:16:31.227 -05:00 [DBG] Heartbeat SENTINEL
2026-07-29 11:16:31.227 -05:00 [DBG] Heartbeat MARKETSCRYER
2026-07-29 11:16:31.227 -05:00 [DBG] Heartbeat SIGNALFORGE
2026-07-29 11:16:31.227 -05:00 [DBG] Heartbeat ORACLEVAULT
2026-07-29 11:16:31.227 -05:00 [DBG] Heartbeat RISKWARDEN
2026-07-29 11:17:31.228 -05:00 [DBG] Heartbeat SYNAPSE
2026-07-29 11:17:31.228 -05:00 [DBG] Heartbeat TRADEWEAVER
2026-07-29 11:17:31.228 -05:00 [DBG] Heartbeat CASEBLADE
2026-07-29 11:17:31.228 -05:00 [DBG] Heartbeat PROX
2026-07-29 11:17:31.228 -05:00 [DBG] Heartbeat SENTINEL
2026-07-29 11:17:31.228 -05:00 [DBG] Heartbeat MARKETSCRYER
2026-07-29 11:17:31.228 -05:00 [DBG] Heartbeat SIGNALFORGE
2026-07-29 11:17:31.228 -05:00 [DBG] Heartbeat ORACLEVAULT
2026-07-29 11:17:31.228 -05:00 [DBG] Heartbeat RISKWARDEN
2026-07-29 11:18:31.228 -05:00 [DBG] Heartbeat SYNAPSE
2026-07-29 11:18:31.228 -05:00 [DBG] Heartbeat TRADEWEAVER
2026-07-29 11:18:31.228 -05:00 [DBG] Heartbeat CASEBLADE
2026-07-29 11:18:31.228 -05:00 [DBG] Heartbeat PROX
2026-07-29 11:18:31.228 -05:00 [DBG] Heartbeat SENTINEL
2026-07-29 11:18:31.228 -05:00 [DBG] Heartbeat MARKETSCRYER
2026-07-29 11:18:31.228 -05:00 [DBG] Heartbeat SIGNALFORGE
2026-07-29 11:18:31.228 -05:00 [DBG] Heartbeat ORACLEVAULT
2026-07-29 11:18:31.228 -05:00 [DBG] Heartbeat RISKWARDEN
2026-07-29 11:18:57.200 -05:00 [INF] PC health: C: 78% used, 10 recent errors
2026-07-29 11:19:31.229 -05:00 [DBG] Heartbeat SYNAPSE
2026-07-29 11:19:31.229 -05:00 [DBG] Heartbeat TRADEWEAVER
2026-07-29 11:19:31.229 -05:00 [DBG] Heartbeat CASEBLADE
2026-07-29 11:19:31.229 -05:00 [DBG] Heartbeat PROX
2026-07-29 11:19:31.229 -05:00 [DBG] Heartbeat SENTINEL
2026-07-29 11:19:31.229 -05:00 [DBG] Heartbeat MARKETSCRYER
2026-07-29 11:19:31.229 -05:00 [DBG] Heartbeat SIGNALFORGE
2026-07-29 11:19:31.229 -05:00 [DBG] Heartbeat ORACLEVAULT
2026-07-29 11:19:31.229 -05:00 [DBG] Heartbeat RISKWARDEN
2026-07-29 11:20:31.229 -05:00 [DBG] Heartbeat SYNAPSE
2026-07-29 11:20:31.229 -05:00 [DBG] Heartbeat TRADEWEAVER
2026-07-29 11:20:31.229 -05:00 [DBG] Heartbeat CASEBLADE
2026-07-29 11:20:31.229 -05:00 [DBG] Heartbeat PROX
2026-07-29 11:20:31.229 -05:00 [DBG] Heartbeat SENTINEL
2026-07-29 11:20:31.229 -05:00 [DBG] Heartbeat MARKETSCRYER
2026-07-29 11:20:31.229 -05:00 [DBG] Heartbeat SIGNALFORGE
2026-07-29 11:20:31.229 -05:00 [DBG] Heartbeat ORACLEVAULT
2026-07-29 11:20:31.229 -05:00 [DBG] Heartbeat RISKWARDEN
2026-07-29 11:21:31.229 -05:00 [DBG] Heartbeat SYNAPSE
2026-07-29 11:21:31.229 -05:00 [DBG] Heartbeat TRADEWEAVER
2026-07-29 11:21:31.229 -05:00 [DBG] Heartbeat CASEBLADE
2026-07-29 11:21:31.229 -05:00 [DBG] Heartbeat PROX
2026-07-29 11:21:31.229 -05:00 [DBG] Heartbeat SENTINEL
2026-07-29 11:21:31.229 -05:00 [DBG] Heartbeat MARKETSCRYER
2026-07-29 11:21:31.229 -05:00 [DBG] Heartbeat SIGNALFORGE
2026-07-29 11:21:31.229 -05:00 [DBG] Heartbeat ORACLEVAULT
2026-07-29 11:21:31.229 -05:00 [DBG] Heartbeat RISKWARDEN
2026-07-29 11:22:31.229 -05:00 [DBG] Heartbeat SYNAPSE
2026-07-29 11:22:31.229 -05:00 [DBG] Heartbeat TRADEWEAVER
2026-07-29 11:22:31.229 -05:00 [DBG] Heartbeat CASEBLADE
2026-07-29 11:22:31.229 -05:00 [DBG] Heartbeat PROX
2026-07-29 11:22:31.229 -05:00 [DBG] Heartbeat SENTINEL
2026-07-29 11:22:31.229 -05:00 [DBG] Heartbeat MARKETSCRYER
2026-07-29 11:22:31.229 -05:00 [DBG] Heartbeat SIGNALFORGE
2026-07-29 11:22:31.229 -05:00 [DBG] Heartbeat ORACLEVAULT
2026-07-29 11:22:31.229 -05:00 [DBG] Heartbeat RISKWARDEN
2026-07-29 11:23:31.230 -05:00 [DBG] Heartbeat SYNAPSE
2026-07-29 11:23:31.230 -05:00 [DBG] Heartbeat TRADEWEAVER
2026-07-29 11:23:31.230 -05:00 [DBG] Heartbeat CASEBLADE
2026-07-29 11:23:31.230 -05:00 [DBG] Heartbeat PROX
2026-07-29 11:23:31.230 -05:00 [DBG] Heartbeat SENTINEL
2026-07-29 11:23:31.230 -05:00 [DBG] Heartbeat MARKETSCRYER
2026-07-29 11:23:31.230 -05:00 [DBG] Heartbeat SIGNALFORGE
2026-07-29 11:23:31.230 -05:00 [DBG] Heartbeat ORACLEVAULT
2026-07-29 11:23:31.230 -05:00 [DBG] Heartbeat RISKWARDEN
2026-07-29 11:24:07.658 -05:00 [INF] PC health: C: 78% used, 10 recent errors
2026-07-29 11:24:31.230 -05:00 [DBG] Heartbeat SYNAPSE
2026-07-29 11:24:31.230 -05:00 [DBG] Heartbeat TRADEWEAVER
2026-07-29 11:24:31.230 -05:00 [DBG] Heartbeat CASEBLADE
2026-07-29 11:24:31.230 -05:00 [DBG] Heartbeat PROX
2026-07-29 11:24:31.230 -05:00 [DBG] Heartbeat SENTINEL
2026-07-29 11:24:31.230 -05:00 [DBG] Heartbeat MARKETSCRYER
2026-07-29 11:24:31.230 -05:00 [DBG] Heartbeat SIGNALFORGE
2026-07-29 11:24:31.230 -05:00 [DBG] Heartbeat ORACLEVAULT
2026-07-29 11:24:31.230 -05:00 [DBG] Heartbeat RISKWARDEN
2026-07-29 11:25:31.231 -05:00 [DBG] Heartbeat SYNAPSE
2026-07-29 11:25:31.231 -05:00 [DBG] Heartbeat TRADEWEAVER
2026-07-29 11:25:31.231 -05:00 [DBG] Heartbeat CASEBLADE
2026-07-29 11:25:31.231 -05:00 [DBG] Heartbeat PROX
2026-07-29 11:25:31.231 -05:00 [DBG] Heartbeat SENTINEL
2026-07-29 11:25:31.231 -05:00 [DBG] Heartbeat MARKETSCRYER
2026-07-29 11:25:31.231 -05:00 [DBG] Heartbeat SIGNALFORGE
2026-07-29 11:25:31.231 -05:00 [DBG] Heartbeat ORACLEVAULT
2026-07-29 11:25:31.231 -05:00 [DBG] Heartbeat RISKWARDEN
2026-07-29 11:26:31.231 -05:00 [DBG] Heartbeat SYNAPSE
2026-07-29 11:26:31.231 -05:00 [DBG] Heartbeat TRADEWEAVER
2026-07-29 11:26:31.231 -05:00 [DBG] Heartbeat CASEBLADE
2026-07-29 11:26:31.231 -05:00 [DBG] Heartbeat PROX
2026-07-29 11:26:31.231 -05:00 [DBG] Heartbeat SENTINEL
2026-07-29 11:26:31.231 -05:00 [DBG] Heartbeat MARKETSCRYER
2026-07-29 11:26:31.231 -05:00 [DBG] Heartbeat SIGNALFORGE
2026-07-29 11:26:31.231 -05:00 [DBG] Heartbeat ORACLEVAULT
2026-07-29 11:26:31.231 -05:00 [DBG] Heartbeat RISKWARDEN
2026-07-29 11:27:31.230 -05:00 [DBG] Heartbeat SYNAPSE
2026-07-29 11:27:31.231 -05:00 [DBG] Heartbeat TRADEWEAVER
2026-07-29 11:27:31.231 -05:00 [DBG] Heartbeat CASEBLADE
2026-07-29 11:27:31.231 -05:00 [DBG] Heartbeat PROX
2026-07-29 11:27:31.231 -05:00 [DBG] Heartbeat SENTINEL
2026-07-29 11:27:31.231 -05:00 [DBG] Heartbeat MARKETSCRYER
2026-07-29 11:27:31.231 -05:00 [DBG] Heartbeat SIGNALFORGE
2026-07-29 11:27:31.231 -05:00 [DBG] Heartbeat ORACLEVAULT
2026-07-29 11:27:31.231 -05:00 [DBG] Heartbeat RISKWARDEN
2026-07-29 11:28:31.231 -05:00 [DBG] Heartbeat SYNAPSE
2026-07-29 11:28:31.231 -05:00 [DBG] Heartbeat TRADEWEAVER
2026-07-29 11:28:31.231 -05:00 [DBG] Heartbeat CASEBLADE
2026-07-29 11:28:31.231 -05:00 [DBG] Heartbeat PROX
2026-07-29 11:28:31.231 -05:00 [DBG] Heartbeat SENTINEL
2026-07-29 11:28:31.231 -05:00 [DBG] Heartbeat MARKETSCRYER
2026-07-29 11:28:31.231 -05:00 [DBG] Heartbeat SIGNALFORGE
2026-07-29 11:28:31.231 -05:00 [DBG] Heartbeat ORACLEVAULT
2026-07-29 11:28:31.231 -05:00 [DBG] Heartbeat RISKWARDEN
2026-07-29 11:29:18.077 -05:00 [INF] PC health: C: 78% used, 10 recent errors
2026-07-29 11:29:31.231 -05:00 [DBG] Heartbeat SYNAPSE
2026-07-29 11:29:31.231 -05:00 [DBG] Heartbeat TRADEWEAVER
2026-07-29 11:29:31.231 -05:00 [DBG] Heartbeat CASEBLADE
2026-07-29 11:29:31.231 -05:00 [DBG] Heartbeat PROX
2026-07-29 11:29:31.231 -05:00 [DBG] Heartbeat SENTINEL
2026-07-29 11:29:31.231 -05:00 [DBG] Heartbeat MARKETSCRYER
2026-07-29 11:29:31.231 -05:00 [DBG] Heartbeat SIGNALFORGE
2026-07-29 11:29:31.231 -05:00 [DBG] Heartbeat ORACLEVAULT
2026-07-29 11:29:31.231 -05:00 [DBG] Heartbeat RISKWARDEN
2026-07-29 11:30:31.231 -05:00 [DBG] Heartbeat SYNAPSE
2026-07-29 11:30:31.231 -05:00 [DBG] Heartbeat TRADEWEAVER
2026-07-29 11:30:31.231 -05:00 [DBG] Heartbeat CASEBLADE
2026-07-29 11:30:31.231 -05:00 [DBG] Heartbeat PROX
2026-07-29 11:30:31.232 -05:00 [DBG] Heartbeat SENTINEL
2026-07-29 11:30:31.232 -05:00 [DBG] Heartbeat MARKETSCRYER
2026-07-29 11:30:31.232 -05:00 [DBG] Heartbeat SIGNALFORGE
2026-07-29 11:30:31.232 -05:00 [DBG] Heartbeat ORACLEVAULT
2026-07-29 11:30:31.232 -05:00 [DBG] Heartbeat RISKWARDEN
2026-07-29 11:31:31.232 -05:00 [DBG] Heartbeat SYNAPSE
2026-07-29 11:31:31.232 -05:00 [DBG] Heartbeat TRADEWEAVER
2026-07-29 11:31:31.232 -05:00 [DBG] Heartbeat CASEBLADE
2026-07-29 11:31:31.232 -05:00 [DBG] Heartbeat PROX
2026-07-29 11:31:31.232 -05:00 [DBG] Heartbeat SENTINEL
2026-07-29 11:31:31.232 -05:00 [DBG] Heartbeat MARKETSCRYER
2026-07-29 11:31:31.232 -05:00 [DBG] Heartbeat SIGNALFORGE
2026-07-29 11:31:31.232 -05:00 [DBG] Heartbeat ORACLEVAULT
2026-07-29 11:31:31.232 -05:00 [DBG] Heartbeat RISKWARDEN
2026-07-29 11:32:31.232 -05:00 [DBG] Heartbeat SYNAPSE
2026-07-29 11:32:31.232 -05:00 [DBG] Heartbeat TRADEWEAVER
2026-07-29 11:32:31.232 -05:00 [DBG] Heartbeat CASEBLADE
2026-07-29 11:32:31.232 -05:00 [DBG] Heartbeat PROX
2026-07-29 11:32:31.232 -05:00 [DBG] Heartbeat SENTINEL
2026-07-29 11:32:31.232 -05:00 [DBG] Heartbeat MARKETSCRYER
2026-07-29 11:32:31.232 -05:00 [DBG] Heartbeat SIGNALFORGE
2026-07-29 11:32:31.232 -05:00 [DBG] Heartbeat ORACLEVAULT
2026-07-29 11:32:31.232 -05:00 [DBG] Heartbeat RISKWARDEN
2026-07-29 11:33:31.232 -05:00 [DBG] Heartbeat SYNAPSE
2026-07-29 11:33:31.232 -05:00 [DBG] Heartbeat TRADEWEAVER
2026-07-29 11:33:31.232 -05:00 [DBG] Heartbeat CASEBLADE
2026-07-29 11:33:31.232 -05:00 [DBG] Heartbeat PROX
2026-07-29 11:33:31.232 -05:00 [DBG] Heartbeat SENTINEL
2026-07-29 11:33:31.232 -05:00 [DBG] Heartbeat MARKETSCRYER
2026-07-29 11:33:31.232 -05:00 [DBG] Heartbeat SIGNALFORGE
2026-07-29 11:33:31.232 -05:00 [DBG] Heartbeat ORACLEVAULT
2026-07-29 11:33:31.232 -05:00 [DBG] Heartbeat RISKWARDEN
2026-07-29 11:34:28.589 -05:00 [INF] PC health: C: 78% used, 10 recent errors
2026-07-29 11:34:31.232 -05:00 [DBG] Heartbeat SYNAPSE
2026-07-29 11:34:31.232 -05:00 [DBG] Heartbeat TRADEWEAVER
2026-07-29 11:34:31.232 -05:00 [DBG] Heartbeat CASEBLADE
2026-07-29 11:34:31.232 -05:00 [DBG] Heartbeat PROX
2026-07-29 11:34:31.232 -05:00 [DBG] Heartbeat SENTINEL
2026-07-29 11:34:31.232 -05:00 [DBG] Heartbeat MARKETSCRYER
2026-07-29 11:34:31.232 -05:00 [DBG] Heartbeat SIGNALFORGE
2026-07-29 11:34:31.232 -05:00 [DBG] Heartbeat ORACLEVAULT
2026-07-29 11:34:31.232 -05:00 [DBG] Heartbeat RISKWARDEN
2026-07-29 11:35:31.233 -05:00 [DBG] Heartbeat SYNAPSE
2026-07-29 11:35:31.233 -05:00 [DBG] Heartbeat TRADEWEAVER
2026-07-29 11:35:31.233 -05:00 [DBG] Heartbeat CASEBLADE
2026-07-29 11:35:31.233 -05:00 [DBG] Heartbeat PROX
2026-07-29 11:35:31.233 -05:00 [DBG] Heartbeat SENTINEL
2026-07-29 11:35:31.233 -05:00 [DBG] Heartbeat MARKETSCRYER
2026-07-29 11:35:31.233 -05:00 [DBG] Heartbeat SIGNALFORGE
2026-07-29 11:35:31.233 -05:00 [DBG] Heartbeat ORACLEVAULT
2026-07-29 11:35:31.233 -05:00 [DBG] Heartbeat RISKWARDEN
2026-07-29 11:36:31.232 -05:00 [DBG] Heartbeat SYNAPSE
2026-07-29 11:36:31.232 -05:00 [DBG] Heartbeat TRADEWEAVER
2026-07-29 11:36:31.232 -05:00 [DBG] Heartbeat CASEBLADE
2026-07-29 11:36:31.232 -05:00 [DBG] Heartbeat PROX
2026-07-29 11:36:31.232 -05:00 [DBG] Heartbeat SENTINEL
2026-07-29 11:36:31.232 -05:00 [DBG] Heartbeat MARKETSCRYER
2026-07-29 11:36:31.232 -05:00 [DBG] Heartbeat SIGNALFORGE
2026-07-29 11:36:31.232 -05:00 [DBG] Heartbeat ORACLEVAULT
2026-07-29 11:36:31.232 -05:00 [DBG] Heartbeat RISKWARDEN
2026-07-29 11:37:31.231 -05:00 [DBG] Heartbeat SYNAPSE
2026-07-29 11:37:31.231 -05:00 [DBG] Heartbeat TRADEWEAVER
2026-07-29 11:37:31.231 -05:00 [DBG] Heartbeat CASEBLADE
2026-07-29 11:37:31.231 -05:00 [DBG] Heartbeat PROX
2026-07-29 11:37:31.231 -05:00 [DBG] Heartbeat SENTINEL
2026-07-29 11:37:31.231 -05:00 [DBG] Heartbeat MARKETSCRYER
2026-07-29 11:37:31.231 -05:00 [DBG] Heartbeat SIGNALFORGE
2026-07-29 11:37:31.231 -05:00 [DBG] Heartbeat ORACLEVAULT
2026-07-29 11:37:31.231 -05:00 [DBG] Heartbeat RISKWARDEN
2026-07-29 11:38:31.230 -05:00 [DBG] Heartbeat SYNAPSE
2026-07-29 11:38:31.230 -05:00 [DBG] Heartbeat TRADEWEAVER
2026-07-29 11:38:31.230 -05:00 [DBG] Heartbeat CASEBLADE
2026-07-29 11:38:31.230 -05:00 [DBG] Heartbeat PROX
2026-07-29 11:38:31.230 -05:00 [DBG] Heartbeat SENTINEL
2026-07-29 11:38:31.230 -05:00 [DBG] Heartbeat MARKETSCRYER
2026-07-29 11:38:31.230 -05:00 [DBG] Heartbeat SIGNALFORGE
2026-07-29 11:38:31.230 -05:00 [DBG] Heartbeat ORACLEVAULT
2026-07-29 11:38:31.230 -05:00 [DBG] Heartbeat RISKWARDEN
2026-07-29 11:39:31.230 -05:00 [DBG] Heartbeat SYNAPSE
2026-07-29 11:39:31.230 -05:00 [DBG] Heartbeat TRADEWEAVER
2026-07-29 11:39:31.230 -05:00 [DBG] Heartbeat CASEBLADE
2026-07-29 11:39:31.230 -05:00 [DBG] Heartbeat PROX
2026-07-29 11:39:31.230 -05:00 [DBG] Heartbeat SENTINEL
2026-07-29 11:39:31.230 -05:00 [DBG] Heartbeat MARKETSCRYER
2026-07-29 11:39:31.230 -05:00 [DBG] Heartbeat SIGNALFORGE
2026-07-29 11:39:31.230 -05:00 [DBG] Heartbeat ORACLEVAULT
2026-07-29 11:39:31.230 -05:00 [DBG] Heartbeat RISKWARDEN
2026-07-29 11:39:39.143 -05:00 [INF] PC health: C: 78% used, 10 recent errors
2026-07-29 11:40:31.228 -05:00 [DBG] Heartbeat SYNAPSE
2026-07-29 11:40:31.228 -05:00 [DBG] Heartbeat TRADEWEAVER
2026-07-29 11:40:31.228 -05:00 [DBG] Heartbeat CASEBLADE
2026-07-29 11:40:31.228 -05:00 [DBG] Heartbeat PROX
2026-07-29 11:40:31.228 -05:00 [DBG] Heartbeat SENTINEL
2026-07-29 11:40:31.229 -05:00 [DBG] Heartbeat MARKETSCRYER
2026-07-29 11:40:31.229 -05:00 [DBG] Heartbeat SIGNALFORGE
2026-07-29 11:40:31.229 -05:00 [DBG] Heartbeat ORACLEVAULT
2026-07-29 11:40:31.229 -05:00 [DBG] Heartbeat RISKWARDEN
2026-07-29 11:41:31.227 -05:00 [DBG] Heartbeat SYNAPSE
2026-07-29 11:41:31.227 -05:00 [DBG] Heartbeat TRADEWEAVER
2026-07-29 11:41:31.227 -05:00 [DBG] Heartbeat CASEBLADE
2026-07-29 11:41:31.227 -05:00 [DBG] Heartbeat PROX
2026-07-29 11:41:31.227 -05:00 [DBG] Heartbeat SENTINEL
2026-07-29 11:41:31.227 -05:00 [DBG] Heartbeat MARKETSCRYER
2026-07-29 11:41:31.227 -05:00 [DBG] Heartbeat SIGNALFORGE
2026-07-29 11:41:31.227 -05:00 [DBG] Heartbeat ORACLEVAULT
2026-07-29 11:41:31.227 -05:00 [DBG] Heartbeat RISKWARDEN
2026-07-29 11:42:31.226 -05:00 [DBG] Heartbeat SYNAPSE
2026-07-29 11:42:31.226 -05:00 [DBG] Heartbeat TRADEWEAVER
2026-07-29 11:42:31.226 -05:00 [DBG] Heartbeat CASEBLADE
2026-07-29 11:42:31.226 -05:00 [DBG] Heartbeat PROX
2026-07-29 11:42:31.226 -05:00 [DBG] Heartbeat SENTINEL
2026-07-29 11:42:31.226 -05:00 [DBG] Heartbeat MARKETSCRYER
2026-07-29 11:42:31.226 -05:00 [DBG] Heartbeat SIGNALFORGE
2026-07-29 11:42:31.226 -05:00 [DBG] Heartbeat ORACLEVAULT
2026-07-29 11:42:31.226 -05:00 [DBG] Heartbeat RISKWARDEN
2026-07-29 11:43:31.225 -05:00 [DBG] Heartbeat SYNAPSE
2026-07-29 11:43:31.225 -05:00 [DBG] Heartbeat TRADEWEAVER
2026-07-29 11:43:31.225 -05:00 [DBG] Heartbeat CASEBLADE
2026-07-29 11:43:31.225 -05:00 [DBG] Heartbeat PROX
2026-07-29 11:43:31.225 -05:00 [DBG] Heartbeat SENTINEL
2026-07-29 11:43:31.225 -05:00 [DBG] Heartbeat MARKETSCRYER
2026-07-29 11:43:31.225 -05:00 [DBG] Heartbeat SIGNALFORGE
2026-07-29 11:43:31.225 -05:00 [DBG] Heartbeat ORACLEVAULT
2026-07-29 11:43:31.225 -05:00 [DBG] Heartbeat RISKWARDEN
2026-07-29 11:44:31.223 -05:00 [DBG] Heartbeat SYNAPSE
2026-07-29 11:44:31.223 -05:00 [DBG] Heartbeat TRADEWEAVER
2026-07-29 11:44:31.223 -05:00 [DBG] Heartbeat CASEBLADE
2026-07-29 11:44:31.223 -05:00 [DBG] Heartbeat PROX
2026-07-29 11:44:31.223 -05:00 [DBG] Heartbeat SENTINEL
2026-07-29 11:44:31.223 -05:00 [DBG] Heartbeat MARKETSCRYER
2026-07-29 11:44:31.223 -05:00 [DBG] Heartbeat SIGNALFORGE
2026-07-29 11:44:31.223 -05:00 [DBG] Heartbeat ORACLEVAULT
2026-07-29 11:44:31.223 -05:00 [DBG] Heartbeat RISKWARDEN
2026-07-29 11:44:49.746 -05:00 [INF] PC health: C: 78% used, 10 recent errors
2026-07-29 11:45:31.222 -05:00 [DBG] Heartbeat SYNAPSE
2026-07-29 11:45:31.222 -05:00 [DBG] Heartbeat TRADEWEAVER
2026-07-29 11:45:31.222 -05:00 [DBG] Heartbeat CASEBLADE
2026-07-29 11:45:31.222 -05:00 [DBG] Heartbeat PROX
2026-07-29 11:45:31.222 -05:00 [DBG] Heartbeat SENTINEL
2026-07-29 11:45:31.222 -05:00 [DBG] Heartbeat MARKETSCRYER
2026-07-29 11:45:31.222 -05:00 [DBG] Heartbeat SIGNALFORGE
2026-07-29 11:45:31.222 -05:00 [DBG] Heartbeat ORACLEVAULT
2026-07-29 11:45:31.222 -05:00 [DBG] Heartbeat RISKWARDEN
2026-07-29 11:46:31.220 -05:00 [DBG] Heartbeat SYNAPSE
2026-07-29 11:46:31.220 -05:00 [DBG] Heartbeat TRADEWEAVER
2026-07-29 11:46:31.220 -05:00 [DBG] Heartbeat CASEBLADE
2026-07-29 11:46:31.220 -05:00 [DBG] Heartbeat PROX
2026-07-29 11:46:31.220 -05:00 [DBG] Heartbeat SENTINEL
2026-07-29 11:46:31.220 -05:00 [DBG] Heartbeat MARKETSCRYER
2026-07-29 11:46:31.220 -05:00 [DBG] Heartbeat SIGNALFORGE
2026-07-29 11:46:31.220 -05:00 [DBG] Heartbeat ORACLEVAULT
2026-07-29 11:46:31.220 -05:00 [DBG] Heartbeat RISKWARDEN
2026-07-29 11:47:31.219 -05:00 [DBG] Heartbeat SYNAPSE
2026-07-29 11:47:31.219 -05:00 [DBG] Heartbeat TRADEWEAVER
2026-07-29 11:47:31.219 -05:00 [DBG] Heartbeat CASEBLADE
2026-07-29 11:47:31.219 -05:00 [DBG] Heartbeat PROX
2026-07-29 11:47:31.219 -05:00 [DBG] Heartbeat SENTINEL
2026-07-29 11:47:31.219 -05:00 [DBG] Heartbeat MARKETSCRYER
2026-07-29 11:47:31.219 -05:00 [DBG] Heartbeat SIGNALFORGE
2026-07-29 11:47:31.219 -05:00 [DBG] Heartbeat ORACLEVAULT
2026-07-29 11:47:31.219 -05:00 [DBG] Heartbeat RISKWARDEN
2026-07-29 11:48:31.218 -05:00 [DBG] Heartbeat SYNAPSE
2026-07-29 11:48:31.218 -05:00 [DBG] Heartbeat TRADEWEAVER
2026-07-29 11:48:31.218 -05:00 [DBG] Heartbeat CASEBLADE
2026-07-29 11:48:31.218 -05:00 [DBG] Heartbeat PROX
2026-07-29 11:48:31.218 -05:00 [DBG] Heartbeat SENTINEL
2026-07-29 11:48:31.218 -05:00 [DBG] Heartbeat MARKETSCRYER
2026-07-29 11:48:31.218 -05:00 [DBG] Heartbeat SIGNALFORGE
2026-07-29 11:48:31.218 -05:00 [DBG] Heartbeat ORACLEVAULT
2026-07-29 11:48:31.218 -05:00 [DBG] Heartbeat RISKWARDEN
2026-07-29 11:49:31.216 -05:00 [DBG] Heartbeat SYNAPSE
2026-07-29 11:49:31.216 -05:00 [DBG] Heartbeat TRADEWEAVER
2026-07-29 11:49:31.216 -05:00 [DBG] Heartbeat CASEBLADE
2026-07-29 11:49:31.216 -05:00 [DBG] Heartbeat PROX
2026-07-29 11:49:31.216 -05:00 [DBG] Heartbeat SENTINEL
2026-07-29 11:49:31.216 -05:00 [DBG] Heartbeat MARKETSCRYER
2026-07-29 11:49:31.216 -05:00 [DBG] Heartbeat SIGNALFORGE
2026-07-29 11:49:31.216 -05:00 [DBG] Heartbeat ORACLEVAULT
2026-07-29 11:49:31.216 -05:00 [DBG] Heartbeat RISKWARDEN
2026-07-29 11:50:00.269 -05:00 [INF] PC health: C: 78% used, 10 recent errors
2026-07-29 11:50:31.214 -05:00 [DBG] Heartbeat SYNAPSE
2026-07-29 11:50:31.214 -05:00 [DBG] Heartbeat TRADEWEAVER
2026-07-29 11:50:31.214 -05:00 [DBG] Heartbeat CASEBLADE
2026-07-29 11:50:31.214 -05:00 [DBG] Heartbeat PROX
2026-07-29 11:50:31.214 -05:00 [DBG] Heartbeat SENTINEL
2026-07-29 11:50:31.214 -05:00 [DBG] Heartbeat MARKETSCRYER
2026-07-29 11:50:31.214 -05:00 [DBG] Heartbeat SIGNALFORGE
2026-07-29 11:50:31.214 -05:00 [DBG] Heartbeat ORACLEVAULT
2026-07-29 11:50:31.214 -05:00 [DBG] Heartbeat RISKWARDEN
2026-07-29 11:51:31.213 -05:00 [DBG] Heartbeat SYNAPSE
2026-07-29 11:51:31.213 -05:00 [DBG] Heartbeat TRADEWEAVER
2026-07-29 11:51:31.213 -05:00 [DBG] Heartbeat CASEBLADE
2026-07-29 11:51:31.213 -05:00 [DBG] Heartbeat PROX
2026-07-29 11:51:31.213 -05:00 [DBG] Heartbeat SENTINEL
2026-07-29 11:51:31.213 -05:00 [DBG] Heartbeat MARKETSCRYER
2026-07-29 11:51:31.213 -05:00 [DBG] Heartbeat SIGNALFORGE
2026-07-29 11:51:31.213 -05:00 [DBG] Heartbeat ORACLEVAULT
2026-07-29 11:51:31.213 -05:00 [DBG] Heartbeat RISKWARDEN
2026-07-29 11:52:31.211 -05:00 [DBG] Heartbeat SYNAPSE
2026-07-29 11:52:31.211 -05:00 [DBG] Heartbeat TRADEWEAVER
2026-07-29 11:52:31.211 -05:00 [DBG] Heartbeat CASEBLADE
2026-07-29 11:52:31.211 -05:00 [DBG] Heartbeat PROX
2026-07-29 11:52:31.211 -05:00 [DBG] Heartbeat SENTINEL
2026-07-29 11:52:31.211 -05:00 [DBG] Heartbeat MARKETSCRYER
2026-07-29 11:52:31.211 -05:00 [DBG] Heartbeat SIGNALFORGE
2026-07-29 11:52:31.211 -05:00 [DBG] Heartbeat ORACLEVAULT
2026-07-29 11:52:31.211 -05:00 [DBG] Heartbeat RISKWARDEN
2026-07-29 11:53:31.210 -05:00 [DBG] Heartbeat SYNAPSE
2026-07-29 11:53:31.210 -05:00 [DBG] Heartbeat TRADEWEAVER
2026-07-29 11:53:31.210 -05:00 [DBG] Heartbeat CASEBLADE
2026-07-29 11:53:31.210 -05:00 [DBG] Heartbeat PROX
2026-07-29 11:53:31.210 -05:00 [DBG] Heartbeat SENTINEL
2026-07-29 11:53:31.210 -05:00 [DBG] Heartbeat MARKETSCRYER
2026-07-29 11:53:31.210 -05:00 [DBG] Heartbeat SIGNALFORGE
2026-07-29 11:53:31.210 -05:00 [DBG] Heartbeat ORACLEVAULT
2026-07-29 11:53:31.210 -05:00 [DBG] Heartbeat RISKWARDEN
2026-07-29 11:54:31.209 -05:00 [DBG] Heartbeat SYNAPSE
2026-07-29 11:54:31.209 -05:00 [DBG] Heartbeat TRADEWEAVER
2026-07-29 11:54:31.209 -05:00 [DBG] Heartbeat CASEBLADE
2026-07-29 11:54:31.209 -05:00 [DBG] Heartbeat PROX
2026-07-29 11:54:31.209 -05:00 [DBG] Heartbeat SENTINEL
2026-07-29 11:54:31.209 -05:00 [DBG] Heartbeat MARKETSCRYER
2026-07-29 11:54:31.209 -05:00 [DBG] Heartbeat SIGNALFORGE
2026-07-29 11:54:31.209 -05:00 [DBG] Heartbeat ORACLEVAULT
2026-07-29 11:54:31.209 -05:00 [DBG] Heartbeat RISKWARDEN
2026-07-29 11:55:10.704 -05:00 [INF] PC health: C: 78% used, 10 recent errors
2026-07-29 11:55:31.209 -05:00 [DBG] Heartbeat SYNAPSE
2026-07-29 11:55:31.209 -05:00 [DBG] Heartbeat TRADEWEAVER
2026-07-29 11:55:31.209 -05:00 [DBG] Heartbeat CASEBLADE
2026-07-29 11:55:31.209 -05:00 [DBG] Heartbeat PROX
2026-07-29 11:55:31.209 -05:00 [DBG] Heartbeat SENTINEL
2026-07-29 11:55:31.209 -05:00 [DBG] Heartbeat MARKETSCRYER
2026-07-29 11:55:31.209 -05:00 [DBG] Heartbeat SIGNALFORGE
2026-07-29 11:55:31.209 -05:00 [DBG] Heartbeat ORACLEVAULT
2026-07-29 11:55:31.209 -05:00 [DBG] Heartbeat RISKWARDEN
2026-07-29 11:56:31.208 -05:00 [DBG] Heartbeat SYNAPSE
2026-07-29 11:56:31.208 -05:00 [DBG] Heartbeat TRADEWEAVER
2026-07-29 11:56:31.208 -05:00 [DBG] Heartbeat CASEBLADE
2026-07-29 11:56:31.208 -05:00 [DBG] Heartbeat PROX
2026-07-29 11:56:31.208 -05:00 [DBG] Heartbeat SENTINEL
2026-07-29 11:56:31.208 -05:00 [DBG] Heartbeat MARKETSCRYER
2026-07-29 11:56:31.208 -05:00 [DBG] Heartbeat SIGNALFORGE
2026-07-29 11:56:31.208 -05:00 [DBG] Heartbeat ORACLEVAULT
2026-07-29 11:56:31.208 -05:00 [DBG] Heartbeat RISKWARDEN
2026-07-29 11:57:31.208 -05:00 [DBG] Heartbeat SYNAPSE
2026-07-29 11:57:31.208 -05:00 [DBG] Heartbeat TRADEWEAVER
2026-07-29 11:57:31.208 -05:00 [DBG] Heartbeat CASEBLADE
2026-07-29 11:57:31.208 -05:00 [DBG] Heartbeat PROX
2026-07-29 11:57:31.208 -05:00 [DBG] Heartbeat SENTINEL
2026-07-29 11:57:31.208 -05:00 [DBG] Heartbeat MARKETSCRYER
2026-07-29 11:57:31.208 -05:00 [DBG] Heartbeat SIGNALFORGE
2026-07-29 11:57:31.208 -05:00 [DBG] Heartbeat ORACLEVAULT
2026-07-29 11:57:31.208 -05:00 [DBG] Heartbeat RISKWARDEN
2026-07-29 11:58:31.207 -05:00 [DBG] Heartbeat SYNAPSE
2026-07-29 11:58:31.207 -05:00 [DBG] Heartbeat TRADEWEAVER
2026-07-29 11:58:31.207 -05:00 [DBG] Heartbeat CASEBLADE
2026-07-29 11:58:31.207 -05:00 [DBG] Heartbeat PROX
2026-07-29 11:58:31.207 -05:00 [DBG] Heartbeat SENTINEL
2026-07-29 11:58:31.207 -05:00 [DBG] Heartbeat MARKETSCRYER
2026-07-29 11:58:31.207 -05:00 [DBG] Heartbeat SIGNALFORGE
2026-07-29 11:58:31.207 -05:00 [DBG] Heartbeat ORACLEVAULT
2026-07-29 11:58:31.207 -05:00 [DBG] Heartbeat RISKWARDEN
2026-07-29 11:59:31.206 -05:00 [DBG] Heartbeat SYNAPSE
2026-07-29 11:59:31.206 -05:00 [DBG] Heartbeat TRADEWEAVER
2026-07-29 11:59:31.206 -05:00 [DBG] Heartbeat CASEBLADE
2026-07-29 11:59:31.206 -05:00 [DBG] Heartbeat PROX
2026-07-29 11:59:31.206 -05:00 [DBG] Heartbeat SENTINEL
2026-07-29 11:59:31.206 -05:00 [DBG] Heartbeat MARKETSCRYER
2026-07-29 11:59:31.206 -05:00 [DBG] Heartbeat SIGNALFORGE
2026-07-29 11:59:31.206 -05:00 [DBG] Heartbeat ORACLEVAULT
2026-07-29 11:59:31.206 -05:00 [DBG] Heartbeat RISKWARDEN
2026-07-29 12:00:21.216 -05:00 [INF] PC health: C: 78% used, 10 recent errors
2026-07-29 12:00:31.205 -05:00 [DBG] Heartbeat SYNAPSE
2026-07-29 12:00:31.205 -05:00 [DBG] Heartbeat TRADEWEAVER
2026-07-29 12:00:31.205 -05:00 [DBG] Heartbeat CASEBLADE
2026-07-29 12:00:31.205 -05:00 [DBG] Heartbeat PROX
2026-07-29 12:00:31.205 -05:00 [DBG] Heartbeat SENTINEL
2026-07-29 12:00:31.205 -05:00 [DBG] Heartbeat MARKETSCRYER
2026-07-29 12:00:31.205 -05:00 [DBG] Heartbeat SIGNALFORGE
2026-07-29 12:00:31.205 -05:00 [DBG] Heartbeat ORACLEVAULT
2026-07-29 12:00:31.205 -05:00 [DBG] Heartbeat RISKWARDEN
2026-07-29 12:01:31.205 -05:00 [DBG] Heartbeat SYNAPSE
2026-07-29 12:01:31.205 -05:00 [DBG] Heartbeat TRADEWEAVER
2026-07-29 12:01:31.205 -05:00 [DBG] Heartbeat CASEBLADE
2026-07-29 12:01:31.205 -05:00 [DBG] Heartbeat PROX
2026-07-29 12:01:31.205 -05:00 [DBG] Heartbeat SENTINEL
2026-07-29 12:01:31.205 -05:00 [DBG] Heartbeat MARKETSCRYER
2026-07-29 12:01:31.205 -05:00 [DBG] Heartbeat SIGNALFORGE
2026-07-29 12:01:31.205 -05:00 [DBG] Heartbeat ORACLEVAULT
2026-07-29 12:01:31.205 -05:00 [DBG] Heartbeat RISKWARDEN
2026-07-29 12:02:31.203 -05:00 [DBG] Heartbeat SYNAPSE
2026-07-29 12:02:31.203 -05:00 [DBG] Heartbeat TRADEWEAVER
2026-07-29 12:02:31.203 -05:00 [DBG] Heartbeat CASEBLADE
2026-07-29 12:02:31.203 -05:00 [DBG] Heartbeat PROX
2026-07-29 12:02:31.203 -05:00 [DBG] Heartbeat SENTINEL
2026-07-29 12:02:31.203 -05:00 [DBG] Heartbeat MARKETSCRYER
2026-07-29 12:02:31.203 -05:00 [DBG] Heartbeat SIGNALFORGE
2026-07-29 12:02:31.203 -05:00 [DBG] Heartbeat ORACLEVAULT
2026-07-29 12:02:31.203 -05:00 [DBG] Heartbeat RISKWARDEN
2026-07-29 12:03:31.203 -05:00 [DBG] Heartbeat SYNAPSE
2026-07-29 12:03:31.203 -05:00 [DBG] Heartbeat TRADEWEAVER
2026-07-29 12:03:31.203 -05:00 [DBG] Heartbeat CASEBLADE
2026-07-29 12:03:31.203 -05:00 [DBG] Heartbeat PROX
2026-07-29 12:03:31.203 -05:00 [DBG] Heartbeat SENTINEL
2026-07-29 12:03:31.203 -05:00 [DBG] Heartbeat MARKETSCRYER
2026-07-29 12:03:31.203 -05:00 [DBG] Heartbeat SIGNALFORGE
2026-07-29 12:03:31.203 -05:00 [DBG] Heartbeat ORACLEVAULT
2026-07-29 12:03:31.203 -05:00 [DBG] Heartbeat RISKWARDEN
2026-07-29 12:04:31.202 -05:00 [DBG] Heartbeat SYNAPSE
2026-07-29 12:04:31.202 -05:00 [DBG] Heartbeat TRADEWEAVER
2026-07-29 12:04:31.202 -05:00 [DBG] Heartbeat CASEBLADE
2026-07-29 12:04:31.202 -05:00 [DBG] Heartbeat PROX
2026-07-29 12:04:31.202 -05:00 [DBG] Heartbeat SENTINEL
2026-07-29 12:04:31.202 -05:00 [DBG] Heartbeat MARKETSCRYER
2026-07-29 12:04:31.202 -05:00 [DBG] Heartbeat SIGNALFORGE
2026-07-29 12:04:31.202 -05:00 [DBG] Heartbeat ORACLEVAULT
2026-07-29 12:04:31.202 -05:00 [DBG] Heartbeat RISKWARDEN
2026-07-29 12:05:31.201 -05:00 [DBG] Heartbeat SYNAPSE
2026-07-29 12:05:31.201 -05:00 [DBG] Heartbeat TRADEWEAVER
2026-07-29 12:05:31.201 -05:00 [DBG] Heartbeat CASEBLADE
2026-07-29 12:05:31.201 -05:00 [DBG] Heartbeat PROX
2026-07-29 12:05:31.201 -05:00 [DBG] Heartbeat SENTINEL
2026-07-29 12:05:31.201 -05:00 [DBG] Heartbeat MARKETSCRYER
2026-07-29 12:05:31.201 -05:00 [DBG] Heartbeat SIGNALFORGE
2026-07-29 12:05:31.201 -05:00 [DBG] Heartbeat ORACLEVAULT
2026-07-29 12:05:31.201 -05:00 [DBG] Heartbeat RISKWARDEN
2026-07-29 12:05:31.742 -05:00 [INF] PC health: C: 78% used, 10 recent errors
2026-07-29 12:06:31.200 -05:00 [DBG] Heartbeat SYNAPSE
2026-07-29 12:06:31.200 -05:00 [DBG] Heartbeat TRADEWEAVER
2026-07-29 12:06:31.200 -05:00 [DBG] Heartbeat CASEBLADE
2026-07-29 12:06:31.200 -05:00 [DBG] Heartbeat PROX
2026-07-29 12:06:31.200 -05:00 [DBG] Heartbeat SENTINEL
2026-07-29 12:06:31.200 -05:00 [DBG] Heartbeat MARKETSCRYER
2026-07-29 12:06:31.200 -05:00 [DBG] Heartbeat SIGNALFORGE
2026-07-29 12:06:31.200 -05:00 [DBG] Heartbeat ORACLEVAULT
2026-07-29 12:06:31.200 -05:00 [DBG] Heartbeat RISKWARDEN
2026-07-29 12:07:31.199 -05:00 [DBG] Heartbeat SYNAPSE
2026-07-29 12:07:31.200 -05:00 [DBG] Heartbeat TRADEWEAVER
2026-07-29 12:07:31.200 -05:00 [DBG] Heartbeat CASEBLADE
2026-07-29 12:07:31.200 -05:00 [DBG] Heartbeat PROX
2026-07-29 12:07:31.200 -05:00 [DBG] Heartbeat SENTINEL
2026-07-29 12:07:31.200 -05:00 [DBG] Heartbeat MARKETSCRYER
2026-07-29 12:07:31.200 -05:00 [DBG] Heartbeat SIGNALFORGE
2026-07-29 12:07:31.200 -05:00 [DBG] Heartbeat ORACLEVAULT
2026-07-29 12:07:31.200 -05:00 [DBG] Heartbeat RISKWARDEN
2026-07-29 12:08:31.199 -05:00 [DBG] Heartbeat SYNAPSE
2026-07-29 12:08:31.199 -05:00 [DBG] Heartbeat TRADEWEAVER
2026-07-29 12:08:31.199 -05:00 [DBG] Heartbeat CASEBLADE
2026-07-29 12:08:31.199 -05:00 [DBG] Heartbeat PROX
2026-07-29 12:08:31.199 -05:00 [DBG] Heartbeat SENTINEL
2026-07-29 12:08:31.199 -05:00 [DBG] Heartbeat MARKETSCRYER
2026-07-29 12:08:31.199 -05:00 [DBG] Heartbeat SIGNALFORGE
2026-07-29 12:08:31.199 -05:00 [DBG] Heartbeat ORACLEVAULT
2026-07-29 12:08:31.199 -05:00 [DBG] Heartbeat RISKWARDEN
2026-07-29 12:09:31.198 -05:00 [DBG] Heartbeat SYNAPSE
2026-07-29 12:09:31.198 -05:00 [DBG] Heartbeat TRADEWEAVER
2026-07-29 12:09:31.198 -05:00 [DBG] Heartbeat CASEBLADE
2026-07-29 12:09:31.198 -05:00 [DBG] Heartbeat PROX
2026-07-29 12:09:31.198 -05:00 [DBG] Heartbeat SENTINEL
2026-07-29 12:09:31.198 -05:00 [DBG] Heartbeat MARKETSCRYER
2026-07-29 12:09:31.198 -05:00 [DBG] Heartbeat SIGNALFORGE
2026-07-29 12:09:31.198 -05:00 [DBG] Heartbeat ORACLEVAULT
2026-07-29 12:09:31.198 -05:00 [DBG] Heartbeat RISKWARDEN
2026-07-29 12:10:31.198 -05:00 [DBG] Heartbeat SYNAPSE
2026-07-29 12:10:31.198 -05:00 [DBG] Heartbeat TRADEWEAVER
2026-07-29 12:10:31.198 -05:00 [DBG] Heartbeat CASEBLADE
2026-07-29 12:10:31.198 -05:00 [DBG] Heartbeat PROX
2026-07-29 12:10:31.199 -05:00 [DBG] Heartbeat SENTINEL
2026-07-29 12:10:31.199 -05:00 [DBG] Heartbeat MARKETSCRYER
2026-07-29 12:10:31.199 -05:00 [DBG] Heartbeat SIGNALFORGE
2026-07-29 12:10:31.199 -05:00 [DBG] Heartbeat ORACLEVAULT
2026-07-29 12:10:31.199 -05:00 [DBG] Heartbeat RISKWARDEN
2026-07-29 12:10:42.297 -05:00 [INF] PC health: C: 78% used, 10 recent errors
2026-07-29 12:11:31.199 -05:00 [DBG] Heartbeat SYNAPSE
2026-07-29 12:11:31.199 -05:00 [DBG] Heartbeat TRADEWEAVER
2026-07-29 12:11:31.199 -05:00 [DBG] Heartbeat CASEBLADE
2026-07-29 12:11:31.199 -05:00 [DBG] Heartbeat PROX
2026-07-29 12:11:31.199 -05:00 [DBG] Heartbeat SENTINEL
2026-07-29 12:11:31.199 -05:00 [DBG] Heartbeat MARKETSCRYER
2026-07-29 12:11:31.199 -05:00 [DBG] Heartbeat SIGNALFORGE
2026-07-29 12:11:31.199 -05:00 [DBG] Heartbeat ORACLEVAULT
2026-07-29 12:11:31.199 -05:00 [DBG] Heartbeat RISKWARDEN
2026-07-29 12:12:31.199 -05:00 [DBG] Heartbeat SYNAPSE
2026-07-29 12:12:31.199 -05:00 [DBG] Heartbeat TRADEWEAVER
2026-07-29 12:12:31.199 -05:00 [DBG] Heartbeat CASEBLADE
2026-07-29 12:12:31.199 -05:00 [DBG] Heartbeat PROX
2026-07-29 12:12:31.199 -05:00 [DBG] Heartbeat SENTINEL
2026-07-29 12:12:31.199 -05:00 [DBG] Heartbeat MARKETSCRYER
2026-07-29 12:12:31.199 -05:00 [DBG] Heartbeat SIGNALFORGE
2026-07-29 12:12:31.199 -05:00 [DBG] Heartbeat ORACLEVAULT
2026-07-29 12:12:31.199 -05:00 [DBG] Heartbeat RISKWARDEN
2026-07-29 12:13:31.198 -05:00 [DBG] Heartbeat SYNAPSE
2026-07-29 12:13:31.198 -05:00 [DBG] Heartbeat TRADEWEAVER
2026-07-29 12:13:31.198 -05:00 [DBG] Heartbeat CASEBLADE
2026-07-29 12:13:31.198 -05:00 [DBG] Heartbeat PROX
2026-07-29 12:13:31.198 -05:00 [DBG] Heartbeat SENTINEL
2026-07-29 12:13:31.198 -05:00 [DBG] Heartbeat MARKETSCRYER
2026-07-29 12:13:31.198 -05:00 [DBG] Heartbeat SIGNALFORGE
2026-07-29 12:13:31.198 -05:00 [DBG] Heartbeat ORACLEVAULT
2026-07-29 12:13:31.198 -05:00 [DBG] Heartbeat RISKWARDEN
2026-07-29 12:14:31.198 -05:00 [DBG] Heartbeat SYNAPSE
2026-07-29 12:14:31.198 -05:00 [DBG] Heartbeat TRADEWEAVER
2026-07-29 12:14:31.198 -05:00 [DBG] Heartbeat CASEBLADE
2026-07-29 12:14:31.198 -05:00 [DBG] Heartbeat PROX
2026-07-29 12:14:31.198 -05:00 [DBG] Heartbeat SENTINEL
2026-07-29 12:14:31.198 -05:00 [DBG] Heartbeat MARKETSCRYER
2026-07-29 12:14:31.198 -05:00 [DBG] Heartbeat SIGNALFORGE
2026-07-29 12:14:31.198 -05:00 [DBG] Heartbeat ORACLEVAULT
2026-07-29 12:14:31.198 -05:00 [DBG] Heartbeat RISKWARDEN
2026-07-29 12:15:31.197 -05:00 [DBG] Heartbeat SYNAPSE
2026-07-29 12:15:31.197 -05:00 [DBG] Heartbeat TRADEWEAVER
2026-07-29 12:15:31.197 -05:00 [DBG] Heartbeat CASEBLADE
2026-07-29 12:15:31.197 -05:00 [DBG] Heartbeat PROX
2026-07-29 12:15:31.197 -05:00 [DBG] Heartbeat SENTINEL
2026-07-29 12:15:31.197 -05:00 [DBG] Heartbeat MARKETSCRYER
2026-07-29 12:15:31.197 -05:00 [DBG] Heartbeat SIGNALFORGE
2026-07-29 12:15:31.197 -05:00 [DBG] Heartbeat ORACLEVAULT
2026-07-29 12:15:31.197 -05:00 [DBG] Heartbeat RISKWARDEN
2026-07-29 12:15:52.778 -05:00 [INF] PC health: C: 78% used, 10 recent errors
2026-07-29 12:16:31.195 -05:00 [DBG] Heartbeat SYNAPSE
2026-07-29 12:16:31.196 -05:00 [DBG] Heartbeat TRADEWEAVER
2026-07-29 12:16:31.196 -05:00 [DBG] Heartbeat CASEBLADE
2026-07-29 12:16:31.196 -05:00 [DBG] Heartbeat PROX
2026-07-29 12:16:31.196 -05:00 [DBG] Heartbeat SENTINEL
2026-07-29 12:16:31.196 -05:00 [DBG] Heartbeat MARKETSCRYER
2026-07-29 12:16:31.196 -05:00 [DBG] Heartbeat SIGNALFORGE
2026-07-29 12:16:31.196 -05:00 [DBG] Heartbeat ORACLEVAULT
2026-07-29 12:16:31.196 -05:00 [DBG] Heartbeat RISKWARDEN
2026-07-29 12:17:31.195 -05:00 [DBG] Heartbeat SYNAPSE
2026-07-29 12:17:31.195 -05:00 [DBG] Heartbeat TRADEWEAVER
2026-07-29 12:17:31.195 -05:00 [DBG] Heartbeat CASEBLADE
2026-07-29 12:17:31.195 -05:00 [DBG] Heartbeat PROX
2026-07-29 12:17:31.195 -05:00 [DBG] Heartbeat SENTINEL
2026-07-29 12:17:31.195 -05:00 [DBG] Heartbeat MARKETSCRYER
2026-07-29 12:17:31.195 -05:00 [DBG] Heartbeat SIGNALFORGE
2026-07-29 12:17:31.195 -05:00 [DBG] Heartbeat ORACLEVAULT
2026-07-29 12:17:31.195 -05:00 [DBG] Heartbeat RISKWARDEN
2026-07-29 12:18:31.194 -05:00 [DBG] Heartbeat SYNAPSE
2026-07-29 12:18:31.194 -05:00 [DBG] Heartbeat TRADEWEAVER
2026-07-29 12:18:31.194 -05:00 [DBG] Heartbeat CASEBLADE
2026-07-29 12:18:31.194 -05:00 [DBG] Heartbeat PROX
2026-07-29 12:18:31.194 -05:00 [DBG] Heartbeat SENTINEL
2026-07-29 12:18:31.194 -05:00 [DBG] Heartbeat MARKETSCRYER
2026-07-29 12:18:31.194 -05:00 [DBG] Heartbeat SIGNALFORGE
2026-07-29 12:18:31.194 -05:00 [DBG] Heartbeat ORACLEVAULT
2026-07-29 12:18:31.195 -05:00 [DBG] Heartbeat RISKWARDEN
2026-07-29 12:19:31.194 -05:00 [DBG] Heartbeat SYNAPSE
2026-07-29 12:19:31.194 -05:00 [DBG] Heartbeat TRADEWEAVER
2026-07-29 12:19:31.194 -05:00 [DBG] Heartbeat CASEBLADE
2026-07-29 12:19:31.194 -05:00 [DBG] Heartbeat PROX
2026-07-29 12:19:31.194 -05:00 [DBG] Heartbeat SENTINEL
2026-07-29 12:19:31.194 -05:00 [DBG] Heartbeat MARKETSCRYER
2026-07-29 12:19:31.194 -05:00 [DBG] Heartbeat SIGNALFORGE
2026-07-29 12:19:31.194 -05:00 [DBG] Heartbeat ORACLEVAULT
2026-07-29 12:19:31.194 -05:00 [DBG] Heartbeat RISKWARDEN
2026-07-29 12:20:31.194 -05:00 [DBG] Heartbeat SYNAPSE
2026-07-29 12:20:31.194 -05:00 [DBG] Heartbeat TRADEWEAVER
2026-07-29 12:20:31.194 -05:00 [DBG] Heartbeat CASEBLADE
2026-07-29 12:20:31.194 -05:00 [DBG] Heartbeat PROX
2026-07-29 12:20:31.194 -05:00 [DBG] Heartbeat SENTINEL
2026-07-29 12:20:31.194 -05:00 [DBG] Heartbeat MARKETSCRYER
2026-07-29 12:20:31.194 -05:00 [DBG] Heartbeat SIGNALFORGE
2026-07-29 12:20:31.194 -05:00 [DBG] Heartbeat ORACLEVAULT
2026-07-29 12:20:31.194 -05:00 [DBG] Heartbeat RISKWARDEN
2026-07-29 12:21:03.248 -05:00 [INF] PC health: C: 78% used, 10 recent errors
2026-07-29 12:21:31.194 -05:00 [DBG] Heartbeat SYNAPSE
2026-07-29 12:21:31.194 -05:00 [DBG] Heartbeat TRADEWEAVER
2026-07-29 12:21:31.194 -05:00 [DBG] Heartbeat CASEBLADE
2026-07-29 12:21:31.194 -05:00 [DBG] Heartbeat PROX
2026-07-29 12:21:31.194 -05:00 [DBG] Heartbeat SENTINEL
2026-07-29 12:21:31.194 -05:00 [DBG] Heartbeat MARKETSCRYER
2026-07-29 12:21:31.194 -05:00 [DBG] Heartbeat SIGNALFORGE
2026-07-29 12:21:31.194 -05:00 [DBG] Heartbeat ORACLEVAULT
2026-07-29 12:21:31.194 -05:00 [DBG] Heartbeat RISKWARDEN
2026-07-29 12:22:31.193 -05:00 [DBG] Heartbeat SYNAPSE
2026-07-29 12:22:31.193 -05:00 [DBG] Heartbeat TRADEWEAVER
2026-07-29 12:22:31.193 -05:00 [DBG] Heartbeat CASEBLADE
2026-07-29 12:22:31.193 -05:00 [DBG] Heartbeat PROX
2026-07-29 12:22:31.193 -05:00 [DBG] Heartbeat SENTINEL
2026-07-29 12:22:31.193 -05:00 [DBG] Heartbeat MARKETSCRYER
2026-07-29 12:22:31.193 -05:00 [DBG] Heartbeat SIGNALFORGE
2026-07-29 12:22:31.193 -05:00 [DBG] Heartbeat ORACLEVAULT
2026-07-29 12:22:31.193 -05:00 [DBG] Heartbeat RISKWARDEN
2026-07-29 12:23:31.192 -05:00 [DBG] Heartbeat SYNAPSE
2026-07-29 12:23:31.192 -05:00 [DBG] Heartbeat TRADEWEAVER
2026-07-29 12:23:31.192 -05:00 [DBG] Heartbeat CASEBLADE
2026-07-29 12:23:31.192 -05:00 [DBG] Heartbeat PROX
2026-07-29 12:23:31.192 -05:00 [DBG] Heartbeat SENTINEL
2026-07-29 12:23:31.192 -05:00 [DBG] Heartbeat MARKETSCRYER
2026-07-29 12:23:31.192 -05:00 [DBG] Heartbeat SIGNALFORGE
2026-07-29 12:23:31.192 -05:00 [DBG] Heartbeat ORACLEVAULT
2026-07-29 12:23:31.192 -05:00 [DBG] Heartbeat RISKWARDEN
2026-07-29 12:24:31.192 -05:00 [DBG] Heartbeat SYNAPSE
2026-07-29 12:24:31.192 -05:00 [DBG] Heartbeat TRADEWEAVER
2026-07-29 12:24:31.192 -05:00 [DBG] Heartbeat CASEBLADE
2026-07-29 12:24:31.192 -05:00 [DBG] Heartbeat PROX
2026-07-29 12:24:31.192 -05:00 [DBG] Heartbeat SENTINEL
2026-07-29 12:24:31.192 -05:00 [DBG] Heartbeat MARKETSCRYER
2026-07-29 12:24:31.192 -05:00 [DBG] Heartbeat SIGNALFORGE
2026-07-29 12:24:31.192 -05:00 [DBG] Heartbeat ORACLEVAULT
2026-07-29 12:24:31.192 -05:00 [DBG] Heartbeat RISKWARDEN
2026-07-29 12:25:31.192 -05:00 [DBG] Heartbeat SYNAPSE
2026-07-29 12:25:31.192 -05:00 [DBG] Heartbeat TRADEWEAVER
2026-07-29 12:25:31.192 -05:00 [DBG] Heartbeat CASEBLADE
2026-07-29 12:25:31.192 -05:00 [DBG] Heartbeat PROX
2026-07-29 12:25:31.192 -05:00 [DBG] Heartbeat SENTINEL
2026-07-29 12:25:31.192 -05:00 [DBG] Heartbeat MARKETSCRYER
2026-07-29 12:25:31.192 -05:00 [DBG] Heartbeat SIGNALFORGE
2026-07-29 12:25:31.192 -05:00 [DBG] Heartbeat ORACLEVAULT
2026-07-29 12:25:31.192 -05:00 [DBG] Heartbeat RISKWARDEN
2026-07-29 12:26:13.832 -05:00 [INF] PC health: C: 78% used, 10 recent errors
2026-07-29 12:26:31.192 -05:00 [DBG] Heartbeat SYNAPSE
2026-07-29 12:26:31.192 -05:00 [DBG] Heartbeat TRADEWEAVER
2026-07-29 12:26:31.192 -05:00 [DBG] Heartbeat CASEBLADE
2026-07-29 12:26:31.192 -05:00 [DBG] Heartbeat PROX
2026-07-29 12:26:31.192 -05:00 [DBG] Heartbeat SENTINEL
2026-07-29 12:26:31.192 -05:00 [DBG] Heartbeat MARKETSCRYER
2026-07-29 12:26:31.192 -05:00 [DBG] Heartbeat SIGNALFORGE
2026-07-29 12:26:31.192 -05:00 [DBG] Heartbeat ORACLEVAULT
2026-07-29 12:26:31.192 -05:00 [DBG] Heartbeat RISKWARDEN
2026-07-29 12:27:31.191 -05:00 [DBG] Heartbeat SYNAPSE
2026-07-29 12:27:31.191 -05:00 [DBG] Heartbeat TRADEWEAVER
2026-07-29 12:27:31.191 -05:00 [DBG] Heartbeat CASEBLADE
2026-07-29 12:27:31.191 -05:00 [DBG] Heartbeat PROX
2026-07-29 12:27:31.192 -05:00 [DBG] Heartbeat SENTINEL
2026-07-29 12:27:31.192 -05:00 [DBG] Heartbeat MARKETSCRYER
2026-07-29 12:27:31.192 -05:00 [DBG] Heartbeat SIGNALFORGE
2026-07-29 12:27:31.192 -05:00 [DBG] Heartbeat ORACLEVAULT
2026-07-29 12:27:31.192 -05:00 [DBG] Heartbeat RISKWARDEN
2026-07-29 12:28:31.191 -05:00 [DBG] Heartbeat SYNAPSE
2026-07-29 12:28:31.191 -05:00 [DBG] Heartbeat TRADEWEAVER
2026-07-29 12:28:31.191 -05:00 [DBG] Heartbeat CASEBLADE
2026-07-29 12:28:31.191 -05:00 [DBG] Heartbeat PROX
2026-07-29 12:28:31.191 -05:00 [DBG] Heartbeat SENTINEL
2026-07-29 12:28:31.191 -05:00 [DBG] Heartbeat MARKETSCRYER
2026-07-29 12:28:31.191 -05:00 [DBG] Heartbeat SIGNALFORGE
2026-07-29 12:28:31.191 -05:00 [DBG] Heartbeat ORACLEVAULT
2026-07-29 12:28:31.191 -05:00 [DBG] Heartbeat RISKWARDEN
2026-07-29 12:29:31.191 -05:00 [DBG] Heartbeat SYNAPSE
2026-07-29 12:29:31.191 -05:00 [DBG] Heartbeat TRADEWEAVER
2026-07-29 12:29:31.191 -05:00 [DBG] Heartbeat CASEBLADE
2026-07-29 12:29:31.191 -05:00 [DBG] Heartbeat PROX
2026-07-29 12:29:31.191 -05:00 [DBG] Heartbeat SENTINEL
2026-07-29 12:29:31.191 -05:00 [DBG] Heartbeat MARKETSCRYER
2026-07-29 12:29:31.191 -05:00 [DBG] Heartbeat SIGNALFORGE
2026-07-29 12:29:31.191 -05:00 [DBG] Heartbeat ORACLEVAULT
2026-07-29 12:29:31.191 -05:00 [DBG] Heartbeat RISKWARDEN
2026-07-29 12:30:31.190 -05:00 [DBG] Heartbeat SYNAPSE
2026-07-29 12:30:31.190 -05:00 [DBG] Heartbeat TRADEWEAVER
2026-07-29 12:30:31.190 -05:00 [DBG] Heartbeat CASEBLADE
2026-07-29 12:30:31.190 -05:00 [DBG] Heartbeat PROX
2026-07-29 12:30:31.190 -05:00 [DBG] Heartbeat SENTINEL
2026-07-29 12:30:31.190 -05:00 [DBG] Heartbeat MARKETSCRYER
2026-07-29 12:30:31.190 -05:00 [DBG] Heartbeat SIGNALFORGE
2026-07-29 12:30:31.190 -05:00 [DBG] Heartbeat ORACLEVAULT
2026-07-29 12:30:31.190 -05:00 [DBG] Heartbeat RISKWARDEN
2026-07-29 12:31:24.931 -05:00 [INF] PC health: C: 78% used, 10 recent errors
2026-07-29 12:31:31.190 -05:00 [DBG] Heartbeat SYNAPSE
2026-07-29 12:31:31.190 -05:00 [DBG] Heartbeat TRADEWEAVER
2026-07-29 12:31:31.190 -05:00 [DBG] Heartbeat CASEBLADE
2026-07-29 12:31:31.190 -05:00 [DBG] Heartbeat PROX
2026-07-29 12:31:31.190 -05:00 [DBG] Heartbeat SENTINEL
2026-07-29 12:31:31.190 -05:00 [DBG] Heartbeat MARKETSCRYER
2026-07-29 12:31:31.190 -05:00 [DBG] Heartbeat SIGNALFORGE
2026-07-29 12:31:31.190 -05:00 [DBG] Heartbeat ORACLEVAULT
2026-07-29 12:31:31.190 -05:00 [DBG] Heartbeat RISKWARDEN
2026-07-29 12:32:31.190 -05:00 [DBG] Heartbeat SYNAPSE
2026-07-29 12:32:31.190 -05:00 [DBG] Heartbeat TRADEWEAVER
2026-07-29 12:32:31.190 -05:00 [DBG] Heartbeat CASEBLADE
2026-07-29 12:32:31.190 -05:00 [DBG] Heartbeat PROX
2026-07-29 12:32:31.190 -05:00 [DBG] Heartbeat SENTINEL
2026-07-29 12:32:31.190 -05:00 [DBG] Heartbeat MARKETSCRYER
2026-07-29 12:32:31.190 -05:00 [DBG] Heartbeat SIGNALFORGE
2026-07-29 12:32:31.190 -05:00 [DBG] Heartbeat ORACLEVAULT
2026-07-29 12:32:31.190 -05:00 [DBG] Heartbeat RISKWARDEN
2026-07-29 12:33:31.190 -05:00 [DBG] Heartbeat SYNAPSE
2026-07-29 12:33:31.190 -05:00 [DBG] Heartbeat TRADEWEAVER
2026-07-29 12:33:31.190 -05:00 [DBG] Heartbeat CASEBLADE
2026-07-29 12:33:31.190 -05:00 [DBG] Heartbeat PROX
2026-07-29 12:33:31.190 -05:00 [DBG] Heartbeat SENTINEL
2026-07-29 12:33:31.190 -05:00 [DBG] Heartbeat MARKETSCRYER
2026-07-29 12:33:31.190 -05:00 [DBG] Heartbeat SIGNALFORGE
2026-07-29 12:33:31.190 -05:00 [DBG] Heartbeat ORACLEVAULT
2026-07-29 12:33:31.190 -05:00 [DBG] Heartbeat RISKWARDEN
2026-07-29 12:34:31.189 -05:00 [DBG] Heartbeat SYNAPSE
2026-07-29 12:34:31.189 -05:00 [DBG] Heartbeat TRADEWEAVER
2026-07-29 12:34:31.189 -05:00 [DBG] Heartbeat CASEBLADE
2026-07-29 12:34:31.189 -05:00 [DBG] Heartbeat PROX
2026-07-29 12:34:31.189 -05:00 [DBG] Heartbeat SENTINEL
2026-07-29 12:34:31.189 -05:00 [DBG] Heartbeat MARKETSCRYER
2026-07-29 12:34:31.189 -05:00 [DBG] Heartbeat SIGNALFORGE
2026-07-29 12:34:31.189 -05:00 [DBG] Heartbeat ORACLEVAULT
2026-07-29 12:34:31.189 -05:00 [DBG] Heartbeat RISKWARDEN
2026-07-29 12:35:31.189 -05:00 [DBG] Heartbeat SYNAPSE
2026-07-29 12:35:31.189 -05:00 [DBG] Heartbeat TRADEWEAVER
2026-07-29 12:35:31.189 -05:00 [DBG] Heartbeat CASEBLADE
2026-07-29 12:35:31.189 -05:00 [DBG] Heartbeat PROX
2026-07-29 12:35:31.189 -05:00 [DBG] Heartbeat SENTINEL
2026-07-29 12:35:31.189 -05:00 [DBG] Heartbeat MARKETSCRYER
2026-07-29 12:35:31.189 -05:00 [DBG] Heartbeat SIGNALFORGE
2026-07-29 12:35:31.189 -05:00 [DBG] Heartbeat ORACLEVAULT
2026-07-29 12:35:31.189 -05:00 [DBG] Heartbeat RISKWARDEN
2026-07-29 12:36:31.188 -05:00 [DBG] Heartbeat SYNAPSE
2026-07-29 12:36:31.188 -05:00 [DBG] Heartbeat TRADEWEAVER
2026-07-29 12:36:31.188 -05:00 [DBG] Heartbeat CASEBLADE
2026-07-29 12:36:31.188 -05:00 [DBG] Heartbeat PROX
2026-07-29 12:36:31.188 -05:00 [DBG] Heartbeat SENTINEL
2026-07-29 12:36:31.188 -05:00 [DBG] Heartbeat MARKETSCRYER
2026-07-29 12:36:31.188 -05:00 [DBG] Heartbeat SIGNALFORGE
2026-07-29 12:36:31.188 -05:00 [DBG] Heartbeat ORACLEVAULT
2026-07-29 12:36:31.188 -05:00 [DBG] Heartbeat RISKWARDEN
2026-07-29 12:36:36.184 -05:00 [INF] PC health: C: 78% used, 10 recent errors
2026-07-29 12:37:31.189 -05:00 [DBG] Heartbeat SYNAPSE
2026-07-29 12:37:31.189 -05:00 [DBG] Heartbeat TRADEWEAVER
2026-07-29 12:37:31.189 -05:00 [DBG] Heartbeat CASEBLADE
2026-07-29 12:37:31.189 -05:00 [DBG] Heartbeat PROX
2026-07-29 12:37:31.189 -05:00 [DBG] Heartbeat SENTINEL
2026-07-29 12:37:31.189 -05:00 [DBG] Heartbeat MARKETSCRYER
2026-07-29 12:37:31.189 -05:00 [DBG] Heartbeat SIGNALFORGE
2026-07-29 12:37:31.189 -05:00 [DBG] Heartbeat ORACLEVAULT
2026-07-29 12:37:31.189 -05:00 [DBG] Heartbeat RISKWARDEN
2026-07-29 12:38:31.188 -05:00 [DBG] Heartbeat SYNAPSE
2026-07-29 12:38:31.188 -05:00 [DBG] Heartbeat TRADEWEAVER
2026-07-29 12:38:31.188 -05:00 [DBG] Heartbeat CASEBLADE
2026-07-29 12:38:31.188 -05:00 [DBG] Heartbeat PROX
2026-07-29 12:38:31.188 -05:00 [DBG] Heartbeat SENTINEL
2026-07-29 12:38:31.188 -05:00 [DBG] Heartbeat MARKETSCRYER
2026-07-29 12:38:31.188 -05:00 [DBG] Heartbeat SIGNALFORGE
2026-07-29 12:38:31.188 -05:00 [DBG] Heartbeat ORACLEVAULT
2026-07-29 12:38:31.188 -05:00 [DBG] Heartbeat RISKWARDEN
2026-07-29 12:39:31.188 -05:00 [DBG] Heartbeat SYNAPSE
2026-07-29 12:39:31.188 -05:00 [DBG] Heartbeat TRADEWEAVER
2026-07-29 12:39:31.188 -05:00 [DBG] Heartbeat CASEBLADE
2026-07-29 12:39:31.188 -05:00 [DBG] Heartbeat PROX
2026-07-29 12:39:31.188 -05:00 [DBG] Heartbeat SENTINEL
2026-07-29 12:39:31.188 -05:00 [DBG] Heartbeat MARKETSCRYER
2026-07-29 12:39:31.188 -05:00 [DBG] Heartbeat SIGNALFORGE
2026-07-29 12:39:31.188 -05:00 [DBG] Heartbeat ORACLEVAULT
2026-07-29 12:39:31.188 -05:00 [DBG] Heartbeat RISKWARDEN
2026-07-29 12:40:31.187 -05:00 [DBG] Heartbeat SYNAPSE
2026-07-29 12:40:31.187 -05:00 [DBG] Heartbeat TRADEWEAVER
2026-07-29 12:40:31.187 -05:00 [DBG] Heartbeat CASEBLADE
2026-07-29 12:40:31.187 -05:00 [DBG] Heartbeat PROX
2026-07-29 12:40:31.187 -05:00 [DBG] Heartbeat SENTINEL
2026-07-29 12:40:31.187 -05:00 [DBG] Heartbeat MARKETSCRYER
2026-07-29 12:40:31.187 -05:00 [DBG] Heartbeat SIGNALFORGE
2026-07-29 12:40:31.187 -05:00 [DBG] Heartbeat ORACLEVAULT
2026-07-29 12:40:31.187 -05:00 [DBG] Heartbeat RISKWARDEN
2026-07-29 12:41:31.187 -05:00 [DBG] Heartbeat SYNAPSE
2026-07-29 12:41:31.187 -05:00 [DBG] Heartbeat TRADEWEAVER
2026-07-29 12:41:31.187 -05:00 [DBG] Heartbeat CASEBLADE
2026-07-29 12:41:31.187 -05:00 [DBG] Heartbeat PROX
2026-07-29 12:41:31.187 -05:00 [DBG] Heartbeat SENTINEL
2026-07-29 12:41:31.187 -05:00 [DBG] Heartbeat MARKETSCRYER
2026-07-29 12:41:31.187 -05:00 [DBG] Heartbeat SIGNALFORGE
2026-07-29 12:41:31.187 -05:00 [DBG] Heartbeat ORACLEVAULT
2026-07-29 12:41:31.187 -05:00 [DBG] Heartbeat RISKWARDEN
2026-07-29 12:41:47.214 -05:00 [INF] PC health: C: 78% used, 10 recent errors
2026-07-29 12:42:31.187 -05:00 [DBG] Heartbeat SYNAPSE
2026-07-29 12:42:31.187 -05:00 [DBG] Heartbeat TRADEWEAVER
2026-07-29 12:42:31.187 -05:00 [DBG] Heartbeat CASEBLADE
2026-07-29 12:42:31.187 -05:00 [DBG] Heartbeat PROX
2026-07-29 12:42:31.187 -05:00 [DBG] Heartbeat SENTINEL
2026-07-29 12:42:31.187 -05:00 [DBG] Heartbeat MARKETSCRYER
2026-07-29 12:42:31.187 -05:00 [DBG] Heartbeat SIGNALFORGE
2026-07-29 12:42:31.187 -05:00 [DBG] Heartbeat ORACLEVAULT
2026-07-29 12:42:31.187 -05:00 [DBG] Heartbeat RISKWARDEN
2026-07-29 12:43:31.187 -05:00 [DBG] Heartbeat SYNAPSE
2026-07-29 12:43:31.187 -05:00 [DBG] Heartbeat TRADEWEAVER
2026-07-29 12:43:31.187 -05:00 [DBG] Heartbeat CASEBLADE
2026-07-29 12:43:31.187 -05:00 [DBG] Heartbeat PROX
2026-07-29 12:43:31.187 -05:00 [DBG] Heartbeat SENTINEL
2026-07-29 12:43:31.187 -05:00 [DBG] Heartbeat MARKETSCRYER
2026-07-29 12:43:31.187 -05:00 [DBG] Heartbeat SIGNALFORGE
2026-07-29 12:43:31.187 -05:00 [DBG] Heartbeat ORACLEVAULT
2026-07-29 12:43:31.187 -05:00 [DBG] Heartbeat RISKWARDEN
2026-07-29 12:44:31.187 -05:00 [DBG] Heartbeat SYNAPSE
2026-07-29 12:44:31.187 -05:00 [DBG] Heartbeat TRADEWEAVER
2026-07-29 12:44:31.187 -05:00 [DBG] Heartbeat CASEBLADE
2026-07-29 12:44:31.187 -05:00 [DBG] Heartbeat PROX
2026-07-29 12:44:31.187 -05:00 [DBG] Heartbeat SENTINEL
2026-07-29 12:44:31.187 -05:00 [DBG] Heartbeat MARKETSCRYER
2026-07-29 12:44:31.187 -05:00 [DBG] Heartbeat SIGNALFORGE
2026-07-29 12:44:31.187 -05:00 [DBG] Heartbeat ORACLEVAULT
2026-07-29 12:44:31.187 -05:00 [DBG] Heartbeat RISKWARDEN
2026-07-29 12:45:31.186 -05:00 [DBG] Heartbeat SYNAPSE
2026-07-29 12:45:31.186 -05:00 [DBG] Heartbeat TRADEWEAVER
2026-07-29 12:45:31.186 -05:00 [DBG] Heartbeat CASEBLADE
2026-07-29 12:45:31.186 -05:00 [DBG] Heartbeat PROX
2026-07-29 12:45:31.186 -05:00 [DBG] Heartbeat SENTINEL
2026-07-29 12:45:31.186 -05:00 [DBG] Heartbeat MARKETSCRYER
2026-07-29 12:45:31.186 -05:00 [DBG] Heartbeat SIGNALFORGE
2026-07-29 12:45:31.186 -05:00 [DBG] Heartbeat ORACLEVAULT
2026-07-29 12:45:31.186 -05:00 [DBG] Heartbeat RISKWARDEN
2026-07-29 12:46:31.186 -05:00 [DBG] Heartbeat SYNAPSE
2026-07-29 12:46:31.186 -05:00 [DBG] Heartbeat TRADEWEAVER
2026-07-29 12:46:31.186 -05:00 [DBG] Heartbeat CASEBLADE
2026-07-29 12:46:31.186 -05:00 [DBG] Heartbeat PROX
2026-07-29 12:46:31.186 -05:00 [DBG] Heartbeat SENTINEL
2026-07-29 12:46:31.186 -05:00 [DBG] Heartbeat MARKETSCRYER
2026-07-29 12:46:31.186 -05:00 [DBG] Heartbeat SIGNALFORGE
2026-07-29 12:46:31.186 -05:00 [DBG] Heartbeat ORACLEVAULT
2026-07-29 12:46:31.186 -05:00 [DBG] Heartbeat RISKWARDEN
2026-07-29 12:46:58.296 -05:00 [INF] PC health: C: 78% used, 10 recent errors
2026-07-29 12:47:31.185 -05:00 [DBG] Heartbeat SYNAPSE
2026-07-29 12:47:31.185 -05:00 [DBG] Heartbeat TRADEWEAVER
2026-07-29 12:47:31.185 -05:00 [DBG] Heartbeat CASEBLADE
2026-07-29 12:47:31.185 -05:00 [DBG] Heartbeat PROX
2026-07-29 12:47:31.185 -05:00 [DBG] Heartbeat SENTINEL
2026-07-29 12:47:31.185 -05:00 [DBG] Heartbeat MARKETSCRYER
2026-07-29 12:47:31.185 -05:00 [DBG] Heartbeat SIGNALFORGE
2026-07-29 12:47:31.185 -05:00 [DBG] Heartbeat ORACLEVAULT
2026-07-29 12:47:31.185 -05:00 [DBG] Heartbeat RISKWARDEN
2026-07-29 12:48:31.185 -05:00 [DBG] Heartbeat SYNAPSE
2026-07-29 12:48:31.185 -05:00 [DBG] Heartbeat TRADEWEAVER
2026-07-29 12:48:31.185 -05:00 [DBG] Heartbeat CASEBLADE
2026-07-29 12:48:31.185 -05:00 [DBG] Heartbeat PROX
2026-07-29 12:48:31.185 -05:00 [DBG] Heartbeat SENTINEL
2026-07-29 12:48:31.185 -05:00 [DBG] Heartbeat MARKETSCRYER
2026-07-29 12:48:31.185 -05:00 [DBG] Heartbeat SIGNALFORGE
2026-07-29 12:48:31.185 -05:00 [DBG] Heartbeat ORACLEVAULT
2026-07-29 12:48:31.185 -05:00 [DBG] Heartbeat RISKWARDEN
2026-07-29 12:49:31.184 -05:00 [DBG] Heartbeat SYNAPSE
2026-07-29 12:49:31.184 -05:00 [DBG] Heartbeat TRADEWEAVER
2026-07-29 12:49:31.184 -05:00 [DBG] Heartbeat CASEBLADE
2026-07-29 12:49:31.184 -05:00 [DBG] Heartbeat PROX
2026-07-29 12:49:31.184 -05:00 [DBG] Heartbeat SENTINEL
2026-07-29 12:49:31.184 -05:00 [DBG] Heartbeat MARKETSCRYER
2026-07-29 12:49:31.184 -05:00 [DBG] Heartbeat SIGNALFORGE
2026-07-29 12:49:31.184 -05:00 [DBG] Heartbeat ORACLEVAULT
2026-07-29 12:49:31.184 -05:00 [DBG] Heartbeat RISKWARDEN
2026-07-29 12:50:31.184 -05:00 [DBG] Heartbeat SYNAPSE
2026-07-29 12:50:31.184 -05:00 [DBG] Heartbeat TRADEWEAVER
2026-07-29 12:50:31.185 -05:00 [DBG] Heartbeat CASEBLADE
2026-07-29 12:50:31.185 -05:00 [DBG] Heartbeat PROX
2026-07-29 12:50:31.185 -05:00 [DBG] Heartbeat SENTINEL
2026-07-29 12:50:31.185 -05:00 [DBG] Heartbeat MARKETSCRYER
2026-07-29 12:50:31.185 -05:00 [DBG] Heartbeat SIGNALFORGE
2026-07-29 12:50:31.185 -05:00 [DBG] Heartbeat ORACLEVAULT
2026-07-29 12:50:31.185 -05:00 [DBG] Heartbeat RISKWARDEN
2026-07-29 12:51:31.185 -05:00 [DBG] Heartbeat SYNAPSE
2026-07-29 12:51:31.185 -05:00 [DBG] Heartbeat TRADEWEAVER
2026-07-29 12:51:31.185 -05:00 [DBG] Heartbeat CASEBLADE
2026-07-29 12:51:31.185 -05:00 [DBG] Heartbeat PROX
2026-07-29 12:51:31.185 -05:00 [DBG] Heartbeat SENTINEL
2026-07-29 12:51:31.185 -05:00 [DBG] Heartbeat MARKETSCRYER
2026-07-29 12:51:31.185 -05:00 [DBG] Heartbeat SIGNALFORGE
2026-07-29 12:51:31.185 -05:00 [DBG] Heartbeat ORACLEVAULT
2026-07-29 12:51:31.185 -05:00 [DBG] Heartbeat RISKWARDEN
2026-07-29 12:52:09.352 -05:00 [INF] PC health: C: 78% used, 10 recent errors
2026-07-29 12:52:31.184 -05:00 [DBG] Heartbeat SYNAPSE
2026-07-29 12:52:31.184 -05:00 [DBG] Heartbeat TRADEWEAVER
2026-07-29 12:52:31.184 -05:00 [DBG] Heartbeat CASEBLADE
2026-07-29 12:52:31.184 -05:00 [DBG] Heartbeat PROX
2026-07-29 12:52:31.184 -05:00 [DBG] Heartbeat SENTINEL
2026-07-29 12:52:31.184 -05:00 [DBG] Heartbeat MARKETSCRYER
2026-07-29 12:52:31.184 -05:00 [DBG] Heartbeat SIGNALFORGE
2026-07-29 12:52:31.184 -05:00 [DBG] Heartbeat ORACLEVAULT
2026-07-29 12:52:31.184 -05:00 [DBG] Heartbeat RISKWARDEN
2026-07-29 12:53:31.184 -05:00 [DBG] Heartbeat SYNAPSE
2026-07-29 12:53:31.184 -05:00 [DBG] Heartbeat TRADEWEAVER
2026-07-29 12:53:31.184 -05:00 [DBG] Heartbeat CASEBLADE
2026-07-29 12:53:31.184 -05:00 [DBG] Heartbeat PROX
2026-07-29 12:53:31.184 -05:00 [DBG] Heartbeat SENTINEL
2026-07-29 12:53:31.184 -05:00 [DBG] Heartbeat MARKETSCRYER
2026-07-29 12:53:31.184 -05:00 [DBG] Heartbeat SIGNALFORGE
2026-07-29 12:53:31.184 -05:00 [DBG] Heartbeat ORACLEVAULT
2026-07-29 12:53:31.184 -05:00 [DBG] Heartbeat RISKWARDEN
2026-07-29 12:54:31.184 -05:00 [DBG] Heartbeat SYNAPSE
2026-07-29 12:54:31.185 -05:00 [DBG] Heartbeat TRADEWEAVER
2026-07-29 12:54:31.185 -05:00 [DBG] Heartbeat CASEBLADE
2026-07-29 12:54:31.185 -05:00 [DBG] Heartbeat PROX
2026-07-29 12:54:31.185 -05:00 [DBG] Heartbeat SENTINEL
2026-07-29 12:54:31.185 -05:00 [DBG] Heartbeat MARKETSCRYER
2026-07-29 12:54:31.185 -05:00 [DBG] Heartbeat SIGNALFORGE
2026-07-29 12:54:31.185 -05:00 [DBG] Heartbeat ORACLEVAULT
2026-07-29 12:54:31.185 -05:00 [DBG] Heartbeat RISKWARDEN
2026-07-29 12:55:31.184 -05:00 [DBG] Heartbeat SYNAPSE
2026-07-29 12:55:31.185 -05:00 [DBG] Heartbeat TRADEWEAVER
2026-07-29 12:55:31.185 -05:00 [DBG] Heartbeat CASEBLADE
2026-07-29 12:55:31.185 -05:00 [DBG] Heartbeat PROX
2026-07-29 12:55:31.185 -05:00 [DBG] Heartbeat SENTINEL
2026-07-29 12:55:31.185 -05:00 [DBG] Heartbeat MARKETSCRYER
2026-07-29 12:55:31.185 -05:00 [DBG] Heartbeat SIGNALFORGE
2026-07-29 12:55:31.185 -05:00 [DBG] Heartbeat ORACLEVAULT
2026-07-29 12:55:31.185 -05:00 [DBG] Heartbeat RISKWARDEN
2026-07-29 12:56:31.185 -05:00 [DBG] Heartbeat SYNAPSE
2026-07-29 12:56:31.185 -05:00 [DBG] Heartbeat TRADEWEAVER
2026-07-29 12:56:31.185 -05:00 [DBG] Heartbeat CASEBLADE
2026-07-29 12:56:31.185 -05:00 [DBG] Heartbeat PROX
2026-07-29 12:56:31.185 -05:00 [DBG] Heartbeat SENTINEL
2026-07-29 12:56:31.185 -05:00 [DBG] Heartbeat MARKETSCRYER
2026-07-29 12:56:31.185 -05:00 [DBG] Heartbeat SIGNALFORGE
2026-07-29 12:56:31.185 -05:00 [DBG] Heartbeat ORACLEVAULT
2026-07-29 12:56:31.185 -05:00 [DBG] Heartbeat RISKWARDEN
2026-07-29 12:57:20.471 -05:00 [INF] PC health: C: 78% used, 10 recent errors
2026-07-29 12:57:31.185 -05:00 [DBG] Heartbeat SYNAPSE
2026-07-29 12:57:31.185 -05:00 [DBG] Heartbeat TRADEWEAVER
2026-07-29 12:57:31.185 -05:00 [DBG] Heartbeat CASEBLADE
2026-07-29 12:57:31.185 -05:00 [DBG] Heartbeat PROX
2026-07-29 12:57:31.185 -05:00 [DBG] Heartbeat SENTINEL
2026-07-29 12:57:31.185 -05:00 [DBG] Heartbeat MARKETSCRYER
2026-07-29 12:57:31.185 -05:00 [DBG] Heartbeat SIGNALFORGE
2026-07-29 12:57:31.185 -05:00 [DBG] Heartbeat ORACLEVAULT
2026-07-29 12:57:31.185 -05:00 [DBG] Heartbeat RISKWARDEN
2026-07-29 12:58:31.185 -05:00 [DBG] Heartbeat SYNAPSE
2026-07-29 12:58:31.185 -05:00 [DBG] Heartbeat TRADEWEAVER
2026-07-29 12:58:31.185 -05:00 [DBG] Heartbeat CASEBLADE
2026-07-29 12:58:31.185 -05:00 [DBG] Heartbeat PROX
2026-07-29 12:58:31.185 -05:00 [DBG] Heartbeat SENTINEL
2026-07-29 12:58:31.185 -05:00 [DBG] Heartbeat MARKETSCRYER
2026-07-29 12:58:31.185 -05:00 [DBG] Heartbeat SIGNALFORGE
2026-07-29 12:58:31.185 -05:00 [DBG] Heartbeat ORACLEVAULT
2026-07-29 12:58:31.185 -05:00 [DBG] Heartbeat RISKWARDEN
2026-07-29 12:59:31.185 -05:00 [DBG] Heartbeat SYNAPSE
2026-07-29 12:59:31.185 -05:00 [DBG] Heartbeat TRADEWEAVER
2026-07-29 12:59:31.186 -05:00 [DBG] Heartbeat CASEBLADE
2026-07-29 12:59:31.186 -05:00 [DBG] Heartbeat PROX
2026-07-29 12:59:31.186 -05:00 [DBG] Heartbeat SENTINEL
2026-07-29 12:59:31.186 -05:00 [DBG] Heartbeat MARKETSCRYER
2026-07-29 12:59:31.186 -05:00 [DBG] Heartbeat SIGNALFORGE
2026-07-29 12:59:31.186 -05:00 [DBG] Heartbeat ORACLEVAULT
2026-07-29 12:59:31.186 -05:00 [DBG] Heartbeat RISKWARDEN
2026-07-29 13:00:31.185 -05:00 [DBG] Heartbeat SYNAPSE
2026-07-29 13:00:31.185 -05:00 [DBG] Heartbeat TRADEWEAVER
2026-07-29 13:00:31.185 -05:00 [DBG] Heartbeat CASEBLADE
2026-07-29 13:00:31.185 -05:00 [DBG] Heartbeat PROX
2026-07-29 13:00:31.185 -05:00 [DBG] Heartbeat SENTINEL
2026-07-29 13:00:31.185 -05:00 [DBG] Heartbeat MARKETSCRYER
2026-07-29 13:00:31.185 -05:00 [DBG] Heartbeat SIGNALFORGE
2026-07-29 13:00:31.185 -05:00 [DBG] Heartbeat ORACLEVAULT
2026-07-29 13:00:31.185 -05:00 [DBG] Heartbeat RISKWARDEN
2026-07-29 13:01:31.185 -05:00 [DBG] Heartbeat SYNAPSE
2026-07-29 13:01:31.185 -05:00 [DBG] Heartbeat TRADEWEAVER
2026-07-29 13:01:31.185 -05:00 [DBG] Heartbeat CASEBLADE
2026-07-29 13:01:31.185 -05:00 [DBG] Heartbeat PROX
2026-07-29 13:01:31.185 -05:00 [DBG] Heartbeat SENTINEL
2026-07-29 13:01:31.185 -05:00 [DBG] Heartbeat MARKETSCRYER
2026-07-29 13:01:31.185 -05:00 [DBG] Heartbeat SIGNALFORGE
2026-07-29 13:01:31.185 -05:00 [DBG] Heartbeat ORACLEVAULT
2026-07-29 13:01:31.185 -05:00 [DBG] Heartbeat RISKWARDEN
2026-07-29 13:02:31.185 -05:00 [DBG] Heartbeat SYNAPSE
2026-07-29 13:02:31.185 -05:00 [DBG] Heartbeat TRADEWEAVER
2026-07-29 13:02:31.185 -05:00 [DBG] Heartbeat CASEBLADE
2026-07-29 13:02:31.185 -05:00 [DBG] Heartbeat PROX
2026-07-29 13:02:31.185 -05:00 [DBG] Heartbeat SENTINEL
2026-07-29 13:02:31.185 -05:00 [DBG] Heartbeat MARKETSCRYER
2026-07-29 13:02:31.185 -05:00 [DBG] Heartbeat SIGNALFORGE
2026-07-29 13:02:31.185 -05:00 [DBG] Heartbeat ORACLEVAULT
2026-07-29 13:02:31.185 -05:00 [DBG] Heartbeat RISKWARDEN
2026-07-29 13:02:31.637 -05:00 [INF] PC health: C: 78% used, 10 recent errors
2026-07-29 13:03:31.185 -05:00 [DBG] Heartbeat SYNAPSE
2026-07-29 13:03:31.185 -05:00 [DBG] Heartbeat TRADEWEAVER
2026-07-29 13:03:31.185 -05:00 [DBG] Heartbeat CASEBLADE
2026-07-29 13:03:31.185 -05:00 [DBG] Heartbeat PROX
2026-07-29 13:03:31.185 -05:00 [DBG] Heartbeat SENTINEL
2026-07-29 13:03:31.185 -05:00 [DBG] Heartbeat MARKETSCRYER
2026-07-29 13:03:31.185 -05:00 [DBG] Heartbeat SIGNALFORGE
2026-07-29 13:03:31.185 -05:00 [DBG] Heartbeat ORACLEVAULT
2026-07-29 13:03:31.185 -05:00 [DBG] Heartbeat RISKWARDEN
2026-07-29 13:04:31.185 -05:00 [DBG] Heartbeat SYNAPSE
2026-07-29 13:04:31.185 -05:00 [DBG] Heartbeat TRADEWEAVER
2026-07-29 13:04:31.185 -05:00 [DBG] Heartbeat CASEBLADE
2026-07-29 13:04:31.185 -05:00 [DBG] Heartbeat PROX
2026-07-29 13:04:31.185 -05:00 [DBG] Heartbeat SENTINEL
2026-07-29 13:04:31.185 -05:00 [DBG] Heartbeat MARKETSCRYER
2026-07-29 13:04:31.185 -05:00 [DBG] Heartbeat SIGNALFORGE
2026-07-29 13:04:31.185 -05:00 [DBG] Heartbeat ORACLEVAULT
2026-07-29 13:04:31.185 -05:00 [DBG] Heartbeat RISKWARDEN
2026-07-29 13:05:31.185 -05:00 [DBG] Heartbeat SYNAPSE
2026-07-29 13:05:31.185 -05:00 [DBG] Heartbeat TRADEWEAVER
2026-07-29 13:05:31.185 -05:00 [DBG] Heartbeat CASEBLADE
2026-07-29 13:05:31.185 -05:00 [DBG] Heartbeat PROX
2026-07-29 13:05:31.185 -05:00 [DBG] Heartbeat SENTINEL
2026-07-29 13:05:31.185 -05:00 [DBG] Heartbeat MARKETSCRYER
2026-07-29 13:05:31.185 -05:00 [DBG] Heartbeat SIGNALFORGE
2026-07-29 13:05:31.185 -05:00 [DBG] Heartbeat ORACLEVAULT
2026-07-29 13:05:31.185 -05:00 [DBG] Heartbeat RISKWARDEN
2026-07-29 13:06:31.185 -05:00 [DBG] Heartbeat SYNAPSE
2026-07-29 13:06:31.186 -05:00 [DBG] Heartbeat TRADEWEAVER
2026-07-29 13:06:31.186 -05:00 [DBG] Heartbeat CASEBLADE
2026-07-29 13:06:31.186 -05:00 [DBG] Heartbeat PROX
2026-07-29 13:06:31.186 -05:00 [DBG] Heartbeat SENTINEL
2026-07-29 13:06:31.186 -05:00 [DBG] Heartbeat MARKETSCRYER
2026-07-29 13:06:31.186 -05:00 [DBG] Heartbeat SIGNALFORGE
2026-07-29 13:06:31.186 -05:00 [DBG] Heartbeat ORACLEVAULT
2026-07-29 13:06:31.186 -05:00 [DBG] Heartbeat RISKWARDEN
2026-07-29 13:07:31.185 -05:00 [DBG] Heartbeat SYNAPSE
2026-07-29 13:07:31.185 -05:00 [DBG] Heartbeat TRADEWEAVER
2026-07-29 13:07:31.185 -05:00 [DBG] Heartbeat CASEBLADE
2026-07-29 13:07:31.185 -05:00 [DBG] Heartbeat PROX
2026-07-29 13:07:31.185 -05:00 [DBG] Heartbeat SENTINEL
2026-07-29 13:07:31.185 -05:00 [DBG] Heartbeat MARKETSCRYER
2026-07-29 13:07:31.185 -05:00 [DBG] Heartbeat SIGNALFORGE
2026-07-29 13:07:31.185 -05:00 [DBG] Heartbeat ORACLEVAULT
2026-07-29 13:07:31.185 -05:00 [DBG] Heartbeat RISKWARDEN
2026-07-29 13:07:42.905 -05:00 [INF] PC health: C: 78% used, 10 recent errors
2026-07-29 13:08:31.186 -05:00 [DBG] Heartbeat SYNAPSE
2026-07-29 13:08:31.186 -05:00 [DBG] Heartbeat TRADEWEAVER
2026-07-29 13:08:31.186 -05:00 [DBG] Heartbeat CASEBLADE
2026-07-29 13:08:31.186 -05:00 [DBG] Heartbeat PROX
2026-07-29 13:08:31.186 -05:00 [DBG] Heartbeat SENTINEL
2026-07-29 13:08:31.186 -05:00 [DBG] Heartbeat MARKETSCRYER
2026-07-29 13:08:31.186 -05:00 [DBG] Heartbeat SIGNALFORGE
2026-07-29 13:08:31.186 -05:00 [DBG] Heartbeat ORACLEVAULT
2026-07-29 13:08:31.186 -05:00 [DBG] Heartbeat RISKWARDEN
2026-07-29 13:09:31.185 -05:00 [DBG] Heartbeat SYNAPSE
2026-07-29 13:09:31.185 -05:00 [DBG] Heartbeat TRADEWEAVER
2026-07-29 13:09:31.185 -05:00 [DBG] Heartbeat CASEBLADE
2026-07-29 13:09:31.185 -05:00 [DBG] Heartbeat PROX
2026-07-29 13:09:31.186 -05:00 [DBG] Heartbeat SENTINEL
2026-07-29 13:09:31.186 -05:00 [DBG] Heartbeat MARKETSCRYER
2026-07-29 13:09:31.186 -05:00 [DBG] Heartbeat SIGNALFORGE
2026-07-29 13:09:31.186 -05:00 [DBG] Heartbeat ORACLEVAULT
2026-07-29 13:09:31.186 -05:00 [DBG] Heartbeat RISKWARDEN
2026-07-29 13:10:31.185 -05:00 [DBG] Heartbeat SYNAPSE
2026-07-29 13:10:31.185 -05:00 [DBG] Heartbeat TRADEWEAVER
2026-07-29 13:10:31.185 -05:00 [DBG] Heartbeat CASEBLADE
2026-07-29 13:10:31.185 -05:00 [DBG] Heartbeat PROX
2026-07-29 13:10:31.185 -05:00 [DBG] Heartbeat SENTINEL
2026-07-29 13:10:31.185 -05:00 [DBG] Heartbeat MARKETSCRYER
2026-07-29 13:10:31.185 -05:00 [DBG] Heartbeat SIGNALFORGE
2026-07-29 13:10:31.185 -05:00 [DBG] Heartbeat ORACLEVAULT
2026-07-29 13:10:31.185 -05:00 [DBG] Heartbeat RISKWARDEN
2026-07-29 13:11:31.185 -05:00 [DBG] Heartbeat SYNAPSE
2026-07-29 13:11:31.185 -05:00 [DBG] Heartbeat TRADEWEAVER
2026-07-29 13:11:31.185 -05:00 [DBG] Heartbeat CASEBLADE
2026-07-29 13:11:31.185 -05:00 [DBG] Heartbeat PROX
2026-07-29 13:11:31.185 -05:00 [DBG] Heartbeat SENTINEL
2026-07-29 13:11:31.185 -05:00 [DBG] Heartbeat MARKETSCRYER
2026-07-29 13:11:31.185 -05:00 [DBG] Heartbeat SIGNALFORGE
2026-07-29 13:11:31.185 -05:00 [DBG] Heartbeat ORACLEVAULT
2026-07-29 13:11:31.185 -05:00 [DBG] Heartbeat RISKWARDEN
2026-07-29 13:12:31.185 -05:00 [DBG] Heartbeat SYNAPSE
2026-07-29 13:12:31.185 -05:00 [DBG] Heartbeat TRADEWEAVER
2026-07-29 13:12:31.185 -05:00 [DBG] Heartbeat CASEBLADE
2026-07-29 13:12:31.185 -05:00 [DBG] Heartbeat PROX
2026-07-29 13:12:31.185 -05:00 [DBG] Heartbeat SENTINEL
2026-07-29 13:12:31.185 -05:00 [DBG] Heartbeat MARKETSCRYER
2026-07-29 13:12:31.185 -05:00 [DBG] Heartbeat SIGNALFORGE
2026-07-29 13:12:31.185 -05:00 [DBG] Heartbeat ORACLEVAULT
2026-07-29 13:12:31.185 -05:00 [DBG] Heartbeat RISKWARDEN
2026-07-29 13:12:54.102 -05:00 [INF] PC health: C: 78% used, 10 recent errors
2026-07-29 13:13:31.185 -05:00 [DBG] Heartbeat SYNAPSE
2026-07-29 13:13:31.185 -05:00 [DBG] Heartbeat TRADEWEAVER
2026-07-29 13:13:31.185 -05:00 [DBG] Heartbeat CASEBLADE
2026-07-29 13:13:31.185 -05:00 [DBG] Heartbeat PROX
2026-07-29 13:13:31.185 -05:00 [DBG] Heartbeat SENTINEL
2026-07-29 13:13:31.185 -05:00 [DBG] Heartbeat MARKETSCRYER
2026-07-29 13:13:31.185 -05:00 [DBG] Heartbeat SIGNALFORGE
2026-07-29 13:13:31.185 -05:00 [DBG] Heartbeat ORACLEVAULT
2026-07-29 13:13:31.185 -05:00 [DBG] Heartbeat RISKWARDEN
2026-07-29 13:14:31.185 -05:00 [DBG] Heartbeat SYNAPSE
2026-07-29 13:14:31.185 -05:00 [DBG] Heartbeat TRADEWEAVER
2026-07-29 13:14:31.185 -05:00 [DBG] Heartbeat CASEBLADE
2026-07-29 13:14:31.185 -05:00 [DBG] Heartbeat PROX
2026-07-29 13:14:31.185 -05:00 [DBG] Heartbeat SENTINEL
2026-07-29 13:14:31.185 -05:00 [DBG] Heartbeat MARKETSCRYER
2026-07-29 13:14:31.185 -05:00 [DBG] Heartbeat SIGNALFORGE
2026-07-29 13:14:31.185 -05:00 [DBG] Heartbeat ORACLEVAULT
2026-07-29 13:14:31.185 -05:00 [DBG] Heartbeat RISKWARDEN
2026-07-29 13:15:31.185 -05:00 [DBG] Heartbeat SYNAPSE
2026-07-29 13:15:31.185 -05:00 [DBG] Heartbeat TRADEWEAVER
2026-07-29 13:15:31.185 -05:00 [DBG] Heartbeat CASEBLADE
2026-07-29 13:15:31.185 -05:00 [DBG] Heartbeat PROX
2026-07-29 13:15:31.185 -05:00 [DBG] Heartbeat SENTINEL
2026-07-29 13:15:31.185 -05:00 [DBG] Heartbeat MARKETSCRYER
2026-07-29 13:15:31.185 -05:00 [DBG] Heartbeat SIGNALFORGE
2026-07-29 13:15:31.185 -05:00 [DBG] Heartbeat ORACLEVAULT
2026-07-29 13:15:31.185 -05:00 [DBG] Heartbeat RISKWARDEN
2026-07-29 13:16:31.185 -05:00 [DBG] Heartbeat SYNAPSE
2026-07-29 13:16:31.185 -05:00 [DBG] Heartbeat TRADEWEAVER
2026-07-29 13:16:31.185 -05:00 [DBG] Heartbeat CASEBLADE
2026-07-29 13:16:31.185 -05:00 [DBG] Heartbeat PROX
2026-07-29 13:16:31.185 -05:00 [DBG] Heartbeat SENTINEL
2026-07-29 13:16:31.185 -05:00 [DBG] Heartbeat MARKETSCRYER
2026-07-29 13:16:31.185 -05:00 [DBG] Heartbeat SIGNALFORGE
2026-07-29 13:16:31.185 -05:00 [DBG] Heartbeat ORACLEVAULT
2026-07-29 13:16:31.185 -05:00 [DBG] Heartbeat RISKWARDEN
2026-07-29 13:17:31.185 -05:00 [DBG] Heartbeat SYNAPSE
2026-07-29 13:17:31.185 -05:00 [DBG] Heartbeat TRADEWEAVER
2026-07-29 13:17:31.185 -05:00 [DBG] Heartbeat CASEBLADE
2026-07-29 13:17:31.185 -05:00 [DBG] Heartbeat PROX
2026-07-29 13:17:31.185 -05:00 [DBG] Heartbeat SENTINEL
2026-07-29 13:17:31.185 -05:00 [DBG] Heartbeat MARKETSCRYER
2026-07-29 13:17:31.185 -05:00 [DBG] Heartbeat SIGNALFORGE
2026-07-29 13:17:31.185 -05:00 [DBG] Heartbeat ORACLEVAULT
2026-07-29 13:17:31.185 -05:00 [DBG] Heartbeat RISKWARDEN
2026-07-29 13:18:05.287 -05:00 [INF] PC health: C: 78% used, 10 recent errors
2026-07-29 13:18:31.184 -05:00 [DBG] Heartbeat SYNAPSE
2026-07-29 13:18:31.184 -05:00 [DBG] Heartbeat TRADEWEAVER
2026-07-29 13:18:31.184 -05:00 [DBG] Heartbeat CASEBLADE
2026-07-29 13:18:31.184 -05:00 [DBG] Heartbeat PROX
2026-07-29 13:18:31.184 -05:00 [DBG] Heartbeat SENTINEL
2026-07-29 13:18:31.184 -05:00 [DBG] Heartbeat MARKETSCRYER
2026-07-29 13:18:31.184 -05:00 [DBG] Heartbeat SIGNALFORGE
2026-07-29 13:18:31.184 -05:00 [DBG] Heartbeat ORACLEVAULT
2026-07-29 13:18:31.184 -05:00 [DBG] Heartbeat RISKWARDEN
2026-07-29 13:19:31.184 -05:00 [DBG] Heartbeat SYNAPSE
2026-07-29 13:19:31.184 -05:00 [DBG] Heartbeat TRADEWEAVER
2026-07-29 13:19:31.184 -05:00 [DBG] Heartbeat CASEBLADE
2026-07-29 13:19:31.184 -05:00 [DBG] Heartbeat PROX
2026-07-29 13:19:31.184 -05:00 [DBG] Heartbeat SENTINEL
2026-07-29 13:19:31.184 -05:00 [DBG] Heartbeat MARKETSCRYER
2026-07-29 13:19:31.184 -05:00 [DBG] Heartbeat SIGNALFORGE
2026-07-29 13:19:31.184 -05:00 [DBG] Heartbeat ORACLEVAULT
2026-07-29 13:19:31.184 -05:00 [DBG] Heartbeat RISKWARDEN
2026-07-29 13:20:31.184 -05:00 [DBG] Heartbeat SYNAPSE
2026-07-29 13:20:31.185 -05:00 [DBG] Heartbeat TRADEWEAVER
2026-07-29 13:20:31.185 -05:00 [DBG] Heartbeat CASEBLADE
2026-07-29 13:20:31.185 -05:00 [DBG] Heartbeat PROX
2026-07-29 13:20:31.185 -05:00 [DBG] Heartbeat SENTINEL
2026-07-29 13:20:31.185 -05:00 [DBG] Heartbeat MARKETSCRYER
2026-07-29 13:20:31.185 -05:00 [DBG] Heartbeat SIGNALFORGE
2026-07-29 13:20:31.185 -05:00 [DBG] Heartbeat ORACLEVAULT
2026-07-29 13:20:31.185 -05:00 [DBG] Heartbeat RISKWARDEN
2026-07-29 13:21:31.184 -05:00 [DBG] Heartbeat SYNAPSE
2026-07-29 13:21:31.184 -05:00 [DBG] Heartbeat TRADEWEAVER
2026-07-29 13:21:31.184 -05:00 [DBG] Heartbeat CASEBLADE
2026-07-29 13:21:31.184 -05:00 [DBG] Heartbeat PROX
2026-07-29 13:21:31.184 -05:00 [DBG] Heartbeat SENTINEL
2026-07-29 13:21:31.184 -05:00 [DBG] Heartbeat MARKETSCRYER
2026-07-29 13:21:31.184 -05:00 [DBG] Heartbeat SIGNALFORGE
2026-07-29 13:21:31.184 -05:00 [DBG] Heartbeat ORACLEVAULT
2026-07-29 13:21:31.184 -05:00 [DBG] Heartbeat RISKWARDEN
2026-07-29 13:22:31.185 -05:00 [DBG] Heartbeat SYNAPSE
2026-07-29 13:22:31.185 -05:00 [DBG] Heartbeat TRADEWEAVER
2026-07-29 13:22:31.185 -05:00 [DBG] Heartbeat CASEBLADE
2026-07-29 13:22:31.185 -05:00 [DBG] Heartbeat PROX
2026-07-29 13:22:31.185 -05:00 [DBG] Heartbeat SENTINEL
2026-07-29 13:22:31.185 -05:00 [DBG] Heartbeat MARKETSCRYER
2026-07-29 13:22:31.185 -05:00 [DBG] Heartbeat SIGNALFORGE
2026-07-29 13:22:31.185 -05:00 [DBG] Heartbeat ORACLEVAULT
2026-07-29 13:22:31.185 -05:00 [DBG] Heartbeat RISKWARDEN
2026-07-29 13:23:16.452 -05:00 [INF] PC health: C: 78% used, 10 recent errors
2026-07-29 13:23:31.184 -05:00 [DBG] Heartbeat SYNAPSE
2026-07-29 13:23:31.184 -05:00 [DBG] Heartbeat TRADEWEAVER
2026-07-29 13:23:31.184 -05:00 [DBG] Heartbeat CASEBLADE
2026-07-29 13:23:31.184 -05:00 [DBG] Heartbeat PROX
2026-07-29 13:23:31.184 -05:00 [DBG] Heartbeat SENTINEL
2026-07-29 13:23:31.184 -05:00 [DBG] Heartbeat MARKETSCRYER
2026-07-29 13:23:31.184 -05:00 [DBG] Heartbeat SIGNALFORGE
2026-07-29 13:23:31.184 -05:00 [DBG] Heartbeat ORACLEVAULT
2026-07-29 13:23:31.184 -05:00 [DBG] Heartbeat RISKWARDEN
2026-07-29 13:24:31.184 -05:00 [DBG] Heartbeat SYNAPSE
2026-07-29 13:24:31.184 -05:00 [DBG] Heartbeat TRADEWEAVER
2026-07-29 13:24:31.184 -05:00 [DBG] Heartbeat CASEBLADE
2026-07-29 13:24:31.184 -05:00 [DBG] Heartbeat PROX
2026-07-29 13:24:31.184 -05:00 [DBG] Heartbeat SENTINEL
2026-07-29 13:24:31.184 -05:00 [DBG] Heartbeat MARKETSCRYER
2026-07-29 13:24:31.184 -05:00 [DBG] Heartbeat SIGNALFORGE
2026-07-29 13:24:31.184 -05:00 [DBG] Heartbeat ORACLEVAULT
2026-07-29 13:24:31.184 -05:00 [DBG] Heartbeat RISKWARDEN
2026-07-29 13:25:31.184 -05:00 [DBG] Heartbeat SYNAPSE
2026-07-29 13:25:31.184 -05:00 [DBG] Heartbeat TRADEWEAVER
2026-07-29 13:25:31.184 -05:00 [DBG] Heartbeat CASEBLADE
2026-07-29 13:25:31.184 -05:00 [DBG] Heartbeat PROX
2026-07-29 13:25:31.184 -05:00 [DBG] Heartbeat SENTINEL
2026-07-29 13:25:31.184 -05:00 [DBG] Heartbeat MARKETSCRYER
2026-07-29 13:25:31.184 -05:00 [DBG] Heartbeat SIGNALFORGE
2026-07-29 13:25:31.184 -05:00 [DBG] Heartbeat ORACLEVAULT
2026-07-29 13:25:31.184 -05:00 [DBG] Heartbeat RISKWARDEN
2026-07-29 13:26:31.184 -05:00 [DBG] Heartbeat SYNAPSE
2026-07-29 13:26:31.184 -05:00 [DBG] Heartbeat TRADEWEAVER
2026-07-29 13:26:31.184 -05:00 [DBG] Heartbeat CASEBLADE
2026-07-29 13:26:31.184 -05:00 [DBG] Heartbeat PROX
2026-07-29 13:26:31.184 -05:00 [DBG] Heartbeat SENTINEL
2026-07-29 13:26:31.184 -05:00 [DBG] Heartbeat MARKETSCRYER
2026-07-29 13:26:31.184 -05:00 [DBG] Heartbeat SIGNALFORGE
2026-07-29 13:26:31.184 -05:00 [DBG] Heartbeat ORACLEVAULT
2026-07-29 13:26:31.184 -05:00 [DBG] Heartbeat RISKWARDEN
2026-07-29 13:27:31.185 -05:00 [DBG] Heartbeat SYNAPSE
2026-07-29 13:27:31.185 -05:00 [DBG] Heartbeat TRADEWEAVER
2026-07-29 13:27:31.185 -05:00 [DBG] Heartbeat CASEBLADE
2026-07-29 13:27:31.185 -05:00 [DBG] Heartbeat PROX
2026-07-29 13:27:31.185 -05:00 [DBG] Heartbeat SENTINEL
2026-07-29 13:27:31.185 -05:00 [DBG] Heartbeat MARKETSCRYER
2026-07-29 13:27:31.185 -05:00 [DBG] Heartbeat SIGNALFORGE
2026-07-29 13:27:31.185 -05:00 [DBG] Heartbeat ORACLEVAULT
2026-07-29 13:27:31.185 -05:00 [DBG] Heartbeat RISKWARDEN
2026-07-29 13:28:27.585 -05:00 [INF] PC health: C: 78% used, 10 recent errors
2026-07-29 13:28:31.185 -05:00 [DBG] Heartbeat SYNAPSE
2026-07-29 13:28:31.185 -05:00 [DBG] Heartbeat TRADEWEAVER
2026-07-29 13:28:31.185 -05:00 [DBG] Heartbeat CASEBLADE
2026-07-29 13:28:31.185 -05:00 [DBG] Heartbeat PROX
2026-07-29 13:28:31.185 -05:00 [DBG] Heartbeat SENTINEL
2026-07-29 13:28:31.185 -05:00 [DBG] Heartbeat MARKETSCRYER
2026-07-29 13:28:31.185 -05:00 [DBG] Heartbeat SIGNALFORGE
2026-07-29 13:28:31.185 -05:00 [DBG] Heartbeat ORACLEVAULT
2026-07-29 13:28:31.185 -05:00 [DBG] Heartbeat RISKWARDEN
2026-07-29 13:29:31.184 -05:00 [DBG] Heartbeat SYNAPSE
2026-07-29 13:29:31.184 -05:00 [DBG] Heartbeat TRADEWEAVER
2026-07-29 13:29:31.184 -05:00 [DBG] Heartbeat CASEBLADE
2026-07-29 13:29:31.184 -05:00 [DBG] Heartbeat PROX
2026-07-29 13:29:31.184 -05:00 [DBG] Heartbeat SENTINEL
2026-07-29 13:29:31.184 -05:00 [DBG] Heartbeat MARKETSCRYER
2026-07-29 13:29:31.184 -05:00 [DBG] Heartbeat SIGNALFORGE
2026-07-29 13:29:31.184 -05:00 [DBG] Heartbeat ORACLEVAULT
2026-07-29 13:29:31.184 -05:00 [DBG] Heartbeat RISKWARDEN
2026-07-29 13:30:31.185 -05:00 [DBG] Heartbeat SYNAPSE
2026-07-29 13:30:31.186 -05:00 [DBG] Heartbeat TRADEWEAVER
2026-07-29 13:30:31.186 -05:00 [DBG] Heartbeat CASEBLADE
2026-07-29 13:30:31.186 -05:00 [DBG] Heartbeat PROX
2026-07-29 13:30:31.186 -05:00 [DBG] Heartbeat SENTINEL
2026-07-29 13:30:31.186 -05:00 [DBG] Heartbeat MARKETSCRYER
2026-07-29 13:30:31.186 -05:00 [DBG] Heartbeat SIGNALFORGE
2026-07-29 13:30:31.186 -05:00 [DBG] Heartbeat ORACLEVAULT
2026-07-29 13:30:31.186 -05:00 [DBG] Heartbeat RISKWARDEN
2026-07-29 13:31:31.185 -05:00 [DBG] Heartbeat SYNAPSE
2026-07-29 13:31:31.185 -05:00 [DBG] Heartbeat TRADEWEAVER
2026-07-29 13:31:31.185 -05:00 [DBG] Heartbeat CASEBLADE
2026-07-29 13:31:31.185 -05:00 [DBG] Heartbeat PROX
2026-07-29 13:31:31.185 -05:00 [DBG] Heartbeat SENTINEL
2026-07-29 13:31:31.185 -05:00 [DBG] Heartbeat MARKETSCRYER
2026-07-29 13:31:31.185 -05:00 [DBG] Heartbeat SIGNALFORGE
2026-07-29 13:31:31.185 -05:00 [DBG] Heartbeat ORACLEVAULT
2026-07-29 13:31:31.185 -05:00 [DBG] Heartbeat RISKWARDEN
2026-07-29 13:32:31.185 -05:00 [DBG] Heartbeat SYNAPSE
2026-07-29 13:32:31.185 -05:00 [DBG] Heartbeat TRADEWEAVER
2026-07-29 13:32:31.185 -05:00 [DBG] Heartbeat CASEBLADE
2026-07-29 13:32:31.185 -05:00 [DBG] Heartbeat PROX
2026-07-29 13:32:31.185 -05:00 [DBG] Heartbeat SENTINEL
2026-07-29 13:32:31.185 -05:00 [DBG] Heartbeat MARKETSCRYER
2026-07-29 13:32:31.185 -05:00 [DBG] Heartbeat SIGNALFORGE
2026-07-29 13:32:31.185 -05:00 [DBG] Heartbeat ORACLEVAULT
2026-07-29 13:32:31.185 -05:00 [DBG] Heartbeat RISKWARDEN
2026-07-29 13:33:31.185 -05:00 [DBG] Heartbeat SYNAPSE
2026-07-29 13:33:31.185 -05:00 [DBG] Heartbeat TRADEWEAVER
2026-07-29 13:33:31.185 -05:00 [DBG] Heartbeat CASEBLADE
2026-07-29 13:33:31.185 -05:00 [DBG] Heartbeat PROX
2026-07-29 13:33:31.185 -05:00 [DBG] Heartbeat SENTINEL
2026-07-29 13:33:31.185 -05:00 [DBG] Heartbeat MARKETSCRYER
2026-07-29 13:33:31.185 -05:00 [DBG] Heartbeat SIGNALFORGE
2026-07-29 13:33:31.185 -05:00 [DBG] Heartbeat ORACLEVAULT
2026-07-29 13:33:31.185 -05:00 [DBG] Heartbeat RISKWARDEN
2026-07-29 13:33:38.710 -05:00 [INF] PC health: C: 78% used, 10 recent errors
2026-07-29 13:34:31.186 -05:00 [DBG] Heartbeat SYNAPSE
2026-07-29 13:34:31.186 -05:00 [DBG] Heartbeat TRADEWEAVER
2026-07-29 13:34:31.186 -05:00 [DBG] Heartbeat CASEBLADE
2026-07-29 13:34:31.186 -05:00 [DBG] Heartbeat PROX
2026-07-29 13:34:31.186 -05:00 [DBG] Heartbeat SENTINEL
2026-07-29 13:34:31.186 -05:00 [DBG] Heartbeat MARKETSCRYER
2026-07-29 13:34:31.186 -05:00 [DBG] Heartbeat SIGNALFORGE
2026-07-29 13:34:31.186 -05:00 [DBG] Heartbeat ORACLEVAULT
2026-07-29 13:34:31.186 -05:00 [DBG] Heartbeat RISKWARDEN
2026-07-29 13:35:31.186 -05:00 [DBG] Heartbeat SYNAPSE
2026-07-29 13:35:31.186 -05:00 [DBG] Heartbeat TRADEWEAVER
2026-07-29 13:35:31.186 -05:00 [DBG] Heartbeat CASEBLADE
2026-07-29 13:35:31.186 -05:00 [DBG] Heartbeat PROX
2026-07-29 13:35:31.186 -05:00 [DBG] Heartbeat SENTINEL
2026-07-29 13:35:31.186 -05:00 [DBG] Heartbeat MARKETSCRYER
2026-07-29 13:35:31.186 -05:00 [DBG] Heartbeat SIGNALFORGE
2026-07-29 13:35:31.186 -05:00 [DBG] Heartbeat ORACLEVAULT
2026-07-29 13:35:31.186 -05:00 [DBG] Heartbeat RISKWARDEN
2026-07-29 13:36:31.186 -05:00 [DBG] Heartbeat SYNAPSE
2026-07-29 13:36:31.186 -05:00 [DBG] Heartbeat TRADEWEAVER
2026-07-29 13:36:31.186 -05:00 [DBG] Heartbeat CASEBLADE
2026-07-29 13:36:31.186 -05:00 [DBG] Heartbeat PROX
2026-07-29 13:36:31.186 -05:00 [DBG] Heartbeat SENTINEL
2026-07-29 13:36:31.186 -05:00 [DBG] Heartbeat MARKETSCRYER
2026-07-29 13:36:31.186 -05:00 [DBG] Heartbeat SIGNALFORGE
2026-07-29 13:36:31.186 -05:00 [DBG] Heartbeat ORACLEVAULT
2026-07-29 13:36:31.186 -05:00 [DBG] Heartbeat RISKWARDEN
2026-07-29 13:37:31.186 -05:00 [DBG] Heartbeat SYNAPSE
2026-07-29 13:37:31.186 -05:00 [DBG] Heartbeat TRADEWEAVER
2026-07-29 13:37:31.186 -05:00 [DBG] Heartbeat CASEBLADE
2026-07-29 13:37:31.186 -05:00 [DBG] Heartbeat PROX
2026-07-29 13:37:31.186 -05:00 [DBG] Heartbeat SENTINEL
2026-07-29 13:37:31.186 -05:00 [DBG] Heartbeat MARKETSCRYER
2026-07-29 13:37:31.186 -05:00 [DBG] Heartbeat SIGNALFORGE
2026-07-29 13:37:31.186 -05:00 [DBG] Heartbeat ORACLEVAULT
2026-07-29 13:37:31.186 -05:00 [DBG] Heartbeat RISKWARDEN
2026-07-29 13:38:31.186 -05:00 [DBG] Heartbeat SYNAPSE
2026-07-29 13:38:31.186 -05:00 [DBG] Heartbeat TRADEWEAVER
2026-07-29 13:38:31.186 -05:00 [DBG] Heartbeat CASEBLADE
2026-07-29 13:38:31.186 -05:00 [DBG] Heartbeat PROX
2026-07-29 13:38:31.186 -05:00 [DBG] Heartbeat SENTINEL
2026-07-29 13:38:31.186 -05:00 [DBG] Heartbeat MARKETSCRYER
2026-07-29 13:38:31.186 -05:00 [DBG] Heartbeat SIGNALFORGE
2026-07-29 13:38:31.186 -05:00 [DBG] Heartbeat ORACLEVAULT
2026-07-29 13:38:31.186 -05:00 [DBG] Heartbeat RISKWARDEN
2026-07-29 13:38:49.849 -05:00 [INF] PC health: C: 78% used, 10 recent errors
2026-07-29 13:39:31.186 -05:00 [DBG] Heartbeat SYNAPSE
2026-07-29 13:39:31.186 -05:00 [DBG] Heartbeat TRADEWEAVER
2026-07-29 13:39:31.186 -05:00 [DBG] Heartbeat CASEBLADE
2026-07-29 13:39:31.186 -05:00 [DBG] Heartbeat PROX
2026-07-29 13:39:31.186 -05:00 [DBG] Heartbeat SENTINEL
2026-07-29 13:39:31.186 -05:00 [DBG] Heartbeat MARKETSCRYER
2026-07-29 13:39:31.186 -05:00 [DBG] Heartbeat SIGNALFORGE
2026-07-29 13:39:31.186 -05:00 [DBG] Heartbeat ORACLEVAULT
2026-07-29 13:39:31.186 -05:00 [DBG] Heartbeat RISKWARDEN
2026-07-29 13:40:31.186 -05:00 [DBG] Heartbeat SYNAPSE
2026-07-29 13:40:31.187 -05:00 [DBG] Heartbeat TRADEWEAVER
2026-07-29 13:40:31.187 -05:00 [DBG] Heartbeat CASEBLADE
2026-07-29 13:40:31.187 -05:00 [DBG] Heartbeat PROX
2026-07-29 13:40:31.187 -05:00 [DBG] Heartbeat SENTINEL
2026-07-29 13:40:31.187 -05:00 [DBG] Heartbeat MARKETSCRYER
2026-07-29 13:40:31.187 -05:00 [DBG] Heartbeat SIGNALFORGE
2026-07-29 13:40:31.187 -05:00 [DBG] Heartbeat ORACLEVAULT
2026-07-29 13:40:31.187 -05:00 [DBG] Heartbeat RISKWARDEN
2026-07-29 13:41:31.186 -05:00 [DBG] Heartbeat SYNAPSE
2026-07-29 13:41:31.187 -05:00 [DBG] Heartbeat TRADEWEAVER
2026-07-29 13:41:31.187 -05:00 [DBG] Heartbeat CASEBLADE
2026-07-29 13:41:31.187 -05:00 [DBG] Heartbeat PROX
2026-07-29 13:41:31.187 -05:00 [DBG] Heartbeat SENTINEL
2026-07-29 13:41:31.187 -05:00 [DBG] Heartbeat MARKETSCRYER
2026-07-29 13:41:31.187 -05:00 [DBG] Heartbeat SIGNALFORGE
2026-07-29 13:41:31.187 -05:00 [DBG] Heartbeat ORACLEVAULT
2026-07-29 13:41:31.187 -05:00 [DBG] Heartbeat RISKWARDEN
2026-07-29 13:42:31.187 -05:00 [DBG] Heartbeat SYNAPSE
2026-07-29 13:42:31.187 -05:00 [DBG] Heartbeat TRADEWEAVER
2026-07-29 13:42:31.187 -05:00 [DBG] Heartbeat CASEBLADE
2026-07-29 13:42:31.187 -05:00 [DBG] Heartbeat PROX
2026-07-29 13:42:31.187 -05:00 [DBG] Heartbeat SENTINEL
2026-07-29 13:42:31.187 -05:00 [DBG] Heartbeat MARKETSCRYER
2026-07-29 13:42:31.187 -05:00 [DBG] Heartbeat SIGNALFORGE
2026-07-29 13:42:31.187 -05:00 [DBG] Heartbeat ORACLEVAULT
2026-07-29 13:42:31.187 -05:00 [DBG] Heartbeat RISKWARDEN
2026-07-29 13:43:31.187 -05:00 [DBG] Heartbeat SYNAPSE
2026-07-29 13:43:31.187 -05:00 [DBG] Heartbeat TRADEWEAVER
2026-07-29 13:43:31.187 -05:00 [DBG] Heartbeat CASEBLADE
2026-07-29 13:43:31.187 -05:00 [DBG] Heartbeat PROX
2026-07-29 13:43:31.187 -05:00 [DBG] Heartbeat SENTINEL
2026-07-29 13:43:31.187 -05:00 [DBG] Heartbeat MARKETSCRYER
2026-07-29 13:43:31.187 -05:00 [DBG] Heartbeat SIGNALFORGE
2026-07-29 13:43:31.187 -05:00 [DBG] Heartbeat ORACLEVAULT
2026-07-29 13:43:31.187 -05:00 [DBG] Heartbeat RISKWARDEN
2026-07-29 13:44:01.043 -05:00 [INF] PC health: C: 78% used, 10 recent errors
2026-07-29 13:44:31.186 -05:00 [DBG] Heartbeat SYNAPSE
2026-07-29 13:44:31.186 -05:00 [DBG] Heartbeat TRADEWEAVER
2026-07-29 13:44:31.186 -05:00 [DBG] Heartbeat CASEBLADE
2026-07-29 13:44:31.186 -05:00 [DBG] Heartbeat PROX
2026-07-29 13:44:31.186 -05:00 [DBG] Heartbeat SENTINEL
2026-07-29 13:44:31.186 -05:00 [DBG] Heartbeat MARKETSCRYER
2026-07-29 13:44:31.186 -05:00 [DBG] Heartbeat SIGNALFORGE
2026-07-29 13:44:31.186 -05:00 [DBG] Heartbeat ORACLEVAULT
2026-07-29 13:44:31.186 -05:00 [DBG] Heartbeat RISKWARDEN
2026-07-29 13:45:31.187 -05:00 [DBG] Heartbeat SYNAPSE
2026-07-29 13:45:31.187 -05:00 [DBG] Heartbeat TRADEWEAVER
2026-07-29 13:45:31.187 -05:00 [DBG] Heartbeat CASEBLADE
2026-07-29 13:45:31.187 -05:00 [DBG] Heartbeat PROX
2026-07-29 13:45:31.187 -05:00 [DBG] Heartbeat SENTINEL
2026-07-29 13:45:31.187 -05:00 [DBG] Heartbeat MARKETSCRYER
2026-07-29 13:45:31.187 -05:00 [DBG] Heartbeat SIGNALFORGE
2026-07-29 13:45:31.187 -05:00 [DBG] Heartbeat ORACLEVAULT
2026-07-29 13:45:31.187 -05:00 [DBG] Heartbeat RISKWARDEN
2026-07-29 13:46:31.187 -05:00 [DBG] Heartbeat SYNAPSE
2026-07-29 13:46:31.187 -05:00 [DBG] Heartbeat TRADEWEAVER
2026-07-29 13:46:31.187 -05:00 [DBG] Heartbeat CASEBLADE
2026-07-29 13:46:31.187 -05:00 [DBG] Heartbeat PROX
2026-07-29 13:46:31.187 -05:00 [DBG] Heartbeat SENTINEL
2026-07-29 13:46:31.187 -05:00 [DBG] Heartbeat MARKETSCRYER
2026-07-29 13:46:31.187 -05:00 [DBG] Heartbeat SIGNALFORGE
2026-07-29 13:46:31.187 -05:00 [DBG] Heartbeat ORACLEVAULT
2026-07-29 13:46:31.187 -05:00 [DBG] Heartbeat RISKWARDEN
2026-07-29 13:47:31.187 -05:00 [DBG] Heartbeat SYNAPSE
2026-07-29 13:47:31.187 -05:00 [DBG] Heartbeat TRADEWEAVER
2026-07-29 13:47:31.187 -05:00 [DBG] Heartbeat CASEBLADE
2026-07-29 13:47:31.187 -05:00 [DBG] Heartbeat PROX
2026-07-29 13:47:31.187 -05:00 [DBG] Heartbeat SENTINEL
2026-07-29 13:47:31.187 -05:00 [DBG] Heartbeat MARKETSCRYER
2026-07-29 13:47:31.187 -05:00 [DBG] Heartbeat SIGNALFORGE
2026-07-29 13:47:31.187 -05:00 [DBG] Heartbeat ORACLEVAULT
2026-07-29 13:47:31.187 -05:00 [DBG] Heartbeat RISKWARDEN
2026-07-29 13:48:31.188 -05:00 [DBG] Heartbeat SYNAPSE
2026-07-29 13:48:31.188 -05:00 [DBG] Heartbeat TRADEWEAVER
2026-07-29 13:48:31.188 -05:00 [DBG] Heartbeat CASEBLADE
2026-07-29 13:48:31.188 -05:00 [DBG] Heartbeat PROX
2026-07-29 13:48:31.188 -05:00 [DBG] Heartbeat SENTINEL
2026-07-29 13:48:31.188 -05:00 [DBG] Heartbeat MARKETSCRYER
2026-07-29 13:48:31.188 -05:00 [DBG] Heartbeat SIGNALFORGE
2026-07-29 13:48:31.188 -05:00 [DBG] Heartbeat ORACLEVAULT
2026-07-29 13:48:31.188 -05:00 [DBG] Heartbeat RISKWARDEN
2026-07-29 13:49:12.231 -05:00 [INF] PC health: C: 78% used, 10 recent errors
2026-07-29 13:49:31.188 -05:00 [DBG] Heartbeat SYNAPSE
2026-07-29 13:49:31.188 -05:00 [DBG] Heartbeat TRADEWEAVER
2026-07-29 13:49:31.188 -05:00 [DBG] Heartbeat CASEBLADE
2026-07-29 13:49:31.188 -05:00 [DBG] Heartbeat PROX
2026-07-29 13:49:31.188 -05:00 [DBG] Heartbeat SENTINEL
2026-07-29 13:49:31.188 -05:00 [DBG] Heartbeat MARKETSCRYER
2026-07-29 13:49:31.188 -05:00 [DBG] Heartbeat SIGNALFORGE
2026-07-29 13:49:31.188 -05:00 [DBG] Heartbeat ORACLEVAULT
2026-07-29 13:49:31.188 -05:00 [DBG] Heartbeat RISKWARDEN
2026-07-29 13:50:31.188 -05:00 [DBG] Heartbeat SYNAPSE
2026-07-29 13:50:31.188 -05:00 [DBG] Heartbeat TRADEWEAVER
2026-07-29 13:50:31.188 -05:00 [DBG] Heartbeat CASEBLADE
2026-07-29 13:50:31.188 -05:00 [DBG] Heartbeat PROX
2026-07-29 13:50:31.188 -05:00 [DBG] Heartbeat SENTINEL
2026-07-29 13:50:31.188 -05:00 [DBG] Heartbeat MARKETSCRYER
2026-07-29 13:50:31.188 -05:00 [DBG] Heartbeat SIGNALFORGE
2026-07-29 13:50:31.188 -05:00 [DBG] Heartbeat ORACLEVAULT
2026-07-29 13:50:31.188 -05:00 [DBG] Heartbeat RISKWARDEN
2026-07-29 13:51:31.188 -05:00 [DBG] Heartbeat SYNAPSE
2026-07-29 13:51:31.188 -05:00 [DBG] Heartbeat TRADEWEAVER
2026-07-29 13:51:31.188 -05:00 [DBG] Heartbeat CASEBLADE
2026-07-29 13:51:31.188 -05:00 [DBG] Heartbeat PROX
2026-07-29 13:51:31.188 -05:00 [DBG] Heartbeat SENTINEL
2026-07-29 13:51:31.188 -05:00 [DBG] Heartbeat MARKETSCRYER
2026-07-29 13:51:31.188 -05:00 [DBG] Heartbeat SIGNALFORGE
2026-07-29 13:51:31.188 -05:00 [DBG] Heartbeat ORACLEVAULT
2026-07-29 13:51:31.188 -05:00 [DBG] Heartbeat RISKWARDEN
2026-07-29 13:52:31.188 -05:00 [DBG] Heartbeat SYNAPSE
2026-07-29 13:52:31.188 -05:00 [DBG] Heartbeat TRADEWEAVER
2026-07-29 13:52:31.188 -05:00 [DBG] Heartbeat CASEBLADE
2026-07-29 13:52:31.188 -05:00 [DBG] Heartbeat PROX
2026-07-29 13:52:31.189 -05:00 [DBG] Heartbeat SENTINEL
2026-07-29 13:52:31.189 -05:00 [DBG] Heartbeat MARKETSCRYER
2026-07-29 13:52:31.189 -05:00 [DBG] Heartbeat SIGNALFORGE
2026-07-29 13:52:31.189 -05:00 [DBG] Heartbeat ORACLEVAULT
2026-07-29 13:52:31.189 -05:00 [DBG] Heartbeat RISKWARDEN
2026-07-29 13:53:31.189 -05:00 [DBG] Heartbeat SYNAPSE
2026-07-29 13:53:31.189 -05:00 [DBG] Heartbeat TRADEWEAVER
2026-07-29 13:53:31.189 -05:00 [DBG] Heartbeat CASEBLADE
2026-07-29 13:53:31.189 -05:00 [DBG] Heartbeat PROX
2026-07-29 13:53:31.189 -05:00 [DBG] Heartbeat SENTINEL
2026-07-29 13:53:31.189 -05:00 [DBG] Heartbeat MARKETSCRYER
2026-07-29 13:53:31.189 -05:00 [DBG] Heartbeat SIGNALFORGE
2026-07-29 13:53:31.189 -05:00 [DBG] Heartbeat ORACLEVAULT
2026-07-29 13:53:31.189 -05:00 [DBG] Heartbeat RISKWARDEN
2026-07-29 13:54:23.401 -05:00 [INF] PC health: C: 78% used, 10 recent errors
2026-07-29 13:54:31.189 -05:00 [DBG] Heartbeat SYNAPSE
2026-07-29 13:54:31.189 -05:00 [DBG] Heartbeat TRADEWEAVER
2026-07-29 13:54:31.189 -05:00 [DBG] Heartbeat CASEBLADE
2026-07-29 13:54:31.189 -05:00 [DBG] Heartbeat PROX
2026-07-29 13:54:31.189 -05:00 [DBG] Heartbeat SENTINEL
2026-07-29 13:54:31.189 -05:00 [DBG] Heartbeat MARKETSCRYER
2026-07-29 13:54:31.189 -05:00 [DBG] Heartbeat SIGNALFORGE
2026-07-29 13:54:31.189 -05:00 [DBG] Heartbeat ORACLEVAULT
2026-07-29 13:54:31.189 -05:00 [DBG] Heartbeat RISKWARDEN
2026-07-29 13:55:31.189 -05:00 [DBG] Heartbeat SYNAPSE
2026-07-29 13:55:31.189 -05:00 [DBG] Heartbeat TRADEWEAVER
2026-07-29 13:55:31.189 -05:00 [DBG] Heartbeat CASEBLADE
2026-07-29 13:55:31.189 -05:00 [DBG] Heartbeat PROX
2026-07-29 13:55:31.190 -05:00 [DBG] Heartbeat SENTINEL
2026-07-29 13:55:31.190 -05:00 [DBG] Heartbeat MARKETSCRYER
2026-07-29 13:55:31.190 -05:00 [DBG] Heartbeat SIGNALFORGE
2026-07-29 13:55:31.190 -05:00 [DBG] Heartbeat ORACLEVAULT
2026-07-29 13:55:31.190 -05:00 [DBG] Heartbeat RISKWARDEN
2026-07-29 13:56:31.190 -05:00 [DBG] Heartbeat SYNAPSE
2026-07-29 13:56:31.190 -05:00 [DBG] Heartbeat TRADEWEAVER
2026-07-29 13:56:31.190 -05:00 [DBG] Heartbeat CASEBLADE
2026-07-29 13:56:31.190 -05:00 [DBG] Heartbeat PROX
2026-07-29 13:56:31.190 -05:00 [DBG] Heartbeat SENTINEL
2026-07-29 13:56:31.190 -05:00 [DBG] Heartbeat MARKETSCRYER
2026-07-29 13:56:31.190 -05:00 [DBG] Heartbeat SIGNALFORGE
2026-07-29 13:56:31.190 -05:00 [DBG] Heartbeat ORACLEVAULT
2026-07-29 13:56:31.190 -05:00 [DBG] Heartbeat RISKWARDEN
2026-07-29 13:57:31.189 -05:00 [DBG] Heartbeat SYNAPSE
2026-07-29 13:57:31.189 -05:00 [DBG] Heartbeat TRADEWEAVER
2026-07-29 13:57:31.189 -05:00 [DBG] Heartbeat CASEBLADE
2026-07-29 13:57:31.189 -05:00 [DBG] Heartbeat PROX
2026-07-29 13:57:31.189 -05:00 [DBG] Heartbeat SENTINEL
2026-07-29 13:57:31.189 -05:00 [DBG] Heartbeat MARKETSCRYER
2026-07-29 13:57:31.189 -05:00 [DBG] Heartbeat SIGNALFORGE
2026-07-29 13:57:31.189 -05:00 [DBG] Heartbeat ORACLEVAULT
2026-07-29 13:57:31.189 -05:00 [DBG] Heartbeat RISKWARDEN
2026-07-29 13:58:31.190 -05:00 [DBG] Heartbeat SYNAPSE
2026-07-29 13:58:31.190 -05:00 [DBG] Heartbeat TRADEWEAVER
2026-07-29 13:58:31.190 -05:00 [DBG] Heartbeat CASEBLADE
2026-07-29 13:58:31.190 -05:00 [DBG] Heartbeat PROX
2026-07-29 13:58:31.190 -05:00 [DBG] Heartbeat SENTINEL
2026-07-29 13:58:31.190 -05:00 [DBG] Heartbeat MARKETSCRYER
2026-07-29 13:58:31.190 -05:00 [DBG] Heartbeat SIGNALFORGE
2026-07-29 13:58:31.190 -05:00 [DBG] Heartbeat ORACLEVAULT
2026-07-29 13:58:31.190 -05:00 [DBG] Heartbeat RISKWARDEN
2026-07-29 13:59:31.189 -05:00 [DBG] Heartbeat SYNAPSE
2026-07-29 13:59:31.189 -05:00 [DBG] Heartbeat TRADEWEAVER
2026-07-29 13:59:31.189 -05:00 [DBG] Heartbeat CASEBLADE
2026-07-29 13:59:31.189 -05:00 [DBG] Heartbeat PROX
2026-07-29 13:59:31.189 -05:00 [DBG] Heartbeat SENTINEL
2026-07-29 13:59:31.189 -05:00 [DBG] Heartbeat MARKETSCRYER
2026-07-29 13:59:31.189 -05:00 [DBG] Heartbeat SIGNALFORGE
2026-07-29 13:59:31.189 -05:00 [DBG] Heartbeat ORACLEVAULT
2026-07-29 13:59:31.189 -05:00 [DBG] Heartbeat RISKWARDEN
2026-07-29 13:59:34.723 -05:00 [INF] PC health: C: 78% used, 10 recent errors
2026-07-29 14:00:31.190 -05:00 [DBG] Heartbeat SYNAPSE
2026-07-29 14:00:31.190 -05:00 [DBG] Heartbeat TRADEWEAVER
2026-07-29 14:00:31.190 -05:00 [DBG] Heartbeat CASEBLADE
2026-07-29 14:00:31.190 -05:00 [DBG] Heartbeat PROX
2026-07-29 14:00:31.190 -05:00 [DBG] Heartbeat SENTINEL
2026-07-29 14:00:31.190 -05:00 [DBG] Heartbeat MARKETSCRYER
2026-07-29 14:00:31.190 -05:00 [DBG] Heartbeat SIGNALFORGE
2026-07-29 14:00:31.190 -05:00 [DBG] Heartbeat ORACLEVAULT
2026-07-29 14:00:31.190 -05:00 [DBG] Heartbeat RISKWARDEN
2026-07-29 14:01:31.190 -05:00 [DBG] Heartbeat SYNAPSE
2026-07-29 14:01:31.190 -05:00 [DBG] Heartbeat TRADEWEAVER
2026-07-29 14:01:31.190 -05:00 [DBG] Heartbeat CASEBLADE
2026-07-29 14:01:31.190 -05:00 [DBG] Heartbeat PROX
2026-07-29 14:01:31.190 -05:00 [DBG] Heartbeat SENTINEL
2026-07-29 14:01:31.190 -05:00 [DBG] Heartbeat MARKETSCRYER
2026-07-29 14:01:31.190 -05:00 [DBG] Heartbeat SIGNALFORGE
2026-07-29 14:01:31.190 -05:00 [DBG] Heartbeat ORACLEVAULT
2026-07-29 14:01:31.190 -05:00 [DBG] Heartbeat RISKWARDEN
2026-07-29 14:02:31.190 -05:00 [DBG] Heartbeat SYNAPSE
2026-07-29 14:02:31.190 -05:00 [DBG] Heartbeat TRADEWEAVER
2026-07-29 14:02:31.190 -05:00 [DBG] Heartbeat CASEBLADE
2026-07-29 14:02:31.190 -05:00 [DBG] Heartbeat PROX
2026-07-29 14:02:31.190 -05:00 [DBG] Heartbeat SENTINEL
2026-07-29 14:02:31.190 -05:00 [DBG] Heartbeat MARKETSCRYER
2026-07-29 14:02:31.190 -05:00 [DBG] Heartbeat SIGNALFORGE
2026-07-29 14:02:31.190 -05:00 [DBG] Heartbeat ORACLEVAULT
2026-07-29 14:02:31.190 -05:00 [DBG] Heartbeat RISKWARDEN
2026-07-29 14:03:31.191 -05:00 [DBG] Heartbeat SYNAPSE
2026-07-29 14:03:31.191 -05:00 [DBG] Heartbeat TRADEWEAVER
2026-07-29 14:03:31.191 -05:00 [DBG] Heartbeat CASEBLADE
2026-07-29 14:03:31.191 -05:00 [DBG] Heartbeat PROX
2026-07-29 14:03:31.191 -05:00 [DBG] Heartbeat SENTINEL
2026-07-29 14:03:31.191 -05:00 [DBG] Heartbeat MARKETSCRYER
2026-07-29 14:03:31.191 -05:00 [DBG] Heartbeat SIGNALFORGE
2026-07-29 14:03:31.191 -05:00 [DBG] Heartbeat ORACLEVAULT
2026-07-29 14:03:31.191 -05:00 [DBG] Heartbeat RISKWARDEN
2026-07-29 14:04:31.191 -05:00 [DBG] Heartbeat SYNAPSE
2026-07-29 14:04:31.191 -05:00 [DBG] Heartbeat TRADEWEAVER
2026-07-29 14:04:31.191 -05:00 [DBG] Heartbeat CASEBLADE
2026-07-29 14:04:31.191 -05:00 [DBG] Heartbeat PROX
2026-07-29 14:04:31.191 -05:00 [DBG] Heartbeat SENTINEL
2026-07-29 14:04:31.191 -05:00 [DBG] Heartbeat MARKETSCRYER
2026-07-29 14:04:31.191 -05:00 [DBG] Heartbeat SIGNALFORGE
2026-07-29 14:04:31.191 -05:00 [DBG] Heartbeat ORACLEVAULT
2026-07-29 14:04:31.191 -05:00 [DBG] Heartbeat RISKWARDEN
2026-07-29 14:04:45.818 -05:00 [INF] PC health: C: 78% used, 10 recent errors
2026-07-29 14:05:31.191 -05:00 [DBG] Heartbeat SYNAPSE
2026-07-29 14:05:31.191 -05:00 [DBG] Heartbeat TRADEWEAVER
2026-07-29 14:05:31.191 -05:00 [DBG] Heartbeat CASEBLADE
2026-07-29 14:05:31.191 -05:00 [DBG] Heartbeat PROX
2026-07-29 14:05:31.191 -05:00 [DBG] Heartbeat SENTINEL
2026-07-29 14:05:31.191 -05:00 [DBG] Heartbeat MARKETSCRYER
2026-07-29 14:05:31.191 -05:00 [DBG] Heartbeat SIGNALFORGE
2026-07-29 14:05:31.191 -05:00 [DBG] Heartbeat ORACLEVAULT
2026-07-29 14:05:31.191 -05:00 [DBG] Heartbeat RISKWARDEN
2026-07-29 14:06:31.192 -05:00 [DBG] Heartbeat SYNAPSE
2026-07-29 14:06:31.192 -05:00 [DBG] Heartbeat TRADEWEAVER
2026-07-29 14:06:31.192 -05:00 [DBG] Heartbeat CASEBLADE
2026-07-29 14:06:31.192 -05:00 [DBG] Heartbeat PROX
2026-07-29 14:06:31.192 -05:00 [DBG] Heartbeat SENTINEL
2026-07-29 14:06:31.192 -05:00 [DBG] Heartbeat MARKETSCRYER
2026-07-29 14:06:31.192 -05:00 [DBG] Heartbeat SIGNALFORGE
2026-07-29 14:06:31.192 -05:00 [DBG] Heartbeat ORACLEVAULT
2026-07-29 14:06:31.192 -05:00 [DBG] Heartbeat RISKWARDEN
2026-07-29 14:07:31.192 -05:00 [DBG] Heartbeat SYNAPSE
2026-07-29 14:07:31.192 -05:00 [DBG] Heartbeat TRADEWEAVER
2026-07-29 14:07:31.192 -05:00 [DBG] Heartbeat CASEBLADE
2026-07-29 14:07:31.192 -05:00 [DBG] Heartbeat PROX
2026-07-29 14:07:31.192 -05:00 [DBG] Heartbeat SENTINEL
2026-07-29 14:07:31.192 -05:00 [DBG] Heartbeat MARKETSCRYER
2026-07-29 14:07:31.192 -05:00 [DBG] Heartbeat SIGNALFORGE
2026-07-29 14:07:31.192 -05:00 [DBG] Heartbeat ORACLEVAULT
2026-07-29 14:07:31.192 -05:00 [DBG] Heartbeat RISKWARDEN
2026-07-29 14:08:31.192 -05:00 [DBG] Heartbeat SYNAPSE
2026-07-29 14:08:31.192 -05:00 [DBG] Heartbeat TRADEWEAVER
2026-07-29 14:08:31.192 -05:00 [DBG] Heartbeat CASEBLADE
2026-07-29 14:08:31.192 -05:00 [DBG] Heartbeat PROX
2026-07-29 14:08:31.192 -05:00 [DBG] Heartbeat SENTINEL
2026-07-29 14:08:31.192 -05:00 [DBG] Heartbeat MARKETSCRYER
2026-07-29 14:08:31.192 -05:00 [DBG] Heartbeat SIGNALFORGE
2026-07-29 14:08:31.192 -05:00 [DBG] Heartbeat ORACLEVAULT
2026-07-29 14:08:31.192 -05:00 [DBG] Heartbeat RISKWARDEN
2026-07-29 14:09:31.192 -05:00 [DBG] Heartbeat SYNAPSE
2026-07-29 14:09:31.192 -05:00 [DBG] Heartbeat TRADEWEAVER
2026-07-29 14:09:31.192 -05:00 [DBG] Heartbeat CASEBLADE
2026-07-29 14:09:31.192 -05:00 [DBG] Heartbeat PROX
2026-07-29 14:09:31.192 -05:00 [DBG] Heartbeat SENTINEL
2026-07-29 14:09:31.192 -05:00 [DBG] Heartbeat MARKETSCRYER
2026-07-29 14:09:31.192 -05:00 [DBG] Heartbeat SIGNALFORGE
2026-07-29 14:09:31.192 -05:00 [DBG] Heartbeat ORACLEVAULT
2026-07-29 14:09:31.192 -05:00 [DBG] Heartbeat RISKWARDEN
2026-07-29 14:09:58.678 -05:00 [INF] PC health: C: 78% used, 10 recent errors
2026-07-29 14:10:31.193 -05:00 [DBG] Heartbeat SYNAPSE
2026-07-29 14:10:31.193 -05:00 [DBG] Heartbeat TRADEWEAVER
2026-07-29 14:10:31.193 -05:00 [DBG] Heartbeat CASEBLADE
2026-07-29 14:10:31.193 -05:00 [DBG] Heartbeat PROX
2026-07-29 14:10:31.193 -05:00 [DBG] Heartbeat SENTINEL
2026-07-29 14:10:31.193 -05:00 [DBG] Heartbeat MARKETSCRYER
2026-07-29 14:10:31.193 -05:00 [DBG] Heartbeat SIGNALFORGE
2026-07-29 14:10:31.193 -05:00 [DBG] Heartbeat ORACLEVAULT
2026-07-29 14:10:31.193 -05:00 [DBG] Heartbeat RISKWARDEN
2026-07-29 14:11:31.192 -05:00 [DBG] Heartbeat SYNAPSE
2026-07-29 14:11:31.193 -05:00 [DBG] Heartbeat TRADEWEAVER
2026-07-29 14:11:31.193 -05:00 [DBG] Heartbeat CASEBLADE
2026-07-29 14:11:31.193 -05:00 [DBG] Heartbeat PROX
2026-07-29 14:11:31.193 -05:00 [DBG] Heartbeat SENTINEL
2026-07-29 14:11:31.193 -05:00 [DBG] Heartbeat MARKETSCRYER
2026-07-29 14:11:31.193 -05:00 [DBG] Heartbeat SIGNALFORGE
2026-07-29 14:11:31.193 -05:00 [DBG] Heartbeat ORACLEVAULT
2026-07-29 14:11:31.193 -05:00 [DBG] Heartbeat RISKWARDEN
2026-07-29 14:12:31.193 -05:00 [DBG] Heartbeat SYNAPSE
2026-07-29 14:12:31.193 -05:00 [DBG] Heartbeat TRADEWEAVER
2026-07-29 14:12:31.193 -05:00 [DBG] Heartbeat CASEBLADE
2026-07-29 14:12:31.193 -05:00 [DBG] Heartbeat PROX
2026-07-29 14:12:31.193 -05:00 [DBG] Heartbeat SENTINEL
2026-07-29 14:12:31.193 -05:00 [DBG] Heartbeat MARKETSCRYER
2026-07-29 14:12:31.193 -05:00 [DBG] Heartbeat SIGNALFORGE
2026-07-29 14:12:31.193 -05:00 [DBG] Heartbeat ORACLEVAULT
2026-07-29 14:12:31.193 -05:00 [DBG] Heartbeat RISKWARDEN
2026-07-29 14:13:31.193 -05:00 [DBG] Heartbeat SYNAPSE
2026-07-29 14:13:31.193 -05:00 [DBG] Heartbeat TRADEWEAVER
2026-07-29 14:13:31.193 -05:00 [DBG] Heartbeat CASEBLADE
2026-07-29 14:13:31.193 -05:00 [DBG] Heartbeat PROX
2026-07-29 14:13:31.193 -05:00 [DBG] Heartbeat SENTINEL
2026-07-29 14:13:31.193 -05:00 [DBG] Heartbeat MARKETSCRYER
2026-07-29 14:13:31.193 -05:00 [DBG] Heartbeat SIGNALFORGE
2026-07-29 14:13:31.193 -05:00 [DBG] Heartbeat ORACLEVAULT
2026-07-29 14:13:31.193 -05:00 [DBG] Heartbeat RISKWARDEN
2026-07-29 14:14:31.194 -05:00 [DBG] Heartbeat SYNAPSE
2026-07-29 14:14:31.194 -05:00 [DBG] Heartbeat TRADEWEAVER
2026-07-29 14:14:31.194 -05:00 [DBG] Heartbeat CASEBLADE
2026-07-29 14:14:31.194 -05:00 [DBG] Heartbeat PROX
2026-07-29 14:14:31.194 -05:00 [DBG] Heartbeat SENTINEL
2026-07-29 14:14:31.194 -05:00 [DBG] Heartbeat MARKETSCRYER
2026-07-29 14:14:31.194 -05:00 [DBG] Heartbeat SIGNALFORGE
2026-07-29 14:14:31.194 -05:00 [DBG] Heartbeat ORACLEVAULT
2026-07-29 14:14:31.194 -05:00 [DBG] Heartbeat RISKWARDEN
2026-07-29 14:15:11.619 -05:00 [INF] PC health: C: 78% used, 10 recent errors
2026-07-29 14:15:31.194 -05:00 [DBG] Heartbeat SYNAPSE
2026-07-29 14:15:31.194 -05:00 [DBG] Heartbeat TRADEWEAVER
2026-07-29 14:15:31.194 -05:00 [DBG] Heartbeat CASEBLADE
2026-07-29 14:15:31.194 -05:00 [DBG] Heartbeat PROX
2026-07-29 14:15:31.194 -05:00 [DBG] Heartbeat SENTINEL
2026-07-29 14:15:31.194 -05:00 [DBG] Heartbeat MARKETSCRYER
2026-07-29 14:15:31.194 -05:00 [DBG] Heartbeat SIGNALFORGE
2026-07-29 14:15:31.194 -05:00 [DBG] Heartbeat ORACLEVAULT
2026-07-29 14:15:31.194 -05:00 [DBG] Heartbeat RISKWARDEN
2026-07-29 14:16:31.195 -05:00 [DBG] Heartbeat SYNAPSE
2026-07-29 14:16:31.195 -05:00 [DBG] Heartbeat TRADEWEAVER
2026-07-29 14:16:31.195 -05:00 [DBG] Heartbeat CASEBLADE
2026-07-29 14:16:31.195 -05:00 [DBG] Heartbeat PROX
2026-07-29 14:16:31.195 -05:00 [DBG] Heartbeat SENTINEL
2026-07-29 14:16:31.195 -05:00 [DBG] Heartbeat MARKETSCRYER
2026-07-29 14:16:31.195 -05:00 [DBG] Heartbeat SIGNALFORGE
2026-07-29 14:16:31.195 -05:00 [DBG] Heartbeat ORACLEVAULT
2026-07-29 14:16:31.195 -05:00 [DBG] Heartbeat RISKWARDEN
2026-07-29 14:17:31.196 -05:00 [DBG] Heartbeat SYNAPSE
2026-07-29 14:17:31.196 -05:00 [DBG] Heartbeat TRADEWEAVER
2026-07-29 14:17:31.196 -05:00 [DBG] Heartbeat CASEBLADE
2026-07-29 14:17:31.196 -05:00 [DBG] Heartbeat PROX
2026-07-29 14:17:31.196 -05:00 [DBG] Heartbeat SENTINEL
2026-07-29 14:17:31.196 -05:00 [DBG] Heartbeat MARKETSCRYER
2026-07-29 14:17:31.196 -05:00 [DBG] Heartbeat SIGNALFORGE
2026-07-29 14:17:31.196 -05:00 [DBG] Heartbeat ORACLEVAULT
2026-07-29 14:17:31.196 -05:00 [DBG] Heartbeat RISKWARDEN
2026-07-29 14:18:31.195 -05:00 [DBG] Heartbeat SYNAPSE
2026-07-29 14:18:31.195 -05:00 [DBG] Heartbeat TRADEWEAVER
2026-07-29 14:18:31.195 -05:00 [DBG] Heartbeat CASEBLADE
2026-07-29 14:18:31.195 -05:00 [DBG] Heartbeat PROX
2026-07-29 14:18:31.195 -05:00 [DBG] Heartbeat SENTINEL
2026-07-29 14:18:31.195 -05:00 [DBG] Heartbeat MARKETSCRYER
2026-07-29 14:18:31.195 -05:00 [DBG] Heartbeat SIGNALFORGE
2026-07-29 14:18:31.195 -05:00 [DBG] Heartbeat ORACLEVAULT
2026-07-29 14:18:31.195 -05:00 [DBG] Heartbeat RISKWARDEN
2026-07-29 14:19:31.196 -05:00 [DBG] Heartbeat SYNAPSE
2026-07-29 14:19:31.196 -05:00 [DBG] Heartbeat TRADEWEAVER
2026-07-29 14:19:31.196 -05:00 [DBG] Heartbeat CASEBLADE
2026-07-29 14:19:31.196 -05:00 [DBG] Heartbeat PROX
2026-07-29 14:19:31.196 -05:00 [DBG] Heartbeat SENTINEL
2026-07-29 14:19:31.196 -05:00 [DBG] Heartbeat MARKETSCRYER
2026-07-29 14:19:31.196 -05:00 [DBG] Heartbeat SIGNALFORGE
2026-07-29 14:19:31.196 -05:00 [DBG] Heartbeat ORACLEVAULT
2026-07-29 14:19:31.196 -05:00 [DBG] Heartbeat RISKWARDEN
2026-07-29 14:20:24.865 -05:00 [INF] PC health: C: 78% used, 10 recent errors
2026-07-29 14:20:31.197 -05:00 [DBG] Heartbeat SYNAPSE
2026-07-29 14:20:31.197 -05:00 [DBG] Heartbeat TRADEWEAVER
2026-07-29 14:20:31.197 -05:00 [DBG] Heartbeat CASEBLADE
2026-07-29 14:20:31.197 -05:00 [DBG] Heartbeat PROX
2026-07-29 14:20:31.197 -05:00 [DBG] Heartbeat SENTINEL
2026-07-29 14:20:31.197 -05:00 [DBG] Heartbeat MARKETSCRYER
2026-07-29 14:20:31.197 -05:00 [DBG] Heartbeat SIGNALFORGE
2026-07-29 14:20:31.197 -05:00 [DBG] Heartbeat ORACLEVAULT
2026-07-29 14:20:31.197 -05:00 [DBG] Heartbeat RISKWARDEN
2026-07-29 14:21:31.197 -05:00 [DBG] Heartbeat SYNAPSE
2026-07-29 14:21:31.197 -05:00 [DBG] Heartbeat TRADEWEAVER
2026-07-29 14:21:31.197 -05:00 [DBG] Heartbeat CASEBLADE
2026-07-29 14:21:31.197 -05:00 [DBG] Heartbeat PROX
2026-07-29 14:21:31.197 -05:00 [DBG] Heartbeat SENTINEL
2026-07-29 14:21:31.197 -05:00 [DBG] Heartbeat MARKETSCRYER
2026-07-29 14:21:31.197 -05:00 [DBG] Heartbeat SIGNALFORGE
2026-07-29 14:21:31.197 -05:00 [DBG] Heartbeat ORACLEVAULT
2026-07-29 14:21:31.197 -05:00 [DBG] Heartbeat RISKWARDEN
2026-07-29 14:22:31.197 -05:00 [DBG] Heartbeat SYNAPSE
2026-07-29 14:22:31.197 -05:00 [DBG] Heartbeat TRADEWEAVER
2026-07-29 14:22:31.197 -05:00 [DBG] Heartbeat CASEBLADE
2026-07-29 14:22:31.197 -05:00 [DBG] Heartbeat PROX
2026-07-29 14:22:31.197 -05:00 [DBG] Heartbeat SENTINEL
2026-07-29 14:22:31.197 -05:00 [DBG] Heartbeat MARKETSCRYER
2026-07-29 14:22:31.197 -05:00 [DBG] Heartbeat SIGNALFORGE
2026-07-29 14:22:31.197 -05:00 [DBG] Heartbeat ORACLEVAULT
2026-07-29 14:22:31.197 -05:00 [DBG] Heartbeat RISKWARDEN
2026-07-29 14:23:31.197 -05:00 [DBG] Heartbeat SYNAPSE
2026-07-29 14:23:31.197 -05:00 [DBG] Heartbeat TRADEWEAVER
2026-07-29 14:23:31.197 -05:00 [DBG] Heartbeat CASEBLADE
2026-07-29 14:23:31.197 -05:00 [DBG] Heartbeat PROX
2026-07-29 14:23:31.197 -05:00 [DBG] Heartbeat SENTINEL
2026-07-29 14:23:31.197 -05:00 [DBG] Heartbeat MARKETSCRYER
2026-07-29 14:23:31.197 -05:00 [DBG] Heartbeat SIGNALFORGE
2026-07-29 14:23:31.197 -05:00 [DBG] Heartbeat ORACLEVAULT
2026-07-29 14:23:31.197 -05:00 [DBG] Heartbeat RISKWARDEN
2026-07-29 14:24:31.197 -05:00 [DBG] Heartbeat SYNAPSE
2026-07-29 14:24:31.197 -05:00 [DBG] Heartbeat TRADEWEAVER
2026-07-29 14:24:31.197 -05:00 [DBG] Heartbeat CASEBLADE
2026-07-29 14:24:31.197 -05:00 [DBG] Heartbeat PROX
2026-07-29 14:24:31.197 -05:00 [DBG] Heartbeat SENTINEL
2026-07-29 14:24:31.197 -05:00 [DBG] Heartbeat MARKETSCRYER
2026-07-29 14:24:31.197 -05:00 [DBG] Heartbeat SIGNALFORGE
2026-07-29 14:24:31.197 -05:00 [DBG] Heartbeat ORACLEVAULT
2026-07-29 14:24:31.197 -05:00 [DBG] Heartbeat RISKWARDEN
2026-07-29 14:25:31.197 -05:00 [DBG] Heartbeat SYNAPSE
2026-07-29 14:25:31.197 -05:00 [DBG] Heartbeat TRADEWEAVER
2026-07-29 14:25:31.197 -05:00 [DBG] Heartbeat CASEBLADE
2026-07-29 14:25:31.197 -05:00 [DBG] Heartbeat PROX
2026-07-29 14:25:31.197 -05:00 [DBG] Heartbeat SENTINEL
2026-07-29 14:25:31.197 -05:00 [DBG] Heartbeat MARKETSCRYER
2026-07-29 14:25:31.197 -05:00 [DBG] Heartbeat SIGNALFORGE
2026-07-29 14:25:31.197 -05:00 [DBG] Heartbeat ORACLEVAULT
2026-07-29 14:25:31.197 -05:00 [DBG] Heartbeat RISKWARDEN
2026-07-29 14:25:37.882 -05:00 [INF] PC health: C: 78% used, 10 recent errors
2026-07-29 14:26:31.198 -05:00 [DBG] Heartbeat SYNAPSE
2026-07-29 14:26:31.198 -05:00 [DBG] Heartbeat TRADEWEAVER
2026-07-29 14:26:31.198 -05:00 [DBG] Heartbeat CASEBLADE
2026-07-29 14:26:31.198 -05:00 [DBG] Heartbeat PROX
2026-07-29 14:26:31.198 -05:00 [DBG] Heartbeat SENTINEL
2026-07-29 14:26:31.198 -05:00 [DBG] Heartbeat MARKETSCRYER
2026-07-29 14:26:31.198 -05:00 [DBG] Heartbeat SIGNALFORGE
2026-07-29 14:26:31.198 -05:00 [DBG] Heartbeat ORACLEVAULT
2026-07-29 14:26:31.198 -05:00 [DBG] Heartbeat RISKWARDEN
2026-07-29 14:27:31.198 -05:00 [DBG] Heartbeat SYNAPSE
2026-07-29 14:27:31.198 -05:00 [DBG] Heartbeat TRADEWEAVER
2026-07-29 14:27:31.198 -05:00 [DBG] Heartbeat CASEBLADE
2026-07-29 14:27:31.198 -05:00 [DBG] Heartbeat PROX
2026-07-29 14:27:31.198 -05:00 [DBG] Heartbeat SENTINEL
2026-07-29 14:27:31.198 -05:00 [DBG] Heartbeat MARKETSCRYER
2026-07-29 14:27:31.198 -05:00 [DBG] Heartbeat SIGNALFORGE
2026-07-29 14:27:31.198 -05:00 [DBG] Heartbeat ORACLEVAULT
2026-07-29 14:27:31.198 -05:00 [DBG] Heartbeat RISKWARDEN
2026-07-29 14:28:31.197 -05:00 [DBG] Heartbeat SYNAPSE
2026-07-29 14:28:31.197 -05:00 [DBG] Heartbeat TRADEWEAVER
2026-07-29 14:28:31.197 -05:00 [DBG] Heartbeat CASEBLADE
2026-07-29 14:28:31.197 -05:00 [DBG] Heartbeat PROX
2026-07-29 14:28:31.198 -05:00 [DBG] Heartbeat SENTINEL
2026-07-29 14:28:31.198 -05:00 [DBG] Heartbeat MARKETSCRYER
2026-07-29 14:28:31.198 -05:00 [DBG] Heartbeat SIGNALFORGE
2026-07-29 14:28:31.198 -05:00 [DBG] Heartbeat ORACLEVAULT
2026-07-29 14:28:31.198 -05:00 [DBG] Heartbeat RISKWARDEN
2026-07-29 14:29:31.198 -05:00 [DBG] Heartbeat SYNAPSE
2026-07-29 14:29:31.198 -05:00 [DBG] Heartbeat TRADEWEAVER
2026-07-29 14:29:31.198 -05:00 [DBG] Heartbeat CASEBLADE
2026-07-29 14:29:31.198 -05:00 [DBG] Heartbeat PROX
2026-07-29 14:29:31.198 -05:00 [DBG] Heartbeat SENTINEL
2026-07-29 14:29:31.198 -05:00 [DBG] Heartbeat MARKETSCRYER
2026-07-29 14:29:31.198 -05:00 [DBG] Heartbeat SIGNALFORGE
2026-07-29 14:29:31.198 -05:00 [DBG] Heartbeat ORACLEVAULT
2026-07-29 14:29:31.198 -05:00 [DBG] Heartbeat RISKWARDEN
2026-07-29 14:30:31.198 -05:00 [DBG] Heartbeat SYNAPSE
2026-07-29 14:30:31.198 -05:00 [DBG] Heartbeat TRADEWEAVER
2026-07-29 14:30:31.198 -05:00 [DBG] Heartbeat CASEBLADE
2026-07-29 14:30:31.198 -05:00 [DBG] Heartbeat PROX
2026-07-29 14:30:31.198 -05:00 [DBG] Heartbeat SENTINEL
2026-07-29 14:30:31.198 -05:00 [DBG] Heartbeat MARKETSCRYER
2026-07-29 14:30:31.198 -05:00 [DBG] Heartbeat SIGNALFORGE
2026-07-29 14:30:31.198 -05:00 [DBG] Heartbeat ORACLEVAULT
2026-07-29 14:30:31.198 -05:00 [DBG] Heartbeat RISKWARDEN
2026-07-29 14:30:50.696 -05:00 [INF] PC health: C: 78% used, 10 recent errors
2026-07-29 14:31:31.198 -05:00 [DBG] Heartbeat SYNAPSE
2026-07-29 14:31:31.198 -05:00 [DBG] Heartbeat TRADEWEAVER
2026-07-29 14:31:31.198 -05:00 [DBG] Heartbeat CASEBLADE
2026-07-29 14:31:31.198 -05:00 [DBG] Heartbeat PROX
2026-07-29 14:31:31.198 -05:00 [DBG] Heartbeat SENTINEL
2026-07-29 14:31:31.198 -05:00 [DBG] Heartbeat MARKETSCRYER
2026-07-29 14:31:31.198 -05:00 [DBG] Heartbeat SIGNALFORGE
2026-07-29 14:31:31.198 -05:00 [DBG] Heartbeat ORACLEVAULT
2026-07-29 14:31:31.198 -05:00 [DBG] Heartbeat RISKWARDEN
2026-07-29 14:32:31.198 -05:00 [DBG] Heartbeat SYNAPSE
2026-07-29 14:32:31.198 -05:00 [DBG] Heartbeat TRADEWEAVER
2026-07-29 14:32:31.198 -05:00 [DBG] Heartbeat CASEBLADE
2026-07-29 14:32:31.198 -05:00 [DBG] Heartbeat PROX
2026-07-29 14:32:31.198 -05:00 [DBG] Heartbeat SENTINEL
2026-07-29 14:32:31.198 -05:00 [DBG] Heartbeat MARKETSCRYER
2026-07-29 14:32:31.198 -05:00 [DBG] Heartbeat SIGNALFORGE
2026-07-29 14:32:31.198 -05:00 [DBG] Heartbeat ORACLEVAULT
2026-07-29 14:32:31.198 -05:00 [DBG] Heartbeat RISKWARDEN
2026-07-29 14:33:31.199 -05:00 [DBG] Heartbeat SYNAPSE
2026-07-29 14:33:31.199 -05:00 [DBG] Heartbeat TRADEWEAVER
2026-07-29 14:33:31.199 -05:00 [DBG] Heartbeat CASEBLADE
2026-07-29 14:33:31.199 -05:00 [DBG] Heartbeat PROX
2026-07-29 14:33:31.199 -05:00 [DBG] Heartbeat SENTINEL
2026-07-29 14:33:31.199 -05:00 [DBG] Heartbeat MARKETSCRYER
2026-07-29 14:33:31.199 -05:00 [DBG] Heartbeat SIGNALFORGE
2026-07-29 14:33:31.199 -05:00 [DBG] Heartbeat ORACLEVAULT
2026-07-29 14:33:31.199 -05:00 [DBG] Heartbeat RISKWARDEN
2026-07-29 14:34:31.199 -05:00 [DBG] Heartbeat SYNAPSE
2026-07-29 14:34:31.199 -05:00 [DBG] Heartbeat TRADEWEAVER
2026-07-29 14:34:31.199 -05:00 [DBG] Heartbeat CASEBLADE
2026-07-29 14:34:31.199 -05:00 [DBG] Heartbeat PROX
2026-07-29 14:34:31.199 -05:00 [DBG] Heartbeat SENTINEL
2026-07-29 14:34:31.199 -05:00 [DBG] Heartbeat MARKETSCRYER
2026-07-29 14:34:31.199 -05:00 [DBG] Heartbeat SIGNALFORGE
2026-07-29 14:34:31.199 -05:00 [DBG] Heartbeat ORACLEVAULT
2026-07-29 14:34:31.199 -05:00 [DBG] Heartbeat RISKWARDEN
2026-07-29 14:35:31.200 -05:00 [DBG] Heartbeat SYNAPSE
2026-07-29 14:35:31.200 -05:00 [DBG] Heartbeat TRADEWEAVER
2026-07-29 14:35:31.200 -05:00 [DBG] Heartbeat CASEBLADE
2026-07-29 14:35:31.200 -05:00 [DBG] Heartbeat PROX
2026-07-29 14:35:31.200 -05:00 [DBG] Heartbeat SENTINEL
2026-07-29 14:35:31.200 -05:00 [DBG] Heartbeat MARKETSCRYER
2026-07-29 14:35:31.200 -05:00 [DBG] Heartbeat SIGNALFORGE
2026-07-29 14:35:31.200 -05:00 [DBG] Heartbeat ORACLEVAULT
2026-07-29 14:35:31.200 -05:00 [DBG] Heartbeat RISKWARDEN
2026-07-29 14:36:03.602 -05:00 [INF] PC health: C: 78% used, 10 recent errors
2026-07-29 14:36:31.200 -05:00 [DBG] Heartbeat SYNAPSE
2026-07-29 14:36:31.200 -05:00 [DBG] Heartbeat TRADEWEAVER
2026-07-29 14:36:31.200 -05:00 [DBG] Heartbeat CASEBLADE
2026-07-29 14:36:31.200 -05:00 [DBG] Heartbeat PROX
2026-07-29 14:36:31.200 -05:00 [DBG] Heartbeat SENTINEL
2026-07-29 14:36:31.200 -05:00 [DBG] Heartbeat MARKETSCRYER
2026-07-29 14:36:31.200 -05:00 [DBG] Heartbeat SIGNALFORGE
2026-07-29 14:36:31.200 -05:00 [DBG] Heartbeat ORACLEVAULT
2026-07-29 14:36:31.200 -05:00 [DBG] Heartbeat RISKWARDEN
2026-07-29 14:37:31.200 -05:00 [DBG] Heartbeat SYNAPSE
2026-07-29 14:37:31.200 -05:00 [DBG] Heartbeat TRADEWEAVER
2026-07-29 14:37:31.200 -05:00 [DBG] Heartbeat CASEBLADE
2026-07-29 14:37:31.200 -05:00 [DBG] Heartbeat PROX
2026-07-29 14:37:31.200 -05:00 [DBG] Heartbeat SENTINEL
2026-07-29 14:37:31.200 -05:00 [DBG] Heartbeat MARKETSCRYER
2026-07-29 14:37:31.200 -05:00 [DBG] Heartbeat SIGNALFORGE
2026-07-29 14:37:31.200 -05:00 [DBG] Heartbeat ORACLEVAULT
2026-07-29 14:37:31.200 -05:00 [DBG] Heartbeat RISKWARDEN
2026-07-29 14:38:31.201 -05:00 [DBG] Heartbeat SYNAPSE
2026-07-29 14:38:31.201 -05:00 [DBG] Heartbeat TRADEWEAVER
2026-07-29 14:38:31.201 -05:00 [DBG] Heartbeat CASEBLADE
2026-07-29 14:38:31.201 -05:00 [DBG] Heartbeat PROX
2026-07-29 14:38:31.201 -05:00 [DBG] Heartbeat SENTINEL
2026-07-29 14:38:31.201 -05:00 [DBG] Heartbeat MARKETSCRYER
2026-07-29 14:38:31.201 -05:00 [DBG] Heartbeat SIGNALFORGE
2026-07-29 14:38:31.201 -05:00 [DBG] Heartbeat ORACLEVAULT
2026-07-29 14:38:31.201 -05:00 [DBG] Heartbeat RISKWARDEN
2026-07-29 14:39:31.201 -05:00 [DBG] Heartbeat SYNAPSE
2026-07-29 14:39:31.201 -05:00 [DBG] Heartbeat TRADEWEAVER
2026-07-29 14:39:31.201 -05:00 [DBG] Heartbeat CASEBLADE
2026-07-29 14:39:31.201 -05:00 [DBG] Heartbeat PROX
2026-07-29 14:39:31.201 -05:00 [DBG] Heartbeat SENTINEL
2026-07-29 14:39:31.201 -05:00 [DBG] Heartbeat MARKETSCRYER
2026-07-29 14:39:31.201 -05:00 [DBG] Heartbeat SIGNALFORGE
2026-07-29 14:39:31.201 -05:00 [DBG] Heartbeat ORACLEVAULT
2026-07-29 14:39:31.201 -05:00 [DBG] Heartbeat RISKWARDEN
2026-07-29 14:40:31.201 -05:00 [DBG] Heartbeat SYNAPSE
2026-07-29 14:40:31.201 -05:00 [DBG] Heartbeat TRADEWEAVER
2026-07-29 14:40:31.201 -05:00 [DBG] Heartbeat CASEBLADE
2026-07-29 14:40:31.201 -05:00 [DBG] Heartbeat PROX
2026-07-29 14:40:31.201 -05:00 [DBG] Heartbeat SENTINEL
2026-07-29 14:40:31.201 -05:00 [DBG] Heartbeat MARKETSCRYER
2026-07-29 14:40:31.201 -05:00 [DBG] Heartbeat SIGNALFORGE
2026-07-29 14:40:31.201 -05:00 [DBG] Heartbeat ORACLEVAULT
2026-07-29 14:40:31.201 -05:00 [DBG] Heartbeat RISKWARDEN
2026-07-29 14:41:16.610 -05:00 [INF] PC health: C: 78% used, 10 recent errors
2026-07-29 14:41:31.202 -05:00 [DBG] Heartbeat SYNAPSE
2026-07-29 14:41:31.202 -05:00 [DBG] Heartbeat TRADEWEAVER
2026-07-29 14:41:31.202 -05:00 [DBG] Heartbeat CASEBLADE
2026-07-29 14:41:31.202 -05:00 [DBG] Heartbeat PROX
2026-07-29 14:41:31.202 -05:00 [DBG] Heartbeat SENTINEL
2026-07-29 14:41:31.202 -05:00 [DBG] Heartbeat MARKETSCRYER
2026-07-29 14:41:31.202 -05:00 [DBG] Heartbeat SIGNALFORGE
2026-07-29 14:41:31.202 -05:00 [DBG] Heartbeat ORACLEVAULT
2026-07-29 14:41:31.202 -05:00 [DBG] Heartbeat RISKWARDEN
2026-07-29 14:42:31.202 -05:00 [DBG] Heartbeat SYNAPSE
2026-07-29 14:42:31.202 -05:00 [DBG] Heartbeat TRADEWEAVER
2026-07-29 14:42:31.202 -05:00 [DBG] Heartbeat CASEBLADE
2026-07-29 14:42:31.202 -05:00 [DBG] Heartbeat PROX
2026-07-29 14:42:31.202 -05:00 [DBG] Heartbeat SENTINEL
2026-07-29 14:42:31.202 -05:00 [DBG] Heartbeat MARKETSCRYER
2026-07-29 14:42:31.202 -05:00 [DBG] Heartbeat SIGNALFORGE
2026-07-29 14:42:31.202 -05:00 [DBG] Heartbeat ORACLEVAULT
2026-07-29 14:42:31.202 -05:00 [DBG] Heartbeat RISKWARDEN
2026-07-29 14:43:31.202 -05:00 [DBG] Heartbeat SYNAPSE
2026-07-29 14:43:31.202 -05:00 [DBG] Heartbeat TRADEWEAVER
2026-07-29 14:43:31.202 -05:00 [DBG] Heartbeat CASEBLADE
2026-07-29 14:43:31.202 -05:00 [DBG] Heartbeat PROX
2026-07-29 14:43:31.202 -05:00 [DBG] Heartbeat SENTINEL
2026-07-29 14:43:31.202 -05:00 [DBG] Heartbeat MARKETSCRYER
2026-07-29 14:43:31.202 -05:00 [DBG] Heartbeat SIGNALFORGE
2026-07-29 14:43:31.202 -05:00 [DBG] Heartbeat ORACLEVAULT
2026-07-29 14:43:31.202 -05:00 [DBG] Heartbeat RISKWARDEN
2026-07-29 14:44:31.202 -05:00 [DBG] Heartbeat SYNAPSE
2026-07-29 14:44:31.202 -05:00 [DBG] Heartbeat TRADEWEAVER
2026-07-29 14:44:31.202 -05:00 [DBG] Heartbeat CASEBLADE
2026-07-29 14:44:31.202 -05:00 [DBG] Heartbeat PROX
2026-07-29 14:44:31.202 -05:00 [DBG] Heartbeat SENTINEL
2026-07-29 14:44:31.202 -05:00 [DBG] Heartbeat MARKETSCRYER
2026-07-29 14:44:31.202 -05:00 [DBG] Heartbeat SIGNALFORGE
2026-07-29 14:44:31.202 -05:00 [DBG] Heartbeat ORACLEVAULT
2026-07-29 14:44:31.202 -05:00 [DBG] Heartbeat RISKWARDEN
2026-07-29 14:45:31.202 -05:00 [DBG] Heartbeat SYNAPSE
2026-07-29 14:45:31.202 -05:00 [DBG] Heartbeat TRADEWEAVER
2026-07-29 14:45:31.202 -05:00 [DBG] Heartbeat CASEBLADE
2026-07-29 14:45:31.202 -05:00 [DBG] Heartbeat PROX
2026-07-29 14:45:31.202 -05:00 [DBG] Heartbeat SENTINEL
2026-07-29 14:45:31.202 -05:00 [DBG] Heartbeat MARKETSCRYER
2026-07-29 14:45:31.202 -05:00 [DBG] Heartbeat SIGNALFORGE
2026-07-29 14:45:31.202 -05:00 [DBG] Heartbeat ORACLEVAULT
2026-07-29 14:45:31.202 -05:00 [DBG] Heartbeat RISKWARDEN
2026-07-29 14:46:29.567 -05:00 [INF] PC health: C: 78% used, 10 recent errors
2026-07-29 14:46:31.203 -05:00 [DBG] Heartbeat SYNAPSE
2026-07-29 14:46:31.203 -05:00 [DBG] Heartbeat TRADEWEAVER
2026-07-29 14:46:31.203 -05:00 [DBG] Heartbeat CASEBLADE
2026-07-29 14:46:31.203 -05:00 [DBG] Heartbeat PROX
2026-07-29 14:46:31.203 -05:00 [DBG] Heartbeat SENTINEL
2026-07-29 14:46:31.203 -05:00 [DBG] Heartbeat MARKETSCRYER
2026-07-29 14:46:31.203 -05:00 [DBG] Heartbeat SIGNALFORGE
2026-07-29 14:46:31.203 -05:00 [DBG] Heartbeat ORACLEVAULT
2026-07-29 14:46:31.203 -05:00 [DBG] Heartbeat RISKWARDEN
2026-07-29 14:47:31.203 -05:00 [DBG] Heartbeat SYNAPSE
2026-07-29 14:47:31.203 -05:00 [DBG] Heartbeat TRADEWEAVER
2026-07-29 14:47:31.203 -05:00 [DBG] Heartbeat CASEBLADE
2026-07-29 14:47:31.203 -05:00 [DBG] Heartbeat PROX
2026-07-29 14:47:31.203 -05:00 [DBG] Heartbeat SENTINEL
2026-07-29 14:47:31.203 -05:00 [DBG] Heartbeat MARKETSCRYER
2026-07-29 14:47:31.203 -05:00 [DBG] Heartbeat SIGNALFORGE
2026-07-29 14:47:31.203 -05:00 [DBG] Heartbeat ORACLEVAULT
2026-07-29 14:47:31.203 -05:00 [DBG] Heartbeat RISKWARDEN
2026-07-29 14:48:31.203 -05:00 [DBG] Heartbeat SYNAPSE
2026-07-29 14:48:31.203 -05:00 [DBG] Heartbeat TRADEWEAVER
2026-07-29 14:48:31.203 -05:00 [DBG] Heartbeat CASEBLADE
2026-07-29 14:48:31.203 -05:00 [DBG] Heartbeat PROX
2026-07-29 14:48:31.203 -05:00 [DBG] Heartbeat SENTINEL
2026-07-29 14:48:31.203 -05:00 [DBG] Heartbeat MARKETSCRYER
2026-07-29 14:48:31.203 -05:00 [DBG] Heartbeat SIGNALFORGE
2026-07-29 14:48:31.203 -05:00 [DBG] Heartbeat ORACLEVAULT
2026-07-29 14:48:31.203 -05:00 [DBG] Heartbeat RISKWARDEN
2026-07-29 14:49:31.203 -05:00 [DBG] Heartbeat SYNAPSE
2026-07-29 14:49:31.203 -05:00 [DBG] Heartbeat TRADEWEAVER
2026-07-29 14:49:31.203 -05:00 [DBG] Heartbeat CASEBLADE
2026-07-29 14:49:31.203 -05:00 [DBG] Heartbeat PROX
2026-07-29 14:49:31.203 -05:00 [DBG] Heartbeat SENTINEL
2026-07-29 14:49:31.203 -05:00 [DBG] Heartbeat MARKETSCRYER
2026-07-29 14:49:31.203 -05:00 [DBG] Heartbeat SIGNALFORGE
2026-07-29 14:49:31.203 -05:00 [DBG] Heartbeat ORACLEVAULT
2026-07-29 14:49:31.203 -05:00 [DBG] Heartbeat RISKWARDEN
2026-07-29 14:50:31.204 -05:00 [DBG] Heartbeat SYNAPSE
2026-07-29 14:50:31.204 -05:00 [DBG] Heartbeat TRADEWEAVER
2026-07-29 14:50:31.204 -05:00 [DBG] Heartbeat CASEBLADE
2026-07-29 14:50:31.204 -05:00 [DBG] Heartbeat PROX
2026-07-29 14:50:31.204 -05:00 [DBG] Heartbeat SENTINEL
2026-07-29 14:50:31.204 -05:00 [DBG] Heartbeat MARKETSCRYER
2026-07-29 14:50:31.204 -05:00 [DBG] Heartbeat SIGNALFORGE
2026-07-29 14:50:31.204 -05:00 [DBG] Heartbeat ORACLEVAULT
2026-07-29 14:50:31.204 -05:00 [DBG] Heartbeat RISKWARDEN
2026-07-29 14:51:31.204 -05:00 [DBG] Heartbeat SYNAPSE
2026-07-29 14:51:31.204 -05:00 [DBG] Heartbeat TRADEWEAVER
2026-07-29 14:51:31.204 -05:00 [DBG] Heartbeat CASEBLADE
2026-07-29 14:51:31.204 -05:00 [DBG] Heartbeat PROX
2026-07-29 14:51:31.204 -05:00 [DBG] Heartbeat SENTINEL
2026-07-29 14:51:31.204 -05:00 [DBG] Heartbeat MARKETSCRYER
2026-07-29 14:51:31.204 -05:00 [DBG] Heartbeat SIGNALFORGE
2026-07-29 14:51:31.204 -05:00 [DBG] Heartbeat ORACLEVAULT
2026-07-29 14:51:31.204 -05:00 [DBG] Heartbeat RISKWARDEN
2026-07-29 14:51:42.570 -05:00 [INF] PC health: C: 78% used, 10 recent errors
2026-07-29 14:52:31.203 -05:00 [DBG] Heartbeat SYNAPSE
2026-07-29 14:52:31.203 -05:00 [DBG] Heartbeat TRADEWEAVER
2026-07-29 14:52:31.203 -05:00 [DBG] Heartbeat CASEBLADE
2026-07-29 14:52:31.203 -05:00 [DBG] Heartbeat PROX
2026-07-29 14:52:31.203 -05:00 [DBG] Heartbeat SENTINEL
2026-07-29 14:52:31.203 -05:00 [DBG] Heartbeat MARKETSCRYER
2026-07-29 14:52:31.203 -05:00 [DBG] Heartbeat SIGNALFORGE
2026-07-29 14:52:31.203 -05:00 [DBG] Heartbeat ORACLEVAULT
2026-07-29 14:52:31.203 -05:00 [DBG] Heartbeat RISKWARDEN
2026-07-29 14:53:31.204 -05:00 [DBG] Heartbeat SYNAPSE
2026-07-29 14:53:31.204 -05:00 [DBG] Heartbeat TRADEWEAVER
2026-07-29 14:53:31.204 -05:00 [DBG] Heartbeat CASEBLADE
2026-07-29 14:53:31.204 -05:00 [DBG] Heartbeat PROX
2026-07-29 14:53:31.204 -05:00 [DBG] Heartbeat SENTINEL
2026-07-29 14:53:31.204 -05:00 [DBG] Heartbeat MARKETSCRYER
2026-07-29 14:53:31.204 -05:00 [DBG] Heartbeat SIGNALFORGE
2026-07-29 14:53:31.204 -05:00 [DBG] Heartbeat ORACLEVAULT
2026-07-29 14:53:31.204 -05:00 [DBG] Heartbeat RISKWARDEN
2026-07-29 14:54:31.204 -05:00 [DBG] Heartbeat SYNAPSE
2026-07-29 14:54:31.204 -05:00 [DBG] Heartbeat TRADEWEAVER
2026-07-29 14:54:31.204 -05:00 [DBG] Heartbeat CASEBLADE
2026-07-29 14:54:31.204 -05:00 [DBG] Heartbeat PROX
2026-07-29 14:54:31.204 -05:00 [DBG] Heartbeat SENTINEL
2026-07-29 14:54:31.204 -05:00 [DBG] Heartbeat MARKETSCRYER
2026-07-29 14:54:31.204 -05:00 [DBG] Heartbeat SIGNALFORGE
2026-07-29 14:54:31.204 -05:00 [DBG] Heartbeat ORACLEVAULT
2026-07-29 14:54:31.204 -05:00 [DBG] Heartbeat RISKWARDEN
2026-07-29 14:55:31.206 -05:00 [DBG] Heartbeat SYNAPSE
2026-07-29 14:55:31.206 -05:00 [DBG] Heartbeat TRADEWEAVER
2026-07-29 14:55:31.206 -05:00 [DBG] Heartbeat CASEBLADE
2026-07-29 14:55:31.206 -05:00 [DBG] Heartbeat PROX
2026-07-29 14:55:31.206 -05:00 [DBG] Heartbeat SENTINEL
2026-07-29 14:55:31.206 -05:00 [DBG] Heartbeat MARKETSCRYER
2026-07-29 14:55:31.206 -05:00 [DBG] Heartbeat SIGNALFORGE
2026-07-29 14:55:31.206 -05:00 [DBG] Heartbeat ORACLEVAULT
2026-07-29 14:55:31.206 -05:00 [DBG] Heartbeat RISKWARDEN
2026-07-29 14:56:31.206 -05:00 [DBG] Heartbeat SYNAPSE
2026-07-29 14:56:31.206 -05:00 [DBG] Heartbeat TRADEWEAVER
2026-07-29 14:56:31.206 -05:00 [DBG] Heartbeat CASEBLADE
2026-07-29 14:56:31.206 -05:00 [DBG] Heartbeat PROX
2026-07-29 14:56:31.206 -05:00 [DBG] Heartbeat SENTINEL
2026-07-29 14:56:31.206 -05:00 [DBG] Heartbeat MARKETSCRYER
2026-07-29 14:56:31.206 -05:00 [DBG] Heartbeat SIGNALFORGE
2026-07-29 14:56:31.206 -05:00 [DBG] Heartbeat ORACLEVAULT
2026-07-29 14:56:31.206 -05:00 [DBG] Heartbeat RISKWARDEN
2026-07-29 14:56:55.491 -05:00 [INF] PC health: C: 78% used, 10 recent errors
2026-07-29 14:57:31.207 -05:00 [DBG] Heartbeat SYNAPSE
2026-07-29 14:57:31.207 -05:00 [DBG] Heartbeat TRADEWEAVER
2026-07-29 14:57:31.207 -05:00 [DBG] Heartbeat CASEBLADE
2026-07-29 14:57:31.207 -05:00 [DBG] Heartbeat PROX
2026-07-29 14:57:31.207 -05:00 [DBG] Heartbeat SENTINEL
2026-07-29 14:57:31.207 -05:00 [DBG] Heartbeat MARKETSCRYER
2026-07-29 14:57:31.207 -05:00 [DBG] Heartbeat SIGNALFORGE
2026-07-29 14:57:31.207 -05:00 [DBG] Heartbeat ORACLEVAULT
2026-07-29 14:57:31.207 -05:00 [DBG] Heartbeat RISKWARDEN
2026-07-29 14:58:31.207 -05:00 [DBG] Heartbeat SYNAPSE
2026-07-29 14:58:31.207 -05:00 [DBG] Heartbeat TRADEWEAVER
2026-07-29 14:58:31.207 -05:00 [DBG] Heartbeat CASEBLADE
2026-07-29 14:58:31.207 -05:00 [DBG] Heartbeat PROX
2026-07-29 14:58:31.207 -05:00 [DBG] Heartbeat SENTINEL
2026-07-29 14:58:31.207 -05:00 [DBG] Heartbeat MARKETSCRYER
2026-07-29 14:58:31.207 -05:00 [DBG] Heartbeat SIGNALFORGE
2026-07-29 14:58:31.207 -05:00 [DBG] Heartbeat ORACLEVAULT
2026-07-29 14:58:31.207 -05:00 [DBG] Heartbeat RISKWARDEN
2026-07-29 14:59:31.207 -05:00 [DBG] Heartbeat SYNAPSE
2026-07-29 14:59:31.207 -05:00 [DBG] Heartbeat TRADEWEAVER
2026-07-29 14:59:31.207 -05:00 [DBG] Heartbeat CASEBLADE
2026-07-29 14:59:31.207 -05:00 [DBG] Heartbeat PROX
2026-07-29 14:59:31.207 -05:00 [DBG] Heartbeat SENTINEL
2026-07-29 14:59:31.207 -05:00 [DBG] Heartbeat MARKETSCRYER
2026-07-29 14:59:31.207 -05:00 [DBG] Heartbeat SIGNALFORGE
2026-07-29 14:59:31.207 -05:00 [DBG] Heartbeat ORACLEVAULT
2026-07-29 14:59:31.207 -05:00 [DBG] Heartbeat RISKWARDEN
2026-07-29 15:00:31.207 -05:00 [DBG] Heartbeat SYNAPSE
2026-07-29 15:00:31.207 -05:00 [DBG] Heartbeat TRADEWEAVER
2026-07-29 15:00:31.207 -05:00 [DBG] Heartbeat CASEBLADE
2026-07-29 15:00:31.207 -05:00 [DBG] Heartbeat PROX
2026-07-29 15:00:31.207 -05:00 [DBG] Heartbeat SENTINEL
2026-07-29 15:00:31.207 -05:00 [DBG] Heartbeat MARKETSCRYER
2026-07-29 15:00:31.207 -05:00 [DBG] Heartbeat SIGNALFORGE
2026-07-29 15:00:31.207 -05:00 [DBG] Heartbeat ORACLEVAULT
2026-07-29 15:00:31.207 -05:00 [DBG] Heartbeat RISKWARDEN
2026-07-29 15:01:31.208 -05:00 [DBG] Heartbeat SYNAPSE
2026-07-29 15:01:31.208 -05:00 [DBG] Heartbeat TRADEWEAVER
2026-07-29 15:01:31.208 -05:00 [DBG] Heartbeat CASEBLADE
2026-07-29 15:01:31.208 -05:00 [DBG] Heartbeat PROX
2026-07-29 15:01:31.208 -05:00 [DBG] Heartbeat SENTINEL
2026-07-29 15:01:31.208 -05:00 [DBG] Heartbeat MARKETSCRYER
2026-07-29 15:01:31.208 -05:00 [DBG] Heartbeat SIGNALFORGE
2026-07-29 15:01:31.208 -05:00 [DBG] Heartbeat ORACLEVAULT
2026-07-29 15:01:31.208 -05:00 [DBG] Heartbeat RISKWARDEN
2026-07-29 15:02:08.334 -05:00 [INF] PC health: C: 78% used, 10 recent errors
2026-07-29 15:02:31.208 -05:00 [DBG] Heartbeat SYNAPSE
2026-07-29 15:02:31.208 -05:00 [DBG] Heartbeat TRADEWEAVER
2026-07-29 15:02:31.208 -05:00 [DBG] Heartbeat CASEBLADE
2026-07-29 15:02:31.208 -05:00 [DBG] Heartbeat PROX
2026-07-29 15:02:31.208 -05:00 [DBG] Heartbeat SENTINEL
2026-07-29 15:02:31.208 -05:00 [DBG] Heartbeat MARKETSCRYER
2026-07-29 15:02:31.208 -05:00 [DBG] Heartbeat SIGNALFORGE
2026-07-29 15:02:31.208 -05:00 [DBG] Heartbeat ORACLEVAULT
2026-07-29 15:02:31.208 -05:00 [DBG] Heartbeat RISKWARDEN
2026-07-29 15:03:31.208 -05:00 [DBG] Heartbeat SYNAPSE
2026-07-29 15:03:31.208 -05:00 [DBG] Heartbeat TRADEWEAVER
2026-07-29 15:03:31.208 -05:00 [DBG] Heartbeat CASEBLADE
2026-07-29 15:03:31.208 -05:00 [DBG] Heartbeat PROX
2026-07-29 15:03:31.208 -05:00 [DBG] Heartbeat SENTINEL
2026-07-29 15:03:31.208 -05:00 [DBG] Heartbeat MARKETSCRYER
2026-07-29 15:03:31.208 -05:00 [DBG] Heartbeat SIGNALFORGE
2026-07-29 15:03:31.208 -05:00 [DBG] Heartbeat ORACLEVAULT
2026-07-29 15:03:31.208 -05:00 [DBG] Heartbeat RISKWARDEN
2026-07-29 15:04:31.208 -05:00 [DBG] Heartbeat SYNAPSE
2026-07-29 15:04:31.208 -05:00 [DBG] Heartbeat TRADEWEAVER
2026-07-29 15:04:31.208 -05:00 [DBG] Heartbeat CASEBLADE
2026-07-29 15:04:31.208 -05:00 [DBG] Heartbeat PROX
2026-07-29 15:04:31.208 -05:00 [DBG] Heartbeat SENTINEL
2026-07-29 15:04:31.208 -05:00 [DBG] Heartbeat MARKETSCRYER
2026-07-29 15:04:31.208 -05:00 [DBG] Heartbeat SIGNALFORGE
2026-07-29 15:04:31.208 -05:00 [DBG] Heartbeat ORACLEVAULT
2026-07-29 15:04:31.208 -05:00 [DBG] Heartbeat RISKWARDEN
2026-07-29 15:05:31.208 -05:00 [DBG] Heartbeat SYNAPSE
2026-07-29 15:05:31.208 -05:00 [DBG] Heartbeat TRADEWEAVER
2026-07-29 15:05:31.208 -05:00 [DBG] Heartbeat CASEBLADE
2026-07-29 15:05:31.208 -05:00 [DBG] Heartbeat PROX
2026-07-29 15:05:31.208 -05:00 [DBG] Heartbeat SENTINEL
2026-07-29 15:05:31.208 -05:00 [DBG] Heartbeat MARKETSCRYER
2026-07-29 15:05:31.208 -05:00 [DBG] Heartbeat SIGNALFORGE
2026-07-29 15:05:31.208 -05:00 [DBG] Heartbeat ORACLEVAULT
2026-07-29 15:05:31.208 -05:00 [DBG] Heartbeat RISKWARDEN
2026-07-29 15:06:31.208 -05:00 [DBG] Heartbeat SYNAPSE
2026-07-29 15:06:31.208 -05:00 [DBG] Heartbeat TRADEWEAVER
2026-07-29 15:06:31.208 -05:00 [DBG] Heartbeat CASEBLADE
2026-07-29 15:06:31.208 -05:00 [DBG] Heartbeat PROX
2026-07-29 15:06:31.208 -05:00 [DBG] Heartbeat SENTINEL
2026-07-29 15:06:31.208 -05:00 [DBG] Heartbeat MARKETSCRYER
2026-07-29 15:06:31.208 -05:00 [DBG] Heartbeat SIGNALFORGE
2026-07-29 15:06:31.208 -05:00 [DBG] Heartbeat ORACLEVAULT
2026-07-29 15:06:31.208 -05:00 [DBG] Heartbeat RISKWARDEN
2026-07-29 15:07:21.306 -05:00 [INF] PC health: C: 78% used, 10 recent errors
2026-07-29 15:07:31.209 -05:00 [DBG] Heartbeat SYNAPSE
2026-07-29 15:07:31.209 -05:00 [DBG] Heartbeat TRADEWEAVER
2026-07-29 15:07:31.209 -05:00 [DBG] Heartbeat CASEBLADE
2026-07-29 15:07:31.209 -05:00 [DBG] Heartbeat PROX
2026-07-29 15:07:31.209 -05:00 [DBG] Heartbeat SENTINEL
2026-07-29 15:07:31.209 -05:00 [DBG] Heartbeat MARKETSCRYER
2026-07-29 15:07:31.209 -05:00 [DBG] Heartbeat SIGNALFORGE
2026-07-29 15:07:31.209 -05:00 [DBG] Heartbeat ORACLEVAULT
2026-07-29 15:07:31.209 -05:00 [DBG] Heartbeat RISKWARDEN
2026-07-29 15:08:31.209 -05:00 [DBG] Heartbeat SYNAPSE
2026-07-29 15:08:31.209 -05:00 [DBG] Heartbeat TRADEWEAVER
2026-07-29 15:08:31.209 -05:00 [DBG] Heartbeat CASEBLADE
2026-07-29 15:08:31.209 -05:00 [DBG] Heartbeat PROX
2026-07-29 15:08:31.209 -05:00 [DBG] Heartbeat SENTINEL
2026-07-29 15:08:31.209 -05:00 [DBG] Heartbeat MARKETSCRYER
2026-07-29 15:08:31.209 -05:00 [DBG] Heartbeat SIGNALFORGE
2026-07-29 15:08:31.209 -05:00 [DBG] Heartbeat ORACLEVAULT
2026-07-29 15:08:31.209 -05:00 [DBG] Heartbeat RISKWARDEN
2026-07-29 15:09:31.210 -05:00 [DBG] Heartbeat SYNAPSE
2026-07-29 15:09:31.210 -05:00 [DBG] Heartbeat TRADEWEAVER
2026-07-29 15:09:31.210 -05:00 [DBG] Heartbeat CASEBLADE
2026-07-29 15:09:31.210 -05:00 [DBG] Heartbeat PROX
2026-07-29 15:09:31.210 -05:00 [DBG] Heartbeat SENTINEL
2026-07-29 15:09:31.210 -05:00 [DBG] Heartbeat MARKETSCRYER
2026-07-29 15:09:31.210 -05:00 [DBG] Heartbeat SIGNALFORGE
2026-07-29 15:09:31.210 -05:00 [DBG] Heartbeat ORACLEVAULT
2026-07-29 15:09:31.210 -05:00 [DBG] Heartbeat RISKWARDEN
2026-07-29 15:10:31.210 -05:00 [DBG] Heartbeat SYNAPSE
2026-07-29 15:10:31.210 -05:00 [DBG] Heartbeat TRADEWEAVER
2026-07-29 15:10:31.210 -05:00 [DBG] Heartbeat CASEBLADE
2026-07-29 15:10:31.210 -05:00 [DBG] Heartbeat PROX
2026-07-29 15:10:31.210 -05:00 [DBG] Heartbeat SENTINEL
2026-07-29 15:10:31.210 -05:00 [DBG] Heartbeat MARKETSCRYER
2026-07-29 15:10:31.210 -05:00 [DBG] Heartbeat SIGNALFORGE
2026-07-29 15:10:31.210 -05:00 [DBG] Heartbeat ORACLEVAULT
2026-07-29 15:10:31.210 -05:00 [DBG] Heartbeat RISKWARDEN
2026-07-29 15:11:31.210 -05:00 [DBG] Heartbeat SYNAPSE
2026-07-29 15:11:31.210 -05:00 [DBG] Heartbeat TRADEWEAVER
2026-07-29 15:11:31.210 -05:00 [DBG] Heartbeat CASEBLADE
2026-07-29 15:11:31.210 -05:00 [DBG] Heartbeat PROX
2026-07-29 15:11:31.210 -05:00 [DBG] Heartbeat SENTINEL
2026-07-29 15:11:31.210 -05:00 [DBG] Heartbeat MARKETSCRYER
2026-07-29 15:11:31.210 -05:00 [DBG] Heartbeat SIGNALFORGE
2026-07-29 15:11:31.210 -05:00 [DBG] Heartbeat ORACLEVAULT
2026-07-29 15:11:31.210 -05:00 [DBG] Heartbeat RISKWARDEN
2026-07-29 15:12:31.210 -05:00 [DBG] Heartbeat SYNAPSE
2026-07-29 15:12:31.210 -05:00 [DBG] Heartbeat TRADEWEAVER
2026-07-29 15:12:31.210 -05:00 [DBG] Heartbeat CASEBLADE
2026-07-29 15:12:31.210 -05:00 [DBG] Heartbeat PROX
2026-07-29 15:12:31.210 -05:00 [DBG] Heartbeat SENTINEL
2026-07-29 15:12:31.210 -05:00 [DBG] Heartbeat MARKETSCRYER
2026-07-29 15:12:31.210 -05:00 [DBG] Heartbeat SIGNALFORGE
2026-07-29 15:12:31.210 -05:00 [DBG] Heartbeat ORACLEVAULT
2026-07-29 15:12:31.210 -05:00 [DBG] Heartbeat RISKWARDEN
2026-07-29 15:12:34.283 -05:00 [INF] PC health: C: 78% used, 10 recent errors
2026-07-29 15:13:31.211 -05:00 [DBG] Heartbeat SYNAPSE
2026-07-29 15:13:31.211 -05:00 [DBG] Heartbeat TRADEWEAVER
2026-07-29 15:13:31.211 -05:00 [DBG] Heartbeat CASEBLADE
2026-07-29 15:13:31.211 -05:00 [DBG] Heartbeat PROX
2026-07-29 15:13:31.211 -05:00 [DBG] Heartbeat SENTINEL
2026-07-29 15:13:31.211 -05:00 [DBG] Heartbeat MARKETSCRYER
2026-07-29 15:13:31.211 -05:00 [DBG] Heartbeat SIGNALFORGE
2026-07-29 15:13:31.211 -05:00 [DBG] Heartbeat ORACLEVAULT
2026-07-29 15:13:31.211 -05:00 [DBG] Heartbeat RISKWARDEN
2026-07-29 15:14:31.211 -05:00 [DBG] Heartbeat SYNAPSE
2026-07-29 15:14:31.212 -05:00 [DBG] Heartbeat TRADEWEAVER
2026-07-29 15:14:31.212 -05:00 [DBG] Heartbeat CASEBLADE
2026-07-29 15:14:31.212 -05:00 [DBG] Heartbeat PROX
2026-07-29 15:14:31.212 -05:00 [DBG] Heartbeat SENTINEL
2026-07-29 15:14:31.212 -05:00 [DBG] Heartbeat MARKETSCRYER
2026-07-29 15:14:31.212 -05:00 [DBG] Heartbeat SIGNALFORGE
2026-07-29 15:14:31.212 -05:00 [DBG] Heartbeat ORACLEVAULT
2026-07-29 15:14:31.212 -05:00 [DBG] Heartbeat RISKWARDEN
2026-07-29 15:15:31.213 -05:00 [DBG] Heartbeat SYNAPSE
2026-07-29 15:15:31.213 -05:00 [DBG] Heartbeat TRADEWEAVER
2026-07-29 15:15:31.213 -05:00 [DBG] Heartbeat CASEBLADE
2026-07-29 15:15:31.213 -05:00 [DBG] Heartbeat PROX
2026-07-29 15:15:31.213 -05:00 [DBG] Heartbeat SENTINEL
2026-07-29 15:15:31.213 -05:00 [DBG] Heartbeat MARKETSCRYER
2026-07-29 15:15:31.213 -05:00 [DBG] Heartbeat SIGNALFORGE
2026-07-29 15:15:31.213 -05:00 [DBG] Heartbeat ORACLEVAULT
2026-07-29 15:15:31.213 -05:00 [DBG] Heartbeat RISKWARDEN
2026-07-29 15:16:31.213 -05:00 [DBG] Heartbeat SYNAPSE
2026-07-29 15:16:31.213 -05:00 [DBG] Heartbeat TRADEWEAVER
2026-07-29 15:16:31.213 -05:00 [DBG] Heartbeat CASEBLADE
2026-07-29 15:16:31.213 -05:00 [DBG] Heartbeat PROX
2026-07-29 15:16:31.213 -05:00 [DBG] Heartbeat SENTINEL
2026-07-29 15:16:31.213 -05:00 [DBG] Heartbeat MARKETSCRYER
2026-07-29 15:16:31.213 -05:00 [DBG] Heartbeat SIGNALFORGE
2026-07-29 15:16:31.213 -05:00 [DBG] Heartbeat ORACLEVAULT
2026-07-29 15:16:31.213 -05:00 [DBG] Heartbeat RISKWARDEN
2026-07-29 15:17:31.213 -05:00 [DBG] Heartbeat SYNAPSE
2026-07-29 15:17:31.213 -05:00 [DBG] Heartbeat TRADEWEAVER
2026-07-29 15:17:31.213 -05:00 [DBG] Heartbeat CASEBLADE
2026-07-29 15:17:31.213 -05:00 [DBG] Heartbeat PROX
2026-07-29 15:17:31.213 -05:00 [DBG] Heartbeat SENTINEL
2026-07-29 15:17:31.213 -05:00 [DBG] Heartbeat MARKETSCRYER
2026-07-29 15:17:31.213 -05:00 [DBG] Heartbeat SIGNALFORGE
2026-07-29 15:17:31.213 -05:00 [DBG] Heartbeat ORACLEVAULT
2026-07-29 15:17:31.213 -05:00 [DBG] Heartbeat RISKWARDEN
2026-07-29 15:17:47.281 -05:00 [INF] PC health: C: 78% used, 10 recent errors
2026-07-29 15:18:31.213 -05:00 [DBG] Heartbeat SYNAPSE
2026-07-29 15:18:31.213 -05:00 [DBG] Heartbeat TRADEWEAVER
2026-07-29 15:18:31.213 -05:00 [DBG] Heartbeat CASEBLADE
2026-07-29 15:18:31.213 -05:00 [DBG] Heartbeat PROX
2026-07-29 15:18:31.213 -05:00 [DBG] Heartbeat SENTINEL
2026-07-29 15:18:31.213 -05:00 [DBG] Heartbeat MARKETSCRYER
2026-07-29 15:18:31.213 -05:00 [DBG] Heartbeat SIGNALFORGE
2026-07-29 15:18:31.213 -05:00 [DBG] Heartbeat ORACLEVAULT
2026-07-29 15:18:31.213 -05:00 [DBG] Heartbeat RISKWARDEN
2026-07-29 15:19:31.213 -05:00 [DBG] Heartbeat SYNAPSE
2026-07-29 15:19:31.213 -05:00 [DBG] Heartbeat TRADEWEAVER
2026-07-29 15:19:31.213 -05:00 [DBG] Heartbeat CASEBLADE
2026-07-29 15:19:31.213 -05:00 [DBG] Heartbeat PROX
2026-07-29 15:19:31.213 -05:00 [DBG] Heartbeat SENTINEL
2026-07-29 15:19:31.213 -05:00 [DBG] Heartbeat MARKETSCRYER
2026-07-29 15:19:31.213 -05:00 [DBG] Heartbeat SIGNALFORGE
2026-07-29 15:19:31.213 -05:00 [DBG] Heartbeat ORACLEVAULT
2026-07-29 15:19:31.213 -05:00 [DBG] Heartbeat RISKWARDEN
2026-07-29 15:20:31.213 -05:00 [DBG] Heartbeat SYNAPSE
2026-07-29 15:20:31.214 -05:00 [DBG] Heartbeat TRADEWEAVER
2026-07-29 15:20:31.214 -05:00 [DBG] Heartbeat CASEBLADE
2026-07-29 15:20:31.214 -05:00 [DBG] Heartbeat PROX
2026-07-29 15:20:31.214 -05:00 [DBG] Heartbeat SENTINEL
2026-07-29 15:20:31.214 -05:00 [DBG] Heartbeat MARKETSCRYER
2026-07-29 15:20:31.214 -05:00 [DBG] Heartbeat SIGNALFORGE
2026-07-29 15:20:31.214 -05:00 [DBG] Heartbeat ORACLEVAULT
2026-07-29 15:20:31.214 -05:00 [DBG] Heartbeat RISKWARDEN
2026-07-29 15:21:31.214 -05:00 [DBG] Heartbeat SYNAPSE
2026-07-29 15:21:31.214 -05:00 [DBG] Heartbeat TRADEWEAVER
2026-07-29 15:21:31.214 -05:00 [DBG] Heartbeat CASEBLADE
2026-07-29 15:21:31.214 -05:00 [DBG] Heartbeat PROX
2026-07-29 15:21:31.214 -05:00 [DBG] Heartbeat SENTINEL
2026-07-29 15:21:31.214 -05:00 [DBG] Heartbeat MARKETSCRYER
2026-07-29 15:21:31.214 -05:00 [DBG] Heartbeat SIGNALFORGE
2026-07-29 15:21:31.214 -05:00 [DBG] Heartbeat ORACLEVAULT
2026-07-29 15:21:31.214 -05:00 [DBG] Heartbeat RISKWARDEN
2026-07-29 15:22:31.214 -05:00 [DBG] Heartbeat SYNAPSE
2026-07-29 15:22:31.214 -05:00 [DBG] Heartbeat TRADEWEAVER
2026-07-29 15:22:31.214 -05:00 [DBG] Heartbeat CASEBLADE
2026-07-29 15:22:31.214 -05:00 [DBG] Heartbeat PROX
2026-07-29 15:22:31.214 -05:00 [DBG] Heartbeat SENTINEL
2026-07-29 15:22:31.214 -05:00 [DBG] Heartbeat MARKETSCRYER
2026-07-29 15:22:31.214 -05:00 [DBG] Heartbeat SIGNALFORGE
2026-07-29 15:22:31.214 -05:00 [DBG] Heartbeat ORACLEVAULT
2026-07-29 15:22:31.214 -05:00 [DBG] Heartbeat RISKWARDEN
2026-07-29 15:23:00.182 -05:00 [INF] PC health: C: 78% used, 10 recent errors
2026-07-29 15:23:31.215 -05:00 [DBG] Heartbeat SYNAPSE
2026-07-29 15:23:31.215 -05:00 [DBG] Heartbeat TRADEWEAVER
2026-07-29 15:23:31.215 -05:00 [DBG] Heartbeat CASEBLADE
2026-07-29 15:23:31.215 -05:00 [DBG] Heartbeat PROX
2026-07-29 15:23:31.215 -05:00 [DBG] Heartbeat SENTINEL
2026-07-29 15:23:31.215 -05:00 [DBG] Heartbeat MARKETSCRYER
2026-07-29 15:23:31.215 -05:00 [DBG] Heartbeat SIGNALFORGE
2026-07-29 15:23:31.215 -05:00 [DBG] Heartbeat ORACLEVAULT
2026-07-29 15:23:31.215 -05:00 [DBG] Heartbeat RISKWARDEN
2026-07-29 15:24:31.215 -05:00 [DBG] Heartbeat SYNAPSE
2026-07-29 15:24:31.215 -05:00 [DBG] Heartbeat TRADEWEAVER
2026-07-29 15:24:31.215 -05:00 [DBG] Heartbeat CASEBLADE
2026-07-29 15:24:31.215 -05:00 [DBG] Heartbeat PROX
2026-07-29 15:24:31.215 -05:00 [DBG] Heartbeat SENTINEL
2026-07-29 15:24:31.215 -05:00 [DBG] Heartbeat MARKETSCRYER
2026-07-29 15:24:31.215 -05:00 [DBG] Heartbeat SIGNALFORGE
2026-07-29 15:24:31.215 -05:00 [DBG] Heartbeat ORACLEVAULT
2026-07-29 15:24:31.215 -05:00 [DBG] Heartbeat RISKWARDEN
2026-07-29 15:25:31.215 -05:00 [DBG] Heartbeat SYNAPSE
2026-07-29 15:25:31.215 -05:00 [DBG] Heartbeat TRADEWEAVER
2026-07-29 15:25:31.215 -05:00 [DBG] Heartbeat CASEBLADE
2026-07-29 15:25:31.215 -05:00 [DBG] Heartbeat PROX
2026-07-29 15:25:31.215 -05:00 [DBG] Heartbeat SENTINEL
2026-07-29 15:25:31.215 -05:00 [DBG] Heartbeat MARKETSCRYER
2026-07-29 15:25:31.215 -05:00 [DBG] Heartbeat SIGNALFORGE
2026-07-29 15:25:31.215 -05:00 [DBG] Heartbeat ORACLEVAULT
2026-07-29 15:25:31.215 -05:00 [DBG] Heartbeat RISKWARDEN
2026-07-29 15:26:31.216 -05:00 [DBG] Heartbeat SYNAPSE
2026-07-29 15:26:31.216 -05:00 [DBG] Heartbeat TRADEWEAVER
2026-07-29 15:26:31.216 -05:00 [DBG] Heartbeat CASEBLADE
2026-07-29 15:26:31.216 -05:00 [DBG] Heartbeat PROX
2026-07-29 15:26:31.216 -05:00 [DBG] Heartbeat SENTINEL
2026-07-29 15:26:31.216 -05:00 [DBG] Heartbeat MARKETSCRYER
2026-07-29 15:26:31.216 -05:00 [DBG] Heartbeat SIGNALFORGE
2026-07-29 15:26:31.216 -05:00 [DBG] Heartbeat ORACLEVAULT
2026-07-29 15:26:31.216 -05:00 [DBG] Heartbeat RISKWARDEN
2026-07-29 15:27:31.216 -05:00 [DBG] Heartbeat SYNAPSE
2026-07-29 15:27:31.216 -05:00 [DBG] Heartbeat TRADEWEAVER
2026-07-29 15:27:31.216 -05:00 [DBG] Heartbeat CASEBLADE
2026-07-29 15:27:31.216 -05:00 [DBG] Heartbeat PROX
2026-07-29 15:27:31.216 -05:00 [DBG] Heartbeat SENTINEL
2026-07-29 15:27:31.216 -05:00 [DBG] Heartbeat MARKETSCRYER
2026-07-29 15:27:31.216 -05:00 [DBG] Heartbeat SIGNALFORGE
2026-07-29 15:27:31.216 -05:00 [DBG] Heartbeat ORACLEVAULT
2026-07-29 15:27:31.216 -05:00 [DBG] Heartbeat RISKWARDEN
2026-07-29 15:28:13.033 -05:00 [INF] PC health: C: 78% used, 10 recent errors
2026-07-29 15:28:31.217 -05:00 [DBG] Heartbeat SYNAPSE
2026-07-29 15:28:31.217 -05:00 [DBG] Heartbeat TRADEWEAVER
2026-07-29 15:28:31.217 -05:00 [DBG] Heartbeat CASEBLADE
2026-07-29 15:28:31.217 -05:00 [DBG] Heartbeat PROX
2026-07-29 15:28:31.217 -05:00 [DBG] Heartbeat SENTINEL
2026-07-29 15:28:31.217 -05:00 [DBG] Heartbeat MARKETSCRYER
2026-07-29 15:28:31.217 -05:00 [DBG] Heartbeat SIGNALFORGE
2026-07-29 15:28:31.217 -05:00 [DBG] Heartbeat ORACLEVAULT
2026-07-29 15:28:31.217 -05:00 [DBG] Heartbeat RISKWARDEN
2026-07-29 15:29:31.217 -05:00 [DBG] Heartbeat SYNAPSE
2026-07-29 15:29:31.217 -05:00 [DBG] Heartbeat TRADEWEAVER
2026-07-29 15:29:31.217 -05:00 [DBG] Heartbeat CASEBLADE
2026-07-29 15:29:31.217 -05:00 [DBG] Heartbeat PROX
2026-07-29 15:29:31.217 -05:00 [DBG] Heartbeat SENTINEL
2026-07-29 15:29:31.217 -05:00 [DBG] Heartbeat MARKETSCRYER
2026-07-29 15:29:31.217 -05:00 [DBG] Heartbeat SIGNALFORGE
2026-07-29 15:29:31.217 -05:00 [DBG] Heartbeat ORACLEVAULT
2026-07-29 15:29:31.217 -05:00 [DBG] Heartbeat RISKWARDEN
2026-07-29 15:30:31.218 -05:00 [DBG] Heartbeat SYNAPSE
2026-07-29 15:30:31.218 -05:00 [DBG] Heartbeat TRADEWEAVER
2026-07-29 15:30:31.218 -05:00 [DBG] Heartbeat CASEBLADE
2026-07-29 15:30:31.218 -05:00 [DBG] Heartbeat PROX
2026-07-29 15:30:31.218 -05:00 [DBG] Heartbeat SENTINEL
2026-07-29 15:30:31.218 -05:00 [DBG] Heartbeat MARKETSCRYER
2026-07-29 15:30:31.218 -05:00 [DBG] Heartbeat SIGNALFORGE
2026-07-29 15:30:31.218 -05:00 [DBG] Heartbeat ORACLEVAULT
2026-07-29 15:30:31.218 -05:00 [DBG] Heartbeat RISKWARDEN
2026-07-29 15:31:31.218 -05:00 [DBG] Heartbeat SYNAPSE
2026-07-29 15:31:31.218 -05:00 [DBG] Heartbeat TRADEWEAVER
2026-07-29 15:31:31.218 -05:00 [DBG] Heartbeat CASEBLADE
2026-07-29 15:31:31.218 -05:00 [DBG] Heartbeat PROX
2026-07-29 15:31:31.218 -05:00 [DBG] Heartbeat SENTINEL
2026-07-29 15:31:31.218 -05:00 [DBG] Heartbeat MARKETSCRYER
2026-07-29 15:31:31.218 -05:00 [DBG] Heartbeat SIGNALFORGE
2026-07-29 15:31:31.218 -05:00 [DBG] Heartbeat ORACLEVAULT
2026-07-29 15:31:31.218 -05:00 [DBG] Heartbeat RISKWARDEN
2026-07-29 15:32:31.218 -05:00 [DBG] Heartbeat SYNAPSE
2026-07-29 15:32:31.218 -05:00 [DBG] Heartbeat TRADEWEAVER
2026-07-29 15:32:31.218 -05:00 [DBG] Heartbeat CASEBLADE
2026-07-29 15:32:31.218 -05:00 [DBG] Heartbeat PROX
2026-07-29 15:32:31.218 -05:00 [DBG] Heartbeat SENTINEL
2026-07-29 15:32:31.218 -05:00 [DBG] Heartbeat MARKETSCRYER
2026-07-29 15:32:31.218 -05:00 [DBG] Heartbeat SIGNALFORGE
2026-07-29 15:32:31.218 -05:00 [DBG] Heartbeat ORACLEVAULT
2026-07-29 15:32:31.218 -05:00 [DBG] Heartbeat RISKWARDEN
2026-07-29 15:33:25.864 -05:00 [INF] PC health: C: 78% used, 10 recent errors
2026-07-29 15:33:31.217 -05:00 [DBG] Heartbeat SYNAPSE
2026-07-29 15:33:31.217 -05:00 [DBG] Heartbeat TRADEWEAVER
2026-07-29 15:33:31.217 -05:00 [DBG] Heartbeat CASEBLADE
2026-07-29 15:33:31.217 -05:00 [DBG] Heartbeat PROX
2026-07-29 15:33:31.217 -05:00 [DBG] Heartbeat SENTINEL
2026-07-29 15:33:31.217 -05:00 [DBG] Heartbeat MARKETSCRYER
2026-07-29 15:33:31.217 -05:00 [DBG] Heartbeat SIGNALFORGE
2026-07-29 15:33:31.217 -05:00 [DBG] Heartbeat ORACLEVAULT
2026-07-29 15:33:31.217 -05:00 [DBG] Heartbeat RISKWARDEN
2026-07-29 15:34:31.217 -05:00 [DBG] Heartbeat SYNAPSE
2026-07-29 15:34:31.217 -05:00 [DBG] Heartbeat TRADEWEAVER
2026-07-29 15:34:31.217 -05:00 [DBG] Heartbeat CASEBLADE
2026-07-29 15:34:31.217 -05:00 [DBG] Heartbeat PROX
2026-07-29 15:34:31.217 -05:00 [DBG] Heartbeat SENTINEL
2026-07-29 15:34:31.217 -05:00 [DBG] Heartbeat MARKETSCRYER
2026-07-29 15:34:31.217 -05:00 [DBG] Heartbeat SIGNALFORGE
2026-07-29 15:34:31.217 -05:00 [DBG] Heartbeat ORACLEVAULT
2026-07-29 15:34:31.217 -05:00 [DBG] Heartbeat RISKWARDEN
2026-07-29 15:35:31.217 -05:00 [DBG] Heartbeat SYNAPSE
2026-07-29 15:35:31.217 -05:00 [DBG] Heartbeat TRADEWEAVER
2026-07-29 15:35:31.217 -05:00 [DBG] Heartbeat CASEBLADE
2026-07-29 15:35:31.217 -05:00 [DBG] Heartbeat PROX
2026-07-29 15:35:31.217 -05:00 [DBG] Heartbeat SENTINEL
2026-07-29 15:35:31.217 -05:00 [DBG] Heartbeat MARKETSCRYER
2026-07-29 15:35:31.217 -05:00 [DBG] Heartbeat SIGNALFORGE
2026-07-29 15:35:31.217 -05:00 [DBG] Heartbeat ORACLEVAULT
2026-07-29 15:35:31.217 -05:00 [DBG] Heartbeat RISKWARDEN
2026-07-29 15:36:31.217 -05:00 [DBG] Heartbeat SYNAPSE
2026-07-29 15:36:31.217 -05:00 [DBG] Heartbeat TRADEWEAVER
2026-07-29 15:36:31.217 -05:00 [DBG] Heartbeat CASEBLADE
2026-07-29 15:36:31.217 -05:00 [DBG] Heartbeat PROX
2026-07-29 15:36:31.217 -05:00 [DBG] Heartbeat SENTINEL
2026-07-29 15:36:31.217 -05:00 [DBG] Heartbeat MARKETSCRYER
2026-07-29 15:36:31.217 -05:00 [DBG] Heartbeat SIGNALFORGE
2026-07-29 15:36:31.217 -05:00 [DBG] Heartbeat ORACLEVAULT
2026-07-29 15:36:31.217 -05:00 [DBG] Heartbeat RISKWARDEN
2026-07-29 15:37:31.219 -05:00 [DBG] Heartbeat SYNAPSE
2026-07-29 15:37:31.219 -05:00 [DBG] Heartbeat TRADEWEAVER
2026-07-29 15:37:31.219 -05:00 [DBG] Heartbeat CASEBLADE
2026-07-29 15:37:31.219 -05:00 [DBG] Heartbeat PROX
2026-07-29 15:37:31.219 -05:00 [DBG] Heartbeat SENTINEL
2026-07-29 15:37:31.219 -05:00 [DBG] Heartbeat MARKETSCRYER
2026-07-29 15:37:31.219 -05:00 [DBG] Heartbeat SIGNALFORGE
2026-07-29 15:37:31.219 -05:00 [DBG] Heartbeat ORACLEVAULT
2026-07-29 15:37:31.219 -05:00 [DBG] Heartbeat RISKWARDEN
2026-07-29 15:38:31.219 -05:00 [DBG] Heartbeat SYNAPSE
2026-07-29 15:38:31.219 -05:00 [DBG] Heartbeat TRADEWEAVER
2026-07-29 15:38:31.219 -05:00 [DBG] Heartbeat CASEBLADE
2026-07-29 15:38:31.219 -05:00 [DBG] Heartbeat PROX
2026-07-29 15:38:31.219 -05:00 [DBG] Heartbeat SENTINEL
2026-07-29 15:38:31.219 -05:00 [DBG] Heartbeat MARKETSCRYER
2026-07-29 15:38:31.219 -05:00 [DBG] Heartbeat SIGNALFORGE
2026-07-29 15:38:31.219 -05:00 [DBG] Heartbeat ORACLEVAULT
2026-07-29 15:38:31.219 -05:00 [DBG] Heartbeat RISKWARDEN
2026-07-29 15:38:38.754 -05:00 [INF] PC health: C: 78% used, 10 recent errors
2026-07-29 15:39:31.220 -05:00 [DBG] Heartbeat SYNAPSE
2026-07-29 15:39:31.220 -05:00 [DBG] Heartbeat TRADEWEAVER
2026-07-29 15:39:31.220 -05:00 [DBG] Heartbeat CASEBLADE
2026-07-29 15:39:31.220 -05:00 [DBG] Heartbeat PROX
2026-07-29 15:39:31.220 -05:00 [DBG] Heartbeat SENTINEL
2026-07-29 15:39:31.220 -05:00 [DBG] Heartbeat MARKETSCRYER
2026-07-29 15:39:31.220 -05:00 [DBG] Heartbeat SIGNALFORGE
2026-07-29 15:39:31.220 -05:00 [DBG] Heartbeat ORACLEVAULT
2026-07-29 15:39:31.220 -05:00 [DBG] Heartbeat RISKWARDEN
2026-07-29 15:40:31.220 -05:00 [DBG] Heartbeat SYNAPSE
2026-07-29 15:40:31.220 -05:00 [DBG] Heartbeat TRADEWEAVER
2026-07-29 15:40:31.220 -05:00 [DBG] Heartbeat CASEBLADE
2026-07-29 15:40:31.220 -05:00 [DBG] Heartbeat PROX
2026-07-29 15:40:31.220 -05:00 [DBG] Heartbeat SENTINEL
2026-07-29 15:40:31.220 -05:00 [DBG] Heartbeat MARKETSCRYER
2026-07-29 15:40:31.220 -05:00 [DBG] Heartbeat SIGNALFORGE
2026-07-29 15:40:31.220 -05:00 [DBG] Heartbeat ORACLEVAULT
2026-07-29 15:40:31.220 -05:00 [DBG] Heartbeat RISKWARDEN
2026-07-29 15:41:31.220 -05:00 [DBG] Heartbeat SYNAPSE
2026-07-29 15:41:31.220 -05:00 [DBG] Heartbeat TRADEWEAVER
2026-07-29 15:41:31.220 -05:00 [DBG] Heartbeat CASEBLADE
2026-07-29 15:41:31.220 -05:00 [DBG] Heartbeat PROX
2026-07-29 15:41:31.220 -05:00 [DBG] Heartbeat SENTINEL
2026-07-29 15:41:31.220 -05:00 [DBG] Heartbeat MARKETSCRYER
2026-07-29 15:41:31.220 -05:00 [DBG] Heartbeat SIGNALFORGE
2026-07-29 15:41:31.220 -05:00 [DBG] Heartbeat ORACLEVAULT
2026-07-29 15:41:31.220 -05:00 [DBG] Heartbeat RISKWARDEN
2026-07-29 15:42:31.221 -05:00 [DBG] Heartbeat SYNAPSE
2026-07-29 15:42:31.221 -05:00 [DBG] Heartbeat TRADEWEAVER
2026-07-29 15:42:31.221 -05:00 [DBG] Heartbeat CASEBLADE
2026-07-29 15:42:31.221 -05:00 [DBG] Heartbeat PROX
2026-07-29 15:42:31.221 -05:00 [DBG] Heartbeat SENTINEL
2026-07-29 15:42:31.221 -05:00 [DBG] Heartbeat MARKETSCRYER
2026-07-29 15:42:31.221 -05:00 [DBG] Heartbeat SIGNALFORGE
2026-07-29 15:42:31.221 -05:00 [DBG] Heartbeat ORACLEVAULT
2026-07-29 15:42:31.221 -05:00 [DBG] Heartbeat RISKWARDEN
2026-07-29 15:43:31.221 -05:00 [DBG] Heartbeat SYNAPSE
2026-07-29 15:43:31.221 -05:00 [DBG] Heartbeat TRADEWEAVER
2026-07-29 15:43:31.221 -05:00 [DBG] Heartbeat CASEBLADE
2026-07-29 15:43:31.221 -05:00 [DBG] Heartbeat PROX
2026-07-29 15:43:31.221 -05:00 [DBG] Heartbeat SENTINEL
2026-07-29 15:43:31.221 -05:00 [DBG] Heartbeat MARKETSCRYER
2026-07-29 15:43:31.221 -05:00 [DBG] Heartbeat SIGNALFORGE
2026-07-29 15:43:31.221 -05:00 [DBG] Heartbeat ORACLEVAULT
2026-07-29 15:43:31.221 -05:00 [DBG] Heartbeat RISKWARDEN
2026-07-29 15:43:51.601 -05:00 [INF] PC health: C: 78% used, 10 recent errors
2026-07-29 15:44:31.220 -05:00 [DBG] Heartbeat SYNAPSE
2026-07-29 15:44:31.220 -05:00 [DBG] Heartbeat TRADEWEAVER
2026-07-29 15:44:31.220 -05:00 [DBG] Heartbeat CASEBLADE
2026-07-29 15:44:31.220 -05:00 [DBG] Heartbeat PROX
2026-07-29 15:44:31.220 -05:00 [DBG] Heartbeat SENTINEL
2026-07-29 15:44:31.220 -05:00 [DBG] Heartbeat MARKETSCRYER
2026-07-29 15:44:31.221 -05:00 [DBG] Heartbeat SIGNALFORGE
2026-07-29 15:44:31.221 -05:00 [DBG] Heartbeat ORACLEVAULT
2026-07-29 15:44:31.221 -05:00 [DBG] Heartbeat RISKWARDEN
2026-07-29 15:45:31.221 -05:00 [DBG] Heartbeat SYNAPSE
2026-07-29 15:45:31.221 -05:00 [DBG] Heartbeat TRADEWEAVER
2026-07-29 15:45:31.221 -05:00 [DBG] Heartbeat CASEBLADE
2026-07-29 15:45:31.221 -05:00 [DBG] Heartbeat PROX
2026-07-29 15:45:31.221 -05:00 [DBG] Heartbeat SENTINEL
2026-07-29 15:45:31.221 -05:00 [DBG] Heartbeat MARKETSCRYER
2026-07-29 15:45:31.221 -05:00 [DBG] Heartbeat SIGNALFORGE
2026-07-29 15:45:31.221 -05:00 [DBG] Heartbeat ORACLEVAULT
2026-07-29 15:45:31.221 -05:00 [DBG] Heartbeat RISKWARDEN
2026-07-29 15:46:31.221 -05:00 [DBG] Heartbeat SYNAPSE
2026-07-29 15:46:31.221 -05:00 [DBG] Heartbeat TRADEWEAVER
2026-07-29 15:46:31.221 -05:00 [DBG] Heartbeat CASEBLADE
2026-07-29 15:46:31.221 -05:00 [DBG] Heartbeat PROX
2026-07-29 15:46:31.221 -05:00 [DBG] Heartbeat SENTINEL
2026-07-29 15:46:31.221 -05:00 [DBG] Heartbeat MARKETSCRYER
2026-07-29 15:46:31.221 -05:00 [DBG] Heartbeat SIGNALFORGE
2026-07-29 15:46:31.221 -05:00 [DBG] Heartbeat ORACLEVAULT
2026-07-29 15:46:31.221 -05:00 [DBG] Heartbeat RISKWARDEN
2026-07-29 15:47:31.221 -05:00 [DBG] Heartbeat SYNAPSE
2026-07-29 15:47:31.221 -05:00 [DBG] Heartbeat TRADEWEAVER
2026-07-29 15:47:31.221 -05:00 [DBG] Heartbeat CASEBLADE
2026-07-29 15:47:31.221 -05:00 [DBG] Heartbeat PROX
2026-07-29 15:47:31.221 -05:00 [DBG] Heartbeat SENTINEL
2026-07-29 15:47:31.221 -05:00 [DBG] Heartbeat MARKETSCRYER
2026-07-29 15:47:31.221 -05:00 [DBG] Heartbeat SIGNALFORGE
2026-07-29 15:47:31.221 -05:00 [DBG] Heartbeat ORACLEVAULT
2026-07-29 15:47:31.221 -05:00 [DBG] Heartbeat RISKWARDEN
2026-07-29 15:48:31.221 -05:00 [DBG] Heartbeat SYNAPSE
2026-07-29 15:48:31.221 -05:00 [DBG] Heartbeat TRADEWEAVER
2026-07-29 15:48:31.221 -05:00 [DBG] Heartbeat CASEBLADE
2026-07-29 15:48:31.221 -05:00 [DBG] Heartbeat PROX
2026-07-29 15:48:31.221 -05:00 [DBG] Heartbeat SENTINEL
2026-07-29 15:48:31.221 -05:00 [DBG] Heartbeat MARKETSCRYER
2026-07-29 15:48:31.221 -05:00 [DBG] Heartbeat SIGNALFORGE
2026-07-29 15:48:31.221 -05:00 [DBG] Heartbeat ORACLEVAULT
2026-07-29 15:48:31.221 -05:00 [DBG] Heartbeat RISKWARDEN
2026-07-29 15:49:04.329 -05:00 [INF] PC health: C: 78% used, 10 recent errors
2026-07-29 15:49:31.221 -05:00 [DBG] Heartbeat SYNAPSE
2026-07-29 15:49:31.221 -05:00 [DBG] Heartbeat TRADEWEAVER
2026-07-29 15:49:31.221 -05:00 [DBG] Heartbeat CASEBLADE
2026-07-29 15:49:31.222 -05:00 [DBG] Heartbeat PROX
2026-07-29 15:49:31.222 -05:00 [DBG] Heartbeat SENTINEL
2026-07-29 15:49:31.222 -05:00 [DBG] Heartbeat MARKETSCRYER
2026-07-29 15:49:31.222 -05:00 [DBG] Heartbeat SIGNALFORGE
2026-07-29 15:49:31.222 -05:00 [DBG] Heartbeat ORACLEVAULT
2026-07-29 15:49:31.222 -05:00 [DBG] Heartbeat RISKWARDEN
2026-07-29 15:50:31.221 -05:00 [DBG] Heartbeat SYNAPSE
2026-07-29 15:50:31.221 -05:00 [DBG] Heartbeat TRADEWEAVER
2026-07-29 15:50:31.221 -05:00 [DBG] Heartbeat CASEBLADE
2026-07-29 15:50:31.221 -05:00 [DBG] Heartbeat PROX
2026-07-29 15:50:31.221 -05:00 [DBG] Heartbeat SENTINEL
2026-07-29 15:50:31.221 -05:00 [DBG] Heartbeat MARKETSCRYER
2026-07-29 15:50:31.221 -05:00 [DBG] Heartbeat SIGNALFORGE
2026-07-29 15:50:31.221 -05:00 [DBG] Heartbeat ORACLEVAULT
2026-07-29 15:50:31.221 -05:00 [DBG] Heartbeat RISKWARDEN
2026-07-29 15:51:31.221 -05:00 [DBG] Heartbeat SYNAPSE
2026-07-29 15:51:31.221 -05:00 [DBG] Heartbeat TRADEWEAVER
2026-07-29 15:51:31.221 -05:00 [DBG] Heartbeat CASEBLADE
2026-07-29 15:51:31.221 -05:00 [DBG] Heartbeat PROX
2026-07-29 15:51:31.221 -05:00 [DBG] Heartbeat SENTINEL
2026-07-29 15:51:31.221 -05:00 [DBG] Heartbeat MARKETSCRYER
2026-07-29 15:51:31.221 -05:00 [DBG] Heartbeat SIGNALFORGE
2026-07-29 15:51:31.221 -05:00 [DBG] Heartbeat ORACLEVAULT
2026-07-29 15:51:31.221 -05:00 [DBG] Heartbeat RISKWARDEN
2026-07-29 15:52:31.221 -05:00 [DBG] Heartbeat SYNAPSE
2026-07-29 15:52:31.221 -05:00 [DBG] Heartbeat TRADEWEAVER
2026-07-29 15:52:31.221 -05:00 [DBG] Heartbeat CASEBLADE
2026-07-29 15:52:31.221 -05:00 [DBG] Heartbeat PROX
2026-07-29 15:52:31.221 -05:00 [DBG] Heartbeat SENTINEL
2026-07-29 15:52:31.221 -05:00 [DBG] Heartbeat MARKETSCRYER
2026-07-29 15:52:31.221 -05:00 [DBG] Heartbeat SIGNALFORGE
2026-07-29 15:52:31.221 -05:00 [DBG] Heartbeat ORACLEVAULT
2026-07-29 15:52:31.221 -05:00 [DBG] Heartbeat RISKWARDEN
2026-07-29 15:53:31.222 -05:00 [DBG] Heartbeat SYNAPSE
2026-07-29 15:53:31.222 -05:00 [DBG] Heartbeat TRADEWEAVER
2026-07-29 15:53:31.222 -05:00 [DBG] Heartbeat CASEBLADE
2026-07-29 15:53:31.222 -05:00 [DBG] Heartbeat PROX
2026-07-29 15:53:31.222 -05:00 [DBG] Heartbeat SENTINEL
2026-07-29 15:53:31.222 -05:00 [DBG] Heartbeat MARKETSCRYER
2026-07-29 15:53:31.222 -05:00 [DBG] Heartbeat SIGNALFORGE
2026-07-29 15:53:31.222 -05:00 [DBG] Heartbeat ORACLEVAULT
2026-07-29 15:53:31.222 -05:00 [DBG] Heartbeat RISKWARDEN
2026-07-29 15:54:16.792 -05:00 [INF] PC health: C: 77.2% used, 10 recent errors
2026-07-29 15:54:31.222 -05:00 [DBG] Heartbeat SYNAPSE
2026-07-29 15:54:31.222 -05:00 [DBG] Heartbeat TRADEWEAVER
2026-07-29 15:54:31.222 -05:00 [DBG] Heartbeat CASEBLADE
2026-07-29 15:54:31.222 -05:00 [DBG] Heartbeat PROX
2026-07-29 15:54:31.222 -05:00 [DBG] Heartbeat SENTINEL
2026-07-29 15:54:31.222 -05:00 [DBG] Heartbeat MARKETSCRYER
2026-07-29 15:54:31.222 -05:00 [DBG] Heartbeat SIGNALFORGE
2026-07-29 15:54:31.222 -05:00 [DBG] Heartbeat ORACLEVAULT
2026-07-29 15:54:31.222 -05:00 [DBG] Heartbeat RISKWARDEN
2026-07-29 15:55:31.223 -05:00 [DBG] Heartbeat SYNAPSE
2026-07-29 15:55:31.223 -05:00 [DBG] Heartbeat TRADEWEAVER
2026-07-29 15:55:31.223 -05:00 [DBG] Heartbeat CASEBLADE
2026-07-29 15:55:31.223 -05:00 [DBG] Heartbeat PROX
2026-07-29 15:55:31.223 -05:00 [DBG] Heartbeat SENTINEL
2026-07-29 15:55:31.223 -05:00 [DBG] Heartbeat MARKETSCRYER
2026-07-29 15:55:31.223 -05:00 [DBG] Heartbeat SIGNALFORGE
2026-07-29 15:55:31.223 -05:00 [DBG] Heartbeat ORACLEVAULT
2026-07-29 15:55:31.223 -05:00 [DBG] Heartbeat RISKWARDEN
2026-07-29 15:56:31.223 -05:00 [DBG] Heartbeat SYNAPSE
2026-07-29 15:56:31.223 -05:00 [DBG] Heartbeat TRADEWEAVER
2026-07-29 15:56:31.223 -05:00 [DBG] Heartbeat CASEBLADE
2026-07-29 15:56:31.223 -05:00 [DBG] Heartbeat PROX
2026-07-29 15:56:31.223 -05:00 [DBG] Heartbeat SENTINEL
2026-07-29 15:56:31.223 -05:00 [DBG] Heartbeat MARKETSCRYER
2026-07-29 15:56:31.223 -05:00 [DBG] Heartbeat SIGNALFORGE
2026-07-29 15:56:31.223 -05:00 [DBG] Heartbeat ORACLEVAULT
2026-07-29 15:56:31.223 -05:00 [DBG] Heartbeat RISKWARDEN
2026-07-29 15:57:31.224 -05:00 [DBG] Heartbeat SYNAPSE
2026-07-29 15:57:31.224 -05:00 [DBG] Heartbeat TRADEWEAVER
2026-07-29 15:57:31.224 -05:00 [DBG] Heartbeat CASEBLADE
2026-07-29 15:57:31.224 -05:00 [DBG] Heartbeat PROX
2026-07-29 15:57:31.224 -05:00 [DBG] Heartbeat SENTINEL
2026-07-29 15:57:31.224 -05:00 [DBG] Heartbeat MARKETSCRYER
2026-07-29 15:57:31.224 -05:00 [DBG] Heartbeat SIGNALFORGE
2026-07-29 15:57:31.224 -05:00 [DBG] Heartbeat ORACLEVAULT
2026-07-29 15:57:31.224 -05:00 [DBG] Heartbeat RISKWARDEN
2026-07-29 15:58:31.224 -05:00 [DBG] Heartbeat SYNAPSE
2026-07-29 15:58:31.224 -05:00 [DBG] Heartbeat TRADEWEAVER
2026-07-29 15:58:31.224 -05:00 [DBG] Heartbeat CASEBLADE
2026-07-29 15:58:31.224 -05:00 [DBG] Heartbeat PROX
2026-07-29 15:58:31.224 -05:00 [DBG] Heartbeat SENTINEL
2026-07-29 15:58:31.224 -05:00 [DBG] Heartbeat MARKETSCRYER
2026-07-29 15:58:31.224 -05:00 [DBG] Heartbeat SIGNALFORGE
2026-07-29 15:58:31.224 -05:00 [DBG] Heartbeat ORACLEVAULT
2026-07-29 15:58:31.224 -05:00 [DBG] Heartbeat RISKWARDEN
2026-07-29 15:59:29.004 -05:00 [INF] PC health: C: 77.2% used, 10 recent errors
2026-07-29 15:59:31.224 -05:00 [DBG] Heartbeat SYNAPSE
2026-07-29 15:59:31.224 -05:00 [DBG] Heartbeat TRADEWEAVER
2026-07-29 15:59:31.224 -05:00 [DBG] Heartbeat CASEBLADE
2026-07-29 15:59:31.224 -05:00 [DBG] Heartbeat PROX
2026-07-29 15:59:31.224 -05:00 [DBG] Heartbeat SENTINEL
2026-07-29 15:59:31.224 -05:00 [DBG] Heartbeat MARKETSCRYER
2026-07-29 15:59:31.224 -05:00 [DBG] Heartbeat SIGNALFORGE
2026-07-29 15:59:31.224 -05:00 [DBG] Heartbeat ORACLEVAULT
2026-07-29 15:59:31.224 -05:00 [DBG] Heartbeat RISKWARDEN
2026-07-29 16:00:31.225 -05:00 [DBG] Heartbeat SYNAPSE
2026-07-29 16:00:31.225 -05:00 [DBG] Heartbeat TRADEWEAVER
2026-07-29 16:00:31.225 -05:00 [DBG] Heartbeat CASEBLADE
2026-07-29 16:00:31.225 -05:00 [DBG] Heartbeat PROX
2026-07-29 16:00:31.225 -05:00 [DBG] Heartbeat SENTINEL
2026-07-29 16:00:31.225 -05:00 [DBG] Heartbeat MARKETSCRYER
2026-07-29 16:00:31.225 -05:00 [DBG] Heartbeat SIGNALFORGE
2026-07-29 16:00:31.225 -05:00 [DBG] Heartbeat ORACLEVAULT
2026-07-29 16:00:31.225 -05:00 [DBG] Heartbeat RISKWARDEN
2026-07-29 16:01:31.225 -05:00 [DBG] Heartbeat SYNAPSE
2026-07-29 16:01:31.225 -05:00 [DBG] Heartbeat TRADEWEAVER
2026-07-29 16:01:31.225 -05:00 [DBG] Heartbeat CASEBLADE
2026-07-29 16:01:31.225 -05:00 [DBG] Heartbeat PROX
2026-07-29 16:01:31.225 -05:00 [DBG] Heartbeat SENTINEL
2026-07-29 16:01:31.225 -05:00 [DBG] Heartbeat MARKETSCRYER
2026-07-29 16:01:31.225 -05:00 [DBG] Heartbeat SIGNALFORGE
2026-07-29 16:01:31.225 -05:00 [DBG] Heartbeat ORACLEVAULT
2026-07-29 16:01:31.225 -05:00 [DBG] Heartbeat RISKWARDEN
2026-07-29 16:02:31.225 -05:00 [DBG] Heartbeat SYNAPSE
2026-07-29 16:02:31.226 -05:00 [DBG] Heartbeat TRADEWEAVER
2026-07-29 16:02:31.226 -05:00 [DBG] Heartbeat CASEBLADE
2026-07-29 16:02:31.226 -05:00 [DBG] Heartbeat PROX
2026-07-29 16:02:31.226 -05:00 [DBG] Heartbeat SENTINEL
2026-07-29 16:02:31.226 -05:00 [DBG] Heartbeat MARKETSCRYER
2026-07-29 16:02:31.226 -05:00 [DBG] Heartbeat SIGNALFORGE
2026-07-29 16:02:31.226 -05:00 [DBG] Heartbeat ORACLEVAULT
2026-07-29 16:02:31.226 -05:00 [DBG] Heartbeat RISKWARDEN
2026-07-29 16:03:31.226 -05:00 [DBG] Heartbeat SYNAPSE
2026-07-29 16:03:31.226 -05:00 [DBG] Heartbeat TRADEWEAVER
2026-07-29 16:03:31.226 -05:00 [DBG] Heartbeat CASEBLADE
2026-07-29 16:03:31.226 -05:00 [DBG] Heartbeat PROX
2026-07-29 16:03:31.226 -05:00 [DBG] Heartbeat SENTINEL
2026-07-29 16:03:31.226 -05:00 [DBG] Heartbeat MARKETSCRYER
2026-07-29 16:03:31.226 -05:00 [DBG] Heartbeat SIGNALFORGE
2026-07-29 16:03:31.226 -05:00 [DBG] Heartbeat ORACLEVAULT
2026-07-29 16:03:31.226 -05:00 [DBG] Heartbeat RISKWARDEN
2026-07-29 16:04:31.227 -05:00 [DBG] Heartbeat SYNAPSE
2026-07-29 16:04:31.227 -05:00 [DBG] Heartbeat TRADEWEAVER
2026-07-29 16:04:31.227 -05:00 [DBG] Heartbeat CASEBLADE
2026-07-29 16:04:31.227 -05:00 [DBG] Heartbeat PROX
2026-07-29 16:04:31.227 -05:00 [DBG] Heartbeat SENTINEL
2026-07-29 16:04:31.227 -05:00 [DBG] Heartbeat MARKETSCRYER
2026-07-29 16:04:31.227 -05:00 [DBG] Heartbeat SIGNALFORGE
2026-07-29 16:04:31.227 -05:00 [DBG] Heartbeat ORACLEVAULT
2026-07-29 16:04:31.227 -05:00 [DBG] Heartbeat RISKWARDEN
2026-07-29 16:04:41.202 -05:00 [INF] PC health: C: 77.2% used, 10 recent errors
2026-07-29 16:05:31.227 -05:00 [DBG] Heartbeat SYNAPSE
2026-07-29 16:05:31.227 -05:00 [DBG] Heartbeat TRADEWEAVER
2026-07-29 16:05:31.227 -05:00 [DBG] Heartbeat CASEBLADE
2026-07-29 16:05:31.227 -05:00 [DBG] Heartbeat PROX
2026-07-29 16:05:31.227 -05:00 [DBG] Heartbeat SENTINEL
2026-07-29 16:05:31.227 -05:00 [DBG] Heartbeat MARKETSCRYER
2026-07-29 16:05:31.227 -05:00 [DBG] Heartbeat SIGNALFORGE
2026-07-29 16:05:31.227 -05:00 [DBG] Heartbeat ORACLEVAULT
2026-07-29 16:05:31.227 -05:00 [DBG] Heartbeat RISKWARDEN
2026-07-29 16:06:31.228 -05:00 [DBG] Heartbeat SYNAPSE
2026-07-29 16:06:31.228 -05:00 [DBG] Heartbeat TRADEWEAVER
2026-07-29 16:06:31.228 -05:00 [DBG] Heartbeat CASEBLADE
2026-07-29 16:06:31.228 -05:00 [DBG] Heartbeat PROX
2026-07-29 16:06:31.228 -05:00 [DBG] Heartbeat SENTINEL
2026-07-29 16:06:31.228 -05:00 [DBG] Heartbeat MARKETSCRYER
2026-07-29 16:06:31.228 -05:00 [DBG] Heartbeat SIGNALFORGE
2026-07-29 16:06:31.228 -05:00 [DBG] Heartbeat ORACLEVAULT
2026-07-29 16:06:31.228 -05:00 [DBG] Heartbeat RISKWARDEN
2026-07-29 16:07:31.229 -05:00 [DBG] Heartbeat SYNAPSE
2026-07-29 16:07:31.229 -05:00 [DBG] Heartbeat TRADEWEAVER
2026-07-29 16:07:31.229 -05:00 [DBG] Heartbeat CASEBLADE
2026-07-29 16:07:31.229 -05:00 [DBG] Heartbeat PROX
2026-07-29 16:07:31.229 -05:00 [DBG] Heartbeat SENTINEL
2026-07-29 16:07:31.229 -05:00 [DBG] Heartbeat MARKETSCRYER
2026-07-29 16:07:31.229 -05:00 [DBG] Heartbeat SIGNALFORGE
2026-07-29 16:07:31.229 -05:00 [DBG] Heartbeat ORACLEVAULT
2026-07-29 16:07:31.229 -05:00 [DBG] Heartbeat RISKWARDEN
2026-07-29 16:08:31.230 -05:00 [DBG] Heartbeat SYNAPSE
2026-07-29 16:08:31.230 -05:00 [DBG] Heartbeat TRADEWEAVER
2026-07-29 16:08:31.230 -05:00 [DBG] Heartbeat CASEBLADE
2026-07-29 16:08:31.230 -05:00 [DBG] Heartbeat PROX
2026-07-29 16:08:31.230 -05:00 [DBG] Heartbeat SENTINEL
2026-07-29 16:08:31.230 -05:00 [DBG] Heartbeat MARKETSCRYER
2026-07-29 16:08:31.230 -05:00 [DBG] Heartbeat SIGNALFORGE
2026-07-29 16:08:31.230 -05:00 [DBG] Heartbeat ORACLEVAULT
2026-07-29 16:08:31.230 -05:00 [DBG] Heartbeat RISKWARDEN
2026-07-29 16:09:31.230 -05:00 [DBG] Heartbeat SYNAPSE
2026-07-29 16:09:31.230 -05:00 [DBG] Heartbeat TRADEWEAVER
2026-07-29 16:09:31.230 -05:00 [DBG] Heartbeat CASEBLADE
2026-07-29 16:09:31.230 -05:00 [DBG] Heartbeat PROX
2026-07-29 16:09:31.230 -05:00 [DBG] Heartbeat SENTINEL
2026-07-29 16:09:31.230 -05:00 [DBG] Heartbeat MARKETSCRYER
2026-07-29 16:09:31.230 -05:00 [DBG] Heartbeat SIGNALFORGE
2026-07-29 16:09:31.230 -05:00 [DBG] Heartbeat ORACLEVAULT
2026-07-29 16:09:31.230 -05:00 [DBG] Heartbeat RISKWARDEN
2026-07-29 16:09:53.402 -05:00 [INF] PC health: C: 77.2% used, 10 recent errors
2026-07-29 16:10:31.228 -05:00 [DBG] Heartbeat SYNAPSE
2026-07-29 16:10:31.228 -05:00 [DBG] Heartbeat TRADEWEAVER
2026-07-29 16:10:31.228 -05:00 [DBG] Heartbeat CASEBLADE
2026-07-29 16:10:31.228 -05:00 [DBG] Heartbeat PROX
2026-07-29 16:10:31.228 -05:00 [DBG] Heartbeat SENTINEL
2026-07-29 16:10:31.228 -05:00 [DBG] Heartbeat MARKETSCRYER
2026-07-29 16:10:31.228 -05:00 [DBG] Heartbeat SIGNALFORGE
2026-07-29 16:10:31.228 -05:00 [DBG] Heartbeat ORACLEVAULT
2026-07-29 16:10:31.228 -05:00 [DBG] Heartbeat RISKWARDEN
2026-07-29 16:11:31.227 -05:00 [DBG] Heartbeat SYNAPSE
2026-07-29 16:11:31.227 -05:00 [DBG] Heartbeat TRADEWEAVER
2026-07-29 16:11:31.227 -05:00 [DBG] Heartbeat CASEBLADE
2026-07-29 16:11:31.227 -05:00 [DBG] Heartbeat PROX
2026-07-29 16:11:31.227 -05:00 [DBG] Heartbeat SENTINEL
2026-07-29 16:11:31.227 -05:00 [DBG] Heartbeat MARKETSCRYER
2026-07-29 16:11:31.227 -05:00 [DBG] Heartbeat SIGNALFORGE
2026-07-29 16:11:31.227 -05:00 [DBG] Heartbeat ORACLEVAULT
2026-07-29 16:11:31.227 -05:00 [DBG] Heartbeat RISKWARDEN
2026-07-29 16:12:31.226 -05:00 [DBG] Heartbeat SYNAPSE
2026-07-29 16:12:31.226 -05:00 [DBG] Heartbeat TRADEWEAVER
2026-07-29 16:12:31.226 -05:00 [DBG] Heartbeat CASEBLADE
2026-07-29 16:12:31.226 -05:00 [DBG] Heartbeat PROX
2026-07-29 16:12:31.226 -05:00 [DBG] Heartbeat SENTINEL
2026-07-29 16:12:31.226 -05:00 [DBG] Heartbeat MARKETSCRYER
2026-07-29 16:12:31.226 -05:00 [DBG] Heartbeat SIGNALFORGE
2026-07-29 16:12:31.226 -05:00 [DBG] Heartbeat ORACLEVAULT
2026-07-29 16:12:31.226 -05:00 [DBG] Heartbeat RISKWARDEN
2026-07-29 16:13:31.225 -05:00 [DBG] Heartbeat SYNAPSE
2026-07-29 16:13:31.225 -05:00 [DBG] Heartbeat TRADEWEAVER
2026-07-29 16:13:31.225 -05:00 [DBG] Heartbeat CASEBLADE
2026-07-29 16:13:31.225 -05:00 [DBG] Heartbeat PROX
2026-07-29 16:13:31.225 -05:00 [DBG] Heartbeat SENTINEL
2026-07-29 16:13:31.225 -05:00 [DBG] Heartbeat MARKETSCRYER
2026-07-29 16:13:31.225 -05:00 [DBG] Heartbeat SIGNALFORGE
2026-07-29 16:13:31.225 -05:00 [DBG] Heartbeat ORACLEVAULT
2026-07-29 16:13:31.225 -05:00 [DBG] Heartbeat RISKWARDEN
2026-07-29 16:14:31.223 -05:00 [DBG] Heartbeat SYNAPSE
2026-07-29 16:14:31.223 -05:00 [DBG] Heartbeat TRADEWEAVER
2026-07-29 16:14:31.223 -05:00 [DBG] Heartbeat CASEBLADE
2026-07-29 16:14:31.223 -05:00 [DBG] Heartbeat PROX
2026-07-29 16:14:31.223 -05:00 [DBG] Heartbeat SENTINEL
2026-07-29 16:14:31.224 -05:00 [DBG] Heartbeat MARKETSCRYER
2026-07-29 16:14:31.224 -05:00 [DBG] Heartbeat SIGNALFORGE
2026-07-29 16:14:31.224 -05:00 [DBG] Heartbeat ORACLEVAULT
2026-07-29 16:14:31.224 -05:00 [DBG] Heartbeat RISKWARDEN
2026-07-29 16:15:05.662 -05:00 [INF] PC health: C: 77.2% used, 10 recent errors
2026-07-29 16:15:31.222 -05:00 [DBG] Heartbeat SYNAPSE
2026-07-29 16:15:31.222 -05:00 [DBG] Heartbeat TRADEWEAVER
2026-07-29 16:15:31.222 -05:00 [DBG] Heartbeat CASEBLADE
2026-07-29 16:15:31.222 -05:00 [DBG] Heartbeat PROX
2026-07-29 16:15:31.222 -05:00 [DBG] Heartbeat SENTINEL
2026-07-29 16:15:31.222 -05:00 [DBG] Heartbeat MARKETSCRYER
2026-07-29 16:15:31.222 -05:00 [DBG] Heartbeat SIGNALFORGE
2026-07-29 16:15:31.222 -05:00 [DBG] Heartbeat ORACLEVAULT
2026-07-29 16:15:31.222 -05:00 [DBG] Heartbeat RISKWARDEN
2026-07-29 16:16:31.222 -05:00 [DBG] Heartbeat SYNAPSE
2026-07-29 16:16:31.222 -05:00 [DBG] Heartbeat TRADEWEAVER
2026-07-29 16:16:31.222 -05:00 [DBG] Heartbeat CASEBLADE
2026-07-29 16:16:31.222 -05:00 [DBG] Heartbeat PROX
2026-07-29 16:16:31.222 -05:00 [DBG] Heartbeat SENTINEL
2026-07-29 16:16:31.222 -05:00 [DBG] Heartbeat MARKETSCRYER
2026-07-29 16:16:31.222 -05:00 [DBG] Heartbeat SIGNALFORGE
2026-07-29 16:16:31.222 -05:00 [DBG] Heartbeat ORACLEVAULT
2026-07-29 16:16:31.222 -05:00 [DBG] Heartbeat RISKWARDEN
2026-07-29 16:17:31.222 -05:00 [DBG] Heartbeat SYNAPSE
2026-07-29 16:17:31.222 -05:00 [DBG] Heartbeat TRADEWEAVER
2026-07-29 16:17:31.222 -05:00 [DBG] Heartbeat CASEBLADE
2026-07-29 16:17:31.222 -05:00 [DBG] Heartbeat PROX
2026-07-29 16:17:31.222 -05:00 [DBG] Heartbeat SENTINEL
2026-07-29 16:17:31.222 -05:00 [DBG] Heartbeat MARKETSCRYER
2026-07-29 16:17:31.222 -05:00 [DBG] Heartbeat SIGNALFORGE
2026-07-29 16:17:31.222 -05:00 [DBG] Heartbeat ORACLEVAULT
2026-07-29 16:17:31.222 -05:00 [DBG] Heartbeat RISKWARDEN
2026-07-29 16:18:31.221 -05:00 [DBG] Heartbeat SYNAPSE
2026-07-29 16:18:31.221 -05:00 [DBG] Heartbeat TRADEWEAVER
2026-07-29 16:18:31.221 -05:00 [DBG] Heartbeat CASEBLADE
2026-07-29 16:18:31.221 -05:00 [DBG] Heartbeat PROX
2026-07-29 16:18:31.221 -05:00 [DBG] Heartbeat SENTINEL
2026-07-29 16:18:31.221 -05:00 [DBG] Heartbeat MARKETSCRYER
2026-07-29 16:18:31.221 -05:00 [DBG] Heartbeat SIGNALFORGE
2026-07-29 16:18:31.221 -05:00 [DBG] Heartbeat ORACLEVAULT
2026-07-29 16:18:31.221 -05:00 [DBG] Heartbeat RISKWARDEN
2026-07-29 16:19:31.220 -05:00 [DBG] Heartbeat SYNAPSE
2026-07-29 16:19:31.220 -05:00 [DBG] Heartbeat TRADEWEAVER
2026-07-29 16:19:31.220 -05:00 [DBG] Heartbeat CASEBLADE
2026-07-29 16:19:31.220 -05:00 [DBG] Heartbeat PROX
2026-07-29 16:19:31.220 -05:00 [DBG] Heartbeat SENTINEL
2026-07-29 16:19:31.220 -05:00 [DBG] Heartbeat MARKETSCRYER
2026-07-29 16:19:31.220 -05:00 [DBG] Heartbeat SIGNALFORGE
2026-07-29 16:19:31.220 -05:00 [DBG] Heartbeat ORACLEVAULT
2026-07-29 16:19:31.220 -05:00 [DBG] Heartbeat RISKWARDEN
2026-07-29 16:20:17.907 -05:00 [INF] PC health: C: 77.2% used, 10 recent errors
2026-07-29 16:20:31.219 -05:00 [DBG] Heartbeat SYNAPSE
2026-07-29 16:20:31.219 -05:00 [DBG] Heartbeat TRADEWEAVER
2026-07-29 16:20:31.219 -05:00 [DBG] Heartbeat CASEBLADE
2026-07-29 16:20:31.219 -05:00 [DBG] Heartbeat PROX
2026-07-29 16:20:31.219 -05:00 [DBG] Heartbeat SENTINEL
2026-07-29 16:20:31.219 -05:00 [DBG] Heartbeat MARKETSCRYER
2026-07-29 16:20:31.219 -05:00 [DBG] Heartbeat SIGNALFORGE
2026-07-29 16:20:31.219 -05:00 [DBG] Heartbeat ORACLEVAULT
2026-07-29 16:20:31.219 -05:00 [DBG] Heartbeat RISKWARDEN
2026-07-29 16:21:31.218 -05:00 [DBG] Heartbeat SYNAPSE
2026-07-29 16:21:31.218 -05:00 [DBG] Heartbeat TRADEWEAVER
2026-07-29 16:21:31.218 -05:00 [DBG] Heartbeat CASEBLADE
2026-07-29 16:21:31.218 -05:00 [DBG] Heartbeat PROX
2026-07-29 16:21:31.218 -05:00 [DBG] Heartbeat SENTINEL
2026-07-29 16:21:31.218 -05:00 [DBG] Heartbeat MARKETSCRYER
2026-07-29 16:21:31.218 -05:00 [DBG] Heartbeat SIGNALFORGE
2026-07-29 16:21:31.218 -05:00 [DBG] Heartbeat ORACLEVAULT
2026-07-29 16:21:31.218 -05:00 [DBG] Heartbeat RISKWARDEN
2026-07-29 16:22:31.217 -05:00 [DBG] Heartbeat SYNAPSE
2026-07-29 16:22:31.217 -05:00 [DBG] Heartbeat TRADEWEAVER
2026-07-29 16:22:31.217 -05:00 [DBG] Heartbeat CASEBLADE
2026-07-29 16:22:31.217 -05:00 [DBG] Heartbeat PROX
2026-07-29 16:22:31.217 -05:00 [DBG] Heartbeat SENTINEL
2026-07-29 16:22:31.217 -05:00 [DBG] Heartbeat MARKETSCRYER
2026-07-29 16:22:31.217 -05:00 [DBG] Heartbeat SIGNALFORGE
2026-07-29 16:22:31.217 -05:00 [DBG] Heartbeat ORACLEVAULT
2026-07-29 16:22:31.217 -05:00 [DBG] Heartbeat RISKWARDEN
2026-07-29 16:23:31.216 -05:00 [DBG] Heartbeat SYNAPSE
2026-07-29 16:23:31.216 -05:00 [DBG] Heartbeat TRADEWEAVER
2026-07-29 16:23:31.216 -05:00 [DBG] Heartbeat CASEBLADE
2026-07-29 16:23:31.216 -05:00 [DBG] Heartbeat PROX
2026-07-29 16:23:31.216 -05:00 [DBG] Heartbeat SENTINEL
2026-07-29 16:23:31.216 -05:00 [DBG] Heartbeat MARKETSCRYER
2026-07-29 16:23:31.216 -05:00 [DBG] Heartbeat SIGNALFORGE
2026-07-29 16:23:31.216 -05:00 [DBG] Heartbeat ORACLEVAULT
2026-07-29 16:23:31.216 -05:00 [DBG] Heartbeat RISKWARDEN
2026-07-29 16:24:31.215 -05:00 [DBG] Heartbeat SYNAPSE
2026-07-29 16:24:31.215 -05:00 [DBG] Heartbeat TRADEWEAVER
2026-07-29 16:24:31.215 -05:00 [DBG] Heartbeat CASEBLADE
2026-07-29 16:24:31.215 -05:00 [DBG] Heartbeat PROX
2026-07-29 16:24:31.215 -05:00 [DBG] Heartbeat SENTINEL
2026-07-29 16:24:31.215 -05:00 [DBG] Heartbeat MARKETSCRYER
2026-07-29 16:24:31.215 -05:00 [DBG] Heartbeat SIGNALFORGE
2026-07-29 16:24:31.215 -05:00 [DBG] Heartbeat ORACLEVAULT
2026-07-29 16:24:31.215 -05:00 [DBG] Heartbeat RISKWARDEN
2026-07-29 16:25:30.207 -05:00 [INF] PC health: C: 77.2% used, 10 recent errors
2026-07-29 16:25:31.215 -05:00 [DBG] Heartbeat SYNAPSE
2026-07-29 16:25:31.215 -05:00 [DBG] Heartbeat TRADEWEAVER
2026-07-29 16:25:31.215 -05:00 [DBG] Heartbeat CASEBLADE
2026-07-29 16:25:31.215 -05:00 [DBG] Heartbeat PROX
2026-07-29 16:25:31.215 -05:00 [DBG] Heartbeat SENTINEL
2026-07-29 16:25:31.215 -05:00 [DBG] Heartbeat MARKETSCRYER
2026-07-29 16:25:31.215 -05:00 [DBG] Heartbeat SIGNALFORGE
2026-07-29 16:25:31.215 -05:00 [DBG] Heartbeat ORACLEVAULT
2026-07-29 16:25:31.215 -05:00 [DBG] Heartbeat RISKWARDEN
2026-07-29 16:26:31.213 -05:00 [DBG] Heartbeat SYNAPSE
2026-07-29 16:26:31.213 -05:00 [DBG] Heartbeat TRADEWEAVER
2026-07-29 16:26:31.213 -05:00 [DBG] Heartbeat CASEBLADE
2026-07-29 16:26:31.213 -05:00 [DBG] Heartbeat PROX
2026-07-29 16:26:31.213 -05:00 [DBG] Heartbeat SENTINEL
2026-07-29 16:26:31.213 -05:00 [DBG] Heartbeat MARKETSCRYER
2026-07-29 16:26:31.213 -05:00 [DBG] Heartbeat SIGNALFORGE
2026-07-29 16:26:31.213 -05:00 [DBG] Heartbeat ORACLEVAULT
2026-07-29 16:26:31.213 -05:00 [DBG] Heartbeat RISKWARDEN
2026-07-29 16:27:31.212 -05:00 [DBG] Heartbeat SYNAPSE
2026-07-29 16:27:31.212 -05:00 [DBG] Heartbeat TRADEWEAVER
2026-07-29 16:27:31.212 -05:00 [DBG] Heartbeat CASEBLADE
2026-07-29 16:27:31.212 -05:00 [DBG] Heartbeat PROX
2026-07-29 16:27:31.212 -05:00 [DBG] Heartbeat SENTINEL
2026-07-29 16:27:31.212 -05:00 [DBG] Heartbeat MARKETSCRYER
2026-07-29 16:27:31.212 -05:00 [DBG] Heartbeat SIGNALFORGE
2026-07-29 16:27:31.212 -05:00 [DBG] Heartbeat ORACLEVAULT
2026-07-29 16:27:31.212 -05:00 [DBG] Heartbeat RISKWARDEN
2026-07-29 16:28:31.212 -05:00 [DBG] Heartbeat SYNAPSE
2026-07-29 16:28:31.212 -05:00 [DBG] Heartbeat TRADEWEAVER
2026-07-29 16:28:31.212 -05:00 [DBG] Heartbeat CASEBLADE
2026-07-29 16:28:31.212 -05:00 [DBG] Heartbeat PROX
2026-07-29 16:28:31.212 -05:00 [DBG] Heartbeat SENTINEL
2026-07-29 16:28:31.212 -05:00 [DBG] Heartbeat MARKETSCRYER
2026-07-29 16:28:31.212 -05:00 [DBG] Heartbeat SIGNALFORGE
2026-07-29 16:28:31.212 -05:00 [DBG] Heartbeat ORACLEVAULT
2026-07-29 16:28:31.212 -05:00 [DBG] Heartbeat RISKWARDEN
2026-07-29 16:29:31.211 -05:00 [DBG] Heartbeat SYNAPSE
2026-07-29 16:29:31.211 -05:00 [DBG] Heartbeat TRADEWEAVER
2026-07-29 16:29:31.211 -05:00 [DBG] Heartbeat CASEBLADE
2026-07-29 16:29:31.211 -05:00 [DBG] Heartbeat PROX
2026-07-29 16:29:31.211 -05:00 [DBG] Heartbeat SENTINEL
2026-07-29 16:29:31.211 -05:00 [DBG] Heartbeat MARKETSCRYER
2026-07-29 16:29:31.211 -05:00 [DBG] Heartbeat SIGNALFORGE
2026-07-29 16:29:31.211 -05:00 [DBG] Heartbeat ORACLEVAULT
2026-07-29 16:29:31.211 -05:00 [DBG] Heartbeat RISKWARDEN
2026-07-29 16:30:31.209 -05:00 [DBG] Heartbeat SYNAPSE
2026-07-29 16:30:31.210 -05:00 [DBG] Heartbeat TRADEWEAVER
2026-07-29 16:30:31.210 -05:00 [DBG] Heartbeat CASEBLADE
2026-07-29 16:30:31.210 -05:00 [DBG] Heartbeat PROX
2026-07-29 16:30:31.210 -05:00 [DBG] Heartbeat SENTINEL
2026-07-29 16:30:31.210 -05:00 [DBG] Heartbeat MARKETSCRYER
2026-07-29 16:30:31.210 -05:00 [DBG] Heartbeat SIGNALFORGE
2026-07-29 16:30:31.210 -05:00 [DBG] Heartbeat ORACLEVAULT
2026-07-29 16:30:31.210 -05:00 [DBG] Heartbeat RISKWARDEN
2026-07-29 16:30:42.446 -05:00 [INF] PC health: C: 77.2% used, 10 recent errors
2026-07-29 16:31:31.208 -05:00 [DBG] Heartbeat SYNAPSE
2026-07-29 16:31:31.208 -05:00 [DBG] Heartbeat TRADEWEAVER
2026-07-29 16:31:31.208 -05:00 [DBG] Heartbeat CASEBLADE
2026-07-29 16:31:31.208 -05:00 [DBG] Heartbeat PROX
2026-07-29 16:31:31.208 -05:00 [DBG] Heartbeat SENTINEL
2026-07-29 16:31:31.208 -05:00 [DBG] Heartbeat MARKETSCRYER
2026-07-29 16:31:31.208 -05:00 [DBG] Heartbeat SIGNALFORGE
2026-07-29 16:31:31.208 -05:00 [DBG] Heartbeat ORACLEVAULT
2026-07-29 16:31:31.208 -05:00 [DBG] Heartbeat RISKWARDEN
2026-07-29 16:32:31.207 -05:00 [DBG] Heartbeat SYNAPSE
2026-07-29 16:32:31.207 -05:00 [DBG] Heartbeat TRADEWEAVER
2026-07-29 16:32:31.207 -05:00 [DBG] Heartbeat CASEBLADE
2026-07-29 16:32:31.207 -05:00 [DBG] Heartbeat PROX
2026-07-29 16:32:31.207 -05:00 [DBG] Heartbeat SENTINEL
2026-07-29 16:32:31.207 -05:00 [DBG] Heartbeat MARKETSCRYER
2026-07-29 16:32:31.207 -05:00 [DBG] Heartbeat SIGNALFORGE
2026-07-29 16:32:31.207 -05:00 [DBG] Heartbeat ORACLEVAULT
2026-07-29 16:32:31.207 -05:00 [DBG] Heartbeat RISKWARDEN
2026-07-29 16:33:31.206 -05:00 [DBG] Heartbeat SYNAPSE
2026-07-29 16:33:31.206 -05:00 [DBG] Heartbeat TRADEWEAVER
2026-07-29 16:33:31.206 -05:00 [DBG] Heartbeat CASEBLADE
2026-07-29 16:33:31.206 -05:00 [DBG] Heartbeat PROX
2026-07-29 16:33:31.206 -05:00 [DBG] Heartbeat SENTINEL
2026-07-29 16:33:31.206 -05:00 [DBG] Heartbeat MARKETSCRYER
2026-07-29 16:33:31.206 -05:00 [DBG] Heartbeat SIGNALFORGE
2026-07-29 16:33:31.206 -05:00 [DBG] Heartbeat ORACLEVAULT
2026-07-29 16:33:31.206 -05:00 [DBG] Heartbeat RISKWARDEN
2026-07-29 16:34:31.205 -05:00 [DBG] Heartbeat SYNAPSE
2026-07-29 16:34:31.205 -05:00 [DBG] Heartbeat TRADEWEAVER
2026-07-29 16:34:31.205 -05:00 [DBG] Heartbeat CASEBLADE
2026-07-29 16:34:31.205 -05:00 [DBG] Heartbeat PROX
2026-07-29 16:34:31.205 -05:00 [DBG] Heartbeat SENTINEL
2026-07-29 16:34:31.205 -05:00 [DBG] Heartbeat MARKETSCRYER
2026-07-29 16:34:31.205 -05:00 [DBG] Heartbeat SIGNALFORGE
2026-07-29 16:34:31.205 -05:00 [DBG] Heartbeat ORACLEVAULT
2026-07-29 16:34:31.205 -05:00 [DBG] Heartbeat RISKWARDEN
2026-07-29 16:35:31.204 -05:00 [DBG] Heartbeat SYNAPSE
2026-07-29 16:35:31.204 -05:00 [DBG] Heartbeat TRADEWEAVER
2026-07-29 16:35:31.204 -05:00 [DBG] Heartbeat CASEBLADE
2026-07-29 16:35:31.204 -05:00 [DBG] Heartbeat PROX
2026-07-29 16:35:31.204 -05:00 [DBG] Heartbeat SENTINEL
2026-07-29 16:35:31.204 -05:00 [DBG] Heartbeat MARKETSCRYER
2026-07-29 16:35:31.204 -05:00 [DBG] Heartbeat SIGNALFORGE
2026-07-29 16:35:31.204 -05:00 [DBG] Heartbeat ORACLEVAULT
2026-07-29 16:35:31.204 -05:00 [DBG] Heartbeat RISKWARDEN
2026-07-29 16:35:54.774 -05:00 [INF] PC health: C: 77.2% used, 10 recent errors
2026-07-29 16:36:31.202 -05:00 [DBG] Heartbeat SYNAPSE
2026-07-29 16:36:31.202 -05:00 [DBG] Heartbeat TRADEWEAVER
2026-07-29 16:36:31.202 -05:00 [DBG] Heartbeat CASEBLADE
2026-07-29 16:36:31.202 -05:00 [DBG] Heartbeat PROX
2026-07-29 16:36:31.202 -05:00 [DBG] Heartbeat SENTINEL
2026-07-29 16:36:31.202 -05:00 [DBG] Heartbeat MARKETSCRYER
2026-07-29 16:36:31.202 -05:00 [DBG] Heartbeat SIGNALFORGE
2026-07-29 16:36:31.202 -05:00 [DBG] Heartbeat ORACLEVAULT
2026-07-29 16:36:31.202 -05:00 [DBG] Heartbeat RISKWARDEN
2026-07-29 16:37:31.202 -05:00 [DBG] Heartbeat SYNAPSE
2026-07-29 16:37:31.202 -05:00 [DBG] Heartbeat TRADEWEAVER
2026-07-29 16:37:31.202 -05:00 [DBG] Heartbeat CASEBLADE
2026-07-29 16:37:31.202 -05:00 [DBG] Heartbeat PROX
2026-07-29 16:37:31.202 -05:00 [DBG] Heartbeat SENTINEL
2026-07-29 16:37:31.202 -05:00 [DBG] Heartbeat MARKETSCRYER
2026-07-29 16:37:31.202 -05:00 [DBG] Heartbeat SIGNALFORGE
2026-07-29 16:37:31.202 -05:00 [DBG] Heartbeat ORACLEVAULT
2026-07-29 16:37:31.202 -05:00 [DBG] Heartbeat RISKWARDEN
2026-07-29 16:38:31.201 -05:00 [DBG] Heartbeat SYNAPSE
2026-07-29 16:38:31.201 -05:00 [DBG] Heartbeat TRADEWEAVER
2026-07-29 16:38:31.201 -05:00 [DBG] Heartbeat CASEBLADE
2026-07-29 16:38:31.201 -05:00 [DBG] Heartbeat PROX
2026-07-29 16:38:31.201 -05:00 [DBG] Heartbeat SENTINEL
2026-07-29 16:38:31.201 -05:00 [DBG] Heartbeat MARKETSCRYER
2026-07-29 16:38:31.201 -05:00 [DBG] Heartbeat SIGNALFORGE
2026-07-29 16:38:31.201 -05:00 [DBG] Heartbeat ORACLEVAULT
2026-07-29 16:38:31.201 -05:00 [DBG] Heartbeat RISKWARDEN
2026-07-29 16:39:31.200 -05:00 [DBG] Heartbeat SYNAPSE
2026-07-29 16:39:31.200 -05:00 [DBG] Heartbeat TRADEWEAVER
2026-07-29 16:39:31.200 -05:00 [DBG] Heartbeat CASEBLADE
2026-07-29 16:39:31.200 -05:00 [DBG] Heartbeat PROX
2026-07-29 16:39:31.200 -05:00 [DBG] Heartbeat SENTINEL
2026-07-29 16:39:31.200 -05:00 [DBG] Heartbeat MARKETSCRYER
2026-07-29 16:39:31.200 -05:00 [DBG] Heartbeat SIGNALFORGE
2026-07-29 16:39:31.200 -05:00 [DBG] Heartbeat ORACLEVAULT
2026-07-29 16:39:31.200 -05:00 [DBG] Heartbeat RISKWARDEN
2026-07-29 16:40:31.199 -05:00 [DBG] Heartbeat SYNAPSE
2026-07-29 16:40:31.199 -05:00 [DBG] Heartbeat TRADEWEAVER
2026-07-29 16:40:31.199 -05:00 [DBG] Heartbeat CASEBLADE
2026-07-29 16:40:31.199 -05:00 [DBG] Heartbeat PROX
2026-07-29 16:40:31.199 -05:00 [DBG] Heartbeat SENTINEL
2026-07-29 16:40:31.199 -05:00 [DBG] Heartbeat MARKETSCRYER
2026-07-29 16:40:31.199 -05:00 [DBG] Heartbeat SIGNALFORGE
2026-07-29 16:40:31.199 -05:00 [DBG] Heartbeat ORACLEVAULT
2026-07-29 16:40:31.199 -05:00 [DBG] Heartbeat RISKWARDEN
2026-07-29 16:41:07.181 -05:00 [INF] PC health: C: 77.2% used, 10 recent errors
2026-07-29 16:41:31.199 -05:00 [DBG] Heartbeat SYNAPSE
2026-07-29 16:41:31.199 -05:00 [DBG] Heartbeat TRADEWEAVER
2026-07-29 16:41:31.199 -05:00 [DBG] Heartbeat CASEBLADE
2026-07-29 16:41:31.199 -05:00 [DBG] Heartbeat PROX
2026-07-29 16:41:31.199 -05:00 [DBG] Heartbeat SENTINEL
2026-07-29 16:41:31.199 -05:00 [DBG] Heartbeat MARKETSCRYER
2026-07-29 16:41:31.199 -05:00 [DBG] Heartbeat SIGNALFORGE
2026-07-29 16:41:31.199 -05:00 [DBG] Heartbeat ORACLEVAULT
2026-07-29 16:41:31.199 -05:00 [DBG] Heartbeat RISKWARDEN
2026-07-29 16:42:31.198 -05:00 [DBG] Heartbeat SYNAPSE
2026-07-29 16:42:31.198 -05:00 [DBG] Heartbeat TRADEWEAVER
2026-07-29 16:42:31.199 -05:00 [DBG] Heartbeat CASEBLADE
2026-07-29 16:42:31.199 -05:00 [DBG] Heartbeat PROX
2026-07-29 16:42:31.199 -05:00 [DBG] Heartbeat SENTINEL
2026-07-29 16:42:31.199 -05:00 [DBG] Heartbeat MARKETSCRYER
2026-07-29 16:42:31.199 -05:00 [DBG] Heartbeat SIGNALFORGE
2026-07-29 16:42:31.199 -05:00 [DBG] Heartbeat ORACLEVAULT
2026-07-29 16:42:31.199 -05:00 [DBG] Heartbeat RISKWARDEN
2026-07-29 16:43:31.197 -05:00 [DBG] Heartbeat SYNAPSE
2026-07-29 16:43:31.197 -05:00 [DBG] Heartbeat TRADEWEAVER
2026-07-29 16:43:31.197 -05:00 [DBG] Heartbeat CASEBLADE
2026-07-29 16:43:31.197 -05:00 [DBG] Heartbeat PROX
2026-07-29 16:43:31.197 -05:00 [DBG] Heartbeat SENTINEL
2026-07-29 16:43:31.197 -05:00 [DBG] Heartbeat MARKETSCRYER
2026-07-29 16:43:31.197 -05:00 [DBG] Heartbeat SIGNALFORGE
2026-07-29 16:43:31.197 -05:00 [DBG] Heartbeat ORACLEVAULT
2026-07-29 16:43:31.197 -05:00 [DBG] Heartbeat RISKWARDEN
2026-07-29 16:44:31.197 -05:00 [DBG] Heartbeat SYNAPSE
2026-07-29 16:44:31.197 -05:00 [DBG] Heartbeat TRADEWEAVER
2026-07-29 16:44:31.197 -05:00 [DBG] Heartbeat CASEBLADE
2026-07-29 16:44:31.197 -05:00 [DBG] Heartbeat PROX
2026-07-29 16:44:31.197 -05:00 [DBG] Heartbeat SENTINEL
2026-07-29 16:44:31.197 -05:00 [DBG] Heartbeat MARKETSCRYER
2026-07-29 16:44:31.197 -05:00 [DBG] Heartbeat SIGNALFORGE
2026-07-29 16:44:31.197 -05:00 [DBG] Heartbeat ORACLEVAULT
2026-07-29 16:44:31.197 -05:00 [DBG] Heartbeat RISKWARDEN
2026-07-29 16:45:31.197 -05:00 [DBG] Heartbeat SYNAPSE
2026-07-29 16:45:31.197 -05:00 [DBG] Heartbeat TRADEWEAVER
2026-07-29 16:45:31.197 -05:00 [DBG] Heartbeat CASEBLADE
2026-07-29 16:45:31.197 -05:00 [DBG] Heartbeat PROX
2026-07-29 16:45:31.197 -05:00 [DBG] Heartbeat SENTINEL
2026-07-29 16:45:31.197 -05:00 [DBG] Heartbeat MARKETSCRYER
2026-07-29 16:45:31.197 -05:00 [DBG] Heartbeat SIGNALFORGE
2026-07-29 16:45:31.197 -05:00 [DBG] Heartbeat ORACLEVAULT
2026-07-29 16:45:31.197 -05:00 [DBG] Heartbeat RISKWARDEN
2026-07-29 16:46:19.394 -05:00 [INF] PC health: C: 77.2% used, 10 recent errors
2026-07-29 16:46:31.198 -05:00 [DBG] Heartbeat SYNAPSE
2026-07-29 16:46:31.198 -05:00 [DBG] Heartbeat TRADEWEAVER
2026-07-29 16:46:31.198 -05:00 [DBG] Heartbeat CASEBLADE
2026-07-29 16:46:31.198 -05:00 [DBG] Heartbeat PROX
2026-07-29 16:46:31.198 -05:00 [DBG] Heartbeat SENTINEL
2026-07-29 16:46:31.198 -05:00 [DBG] Heartbeat MARKETSCRYER
2026-07-29 16:46:31.198 -05:00 [DBG] Heartbeat SIGNALFORGE
2026-07-29 16:46:31.198 -05:00 [DBG] Heartbeat ORACLEVAULT
2026-07-29 16:46:31.198 -05:00 [DBG] Heartbeat RISKWARDEN
2026-07-29 16:47:31.197 -05:00 [DBG] Heartbeat SYNAPSE
2026-07-29 16:47:31.197 -05:00 [DBG] Heartbeat TRADEWEAVER
2026-07-29 16:47:31.197 -05:00 [DBG] Heartbeat CASEBLADE
2026-07-29 16:47:31.197 -05:00 [DBG] Heartbeat PROX
2026-07-29 16:47:31.197 -05:00 [DBG] Heartbeat SENTINEL
2026-07-29 16:47:31.197 -05:00 [DBG] Heartbeat MARKETSCRYER
2026-07-29 16:47:31.197 -05:00 [DBG] Heartbeat SIGNALFORGE
2026-07-29 16:47:31.197 -05:00 [DBG] Heartbeat ORACLEVAULT
2026-07-29 16:47:31.197 -05:00 [DBG] Heartbeat RISKWARDEN
2026-07-29 16:48:31.196 -05:00 [DBG] Heartbeat SYNAPSE
2026-07-29 16:48:31.196 -05:00 [DBG] Heartbeat TRADEWEAVER
2026-07-29 16:48:31.196 -05:00 [DBG] Heartbeat CASEBLADE
2026-07-29 16:48:31.197 -05:00 [DBG] Heartbeat PROX
2026-07-29 16:48:31.197 -05:00 [DBG] Heartbeat SENTINEL
2026-07-29 16:48:31.197 -05:00 [DBG] Heartbeat MARKETSCRYER
2026-07-29 16:48:31.197 -05:00 [DBG] Heartbeat SIGNALFORGE
2026-07-29 16:48:31.197 -05:00 [DBG] Heartbeat ORACLEVAULT
2026-07-29 16:48:31.197 -05:00 [DBG] Heartbeat RISKWARDEN
2026-07-29 16:49:31.196 -05:00 [DBG] Heartbeat SYNAPSE
2026-07-29 16:49:31.196 -05:00 [DBG] Heartbeat TRADEWEAVER
2026-07-29 16:49:31.196 -05:00 [DBG] Heartbeat CASEBLADE
2026-07-29 16:49:31.196 -05:00 [DBG] Heartbeat PROX
2026-07-29 16:49:31.196 -05:00 [DBG] Heartbeat SENTINEL
2026-07-29 16:49:31.196 -05:00 [DBG] Heartbeat MARKETSCRYER
2026-07-29 16:49:31.196 -05:00 [DBG] Heartbeat SIGNALFORGE
2026-07-29 16:49:31.196 -05:00 [DBG] Heartbeat ORACLEVAULT
2026-07-29 16:49:31.196 -05:00 [DBG] Heartbeat RISKWARDEN
2026-07-29 16:50:31.195 -05:00 [DBG] Heartbeat SYNAPSE
2026-07-29 16:50:31.196 -05:00 [DBG] Heartbeat TRADEWEAVER
2026-07-29 16:50:31.196 -05:00 [DBG] Heartbeat CASEBLADE
2026-07-29 16:50:31.196 -05:00 [DBG] Heartbeat PROX
2026-07-29 16:50:31.196 -05:00 [DBG] Heartbeat SENTINEL
2026-07-29 16:50:31.196 -05:00 [DBG] Heartbeat MARKETSCRYER
2026-07-29 16:50:31.196 -05:00 [DBG] Heartbeat SIGNALFORGE
2026-07-29 16:50:31.196 -05:00 [DBG] Heartbeat ORACLEVAULT
2026-07-29 16:50:31.196 -05:00 [DBG] Heartbeat RISKWARDEN
2026-07-29 16:51:31.195 -05:00 [DBG] Heartbeat SYNAPSE
2026-07-29 16:51:31.195 -05:00 [DBG] Heartbeat TRADEWEAVER
2026-07-29 16:51:31.195 -05:00 [DBG] Heartbeat CASEBLADE
2026-07-29 16:51:31.195 -05:00 [DBG] Heartbeat PROX
2026-07-29 16:51:31.195 -05:00 [DBG] Heartbeat SENTINEL
2026-07-29 16:51:31.195 -05:00 [DBG] Heartbeat MARKETSCRYER
2026-07-29 16:51:31.195 -05:00 [DBG] Heartbeat SIGNALFORGE
2026-07-29 16:51:31.195 -05:00 [DBG] Heartbeat ORACLEVAULT
2026-07-29 16:51:31.195 -05:00 [DBG] Heartbeat RISKWARDEN
2026-07-29 16:51:31.632 -05:00 [INF] PC health: C: 77.2% used, 10 recent errors
2026-07-29 16:52:31.195 -05:00 [DBG] Heartbeat SYNAPSE
2026-07-29 16:52:31.195 -05:00 [DBG] Heartbeat TRADEWEAVER
2026-07-29 16:52:31.195 -05:00 [DBG] Heartbeat CASEBLADE
2026-07-29 16:52:31.195 -05:00 [DBG] Heartbeat PROX
2026-07-29 16:52:31.195 -05:00 [DBG] Heartbeat SENTINEL
2026-07-29 16:52:31.195 -05:00 [DBG] Heartbeat MARKETSCRYER
2026-07-29 16:52:31.195 -05:00 [DBG] Heartbeat SIGNALFORGE
2026-07-29 16:52:31.195 -05:00 [DBG] Heartbeat ORACLEVAULT
2026-07-29 16:52:31.195 -05:00 [DBG] Heartbeat RISKWARDEN
2026-07-29 16:53:31.195 -05:00 [DBG] Heartbeat SYNAPSE
2026-07-29 16:53:31.195 -05:00 [DBG] Heartbeat TRADEWEAVER
2026-07-29 16:53:31.195 -05:00 [DBG] Heartbeat CASEBLADE
2026-07-29 16:53:31.195 -05:00 [DBG] Heartbeat PROX
2026-07-29 16:53:31.195 -05:00 [DBG] Heartbeat SENTINEL
2026-07-29 16:53:31.195 -05:00 [DBG] Heartbeat MARKETSCRYER
2026-07-29 16:53:31.195 -05:00 [DBG] Heartbeat SIGNALFORGE
2026-07-29 16:53:31.195 -05:00 [DBG] Heartbeat ORACLEVAULT
2026-07-29 16:53:31.195 -05:00 [DBG] Heartbeat RISKWARDEN
2026-07-29 16:54:31.195 -05:00 [DBG] Heartbeat SYNAPSE
2026-07-29 16:54:31.195 -05:00 [DBG] Heartbeat TRADEWEAVER
2026-07-29 16:54:31.195 -05:00 [DBG] Heartbeat CASEBLADE
2026-07-29 16:54:31.195 -05:00 [DBG] Heartbeat PROX
2026-07-29 16:54:31.195 -05:00 [DBG] Heartbeat SENTINEL
2026-07-29 16:54:31.195 -05:00 [DBG] Heartbeat MARKETSCRYER
2026-07-29 16:54:31.195 -05:00 [DBG] Heartbeat SIGNALFORGE
2026-07-29 16:54:31.195 -05:00 [DBG] Heartbeat ORACLEVAULT
2026-07-29 16:54:31.195 -05:00 [DBG] Heartbeat RISKWARDEN
2026-07-29 16:55:31.195 -05:00 [DBG] Heartbeat SYNAPSE
2026-07-29 16:55:31.195 -05:00 [DBG] Heartbeat TRADEWEAVER
2026-07-29 16:55:31.195 -05:00 [DBG] Heartbeat CASEBLADE
2026-07-29 16:55:31.195 -05:00 [DBG] Heartbeat PROX
2026-07-29 16:55:31.195 -05:00 [DBG] Heartbeat SENTINEL
2026-07-29 16:55:31.195 -05:00 [DBG] Heartbeat MARKETSCRYER
2026-07-29 16:55:31.195 -05:00 [DBG] Heartbeat SIGNALFORGE
2026-07-29 16:55:31.195 -05:00 [DBG] Heartbeat ORACLEVAULT
2026-07-29 16:55:31.195 -05:00 [DBG] Heartbeat RISKWARDEN
2026-07-29 16:56:31.195 -05:00 [DBG] Heartbeat SYNAPSE
2026-07-29 16:56:31.195 -05:00 [DBG] Heartbeat TRADEWEAVER
2026-07-29 16:56:31.195 -05:00 [DBG] Heartbeat CASEBLADE
2026-07-29 16:56:31.195 -05:00 [DBG] Heartbeat PROX
2026-07-29 16:56:31.195 -05:00 [DBG] Heartbeat SENTINEL
2026-07-29 16:56:31.195 -05:00 [DBG] Heartbeat MARKETSCRYER
2026-07-29 16:56:31.195 -05:00 [DBG] Heartbeat SIGNALFORGE
2026-07-29 16:56:31.195 -05:00 [DBG] Heartbeat ORACLEVAULT
2026-07-29 16:56:31.195 -05:00 [DBG] Heartbeat RISKWARDEN
2026-07-29 16:56:43.923 -05:00 [INF] PC health: C: 77.2% used, 10 recent errors
2026-07-29 16:57:31.194 -05:00 [DBG] Heartbeat SYNAPSE
2026-07-29 16:57:31.194 -05:00 [DBG] Heartbeat TRADEWEAVER
2026-07-29 16:57:31.194 -05:00 [DBG] Heartbeat CASEBLADE
2026-07-29 16:57:31.194 -05:00 [DBG] Heartbeat PROX
2026-07-29 16:57:31.194 -05:00 [DBG] Heartbeat SENTINEL
2026-07-29 16:57:31.194 -05:00 [DBG] Heartbeat MARKETSCRYER
2026-07-29 16:57:31.194 -05:00 [DBG] Heartbeat SIGNALFORGE
2026-07-29 16:57:31.194 -05:00 [DBG] Heartbeat ORACLEVAULT
2026-07-29 16:57:31.194 -05:00 [DBG] Heartbeat RISKWARDEN
2026-07-29 16:58:31.193 -05:00 [DBG] Heartbeat SYNAPSE
2026-07-29 16:58:31.193 -05:00 [DBG] Heartbeat TRADEWEAVER
2026-07-29 16:58:31.193 -05:00 [DBG] Heartbeat CASEBLADE
2026-07-29 16:58:31.193 -05:00 [DBG] Heartbeat PROX
2026-07-29 16:58:31.193 -05:00 [DBG] Heartbeat SENTINEL
2026-07-29 16:58:31.193 -05:00 [DBG] Heartbeat MARKETSCRYER
2026-07-29 16:58:31.193 -05:00 [DBG] Heartbeat SIGNALFORGE
2026-07-29 16:58:31.193 -05:00 [DBG] Heartbeat ORACLEVAULT
2026-07-29 16:58:31.193 -05:00 [DBG] Heartbeat RISKWARDEN
2026-07-29 16:59:31.192 -05:00 [DBG] Heartbeat SYNAPSE
2026-07-29 16:59:31.192 -05:00 [DBG] Heartbeat TRADEWEAVER
2026-07-29 16:59:31.192 -05:00 [DBG] Heartbeat CASEBLADE
2026-07-29 16:59:31.192 -05:00 [DBG] Heartbeat PROX
2026-07-29 16:59:31.192 -05:00 [DBG] Heartbeat SENTINEL
2026-07-29 16:59:31.192 -05:00 [DBG] Heartbeat MARKETSCRYER
2026-07-29 16:59:31.192 -05:00 [DBG] Heartbeat SIGNALFORGE
2026-07-29 16:59:31.192 -05:00 [DBG] Heartbeat ORACLEVAULT
2026-07-29 16:59:31.192 -05:00 [DBG] Heartbeat RISKWARDEN
2026-07-29 17:00:31.191 -05:00 [DBG] Heartbeat SYNAPSE
2026-07-29 17:00:31.191 -05:00 [DBG] Heartbeat TRADEWEAVER
2026-07-29 17:00:31.191 -05:00 [DBG] Heartbeat CASEBLADE
2026-07-29 17:00:31.191 -05:00 [DBG] Heartbeat PROX
2026-07-29 17:00:31.191 -05:00 [DBG] Heartbeat SENTINEL
2026-07-29 17:00:31.191 -05:00 [DBG] Heartbeat MARKETSCRYER
2026-07-29 17:00:31.191 -05:00 [DBG] Heartbeat SIGNALFORGE
2026-07-29 17:00:31.191 -05:00 [DBG] Heartbeat ORACLEVAULT
2026-07-29 17:00:31.191 -05:00 [DBG] Heartbeat RISKWARDEN
2026-07-29 17:01:31.191 -05:00 [DBG] Heartbeat SYNAPSE
2026-07-29 17:01:31.191 -05:00 [DBG] Heartbeat TRADEWEAVER
2026-07-29 17:01:31.191 -05:00 [DBG] Heartbeat CASEBLADE
2026-07-29 17:01:31.191 -05:00 [DBG] Heartbeat PROX
2026-07-29 17:01:31.191 -05:00 [DBG] Heartbeat SENTINEL
2026-07-29 17:01:31.191 -05:00 [DBG] Heartbeat MARKETSCRYER
2026-07-29 17:01:31.191 -05:00 [DBG] Heartbeat SIGNALFORGE
2026-07-29 17:01:31.191 -05:00 [DBG] Heartbeat ORACLEVAULT
2026-07-29 17:01:31.191 -05:00 [DBG] Heartbeat RISKWARDEN
2026-07-29 17:01:56.273 -05:00 [INF] PC health: C: 77.2% used, 10 recent errors
2026-07-29 17:02:31.192 -05:00 [DBG] Heartbeat SYNAPSE
2026-07-29 17:02:31.192 -05:00 [DBG] Heartbeat TRADEWEAVER
2026-07-29 17:02:31.192 -05:00 [DBG] Heartbeat CASEBLADE
2026-07-29 17:02:31.192 -05:00 [DBG] Heartbeat PROX
2026-07-29 17:02:31.192 -05:00 [DBG] Heartbeat SENTINEL
2026-07-29 17:02:31.192 -05:00 [DBG] Heartbeat MARKETSCRYER
2026-07-29 17:02:31.192 -05:00 [DBG] Heartbeat SIGNALFORGE
2026-07-29 17:02:31.192 -05:00 [DBG] Heartbeat ORACLEVAULT
2026-07-29 17:02:31.192 -05:00 [DBG] Heartbeat RISKWARDEN
2026-07-29 17:03:31.191 -05:00 [DBG] Heartbeat SYNAPSE
2026-07-29 17:03:31.191 -05:00 [DBG] Heartbeat TRADEWEAVER
2026-07-29 17:03:31.191 -05:00 [DBG] Heartbeat CASEBLADE
2026-07-29 17:03:31.191 -05:00 [DBG] Heartbeat PROX
2026-07-29 17:03:31.191 -05:00 [DBG] Heartbeat SENTINEL
2026-07-29 17:03:31.191 -05:00 [DBG] Heartbeat MARKETSCRYER
2026-07-29 17:03:31.191 -05:00 [DBG] Heartbeat SIGNALFORGE
2026-07-29 17:03:31.191 -05:00 [DBG] Heartbeat ORACLEVAULT
2026-07-29 17:03:31.191 -05:00 [DBG] Heartbeat RISKWARDEN
2026-07-29 17:04:31.190 -05:00 [DBG] Heartbeat SYNAPSE
2026-07-29 17:04:31.190 -05:00 [DBG] Heartbeat TRADEWEAVER
2026-07-29 17:04:31.190 -05:00 [DBG] Heartbeat CASEBLADE
2026-07-29 17:04:31.190 -05:00 [DBG] Heartbeat PROX
2026-07-29 17:04:31.190 -05:00 [DBG] Heartbeat SENTINEL
2026-07-29 17:04:31.190 -05:00 [DBG] Heartbeat MARKETSCRYER
2026-07-29 17:04:31.190 -05:00 [DBG] Heartbeat SIGNALFORGE
2026-07-29 17:04:31.190 -05:00 [DBG] Heartbeat ORACLEVAULT
2026-07-29 17:04:31.190 -05:00 [DBG] Heartbeat RISKWARDEN
2026-07-29 17:05:31.190 -05:00 [DBG] Heartbeat SYNAPSE
2026-07-29 17:05:31.190 -05:00 [DBG] Heartbeat TRADEWEAVER
2026-07-29 17:05:31.190 -05:00 [DBG] Heartbeat CASEBLADE
2026-07-29 17:05:31.190 -05:00 [DBG] Heartbeat PROX
2026-07-29 17:05:31.190 -05:00 [DBG] Heartbeat SENTINEL
2026-07-29 17:05:31.190 -05:00 [DBG] Heartbeat MARKETSCRYER
2026-07-29 17:05:31.190 -05:00 [DBG] Heartbeat SIGNALFORGE
2026-07-29 17:05:31.190 -05:00 [DBG] Heartbeat ORACLEVAULT
2026-07-29 17:05:31.190 -05:00 [DBG] Heartbeat RISKWARDEN
2026-07-29 17:06:31.190 -05:00 [DBG] Heartbeat SYNAPSE
2026-07-29 17:06:31.190 -05:00 [DBG] Heartbeat TRADEWEAVER
2026-07-29 17:06:31.190 -05:00 [DBG] Heartbeat CASEBLADE
2026-07-29 17:06:31.190 -05:00 [DBG] Heartbeat PROX
2026-07-29 17:06:31.190 -05:00 [DBG] Heartbeat SENTINEL
2026-07-29 17:06:31.190 -05:00 [DBG] Heartbeat MARKETSCRYER
2026-07-29 17:06:31.190 -05:00 [DBG] Heartbeat SIGNALFORGE
2026-07-29 17:06:31.190 -05:00 [DBG] Heartbeat ORACLEVAULT
2026-07-29 17:06:31.190 -05:00 [DBG] Heartbeat RISKWARDEN
2026-07-29 17:07:08.595 -05:00 [INF] PC health: C: 77.2% used, 10 recent errors
2026-07-29 17:07:31.189 -05:00 [DBG] Heartbeat SYNAPSE
2026-07-29 17:07:31.189 -05:00 [DBG] Heartbeat TRADEWEAVER
2026-07-29 17:07:31.189 -05:00 [DBG] Heartbeat CASEBLADE
2026-07-29 17:07:31.189 -05:00 [DBG] Heartbeat PROX
2026-07-29 17:07:31.189 -05:00 [DBG] Heartbeat SENTINEL
2026-07-29 17:07:31.189 -05:00 [DBG] Heartbeat MARKETSCRYER
2026-07-29 17:07:31.189 -05:00 [DBG] Heartbeat SIGNALFORGE
2026-07-29 17:07:31.189 -05:00 [DBG] Heartbeat ORACLEVAULT
2026-07-29 17:07:31.189 -05:00 [DBG] Heartbeat RISKWARDEN
2026-07-29 17:08:31.189 -05:00 [DBG] Heartbeat SYNAPSE
2026-07-29 17:08:31.189 -05:00 [DBG] Heartbeat TRADEWEAVER
2026-07-29 17:08:31.189 -05:00 [DBG] Heartbeat CASEBLADE
2026-07-29 17:08:31.189 -05:00 [DBG] Heartbeat PROX
2026-07-29 17:08:31.189 -05:00 [DBG] Heartbeat SENTINEL
2026-07-29 17:08:31.189 -05:00 [DBG] Heartbeat MARKETSCRYER
2026-07-29 17:08:31.189 -05:00 [DBG] Heartbeat SIGNALFORGE
2026-07-29 17:08:31.189 -05:00 [DBG] Heartbeat ORACLEVAULT
2026-07-29 17:08:31.189 -05:00 [DBG] Heartbeat RISKWARDEN
2026-07-29 17:09:31.189 -05:00 [DBG] Heartbeat SYNAPSE
2026-07-29 17:09:31.189 -05:00 [DBG] Heartbeat TRADEWEAVER
2026-07-29 17:09:31.189 -05:00 [DBG] Heartbeat CASEBLADE
2026-07-29 17:09:31.189 -05:00 [DBG] Heartbeat PROX
2026-07-29 17:09:31.189 -05:00 [DBG] Heartbeat SENTINEL
2026-07-29 17:09:31.189 -05:00 [DBG] Heartbeat MARKETSCRYER
2026-07-29 17:09:31.189 -05:00 [DBG] Heartbeat SIGNALFORGE
2026-07-29 17:09:31.189 -05:00 [DBG] Heartbeat ORACLEVAULT
2026-07-29 17:09:31.189 -05:00 [DBG] Heartbeat RISKWARDEN
2026-07-29 17:10:31.189 -05:00 [DBG] Heartbeat SYNAPSE
2026-07-29 17:10:31.189 -05:00 [DBG] Heartbeat TRADEWEAVER
2026-07-29 17:10:31.189 -05:00 [DBG] Heartbeat CASEBLADE
2026-07-29 17:10:31.189 -05:00 [DBG] Heartbeat PROX
2026-07-29 17:10:31.189 -05:00 [DBG] Heartbeat SENTINEL
2026-07-29 17:10:31.189 -05:00 [DBG] Heartbeat MARKETSCRYER
2026-07-29 17:10:31.189 -05:00 [DBG] Heartbeat SIGNALFORGE
2026-07-29 17:10:31.189 -05:00 [DBG] Heartbeat ORACLEVAULT
2026-07-29 17:10:31.189 -05:00 [DBG] Heartbeat RISKWARDEN
2026-07-29 17:11:31.188 -05:00 [DBG] Heartbeat SYNAPSE
2026-07-29 17:11:31.189 -05:00 [DBG] Heartbeat TRADEWEAVER
2026-07-29 17:11:31.189 -05:00 [DBG] Heartbeat CASEBLADE
2026-07-29 17:11:31.189 -05:00 [DBG] Heartbeat PROX
2026-07-29 17:11:31.189 -05:00 [DBG] Heartbeat SENTINEL
2026-07-29 17:11:31.189 -05:00 [DBG] Heartbeat MARKETSCRYER
2026-07-29 17:11:31.189 -05:00 [DBG] Heartbeat SIGNALFORGE
2026-07-29 17:11:31.189 -05:00 [DBG] Heartbeat ORACLEVAULT
2026-07-29 17:11:31.189 -05:00 [DBG] Heartbeat RISKWARDEN
2026-07-29 17:12:20.914 -05:00 [INF] PC health: C: 77.2% used, 10 recent errors
2026-07-29 17:12:31.188 -05:00 [DBG] Heartbeat SYNAPSE
2026-07-29 17:12:31.188 -05:00 [DBG] Heartbeat TRADEWEAVER
2026-07-29 17:12:31.188 -05:00 [DBG] Heartbeat CASEBLADE
2026-07-29 17:12:31.188 -05:00 [DBG] Heartbeat PROX
2026-07-29 17:12:31.188 -05:00 [DBG] Heartbeat SENTINEL
2026-07-29 17:12:31.188 -05:00 [DBG] Heartbeat MARKETSCRYER
2026-07-29 17:12:31.188 -05:00 [DBG] Heartbeat SIGNALFORGE
2026-07-29 17:12:31.188 -05:00 [DBG] Heartbeat ORACLEVAULT
2026-07-29 17:12:31.188 -05:00 [DBG] Heartbeat RISKWARDEN
2026-07-29 17:13:31.188 -05:00 [DBG] Heartbeat SYNAPSE
2026-07-29 17:13:31.188 -05:00 [DBG] Heartbeat TRADEWEAVER
2026-07-29 17:13:31.188 -05:00 [DBG] Heartbeat CASEBLADE
2026-07-29 17:13:31.188 -05:00 [DBG] Heartbeat PROX
2026-07-29 17:13:31.188 -05:00 [DBG] Heartbeat SENTINEL
2026-07-29 17:13:31.188 -05:00 [DBG] Heartbeat MARKETSCRYER
2026-07-29 17:13:31.188 -05:00 [DBG] Heartbeat SIGNALFORGE
2026-07-29 17:13:31.188 -05:00 [DBG] Heartbeat ORACLEVAULT
2026-07-29 17:13:31.188 -05:00 [DBG] Heartbeat RISKWARDEN
2026-07-29 17:14:31.188 -05:00 [DBG] Heartbeat SYNAPSE
2026-07-29 17:14:31.188 -05:00 [DBG] Heartbeat TRADEWEAVER
2026-07-29 17:14:31.188 -05:00 [DBG] Heartbeat CASEBLADE
2026-07-29 17:14:31.188 -05:00 [DBG] Heartbeat PROX
2026-07-29 17:14:31.188 -05:00 [DBG] Heartbeat SENTINEL
2026-07-29 17:14:31.188 -05:00 [DBG] Heartbeat MARKETSCRYER
2026-07-29 17:14:31.188 -05:00 [DBG] Heartbeat SIGNALFORGE
2026-07-29 17:14:31.188 -05:00 [DBG] Heartbeat ORACLEVAULT
2026-07-29 17:14:31.188 -05:00 [DBG] Heartbeat RISKWARDEN
2026-07-29 17:15:31.187 -05:00 [DBG] Heartbeat SYNAPSE
2026-07-29 17:15:31.187 -05:00 [DBG] Heartbeat TRADEWEAVER
2026-07-29 17:15:31.187 -05:00 [DBG] Heartbeat CASEBLADE
2026-07-29 17:15:31.187 -05:00 [DBG] Heartbeat PROX
2026-07-29 17:15:31.187 -05:00 [DBG] Heartbeat SENTINEL
2026-07-29 17:15:31.187 -05:00 [DBG] Heartbeat MARKETSCRYER
2026-07-29 17:15:31.187 -05:00 [DBG] Heartbeat SIGNALFORGE
2026-07-29 17:15:31.187 -05:00 [DBG] Heartbeat ORACLEVAULT
2026-07-29 17:15:31.187 -05:00 [DBG] Heartbeat RISKWARDEN
2026-07-29 17:16:31.187 -05:00 [DBG] Heartbeat SYNAPSE
2026-07-29 17:16:31.187 -05:00 [DBG] Heartbeat TRADEWEAVER
2026-07-29 17:16:31.187 -05:00 [DBG] Heartbeat CASEBLADE
2026-07-29 17:16:31.187 -05:00 [DBG] Heartbeat PROX
2026-07-29 17:16:31.187 -05:00 [DBG] Heartbeat SENTINEL
2026-07-29 17:16:31.187 -05:00 [DBG] Heartbeat MARKETSCRYER
2026-07-29 17:16:31.187 -05:00 [DBG] Heartbeat SIGNALFORGE
2026-07-29 17:16:31.187 -05:00 [DBG] Heartbeat ORACLEVAULT
2026-07-29 17:16:31.187 -05:00 [DBG] Heartbeat RISKWARDEN
2026-07-29 17:17:31.187 -05:00 [DBG] Heartbeat SYNAPSE
2026-07-29 17:17:31.187 -05:00 [DBG] Heartbeat TRADEWEAVER
2026-07-29 17:17:31.187 -05:00 [DBG] Heartbeat CASEBLADE
2026-07-29 17:17:31.187 -05:00 [DBG] Heartbeat PROX
2026-07-29 17:17:31.187 -05:00 [DBG] Heartbeat SENTINEL
2026-07-29 17:17:31.187 -05:00 [DBG] Heartbeat MARKETSCRYER
2026-07-29 17:17:31.187 -05:00 [DBG] Heartbeat SIGNALFORGE
2026-07-29 17:17:31.187 -05:00 [DBG] Heartbeat ORACLEVAULT
2026-07-29 17:17:31.187 -05:00 [DBG] Heartbeat RISKWARDEN
2026-07-29 17:17:33.232 -05:00 [INF] PC health: C: 77.2% used, 10 recent errors
2026-07-29 17:18:31.187 -05:00 [DBG] Heartbeat SYNAPSE
2026-07-29 17:18:31.187 -05:00 [DBG] Heartbeat TRADEWEAVER
2026-07-29 17:18:31.187 -05:00 [DBG] Heartbeat CASEBLADE
2026-07-29 17:18:31.187 -05:00 [DBG] Heartbeat PROX
2026-07-29 17:18:31.187 -05:00 [DBG] Heartbeat SENTINEL
2026-07-29 17:18:31.187 -05:00 [DBG] Heartbeat MARKETSCRYER
2026-07-29 17:18:31.187 -05:00 [DBG] Heartbeat SIGNALFORGE
2026-07-29 17:18:31.187 -05:00 [DBG] Heartbeat ORACLEVAULT
2026-07-29 17:18:31.187 -05:00 [DBG] Heartbeat RISKWARDEN
2026-07-29 17:19:31.187 -05:00 [DBG] Heartbeat SYNAPSE
2026-07-29 17:19:31.187 -05:00 [DBG] Heartbeat TRADEWEAVER
2026-07-29 17:19:31.187 -05:00 [DBG] Heartbeat CASEBLADE
2026-07-29 17:19:31.187 -05:00 [DBG] Heartbeat PROX
2026-07-29 17:19:31.187 -05:00 [DBG] Heartbeat SENTINEL
2026-07-29 17:19:31.187 -05:00 [DBG] Heartbeat MARKETSCRYER
2026-07-29 17:19:31.187 -05:00 [DBG] Heartbeat SIGNALFORGE
2026-07-29 17:19:31.187 -05:00 [DBG] Heartbeat ORACLEVAULT
2026-07-29 17:19:31.187 -05:00 [DBG] Heartbeat RISKWARDEN
2026-07-29 17:20:31.187 -05:00 [DBG] Heartbeat SYNAPSE
2026-07-29 17:20:31.187 -05:00 [DBG] Heartbeat TRADEWEAVER
2026-07-29 17:20:31.187 -05:00 [DBG] Heartbeat CASEBLADE
2026-07-29 17:20:31.187 -05:00 [DBG] Heartbeat PROX
2026-07-29 17:20:31.187 -05:00 [DBG] Heartbeat SENTINEL
2026-07-29 17:20:31.187 -05:00 [DBG] Heartbeat MARKETSCRYER
2026-07-29 17:20:31.187 -05:00 [DBG] Heartbeat SIGNALFORGE
2026-07-29 17:20:31.187 -05:00 [DBG] Heartbeat ORACLEVAULT
2026-07-29 17:20:31.187 -05:00 [DBG] Heartbeat RISKWARDEN
2026-07-29 17:21:31.187 -05:00 [DBG] Heartbeat SYNAPSE
2026-07-29 17:21:31.187 -05:00 [DBG] Heartbeat TRADEWEAVER
2026-07-29 17:21:31.187 -05:00 [DBG] Heartbeat CASEBLADE
2026-07-29 17:21:31.187 -05:00 [DBG] Heartbeat PROX
2026-07-29 17:21:31.187 -05:00 [DBG] Heartbeat SENTINEL
2026-07-29 17:21:31.187 -05:00 [DBG] Heartbeat MARKETSCRYER
2026-07-29 17:21:31.187 -05:00 [DBG] Heartbeat SIGNALFORGE
2026-07-29 17:21:31.187 -05:00 [DBG] Heartbeat ORACLEVAULT
2026-07-29 17:21:31.187 -05:00 [DBG] Heartbeat RISKWARDEN
2026-07-29 17:22:31.186 -05:00 [DBG] Heartbeat SYNAPSE
2026-07-29 17:22:31.186 -05:00 [DBG] Heartbeat TRADEWEAVER
2026-07-29 17:22:31.186 -05:00 [DBG] Heartbeat CASEBLADE
2026-07-29 17:22:31.186 -05:00 [DBG] Heartbeat PROX
2026-07-29 17:22:31.186 -05:00 [DBG] Heartbeat SENTINEL
2026-07-29 17:22:31.186 -05:00 [DBG] Heartbeat MARKETSCRYER
2026-07-29 17:22:31.186 -05:00 [DBG] Heartbeat SIGNALFORGE
2026-07-29 17:22:31.186 -05:00 [DBG] Heartbeat ORACLEVAULT
2026-07-29 17:22:31.186 -05:00 [DBG] Heartbeat RISKWARDEN
2026-07-29 17:22:45.553 -05:00 [INF] PC health: C: 77.2% used, 10 recent errors
2026-07-29 17:23:31.186 -05:00 [DBG] Heartbeat SYNAPSE
2026-07-29 17:23:31.186 -05:00 [DBG] Heartbeat TRADEWEAVER
2026-07-29 17:23:31.186 -05:00 [DBG] Heartbeat CASEBLADE
2026-07-29 17:23:31.186 -05:00 [DBG] Heartbeat PROX
2026-07-29 17:23:31.186 -05:00 [DBG] Heartbeat SENTINEL
2026-07-29 17:23:31.186 -05:00 [DBG] Heartbeat MARKETSCRYER
2026-07-29 17:23:31.186 -05:00 [DBG] Heartbeat SIGNALFORGE
2026-07-29 17:23:31.186 -05:00 [DBG] Heartbeat ORACLEVAULT
2026-07-29 17:23:31.186 -05:00 [DBG] Heartbeat RISKWARDEN
2026-07-29 17:24:31.186 -05:00 [DBG] Heartbeat SYNAPSE
2026-07-29 17:24:31.186 -05:00 [DBG] Heartbeat TRADEWEAVER
2026-07-29 17:24:31.186 -05:00 [DBG] Heartbeat CASEBLADE
2026-07-29 17:24:31.186 -05:00 [DBG] Heartbeat PROX
2026-07-29 17:24:31.186 -05:00 [DBG] Heartbeat SENTINEL
2026-07-29 17:24:31.186 -05:00 [DBG] Heartbeat MARKETSCRYER
2026-07-29 17:24:31.186 -05:00 [DBG] Heartbeat SIGNALFORGE
2026-07-29 17:24:31.186 -05:00 [DBG] Heartbeat ORACLEVAULT
2026-07-29 17:24:31.186 -05:00 [DBG] Heartbeat RISKWARDEN
2026-07-29 17:25:31.187 -05:00 [DBG] Heartbeat SYNAPSE
2026-07-29 17:25:31.187 -05:00 [DBG] Heartbeat TRADEWEAVER
2026-07-29 17:25:31.187 -05:00 [DBG] Heartbeat CASEBLADE
2026-07-29 17:25:31.187 -05:00 [DBG] Heartbeat PROX
2026-07-29 17:25:31.187 -05:00 [DBG] Heartbeat SENTINEL
2026-07-29 17:25:31.187 -05:00 [DBG] Heartbeat MARKETSCRYER
2026-07-29 17:25:31.187 -05:00 [DBG] Heartbeat SIGNALFORGE
2026-07-29 17:25:31.187 -05:00 [DBG] Heartbeat ORACLEVAULT
2026-07-29 17:25:31.187 -05:00 [DBG] Heartbeat RISKWARDEN
2026-07-29 17:26:31.187 -05:00 [DBG] Heartbeat SYNAPSE
2026-07-29 17:26:31.187 -05:00 [DBG] Heartbeat TRADEWEAVER
2026-07-29 17:26:31.187 -05:00 [DBG] Heartbeat CASEBLADE
2026-07-29 17:26:31.187 -05:00 [DBG] Heartbeat PROX
2026-07-29 17:26:31.187 -05:00 [DBG] Heartbeat SENTINEL
2026-07-29 17:26:31.187 -05:00 [DBG] Heartbeat MARKETSCRYER
2026-07-29 17:26:31.187 -05:00 [DBG] Heartbeat SIGNALFORGE
2026-07-29 17:26:31.187 -05:00 [DBG] Heartbeat ORACLEVAULT
2026-07-29 17:26:31.187 -05:00 [DBG] Heartbeat RISKWARDEN
2026-07-29 17:27:31.186 -05:00 [DBG] Heartbeat SYNAPSE
2026-07-29 17:27:31.186 -05:00 [DBG] Heartbeat TRADEWEAVER
2026-07-29 17:27:31.186 -05:00 [DBG] Heartbeat CASEBLADE
2026-07-29 17:27:31.186 -05:00 [DBG] Heartbeat PROX
2026-07-29 17:27:31.186 -05:00 [DBG] Heartbeat SENTINEL
2026-07-29 17:27:31.186 -05:00 [DBG] Heartbeat MARKETSCRYER
2026-07-29 17:27:31.186 -05:00 [DBG] Heartbeat SIGNALFORGE
2026-07-29 17:27:31.186 -05:00 [DBG] Heartbeat ORACLEVAULT
2026-07-29 17:27:31.186 -05:00 [DBG] Heartbeat RISKWARDEN
2026-07-29 17:27:57.822 -05:00 [INF] PC health: C: 77.2% used, 10 recent errors
2026-07-29 17:28:31.187 -05:00 [DBG] Heartbeat SYNAPSE
2026-07-29 17:28:31.187 -05:00 [DBG] Heartbeat TRADEWEAVER
2026-07-29 17:28:31.187 -05:00 [DBG] Heartbeat CASEBLADE
2026-07-29 17:28:31.187 -05:00 [DBG] Heartbeat PROX
2026-07-29 17:28:31.187 -05:00 [DBG] Heartbeat SENTINEL
2026-07-29 17:28:31.187 -05:00 [DBG] Heartbeat MARKETSCRYER
2026-07-29 17:28:31.187 -05:00 [DBG] Heartbeat SIGNALFORGE
2026-07-29 17:28:31.187 -05:00 [DBG] Heartbeat ORACLEVAULT
2026-07-29 17:28:31.187 -05:00 [DBG] Heartbeat RISKWARDEN
2026-07-29 17:29:31.187 -05:00 [DBG] Heartbeat SYNAPSE
2026-07-29 17:29:31.187 -05:00 [DBG] Heartbeat TRADEWEAVER
2026-07-29 17:29:31.187 -05:00 [DBG] Heartbeat CASEBLADE
2026-07-29 17:29:31.187 -05:00 [DBG] Heartbeat PROX
2026-07-29 17:29:31.187 -05:00 [DBG] Heartbeat SENTINEL
2026-07-29 17:29:31.187 -05:00 [DBG] Heartbeat MARKETSCRYER
2026-07-29 17:29:31.187 -05:00 [DBG] Heartbeat SIGNALFORGE
2026-07-29 17:29:31.187 -05:00 [DBG] Heartbeat ORACLEVAULT
2026-07-29 17:29:31.187 -05:00 [DBG] Heartbeat RISKWARDEN
2026-07-29 17:30:31.187 -05:00 [DBG] Heartbeat SYNAPSE
2026-07-29 17:30:31.187 -05:00 [DBG] Heartbeat TRADEWEAVER
2026-07-29 17:30:31.187 -05:00 [DBG] Heartbeat CASEBLADE
2026-07-29 17:30:31.187 -05:00 [DBG] Heartbeat PROX
2026-07-29 17:30:31.187 -05:00 [DBG] Heartbeat SENTINEL
2026-07-29 17:30:31.187 -05:00 [DBG] Heartbeat MARKETSCRYER
2026-07-29 17:30:31.187 -05:00 [DBG] Heartbeat SIGNALFORGE
2026-07-29 17:30:31.187 -05:00 [DBG] Heartbeat ORACLEVAULT
2026-07-29 17:30:31.187 -05:00 [DBG] Heartbeat RISKWARDEN
2026-07-29 17:31:31.187 -05:00 [DBG] Heartbeat SYNAPSE
2026-07-29 17:31:31.187 -05:00 [DBG] Heartbeat TRADEWEAVER
2026-07-29 17:31:31.187 -05:00 [DBG] Heartbeat CASEBLADE
2026-07-29 17:31:31.187 -05:00 [DBG] Heartbeat PROX
2026-07-29 17:31:31.187 -05:00 [DBG] Heartbeat SENTINEL
2026-07-29 17:31:31.187 -05:00 [DBG] Heartbeat MARKETSCRYER
2026-07-29 17:31:31.187 -05:00 [DBG] Heartbeat SIGNALFORGE
2026-07-29 17:31:31.187 -05:00 [DBG] Heartbeat ORACLEVAULT
2026-07-29 17:31:31.187 -05:00 [DBG] Heartbeat RISKWARDEN
2026-07-29 17:32:31.187 -05:00 [DBG] Heartbeat SYNAPSE
2026-07-29 17:32:31.187 -05:00 [DBG] Heartbeat TRADEWEAVER
2026-07-29 17:32:31.187 -05:00 [DBG] Heartbeat CASEBLADE
2026-07-29 17:32:31.187 -05:00 [DBG] Heartbeat PROX
2026-07-29 17:32:31.187 -05:00 [DBG] Heartbeat SENTINEL
2026-07-29 17:32:31.187 -05:00 [DBG] Heartbeat MARKETSCRYER
2026-07-29 17:32:31.187 -05:00 [DBG] Heartbeat SIGNALFORGE
2026-07-29 17:32:31.187 -05:00 [DBG] Heartbeat ORACLEVAULT
2026-07-29 17:32:31.187 -05:00 [DBG] Heartbeat RISKWARDEN
2026-07-29 17:33:10.053 -05:00 [INF] PC health: C: 77.2% used, 10 recent errors
2026-07-29 17:33:31.187 -05:00 [DBG] Heartbeat SYNAPSE
2026-07-29 17:33:31.187 -05:00 [DBG] Heartbeat TRADEWEAVER
2026-07-29 17:33:31.187 -05:00 [DBG] Heartbeat CASEBLADE
2026-07-29 17:33:31.187 -05:00 [DBG] Heartbeat PROX
2026-07-29 17:33:31.187 -05:00 [DBG] Heartbeat SENTINEL
2026-07-29 17:33:31.187 -05:00 [DBG] Heartbeat MARKETSCRYER
2026-07-29 17:33:31.187 -05:00 [DBG] Heartbeat SIGNALFORGE
2026-07-29 17:33:31.187 -05:00 [DBG] Heartbeat ORACLEVAULT
2026-07-29 17:33:31.187 -05:00 [DBG] Heartbeat RISKWARDEN
2026-07-29 17:34:31.186 -05:00 [DBG] Heartbeat SYNAPSE
2026-07-29 17:34:31.187 -05:00 [DBG] Heartbeat TRADEWEAVER
2026-07-29 17:34:31.187 -05:00 [DBG] Heartbeat CASEBLADE
2026-07-29 17:34:31.187 -05:00 [DBG] Heartbeat PROX
2026-07-29 17:34:31.187 -05:00 [DBG] Heartbeat SENTINEL
2026-07-29 17:34:31.187 -05:00 [DBG] Heartbeat MARKETSCRYER
2026-07-29 17:34:31.187 -05:00 [DBG] Heartbeat SIGNALFORGE
2026-07-29 17:34:31.187 -05:00 [DBG] Heartbeat ORACLEVAULT
2026-07-29 17:34:31.187 -05:00 [DBG] Heartbeat RISKWARDEN
2026-07-29 17:35:31.187 -05:00 [DBG] Heartbeat SYNAPSE
2026-07-29 17:35:31.187 -05:00 [DBG] Heartbeat TRADEWEAVER
2026-07-29 17:35:31.187 -05:00 [DBG] Heartbeat CASEBLADE
2026-07-29 17:35:31.187 -05:00 [DBG] Heartbeat PROX
2026-07-29 17:35:31.187 -05:00 [DBG] Heartbeat SENTINEL
2026-07-29 17:35:31.187 -05:00 [DBG] Heartbeat MARKETSCRYER
2026-07-29 17:35:31.187 -05:00 [DBG] Heartbeat SIGNALFORGE
2026-07-29 17:35:31.187 -05:00 [DBG] Heartbeat ORACLEVAULT
2026-07-29 17:35:31.187 -05:00 [DBG] Heartbeat RISKWARDEN
2026-07-29 17:36:31.187 -05:00 [DBG] Heartbeat SYNAPSE
2026-07-29 17:36:31.187 -05:00 [DBG] Heartbeat TRADEWEAVER
2026-07-29 17:36:31.187 -05:00 [DBG] Heartbeat CASEBLADE
2026-07-29 17:36:31.187 -05:00 [DBG] Heartbeat PROX
2026-07-29 17:36:31.187 -05:00 [DBG] Heartbeat SENTINEL
2026-07-29 17:36:31.187 -05:00 [DBG] Heartbeat MARKETSCRYER
2026-07-29 17:36:31.187 -05:00 [DBG] Heartbeat SIGNALFORGE
2026-07-29 17:36:31.187 -05:00 [DBG] Heartbeat ORACLEVAULT
2026-07-29 17:36:31.187 -05:00 [DBG] Heartbeat RISKWARDEN
2026-07-29 17:37:31.188 -05:00 [DBG] Heartbeat SYNAPSE
2026-07-29 17:37:31.188 -05:00 [DBG] Heartbeat TRADEWEAVER
2026-07-29 17:37:31.188 -05:00 [DBG] Heartbeat CASEBLADE
2026-07-29 17:37:31.188 -05:00 [DBG] Heartbeat PROX
2026-07-29 17:37:31.188 -05:00 [DBG] Heartbeat SENTINEL
2026-07-29 17:37:31.188 -05:00 [DBG] Heartbeat MARKETSCRYER
2026-07-29 17:37:31.188 -05:00 [DBG] Heartbeat SIGNALFORGE
2026-07-29 17:37:31.188 -05:00 [DBG] Heartbeat ORACLEVAULT
2026-07-29 17:37:31.188 -05:00 [DBG] Heartbeat RISKWARDEN
2026-07-29 17:38:22.378 -05:00 [INF] PC health: C: 77.2% used, 10 recent errors
2026-07-29 17:38:31.187 -05:00 [DBG] Heartbeat SYNAPSE
2026-07-29 17:38:31.188 -05:00 [DBG] Heartbeat TRADEWEAVER
2026-07-29 17:38:31.188 -05:00 [DBG] Heartbeat CASEBLADE
2026-07-29 17:38:31.188 -05:00 [DBG] Heartbeat PROX
2026-07-29 17:38:31.188 -05:00 [DBG] Heartbeat SENTINEL
2026-07-29 17:38:31.188 -05:00 [DBG] Heartbeat MARKETSCRYER
2026-07-29 17:38:31.188 -05:00 [DBG] Heartbeat SIGNALFORGE
2026-07-29 17:38:31.188 -05:00 [DBG] Heartbeat ORACLEVAULT
2026-07-29 17:38:31.188 -05:00 [DBG] Heartbeat RISKWARDEN
2026-07-29 17:39:31.188 -05:00 [DBG] Heartbeat SYNAPSE
2026-07-29 17:39:31.188 -05:00 [DBG] Heartbeat TRADEWEAVER
2026-07-29 17:39:31.188 -05:00 [DBG] Heartbeat CASEBLADE
2026-07-29 17:39:31.189 -05:00 [DBG] Heartbeat PROX
2026-07-29 17:39:31.189 -05:00 [DBG] Heartbeat SENTINEL
2026-07-29 17:39:31.189 -05:00 [DBG] Heartbeat MARKETSCRYER
2026-07-29 17:39:31.189 -05:00 [DBG] Heartbeat SIGNALFORGE
2026-07-29 17:39:31.189 -05:00 [DBG] Heartbeat ORACLEVAULT
2026-07-29 17:39:31.189 -05:00 [DBG] Heartbeat RISKWARDEN
2026-07-29 17:40:31.188 -05:00 [DBG] Heartbeat SYNAPSE
2026-07-29 17:40:31.188 -05:00 [DBG] Heartbeat TRADEWEAVER
2026-07-29 17:40:31.188 -05:00 [DBG] Heartbeat CASEBLADE
2026-07-29 17:40:31.188 -05:00 [DBG] Heartbeat PROX
2026-07-29 17:40:31.188 -05:00 [DBG] Heartbeat SENTINEL
2026-07-29 17:40:31.188 -05:00 [DBG] Heartbeat MARKETSCRYER
2026-07-29 17:40:31.188 -05:00 [DBG] Heartbeat SIGNALFORGE
2026-07-29 17:40:31.188 -05:00 [DBG] Heartbeat ORACLEVAULT
2026-07-29 17:40:31.188 -05:00 [DBG] Heartbeat RISKWARDEN
2026-07-29 17:41:31.188 -05:00 [DBG] Heartbeat SYNAPSE
2026-07-29 17:41:31.188 -05:00 [DBG] Heartbeat TRADEWEAVER
2026-07-29 17:41:31.188 -05:00 [DBG] Heartbeat CASEBLADE
2026-07-29 17:41:31.188 -05:00 [DBG] Heartbeat PROX
2026-07-29 17:41:31.188 -05:00 [DBG] Heartbeat SENTINEL
2026-07-29 17:41:31.188 -05:00 [DBG] Heartbeat MARKETSCRYER
2026-07-29 17:41:31.188 -05:00 [DBG] Heartbeat SIGNALFORGE
2026-07-29 17:41:31.188 -05:00 [DBG] Heartbeat ORACLEVAULT
2026-07-29 17:41:31.188 -05:00 [DBG] Heartbeat RISKWARDEN
2026-07-29 17:42:31.189 -05:00 [DBG] Heartbeat SYNAPSE
2026-07-29 17:42:31.189 -05:00 [DBG] Heartbeat TRADEWEAVER
2026-07-29 17:42:31.189 -05:00 [DBG] Heartbeat CASEBLADE
2026-07-29 17:42:31.189 -05:00 [DBG] Heartbeat PROX
2026-07-29 17:42:31.189 -05:00 [DBG] Heartbeat SENTINEL
2026-07-29 17:42:31.189 -05:00 [DBG] Heartbeat MARKETSCRYER
2026-07-29 17:42:31.189 -05:00 [DBG] Heartbeat SIGNALFORGE
2026-07-29 17:42:31.189 -05:00 [DBG] Heartbeat ORACLEVAULT
2026-07-29 17:42:31.189 -05:00 [DBG] Heartbeat RISKWARDEN
2026-07-29 17:43:31.188 -05:00 [DBG] Heartbeat SYNAPSE
2026-07-29 17:43:31.188 -05:00 [DBG] Heartbeat TRADEWEAVER
2026-07-29 17:43:31.188 -05:00 [DBG] Heartbeat CASEBLADE
2026-07-29 17:43:31.188 -05:00 [DBG] Heartbeat PROX
2026-07-29 17:43:31.188 -05:00 [DBG] Heartbeat SENTINEL
2026-07-29 17:43:31.188 -05:00 [DBG] Heartbeat MARKETSCRYER
2026-07-29 17:43:31.188 -05:00 [DBG] Heartbeat SIGNALFORGE
2026-07-29 17:43:31.188 -05:00 [DBG] Heartbeat ORACLEVAULT
2026-07-29 17:43:31.188 -05:00 [DBG] Heartbeat RISKWARDEN
2026-07-29 17:43:34.793 -05:00 [INF] PC health: C: 77.2% used, 10 recent errors
2026-07-29 17:44:31.189 -05:00 [DBG] Heartbeat SYNAPSE
2026-07-29 17:44:31.189 -05:00 [DBG] Heartbeat TRADEWEAVER
2026-07-29 17:44:31.189 -05:00 [DBG] Heartbeat CASEBLADE
2026-07-29 17:44:31.189 -05:00 [DBG] Heartbeat PROX
2026-07-29 17:44:31.189 -05:00 [DBG] Heartbeat SENTINEL
2026-07-29 17:44:31.189 -05:00 [DBG] Heartbeat MARKETSCRYER
2026-07-29 17:44:31.189 -05:00 [DBG] Heartbeat SIGNALFORGE
2026-07-29 17:44:31.189 -05:00 [DBG] Heartbeat ORACLEVAULT
2026-07-29 17:44:31.189 -05:00 [DBG] Heartbeat RISKWARDEN
2026-07-29 17:45:31.189 -05:00 [DBG] Heartbeat SYNAPSE
2026-07-29 17:45:31.189 -05:00 [DBG] Heartbeat TRADEWEAVER
2026-07-29 17:45:31.189 -05:00 [DBG] Heartbeat CASEBLADE
2026-07-29 17:45:31.189 -05:00 [DBG] Heartbeat PROX
2026-07-29 17:45:31.189 -05:00 [DBG] Heartbeat SENTINEL
2026-07-29 17:45:31.189 -05:00 [DBG] Heartbeat MARKETSCRYER
2026-07-29 17:45:31.189 -05:00 [DBG] Heartbeat SIGNALFORGE
2026-07-29 17:45:31.189 -05:00 [DBG] Heartbeat ORACLEVAULT
2026-07-29 17:45:31.189 -05:00 [DBG] Heartbeat RISKWARDEN
2026-07-29 17:46:31.189 -05:00 [DBG] Heartbeat SYNAPSE
2026-07-29 17:46:31.189 -05:00 [DBG] Heartbeat TRADEWEAVER
2026-07-29 17:46:31.189 -05:00 [DBG] Heartbeat CASEBLADE
2026-07-29 17:46:31.189 -05:00 [DBG] Heartbeat PROX
2026-07-29 17:46:31.189 -05:00 [DBG] Heartbeat SENTINEL
2026-07-29 17:46:31.189 -05:00 [DBG] Heartbeat MARKETSCRYER
2026-07-29 17:46:31.189 -05:00 [DBG] Heartbeat SIGNALFORGE
2026-07-29 17:46:31.189 -05:00 [DBG] Heartbeat ORACLEVAULT
2026-07-29 17:46:31.189 -05:00 [DBG] Heartbeat RISKWARDEN
2026-07-29 17:47:31.190 -05:00 [DBG] Heartbeat SYNAPSE
2026-07-29 17:47:31.190 -05:00 [DBG] Heartbeat TRADEWEAVER
2026-07-29 17:47:31.190 -05:00 [DBG] Heartbeat CASEBLADE
2026-07-29 17:47:31.190 -05:00 [DBG] Heartbeat PROX
2026-07-29 17:47:31.190 -05:00 [DBG] Heartbeat SENTINEL
2026-07-29 17:47:31.190 -05:00 [DBG] Heartbeat MARKETSCRYER
2026-07-29 17:47:31.190 -05:00 [DBG] Heartbeat SIGNALFORGE
2026-07-29 17:47:31.190 -05:00 [DBG] Heartbeat ORACLEVAULT
2026-07-29 17:47:31.190 -05:00 [DBG] Heartbeat RISKWARDEN
2026-07-29 17:48:31.190 -05:00 [DBG] Heartbeat SYNAPSE
2026-07-29 17:48:31.190 -05:00 [DBG] Heartbeat TRADEWEAVER
2026-07-29 17:48:31.190 -05:00 [DBG] Heartbeat CASEBLADE
2026-07-29 17:48:31.190 -05:00 [DBG] Heartbeat PROX
2026-07-29 17:48:31.190 -05:00 [DBG] Heartbeat SENTINEL
2026-07-29 17:48:31.190 -05:00 [DBG] Heartbeat MARKETSCRYER
2026-07-29 17:48:31.190 -05:00 [DBG] Heartbeat SIGNALFORGE
2026-07-29 17:48:31.190 -05:00 [DBG] Heartbeat ORACLEVAULT
2026-07-29 17:48:31.190 -05:00 [DBG] Heartbeat RISKWARDEN
2026-07-29 17:48:47.081 -05:00 [INF] PC health: C: 77.2% used, 10 recent errors
2026-07-29 17:49:31.190 -05:00 [DBG] Heartbeat SYNAPSE
2026-07-29 17:49:31.190 -05:00 [DBG] Heartbeat TRADEWEAVER
2026-07-29 17:49:31.190 -05:00 [DBG] Heartbeat CASEBLADE
2026-07-29 17:49:31.190 -05:00 [DBG] Heartbeat PROX
2026-07-29 17:49:31.190 -05:00 [DBG] Heartbeat SENTINEL
2026-07-29 17:49:31.190 -05:00 [DBG] Heartbeat MARKETSCRYER
2026-07-29 17:49:31.190 -05:00 [DBG] Heartbeat SIGNALFORGE
2026-07-29 17:49:31.190 -05:00 [DBG] Heartbeat ORACLEVAULT
2026-07-29 17:49:31.190 -05:00 [DBG] Heartbeat RISKWARDEN
2026-07-29 17:50:31.189 -05:00 [DBG] Heartbeat SYNAPSE
2026-07-29 17:50:31.189 -05:00 [DBG] Heartbeat TRADEWEAVER
2026-07-29 17:50:31.190 -05:00 [DBG] Heartbeat CASEBLADE
2026-07-29 17:50:31.190 -05:00 [DBG] Heartbeat PROX
2026-07-29 17:50:31.190 -05:00 [DBG] Heartbeat SENTINEL
2026-07-29 17:50:31.190 -05:00 [DBG] Heartbeat MARKETSCRYER
2026-07-29 17:50:31.190 -05:00 [DBG] Heartbeat SIGNALFORGE
2026-07-29 17:50:31.190 -05:00 [DBG] Heartbeat ORACLEVAULT
2026-07-29 17:50:31.190 -05:00 [DBG] Heartbeat RISKWARDEN
2026-07-29 17:51:31.189 -05:00 [DBG] Heartbeat SYNAPSE
2026-07-29 17:51:31.189 -05:00 [DBG] Heartbeat TRADEWEAVER
2026-07-29 17:51:31.189 -05:00 [DBG] Heartbeat CASEBLADE
2026-07-29 17:51:31.189 -05:00 [DBG] Heartbeat PROX
2026-07-29 17:51:31.189 -05:00 [DBG] Heartbeat SENTINEL
2026-07-29 17:51:31.189 -05:00 [DBG] Heartbeat MARKETSCRYER
2026-07-29 17:51:31.189 -05:00 [DBG] Heartbeat SIGNALFORGE
2026-07-29 17:51:31.189 -05:00 [DBG] Heartbeat ORACLEVAULT
2026-07-29 17:51:31.189 -05:00 [DBG] Heartbeat RISKWARDEN
2026-07-29 17:52:31.190 -05:00 [DBG] Heartbeat SYNAPSE
2026-07-29 17:52:31.190 -05:00 [DBG] Heartbeat TRADEWEAVER
2026-07-29 17:52:31.190 -05:00 [DBG] Heartbeat CASEBLADE
2026-07-29 17:52:31.190 -05:00 [DBG] Heartbeat PROX
2026-07-29 17:52:31.190 -05:00 [DBG] Heartbeat SENTINEL
2026-07-29 17:52:31.190 -05:00 [DBG] Heartbeat MARKETSCRYER
2026-07-29 17:52:31.190 -05:00 [DBG] Heartbeat SIGNALFORGE
2026-07-29 17:52:31.190 -05:00 [DBG] Heartbeat ORACLEVAULT
2026-07-29 17:52:31.190 -05:00 [DBG] Heartbeat RISKWARDEN
2026-07-29 17:53:31.189 -05:00 [DBG] Heartbeat SYNAPSE
2026-07-29 17:53:31.189 -05:00 [DBG] Heartbeat TRADEWEAVER
2026-07-29 17:53:31.189 -05:00 [DBG] Heartbeat CASEBLADE
2026-07-29 17:53:31.189 -05:00 [DBG] Heartbeat PROX
2026-07-29 17:53:31.189 -05:00 [DBG] Heartbeat SENTINEL
2026-07-29 17:53:31.189 -05:00 [DBG] Heartbeat MARKETSCRYER
2026-07-29 17:53:31.189 -05:00 [DBG] Heartbeat SIGNALFORGE
2026-07-29 17:53:31.189 -05:00 [DBG] Heartbeat ORACLEVAULT
2026-07-29 17:53:31.189 -05:00 [DBG] Heartbeat RISKWARDEN
2026-07-29 17:53:59.399 -05:00 [INF] PC health: C: 77.2% used, 10 recent errors
2026-07-29 17:54:31.190 -05:00 [DBG] Heartbeat SYNAPSE
2026-07-29 17:54:31.190 -05:00 [DBG] Heartbeat TRADEWEAVER
2026-07-29 17:54:31.190 -05:00 [DBG] Heartbeat CASEBLADE
2026-07-29 17:54:31.190 -05:00 [DBG] Heartbeat PROX
2026-07-29 17:54:31.190 -05:00 [DBG] Heartbeat SENTINEL
2026-07-29 17:54:31.190 -05:00 [DBG] Heartbeat MARKETSCRYER
2026-07-29 17:54:31.190 -05:00 [DBG] Heartbeat SIGNALFORGE
2026-07-29 17:54:31.190 -05:00 [DBG] Heartbeat ORACLEVAULT
2026-07-29 17:54:31.190 -05:00 [DBG] Heartbeat RISKWARDEN
2026-07-29 17:55:31.191 -05:00 [DBG] Heartbeat SYNAPSE
2026-07-29 17:55:31.191 -05:00 [DBG] Heartbeat TRADEWEAVER
2026-07-29 17:55:31.191 -05:00 [DBG] Heartbeat CASEBLADE
2026-07-29 17:55:31.191 -05:00 [DBG] Heartbeat PROX
2026-07-29 17:55:31.191 -05:00 [DBG] Heartbeat SENTINEL
2026-07-29 17:55:31.191 -05:00 [DBG] Heartbeat MARKETSCRYER
2026-07-29 17:55:31.191 -05:00 [DBG] Heartbeat SIGNALFORGE
2026-07-29 17:55:31.191 -05:00 [DBG] Heartbeat ORACLEVAULT
2026-07-29 17:55:31.191 -05:00 [DBG] Heartbeat RISKWARDEN
2026-07-29 17:56:31.191 -05:00 [DBG] Heartbeat SYNAPSE
2026-07-29 17:56:31.191 -05:00 [DBG] Heartbeat TRADEWEAVER
2026-07-29 17:56:31.191 -05:00 [DBG] Heartbeat CASEBLADE
2026-07-29 17:56:31.191 -05:00 [DBG] Heartbeat PROX
2026-07-29 17:56:31.191 -05:00 [DBG] Heartbeat SENTINEL
2026-07-29 17:56:31.191 -05:00 [DBG] Heartbeat MARKETSCRYER
2026-07-29 17:56:31.191 -05:00 [DBG] Heartbeat SIGNALFORGE
2026-07-29 17:56:31.191 -05:00 [DBG] Heartbeat ORACLEVAULT
2026-07-29 17:56:31.191 -05:00 [DBG] Heartbeat RISKWARDEN
2026-07-29 17:57:31.191 -05:00 [DBG] Heartbeat SYNAPSE
2026-07-29 17:57:31.191 -05:00 [DBG] Heartbeat TRADEWEAVER
2026-07-29 17:57:31.191 -05:00 [DBG] Heartbeat CASEBLADE
2026-07-29 17:57:31.191 -05:00 [DBG] Heartbeat PROX
2026-07-29 17:57:31.191 -05:00 [DBG] Heartbeat SENTINEL
2026-07-29 17:57:31.191 -05:00 [DBG] Heartbeat MARKETSCRYER
2026-07-29 17:57:31.191 -05:00 [DBG] Heartbeat SIGNALFORGE
2026-07-29 17:57:31.191 -05:00 [DBG] Heartbeat ORACLEVAULT
2026-07-29 17:57:31.191 -05:00 [DBG] Heartbeat RISKWARDEN
2026-07-29 17:58:31.191 -05:00 [DBG] Heartbeat SYNAPSE
2026-07-29 17:58:31.191 -05:00 [DBG] Heartbeat TRADEWEAVER
2026-07-29 17:58:31.191 -05:00 [DBG] Heartbeat CASEBLADE
2026-07-29 17:58:31.191 -05:00 [DBG] Heartbeat PROX
2026-07-29 17:58:31.191 -05:00 [DBG] Heartbeat SENTINEL
2026-07-29 17:58:31.191 -05:00 [DBG] Heartbeat MARKETSCRYER
2026-07-29 17:58:31.191 -05:00 [DBG] Heartbeat SIGNALFORGE
2026-07-29 17:58:31.191 -05:00 [DBG] Heartbeat ORACLEVAULT
2026-07-29 17:58:31.191 -05:00 [DBG] Heartbeat RISKWARDEN
2026-07-29 17:59:11.734 -05:00 [INF] PC health: C: 77.2% used, 10 recent errors
2026-07-29 17:59:31.191 -05:00 [DBG] Heartbeat SYNAPSE
2026-07-29 17:59:31.191 -05:00 [DBG] Heartbeat TRADEWEAVER
2026-07-29 17:59:31.191 -05:00 [DBG] Heartbeat CASEBLADE
2026-07-29 17:59:31.191 -05:00 [DBG] Heartbeat PROX
2026-07-29 17:59:31.191 -05:00 [DBG] Heartbeat SENTINEL
2026-07-29 17:59:31.191 -05:00 [DBG] Heartbeat MARKETSCRYER
2026-07-29 17:59:31.191 -05:00 [DBG] Heartbeat SIGNALFORGE
2026-07-29 17:59:31.191 -05:00 [DBG] Heartbeat ORACLEVAULT
2026-07-29 17:59:31.191 -05:00 [DBG] Heartbeat RISKWARDEN
2026-07-29 18:00:31.191 -05:00 [DBG] Heartbeat SYNAPSE
2026-07-29 18:00:31.191 -05:00 [DBG] Heartbeat TRADEWEAVER
2026-07-29 18:00:31.191 -05:00 [DBG] Heartbeat CASEBLADE
2026-07-29 18:00:31.191 -05:00 [DBG] Heartbeat PROX
2026-07-29 18:00:31.191 -05:00 [DBG] Heartbeat SENTINEL
2026-07-29 18:00:31.191 -05:00 [DBG] Heartbeat MARKETSCRYER
2026-07-29 18:00:31.191 -05:00 [DBG] Heartbeat SIGNALFORGE
2026-07-29 18:00:31.191 -05:00 [DBG] Heartbeat ORACLEVAULT
2026-07-29 18:00:31.191 -05:00 [DBG] Heartbeat RISKWARDEN
2026-07-29 18:01:31.191 -05:00 [DBG] Heartbeat SYNAPSE
2026-07-29 18:01:31.191 -05:00 [DBG] Heartbeat TRADEWEAVER
2026-07-29 18:01:31.191 -05:00 [DBG] Heartbeat CASEBLADE
2026-07-29 18:01:31.191 -05:00 [DBG] Heartbeat PROX
2026-07-29 18:01:31.191 -05:00 [DBG] Heartbeat SENTINEL
2026-07-29 18:01:31.191 -05:00 [DBG] Heartbeat MARKETSCRYER
2026-07-29 18:01:31.191 -05:00 [DBG] Heartbeat SIGNALFORGE
2026-07-29 18:01:31.191 -05:00 [DBG] Heartbeat ORACLEVAULT
2026-07-29 18:01:31.191 -05:00 [DBG] Heartbeat RISKWARDEN
2026-07-29 18:02:31.191 -05:00 [DBG] Heartbeat SYNAPSE
2026-07-29 18:02:31.191 -05:00 [DBG] Heartbeat TRADEWEAVER
2026-07-29 18:02:31.191 -05:00 [DBG] Heartbeat CASEBLADE
2026-07-29 18:02:31.191 -05:00 [DBG] Heartbeat PROX
2026-07-29 18:02:31.191 -05:00 [DBG] Heartbeat SENTINEL
2026-07-29 18:02:31.191 -05:00 [DBG] Heartbeat MARKETSCRYER
2026-07-29 18:02:31.191 -05:00 [DBG] Heartbeat SIGNALFORGE
2026-07-29 18:02:31.191 -05:00 [DBG] Heartbeat ORACLEVAULT
2026-07-29 18:02:31.191 -05:00 [DBG] Heartbeat RISKWARDEN
2026-07-29 18:03:31.191 -05:00 [DBG] Heartbeat SYNAPSE
2026-07-29 18:03:31.191 -05:00 [DBG] Heartbeat TRADEWEAVER
2026-07-29 18:03:31.191 -05:00 [DBG] Heartbeat CASEBLADE
2026-07-29 18:03:31.191 -05:00 [DBG] Heartbeat PROX
2026-07-29 18:03:31.191 -05:00 [DBG] Heartbeat SENTINEL
2026-07-29 18:03:31.191 -05:00 [DBG] Heartbeat MARKETSCRYER
2026-07-29 18:03:31.191 -05:00 [DBG] Heartbeat SIGNALFORGE
2026-07-29 18:03:31.191 -05:00 [DBG] Heartbeat ORACLEVAULT
2026-07-29 18:03:31.191 -05:00 [DBG] Heartbeat RISKWARDEN
2026-07-29 18:04:24.099 -05:00 [INF] PC health: C: 77.3% used, 10 recent errors
2026-07-29 18:04:31.192 -05:00 [DBG] Heartbeat SYNAPSE
2026-07-29 18:04:31.192 -05:00 [DBG] Heartbeat TRADEWEAVER
2026-07-29 18:04:31.192 -05:00 [DBG] Heartbeat CASEBLADE
2026-07-29 18:04:31.192 -05:00 [DBG] Heartbeat PROX
2026-07-29 18:04:31.192 -05:00 [DBG] Heartbeat SENTINEL
2026-07-29 18:04:31.192 -05:00 [DBG] Heartbeat MARKETSCRYER
2026-07-29 18:04:31.192 -05:00 [DBG] Heartbeat SIGNALFORGE
2026-07-29 18:04:31.192 -05:00 [DBG] Heartbeat ORACLEVAULT
2026-07-29 18:04:31.192 -05:00 [DBG] Heartbeat RISKWARDEN
2026-07-29 18:05:31.192 -05:00 [DBG] Heartbeat SYNAPSE
2026-07-29 18:05:31.192 -05:00 [DBG] Heartbeat TRADEWEAVER
2026-07-29 18:05:31.192 -05:00 [DBG] Heartbeat CASEBLADE
2026-07-29 18:05:31.192 -05:00 [DBG] Heartbeat PROX
2026-07-29 18:05:31.192 -05:00 [DBG] Heartbeat SENTINEL
2026-07-29 18:05:31.192 -05:00 [DBG] Heartbeat MARKETSCRYER
2026-07-29 18:05:31.192 -05:00 [DBG] Heartbeat SIGNALFORGE
2026-07-29 18:05:31.192 -05:00 [DBG] Heartbeat ORACLEVAULT
2026-07-29 18:05:31.192 -05:00 [DBG] Heartbeat RISKWARDEN
2026-07-29 18:06:31.192 -05:00 [DBG] Heartbeat SYNAPSE
2026-07-29 18:06:31.192 -05:00 [DBG] Heartbeat TRADEWEAVER
2026-07-29 18:06:31.192 -05:00 [DBG] Heartbeat CASEBLADE
2026-07-29 18:06:31.192 -05:00 [DBG] Heartbeat PROX
2026-07-29 18:06:31.192 -05:00 [DBG] Heartbeat SENTINEL
2026-07-29 18:06:31.192 -05:00 [DBG] Heartbeat MARKETSCRYER
2026-07-29 18:06:31.192 -05:00 [DBG] Heartbeat SIGNALFORGE
2026-07-29 18:06:31.192 -05:00 [DBG] Heartbeat ORACLEVAULT
2026-07-29 18:06:31.192 -05:00 [DBG] Heartbeat RISKWARDEN
2026-07-29 18:07:31.192 -05:00 [DBG] Heartbeat SYNAPSE
2026-07-29 18:07:31.192 -05:00 [DBG] Heartbeat TRADEWEAVER
2026-07-29 18:07:31.192 -05:00 [DBG] Heartbeat CASEBLADE
2026-07-29 18:07:31.192 -05:00 [DBG] Heartbeat PROX
2026-07-29 18:07:31.192 -05:00 [DBG] Heartbeat SENTINEL
2026-07-29 18:07:31.192 -05:00 [DBG] Heartbeat MARKETSCRYER
2026-07-29 18:07:31.192 -05:00 [DBG] Heartbeat SIGNALFORGE
2026-07-29 18:07:31.192 -05:00 [DBG] Heartbeat ORACLEVAULT
2026-07-29 18:07:31.192 -05:00 [DBG] Heartbeat RISKWARDEN
2026-07-29 18:08:31.193 -05:00 [DBG] Heartbeat SYNAPSE
2026-07-29 18:08:31.193 -05:00 [DBG] Heartbeat TRADEWEAVER
2026-07-29 18:08:31.193 -05:00 [DBG] Heartbeat CASEBLADE
2026-07-29 18:08:31.193 -05:00 [DBG] Heartbeat PROX
2026-07-29 18:08:31.193 -05:00 [DBG] Heartbeat SENTINEL
2026-07-29 18:08:31.193 -05:00 [DBG] Heartbeat MARKETSCRYER
2026-07-29 18:08:31.193 -05:00 [DBG] Heartbeat SIGNALFORGE
2026-07-29 18:08:31.193 -05:00 [DBG] Heartbeat ORACLEVAULT
2026-07-29 18:08:31.193 -05:00 [DBG] Heartbeat RISKWARDEN
2026-07-29 18:09:31.194 -05:00 [DBG] Heartbeat SYNAPSE
2026-07-29 18:09:31.194 -05:00 [DBG] Heartbeat TRADEWEAVER
2026-07-29 18:09:31.194 -05:00 [DBG] Heartbeat CASEBLADE
2026-07-29 18:09:31.194 -05:00 [DBG] Heartbeat PROX
2026-07-29 18:09:31.194 -05:00 [DBG] Heartbeat SENTINEL
2026-07-29 18:09:31.194 -05:00 [DBG] Heartbeat MARKETSCRYER
2026-07-29 18:09:31.194 -05:00 [DBG] Heartbeat SIGNALFORGE
2026-07-29 18:09:31.194 -05:00 [DBG] Heartbeat ORACLEVAULT
2026-07-29 18:09:31.194 -05:00 [DBG] Heartbeat RISKWARDEN
2026-07-29 18:09:36.393 -05:00 [INF] PC health: C: 77.3% used, 10 recent errors
2026-07-29 18:10:31.194 -05:00 [DBG] Heartbeat SYNAPSE
2026-07-29 18:10:31.194 -05:00 [DBG] Heartbeat TRADEWEAVER
2026-07-29 18:10:31.194 -05:00 [DBG] Heartbeat CASEBLADE
2026-07-29 18:10:31.194 -05:00 [DBG] Heartbeat PROX
2026-07-29 18:10:31.194 -05:00 [DBG] Heartbeat SENTINEL
2026-07-29 18:10:31.194 -05:00 [DBG] Heartbeat MARKETSCRYER
2026-07-29 18:10:31.194 -05:00 [DBG] Heartbeat SIGNALFORGE
2026-07-29 18:10:31.194 -05:00 [DBG] Heartbeat ORACLEVAULT
2026-07-29 18:10:31.194 -05:00 [DBG] Heartbeat RISKWARDEN
2026-07-29 18:11:31.194 -05:00 [DBG] Heartbeat SYNAPSE
2026-07-29 18:11:31.194 -05:00 [DBG] Heartbeat TRADEWEAVER
2026-07-29 18:11:31.194 -05:00 [DBG] Heartbeat CASEBLADE
2026-07-29 18:11:31.194 -05:00 [DBG] Heartbeat PROX
2026-07-29 18:11:31.194 -05:00 [DBG] Heartbeat SENTINEL
2026-07-29 18:11:31.194 -05:00 [DBG] Heartbeat MARKETSCRYER
2026-07-29 18:11:31.194 -05:00 [DBG] Heartbeat SIGNALFORGE
2026-07-29 18:11:31.194 -05:00 [DBG] Heartbeat ORACLEVAULT
2026-07-29 18:11:31.194 -05:00 [DBG] Heartbeat RISKWARDEN
2026-07-29 18:12:31.194 -05:00 [DBG] Heartbeat SYNAPSE
2026-07-29 18:12:31.194 -05:00 [DBG] Heartbeat TRADEWEAVER
2026-07-29 18:12:31.194 -05:00 [DBG] Heartbeat CASEBLADE
2026-07-29 18:12:31.194 -05:00 [DBG] Heartbeat PROX
2026-07-29 18:12:31.194 -05:00 [DBG] Heartbeat SENTINEL
2026-07-29 18:12:31.194 -05:00 [DBG] Heartbeat MARKETSCRYER
2026-07-29 18:12:31.194 -05:00 [DBG] Heartbeat SIGNALFORGE
2026-07-29 18:12:31.194 -05:00 [DBG] Heartbeat ORACLEVAULT
2026-07-29 18:12:31.194 -05:00 [DBG] Heartbeat RISKWARDEN
2026-07-29 18:13:31.195 -05:00 [DBG] Heartbeat SYNAPSE
2026-07-29 18:13:31.195 -05:00 [DBG] Heartbeat TRADEWEAVER
2026-07-29 18:13:31.195 -05:00 [DBG] Heartbeat CASEBLADE
2026-07-29 18:13:31.195 -05:00 [DBG] Heartbeat PROX
2026-07-29 18:13:31.195 -05:00 [DBG] Heartbeat SENTINEL
2026-07-29 18:13:31.195 -05:00 [DBG] Heartbeat MARKETSCRYER
2026-07-29 18:13:31.195 -05:00 [DBG] Heartbeat SIGNALFORGE
2026-07-29 18:13:31.195 -05:00 [DBG] Heartbeat ORACLEVAULT
2026-07-29 18:13:31.195 -05:00 [DBG] Heartbeat RISKWARDEN
2026-07-29 18:14:31.195 -05:00 [DBG] Heartbeat SYNAPSE
2026-07-29 18:14:31.195 -05:00 [DBG] Heartbeat TRADEWEAVER
2026-07-29 18:14:31.195 -05:00 [DBG] Heartbeat CASEBLADE
2026-07-29 18:14:31.195 -05:00 [DBG] Heartbeat PROX
2026-07-29 18:14:31.195 -05:00 [DBG] Heartbeat SENTINEL
2026-07-29 18:14:31.195 -05:00 [DBG] Heartbeat MARKETSCRYER
2026-07-29 18:14:31.195 -05:00 [DBG] Heartbeat SIGNALFORGE
2026-07-29 18:14:31.196 -05:00 [DBG] Heartbeat ORACLEVAULT
2026-07-29 18:14:31.196 -05:00 [DBG] Heartbeat RISKWARDEN
2026-07-29 18:14:48.799 -05:00 [INF] PC health: C: 77.3% used, 10 recent errors
2026-07-29 18:15:31.196 -05:00 [DBG] Heartbeat SYNAPSE
2026-07-29 18:15:31.196 -05:00 [DBG] Heartbeat TRADEWEAVER
2026-07-29 18:15:31.196 -05:00 [DBG] Heartbeat CASEBLADE
2026-07-29 18:15:31.196 -05:00 [DBG] Heartbeat PROX
2026-07-29 18:15:31.196 -05:00 [DBG] Heartbeat SENTINEL
2026-07-29 18:15:31.196 -05:00 [DBG] Heartbeat MARKETSCRYER
2026-07-29 18:15:31.196 -05:00 [DBG] Heartbeat SIGNALFORGE
2026-07-29 18:15:31.196 -05:00 [DBG] Heartbeat ORACLEVAULT
2026-07-29 18:15:31.196 -05:00 [DBG] Heartbeat RISKWARDEN
2026-07-29 18:16:31.196 -05:00 [DBG] Heartbeat SYNAPSE
2026-07-29 18:16:31.196 -05:00 [DBG] Heartbeat TRADEWEAVER
2026-07-29 18:16:31.196 -05:00 [DBG] Heartbeat CASEBLADE
2026-07-29 18:16:31.196 -05:00 [DBG] Heartbeat PROX
2026-07-29 18:16:31.196 -05:00 [DBG] Heartbeat SENTINEL
2026-07-29 18:16:31.196 -05:00 [DBG] Heartbeat MARKETSCRYER
2026-07-29 18:16:31.196 -05:00 [DBG] Heartbeat SIGNALFORGE
2026-07-29 18:16:31.196 -05:00 [DBG] Heartbeat ORACLEVAULT
2026-07-29 18:16:31.196 -05:00 [DBG] Heartbeat RISKWARDEN
2026-07-29 18:17:31.195 -05:00 [DBG] Heartbeat SYNAPSE
2026-07-29 18:17:31.196 -05:00 [DBG] Heartbeat TRADEWEAVER
2026-07-29 18:17:31.196 -05:00 [DBG] Heartbeat CASEBLADE
2026-07-29 18:17:31.196 -05:00 [DBG] Heartbeat PROX
2026-07-29 18:17:31.196 -05:00 [DBG] Heartbeat SENTINEL
2026-07-29 18:17:31.196 -05:00 [DBG] Heartbeat MARKETSCRYER
2026-07-29 18:17:31.196 -05:00 [DBG] Heartbeat SIGNALFORGE
2026-07-29 18:17:31.196 -05:00 [DBG] Heartbeat ORACLEVAULT
2026-07-29 18:17:31.196 -05:00 [DBG] Heartbeat RISKWARDEN
2026-07-29 18:18:31.196 -05:00 [DBG] Heartbeat SYNAPSE
2026-07-29 18:18:31.196 -05:00 [DBG] Heartbeat TRADEWEAVER
2026-07-29 18:18:31.196 -05:00 [DBG] Heartbeat CASEBLADE
2026-07-29 18:18:31.196 -05:00 [DBG] Heartbeat PROX
2026-07-29 18:18:31.196 -05:00 [DBG] Heartbeat SENTINEL
2026-07-29 18:18:31.196 -05:00 [DBG] Heartbeat MARKETSCRYER
2026-07-29 18:18:31.196 -05:00 [DBG] Heartbeat SIGNALFORGE
2026-07-29 18:18:31.196 -05:00 [DBG] Heartbeat ORACLEVAULT
2026-07-29 18:18:31.196 -05:00 [DBG] Heartbeat RISKWARDEN
2026-07-29 18:19:31.196 -05:00 [DBG] Heartbeat SYNAPSE
2026-07-29 18:19:31.196 -05:00 [DBG] Heartbeat TRADEWEAVER
2026-07-29 18:19:31.196 -05:00 [DBG] Heartbeat CASEBLADE
2026-07-29 18:19:31.196 -05:00 [DBG] Heartbeat PROX
2026-07-29 18:19:31.196 -05:00 [DBG] Heartbeat SENTINEL
2026-07-29 18:19:31.196 -05:00 [DBG] Heartbeat MARKETSCRYER
2026-07-29 18:19:31.196 -05:00 [DBG] Heartbeat SIGNALFORGE
2026-07-29 18:19:31.196 -05:00 [DBG] Heartbeat ORACLEVAULT
2026-07-29 18:19:31.196 -05:00 [DBG] Heartbeat RISKWARDEN
2026-07-29 18:20:00.989 -05:00 [INF] PC health: C: 77.3% used, 10 recent errors
2026-07-29 18:20:31.196 -05:00 [DBG] Heartbeat SYNAPSE
2026-07-29 18:20:31.196 -05:00 [DBG] Heartbeat TRADEWEAVER
2026-07-29 18:20:31.196 -05:00 [DBG] Heartbeat CASEBLADE
2026-07-29 18:20:31.196 -05:00 [DBG] Heartbeat PROX
2026-07-29 18:20:31.196 -05:00 [DBG] Heartbeat SENTINEL
2026-07-29 18:20:31.196 -05:00 [DBG] Heartbeat MARKETSCRYER
2026-07-29 18:20:31.196 -05:00 [DBG] Heartbeat SIGNALFORGE
2026-07-29 18:20:31.196 -05:00 [DBG] Heartbeat ORACLEVAULT
2026-07-29 18:20:31.196 -05:00 [DBG] Heartbeat RISKWARDEN
2026-07-29 18:21:31.196 -05:00 [DBG] Heartbeat SYNAPSE
2026-07-29 18:21:31.196 -05:00 [DBG] Heartbeat TRADEWEAVER
2026-07-29 18:21:31.196 -05:00 [DBG] Heartbeat CASEBLADE
2026-07-29 18:21:31.196 -05:00 [DBG] Heartbeat PROX
2026-07-29 18:21:31.196 -05:00 [DBG] Heartbeat SENTINEL
2026-07-29 18:21:31.196 -05:00 [DBG] Heartbeat MARKETSCRYER
2026-07-29 18:21:31.196 -05:00 [DBG] Heartbeat SIGNALFORGE
2026-07-29 18:21:31.196 -05:00 [DBG] Heartbeat ORACLEVAULT
2026-07-29 18:21:31.196 -05:00 [DBG] Heartbeat RISKWARDEN
2026-07-29 18:22:31.196 -05:00 [DBG] Heartbeat SYNAPSE
2026-07-29 18:22:31.196 -05:00 [DBG] Heartbeat TRADEWEAVER
2026-07-29 18:22:31.196 -05:00 [DBG] Heartbeat CASEBLADE
2026-07-29 18:22:31.196 -05:00 [DBG] Heartbeat PROX
2026-07-29 18:22:31.196 -05:00 [DBG] Heartbeat SENTINEL
2026-07-29 18:22:31.196 -05:00 [DBG] Heartbeat MARKETSCRYER
2026-07-29 18:22:31.196 -05:00 [DBG] Heartbeat SIGNALFORGE
2026-07-29 18:22:31.196 -05:00 [DBG] Heartbeat ORACLEVAULT
2026-07-29 18:22:31.196 -05:00 [DBG] Heartbeat RISKWARDEN
2026-07-29 18:23:31.196 -05:00 [DBG] Heartbeat SYNAPSE
2026-07-29 18:23:31.196 -05:00 [DBG] Heartbeat TRADEWEAVER
2026-07-29 18:23:31.196 -05:00 [DBG] Heartbeat CASEBLADE
2026-07-29 18:23:31.196 -05:00 [DBG] Heartbeat PROX
2026-07-29 18:23:31.196 -05:00 [DBG] Heartbeat SENTINEL
2026-07-29 18:23:31.196 -05:00 [DBG] Heartbeat MARKETSCRYER
2026-07-29 18:23:31.196 -05:00 [DBG] Heartbeat SIGNALFORGE
2026-07-29 18:23:31.196 -05:00 [DBG] Heartbeat ORACLEVAULT
2026-07-29 18:23:31.196 -05:00 [DBG] Heartbeat RISKWARDEN
2026-07-29 18:24:31.196 -05:00 [DBG] Heartbeat SYNAPSE
2026-07-29 18:24:31.196 -05:00 [DBG] Heartbeat TRADEWEAVER
2026-07-29 18:24:31.196 -05:00 [DBG] Heartbeat CASEBLADE
2026-07-29 18:24:31.196 -05:00 [DBG] Heartbeat PROX
2026-07-29 18:24:31.196 -05:00 [DBG] Heartbeat SENTINEL
2026-07-29 18:24:31.196 -05:00 [DBG] Heartbeat MARKETSCRYER
2026-07-29 18:24:31.196 -05:00 [DBG] Heartbeat SIGNALFORGE
2026-07-29 18:24:31.196 -05:00 [DBG] Heartbeat ORACLEVAULT
2026-07-29 18:24:31.196 -05:00 [DBG] Heartbeat RISKWARDEN
2026-07-29 18:25:13.195 -05:00 [INF] PC health: C: 77.3% used, 10 recent errors
2026-07-29 18:25:31.196 -05:00 [DBG] Heartbeat SYNAPSE
2026-07-29 18:25:31.196 -05:00 [DBG] Heartbeat TRADEWEAVER
2026-07-29 18:25:31.196 -05:00 [DBG] Heartbeat CASEBLADE
2026-07-29 18:25:31.196 -05:00 [DBG] Heartbeat PROX
2026-07-29 18:25:31.196 -05:00 [DBG] Heartbeat SENTINEL
2026-07-29 18:25:31.196 -05:00 [DBG] Heartbeat MARKETSCRYER
2026-07-29 18:25:31.196 -05:00 [DBG] Heartbeat SIGNALFORGE
2026-07-29 18:25:31.196 -05:00 [DBG] Heartbeat ORACLEVAULT
2026-07-29 18:25:31.196 -05:00 [DBG] Heartbeat RISKWARDEN
2026-07-29 18:26:31.196 -05:00 [DBG] Heartbeat SYNAPSE
2026-07-29 18:26:31.196 -05:00 [DBG] Heartbeat TRADEWEAVER
2026-07-29 18:26:31.196 -05:00 [DBG] Heartbeat CASEBLADE
2026-07-29 18:26:31.196 -05:00 [DBG] Heartbeat PROX
2026-07-29 18:26:31.196 -05:00 [DBG] Heartbeat SENTINEL
2026-07-29 18:26:31.196 -05:00 [DBG] Heartbeat MARKETSCRYER
2026-07-29 18:26:31.196 -05:00 [DBG] Heartbeat SIGNALFORGE
2026-07-29 18:26:31.196 -05:00 [DBG] Heartbeat ORACLEVAULT
2026-07-29 18:26:31.196 -05:00 [DBG] Heartbeat RISKWARDEN
2026-07-29 18:27:31.197 -05:00 [DBG] Heartbeat SYNAPSE
2026-07-29 18:27:31.197 -05:00 [DBG] Heartbeat TRADEWEAVER
2026-07-29 18:27:31.197 -05:00 [DBG] Heartbeat CASEBLADE
2026-07-29 18:27:31.197 -05:00 [DBG] Heartbeat PROX
2026-07-29 18:27:31.197 -05:00 [DBG] Heartbeat SENTINEL
2026-07-29 18:27:31.197 -05:00 [DBG] Heartbeat MARKETSCRYER
2026-07-29 18:27:31.197 -05:00 [DBG] Heartbeat SIGNALFORGE
2026-07-29 18:27:31.197 -05:00 [DBG] Heartbeat ORACLEVAULT
2026-07-29 18:27:31.197 -05:00 [DBG] Heartbeat RISKWARDEN
2026-07-29 18:28:31.197 -05:00 [DBG] Heartbeat SYNAPSE
2026-07-29 18:28:31.197 -05:00 [DBG] Heartbeat TRADEWEAVER
2026-07-29 18:28:31.197 -05:00 [DBG] Heartbeat CASEBLADE
2026-07-29 18:28:31.197 -05:00 [DBG] Heartbeat PROX
2026-07-29 18:28:31.197 -05:00 [DBG] Heartbeat SENTINEL
2026-07-29 18:28:31.197 -05:00 [DBG] Heartbeat MARKETSCRYER
2026-07-29 18:28:31.197 -05:00 [DBG] Heartbeat SIGNALFORGE
2026-07-29 18:28:31.197 -05:00 [DBG] Heartbeat ORACLEVAULT
2026-07-29 18:28:31.197 -05:00 [DBG] Heartbeat RISKWARDEN
2026-07-29 18:29:31.197 -05:00 [DBG] Heartbeat SYNAPSE
2026-07-29 18:29:31.197 -05:00 [DBG] Heartbeat TRADEWEAVER
2026-07-29 18:29:31.197 -05:00 [DBG] Heartbeat CASEBLADE
2026-07-29 18:29:31.197 -05:00 [DBG] Heartbeat PROX
2026-07-29 18:29:31.197 -05:00 [DBG] Heartbeat SENTINEL
2026-07-29 18:29:31.197 -05:00 [DBG] Heartbeat MARKETSCRYER
2026-07-29 18:29:31.197 -05:00 [DBG] Heartbeat SIGNALFORGE
2026-07-29 18:29:31.197 -05:00 [DBG] Heartbeat ORACLEVAULT
2026-07-29 18:29:31.197 -05:00 [DBG] Heartbeat RISKWARDEN
2026-07-29 18:30:25.446 -05:00 [INF] PC health: C: 77.3% used, 10 recent errors
2026-07-29 18:30:31.196 -05:00 [DBG] Heartbeat SYNAPSE
2026-07-29 18:30:31.196 -05:00 [DBG] Heartbeat TRADEWEAVER
2026-07-29 18:30:31.196 -05:00 [DBG] Heartbeat CASEBLADE
2026-07-29 18:30:31.196 -05:00 [DBG] Heartbeat PROX
2026-07-29 18:30:31.196 -05:00 [DBG] Heartbeat SENTINEL
2026-07-29 18:30:31.196 -05:00 [DBG] Heartbeat MARKETSCRYER
2026-07-29 18:30:31.196 -05:00 [DBG] Heartbeat SIGNALFORGE
2026-07-29 18:30:31.196 -05:00 [DBG] Heartbeat ORACLEVAULT
2026-07-29 18:30:31.196 -05:00 [DBG] Heartbeat RISKWARDEN
2026-07-29 18:31:31.197 -05:00 [DBG] Heartbeat SYNAPSE
2026-07-29 18:31:31.197 -05:00 [DBG] Heartbeat TRADEWEAVER
2026-07-29 18:31:31.197 -05:00 [DBG] Heartbeat CASEBLADE
2026-07-29 18:31:31.197 -05:00 [DBG] Heartbeat PROX
2026-07-29 18:31:31.197 -05:00 [DBG] Heartbeat SENTINEL
2026-07-29 18:31:31.197 -05:00 [DBG] Heartbeat MARKETSCRYER
2026-07-29 18:31:31.197 -05:00 [DBG] Heartbeat SIGNALFORGE
2026-07-29 18:31:31.197 -05:00 [DBG] Heartbeat ORACLEVAULT
2026-07-29 18:31:31.197 -05:00 [DBG] Heartbeat RISKWARDEN
2026-07-29 18:32:31.197 -05:00 [DBG] Heartbeat SYNAPSE
2026-07-29 18:32:31.197 -05:00 [DBG] Heartbeat TRADEWEAVER
2026-07-29 18:32:31.197 -05:00 [DBG] Heartbeat CASEBLADE
2026-07-29 18:32:31.197 -05:00 [DBG] Heartbeat PROX
2026-07-29 18:32:31.197 -05:00 [DBG] Heartbeat SENTINEL
2026-07-29 18:32:31.197 -05:00 [DBG] Heartbeat MARKETSCRYER
2026-07-29 18:32:31.197 -05:00 [DBG] Heartbeat SIGNALFORGE
2026-07-29 18:32:31.197 -05:00 [DBG] Heartbeat ORACLEVAULT
2026-07-29 18:32:31.197 -05:00 [DBG] Heartbeat RISKWARDEN
2026-07-29 18:33:31.197 -05:00 [DBG] Heartbeat SYNAPSE
2026-07-29 18:33:31.197 -05:00 [DBG] Heartbeat TRADEWEAVER
2026-07-29 18:33:31.197 -05:00 [DBG] Heartbeat CASEBLADE
2026-07-29 18:33:31.197 -05:00 [DBG] Heartbeat PROX
2026-07-29 18:33:31.197 -05:00 [DBG] Heartbeat SENTINEL
2026-07-29 18:33:31.197 -05:00 [DBG] Heartbeat MARKETSCRYER
2026-07-29 18:33:31.197 -05:00 [DBG] Heartbeat SIGNALFORGE
2026-07-29 18:33:31.197 -05:00 [DBG] Heartbeat ORACLEVAULT
2026-07-29 18:33:31.197 -05:00 [DBG] Heartbeat RISKWARDEN
2026-07-29 18:34:31.197 -05:00 [DBG] Heartbeat SYNAPSE
2026-07-29 18:34:31.197 -05:00 [DBG] Heartbeat TRADEWEAVER
2026-07-29 18:34:31.197 -05:00 [DBG] Heartbeat CASEBLADE
2026-07-29 18:34:31.197 -05:00 [DBG] Heartbeat PROX
2026-07-29 18:34:31.197 -05:00 [DBG] Heartbeat SENTINEL
2026-07-29 18:34:31.197 -05:00 [DBG] Heartbeat MARKETSCRYER
2026-07-29 18:34:31.197 -05:00 [DBG] Heartbeat SIGNALFORGE
2026-07-29 18:34:31.197 -05:00 [DBG] Heartbeat ORACLEVAULT
2026-07-29 18:34:31.197 -05:00 [DBG] Heartbeat RISKWARDEN
2026-07-29 18:35:31.197 -05:00 [DBG] Heartbeat SYNAPSE
2026-07-29 18:35:31.197 -05:00 [DBG] Heartbeat TRADEWEAVER
2026-07-29 18:35:31.197 -05:00 [DBG] Heartbeat CASEBLADE
2026-07-29 18:35:31.197 -05:00 [DBG] Heartbeat PROX
2026-07-29 18:35:31.197 -05:00 [DBG] Heartbeat SENTINEL
2026-07-29 18:35:31.197 -05:00 [DBG] Heartbeat MARKETSCRYER
2026-07-29 18:35:31.197 -05:00 [DBG] Heartbeat SIGNALFORGE
2026-07-29 18:35:31.197 -05:00 [DBG] Heartbeat ORACLEVAULT
2026-07-29 18:35:31.197 -05:00 [DBG] Heartbeat RISKWARDEN
2026-07-29 18:35:37.814 -05:00 [INF] PC health: C: 77.3% used, 10 recent errors
2026-07-29 18:36:31.197 -05:00 [DBG] Heartbeat SYNAPSE
2026-07-29 18:36:31.197 -05:00 [DBG] Heartbeat TRADEWEAVER
2026-07-29 18:36:31.197 -05:00 [DBG] Heartbeat CASEBLADE
2026-07-29 18:36:31.197 -05:00 [DBG] Heartbeat PROX
2026-07-29 18:36:31.197 -05:00 [DBG] Heartbeat SENTINEL
2026-07-29 18:36:31.197 -05:00 [DBG] Heartbeat MARKETSCRYER
2026-07-29 18:36:31.197 -05:00 [DBG] Heartbeat SIGNALFORGE
2026-07-29 18:36:31.197 -05:00 [DBG] Heartbeat ORACLEVAULT
2026-07-29 18:36:31.197 -05:00 [DBG] Heartbeat RISKWARDEN
2026-07-29 18:37:31.197 -05:00 [DBG] Heartbeat SYNAPSE
2026-07-29 18:37:31.198 -05:00 [DBG] Heartbeat TRADEWEAVER
2026-07-29 18:37:31.198 -05:00 [DBG] Heartbeat CASEBLADE
2026-07-29 18:37:31.198 -05:00 [DBG] Heartbeat PROX
2026-07-29 18:37:31.198 -05:00 [DBG] Heartbeat SENTINEL
2026-07-29 18:37:31.198 -05:00 [DBG] Heartbeat MARKETSCRYER
2026-07-29 18:37:31.198 -05:00 [DBG] Heartbeat SIGNALFORGE
2026-07-29 18:37:31.198 -05:00 [DBG] Heartbeat ORACLEVAULT
2026-07-29 18:37:31.198 -05:00 [DBG] Heartbeat RISKWARDEN
2026-07-29 18:38:31.198 -05:00 [DBG] Heartbeat SYNAPSE
2026-07-29 18:38:31.198 -05:00 [DBG] Heartbeat TRADEWEAVER
2026-07-29 18:38:31.198 -05:00 [DBG] Heartbeat CASEBLADE
2026-07-29 18:38:31.198 -05:00 [DBG] Heartbeat PROX
2026-07-29 18:38:31.198 -05:00 [DBG] Heartbeat SENTINEL
2026-07-29 18:38:31.198 -05:00 [DBG] Heartbeat MARKETSCRYER
2026-07-29 18:38:31.198 -05:00 [DBG] Heartbeat SIGNALFORGE
2026-07-29 18:38:31.198 -05:00 [DBG] Heartbeat ORACLEVAULT
2026-07-29 18:38:31.198 -05:00 [DBG] Heartbeat RISKWARDEN
2026-07-29 18:39:31.198 -05:00 [DBG] Heartbeat SYNAPSE
2026-07-29 18:39:31.198 -05:00 [DBG] Heartbeat TRADEWEAVER
2026-07-29 18:39:31.198 -05:00 [DBG] Heartbeat CASEBLADE
2026-07-29 18:39:31.198 -05:00 [DBG] Heartbeat PROX
2026-07-29 18:39:31.198 -05:00 [DBG] Heartbeat SENTINEL
2026-07-29 18:39:31.198 -05:00 [DBG] Heartbeat MARKETSCRYER
2026-07-29 18:39:31.198 -05:00 [DBG] Heartbeat SIGNALFORGE
2026-07-29 18:39:31.198 -05:00 [DBG] Heartbeat ORACLEVAULT
2026-07-29 18:39:31.198 -05:00 [DBG] Heartbeat RISKWARDEN
2026-07-29 18:40:31.198 -05:00 [DBG] Heartbeat SYNAPSE
2026-07-29 18:40:31.198 -05:00 [DBG] Heartbeat TRADEWEAVER
2026-07-29 18:40:31.198 -05:00 [DBG] Heartbeat CASEBLADE
2026-07-29 18:40:31.198 -05:00 [DBG] Heartbeat PROX
2026-07-29 18:40:31.198 -05:00 [DBG] Heartbeat SENTINEL
2026-07-29 18:40:31.198 -05:00 [DBG] Heartbeat MARKETSCRYER
2026-07-29 18:40:31.198 -05:00 [DBG] Heartbeat SIGNALFORGE
2026-07-29 18:40:31.198 -05:00 [DBG] Heartbeat ORACLEVAULT
2026-07-29 18:40:31.198 -05:00 [DBG] Heartbeat RISKWARDEN
2026-07-29 18:40:50.001 -05:00 [INF] PC health: C: 77.3% used, 10 recent errors
2026-07-29 18:41:31.197 -05:00 [DBG] Heartbeat SYNAPSE
2026-07-29 18:41:31.197 -05:00 [DBG] Heartbeat TRADEWEAVER
2026-07-29 18:41:31.197 -05:00 [DBG] Heartbeat CASEBLADE
2026-07-29 18:41:31.197 -05:00 [DBG] Heartbeat PROX
2026-07-29 18:41:31.197 -05:00 [DBG] Heartbeat SENTINEL
2026-07-29 18:41:31.197 -05:00 [DBG] Heartbeat MARKETSCRYER
2026-07-29 18:41:31.197 -05:00 [DBG] Heartbeat SIGNALFORGE
2026-07-29 18:41:31.197 -05:00 [DBG] Heartbeat ORACLEVAULT
2026-07-29 18:41:31.197 -05:00 [DBG] Heartbeat RISKWARDEN
2026-07-29 18:42:31.197 -05:00 [DBG] Heartbeat SYNAPSE
2026-07-29 18:42:31.197 -05:00 [DBG] Heartbeat TRADEWEAVER
2026-07-29 18:42:31.197 -05:00 [DBG] Heartbeat CASEBLADE
2026-07-29 18:42:31.197 -05:00 [DBG] Heartbeat PROX
2026-07-29 18:42:31.197 -05:00 [DBG] Heartbeat SENTINEL
2026-07-29 18:42:31.197 -05:00 [DBG] Heartbeat MARKETSCRYER
2026-07-29 18:42:31.197 -05:00 [DBG] Heartbeat SIGNALFORGE
2026-07-29 18:42:31.197 -05:00 [DBG] Heartbeat ORACLEVAULT
2026-07-29 18:42:31.197 -05:00 [DBG] Heartbeat RISKWARDEN
2026-07-29 18:43:31.198 -05:00 [DBG] Heartbeat SYNAPSE
2026-07-29 18:43:31.198 -05:00 [DBG] Heartbeat TRADEWEAVER
2026-07-29 18:43:31.198 -05:00 [DBG] Heartbeat CASEBLADE
2026-07-29 18:43:31.198 -05:00 [DBG] Heartbeat PROX
2026-07-29 18:43:31.198 -05:00 [DBG] Heartbeat SENTINEL
2026-07-29 18:43:31.198 -05:00 [DBG] Heartbeat MARKETSCRYER
2026-07-29 18:43:31.198 -05:00 [DBG] Heartbeat SIGNALFORGE
2026-07-29 18:43:31.198 -05:00 [DBG] Heartbeat ORACLEVAULT
2026-07-29 18:43:31.198 -05:00 [DBG] Heartbeat RISKWARDEN
2026-07-29 18:44:31.197 -05:00 [DBG] Heartbeat SYNAPSE
2026-07-29 18:44:31.197 -05:00 [DBG] Heartbeat TRADEWEAVER
2026-07-29 18:44:31.197 -05:00 [DBG] Heartbeat CASEBLADE
2026-07-29 18:44:31.197 -05:00 [DBG] Heartbeat PROX
2026-07-29 18:44:31.197 -05:00 [DBG] Heartbeat SENTINEL
2026-07-29 18:44:31.197 -05:00 [DBG] Heartbeat MARKETSCRYER
2026-07-29 18:44:31.197 -05:00 [DBG] Heartbeat SIGNALFORGE
2026-07-29 18:44:31.197 -05:00 [DBG] Heartbeat ORACLEVAULT
2026-07-29 18:44:31.197 -05:00 [DBG] Heartbeat RISKWARDEN
2026-07-29 18:45:31.198 -05:00 [DBG] Heartbeat SYNAPSE
2026-07-29 18:45:31.198 -05:00 [DBG] Heartbeat TRADEWEAVER
2026-07-29 18:45:31.198 -05:00 [DBG] Heartbeat CASEBLADE
2026-07-29 18:45:31.198 -05:00 [DBG] Heartbeat PROX
2026-07-29 18:45:31.198 -05:00 [DBG] Heartbeat SENTINEL
2026-07-29 18:45:31.198 -05:00 [DBG] Heartbeat MARKETSCRYER
2026-07-29 18:45:31.198 -05:00 [DBG] Heartbeat SIGNALFORGE
2026-07-29 18:45:31.198 -05:00 [DBG] Heartbeat ORACLEVAULT
2026-07-29 18:45:31.198 -05:00 [DBG] Heartbeat RISKWARDEN
2026-07-29 18:46:02.545 -05:00 [INF] PC health: C: 77.3% used, 10 recent errors
2026-07-29 18:46:31.198 -05:00 [DBG] Heartbeat SYNAPSE
2026-07-29 18:46:31.198 -05:00 [DBG] Heartbeat TRADEWEAVER
2026-07-29 18:46:31.198 -05:00 [DBG] Heartbeat CASEBLADE
2026-07-29 18:46:31.198 -05:00 [DBG] Heartbeat PROX
2026-07-29 18:46:31.198 -05:00 [DBG] Heartbeat SENTINEL
2026-07-29 18:46:31.198 -05:00 [DBG] Heartbeat MARKETSCRYER
2026-07-29 18:46:31.198 -05:00 [DBG] Heartbeat SIGNALFORGE
2026-07-29 18:46:31.198 -05:00 [DBG] Heartbeat ORACLEVAULT
2026-07-29 18:46:31.198 -05:00 [DBG] Heartbeat RISKWARDEN
2026-07-29 18:47:31.197 -05:00 [DBG] Heartbeat SYNAPSE
2026-07-29 18:47:31.197 -05:00 [DBG] Heartbeat TRADEWEAVER
2026-07-29 18:47:31.197 -05:00 [DBG] Heartbeat CASEBLADE
2026-07-29 18:47:31.197 -05:00 [DBG] Heartbeat PROX
2026-07-29 18:47:31.197 -05:00 [DBG] Heartbeat SENTINEL
2026-07-29 18:47:31.197 -05:00 [DBG] Heartbeat MARKETSCRYER
2026-07-29 18:47:31.197 -05:00 [DBG] Heartbeat SIGNALFORGE
2026-07-29 18:47:31.198 -05:00 [DBG] Heartbeat ORACLEVAULT
2026-07-29 18:47:31.198 -05:00 [DBG] Heartbeat RISKWARDEN
2026-07-29 18:48:31.197 -05:00 [DBG] Heartbeat SYNAPSE
2026-07-29 18:48:31.197 -05:00 [DBG] Heartbeat TRADEWEAVER
2026-07-29 18:48:31.197 -05:00 [DBG] Heartbeat CASEBLADE
2026-07-29 18:48:31.197 -05:00 [DBG] Heartbeat PROX
2026-07-29 18:48:31.197 -05:00 [DBG] Heartbeat SENTINEL
2026-07-29 18:48:31.197 -05:00 [DBG] Heartbeat MARKETSCRYER
2026-07-29 18:48:31.197 -05:00 [DBG] Heartbeat SIGNALFORGE
2026-07-29 18:48:31.197 -05:00 [DBG] Heartbeat ORACLEVAULT
2026-07-29 18:48:31.197 -05:00 [DBG] Heartbeat RISKWARDEN
2026-07-29 18:49:31.198 -05:00 [DBG] Heartbeat SYNAPSE
2026-07-29 18:49:31.198 -05:00 [DBG] Heartbeat TRADEWEAVER
2026-07-29 18:49:31.198 -05:00 [DBG] Heartbeat CASEBLADE
2026-07-29 18:49:31.198 -05:00 [DBG] Heartbeat PROX
2026-07-29 18:49:31.198 -05:00 [DBG] Heartbeat SENTINEL
2026-07-29 18:49:31.198 -05:00 [DBG] Heartbeat MARKETSCRYER
2026-07-29 18:49:31.198 -05:00 [DBG] Heartbeat SIGNALFORGE
2026-07-29 18:49:31.198 -05:00 [DBG] Heartbeat ORACLEVAULT
2026-07-29 18:49:31.198 -05:00 [DBG] Heartbeat RISKWARDEN
2026-07-29 18:50:31.198 -05:00 [DBG] Heartbeat SYNAPSE
2026-07-29 18:50:31.198 -05:00 [DBG] Heartbeat TRADEWEAVER
2026-07-29 18:50:31.198 -05:00 [DBG] Heartbeat CASEBLADE
2026-07-29 18:50:31.198 -05:00 [DBG] Heartbeat PROX
2026-07-29 18:50:31.198 -05:00 [DBG] Heartbeat SENTINEL
2026-07-29 18:50:31.198 -05:00 [DBG] Heartbeat MARKETSCRYER
2026-07-29 18:50:31.198 -05:00 [DBG] Heartbeat SIGNALFORGE
2026-07-29 18:50:31.198 -05:00 [DBG] Heartbeat ORACLEVAULT
2026-07-29 18:50:31.198 -05:00 [DBG] Heartbeat RISKWARDEN
2026-07-29 18:51:14.874 -05:00 [INF] PC health: C: 77.3% used, 10 recent errors
2026-07-29 18:51:31.198 -05:00 [DBG] Heartbeat SYNAPSE
2026-07-29 18:51:31.198 -05:00 [DBG] Heartbeat TRADEWEAVER
2026-07-29 18:51:31.198 -05:00 [DBG] Heartbeat CASEBLADE
2026-07-29 18:51:31.198 -05:00 [DBG] Heartbeat PROX
2026-07-29 18:51:31.198 -05:00 [DBG] Heartbeat SENTINEL
2026-07-29 18:51:31.198 -05:00 [DBG] Heartbeat MARKETSCRYER
2026-07-29 18:51:31.198 -05:00 [DBG] Heartbeat SIGNALFORGE
2026-07-29 18:51:31.198 -05:00 [DBG] Heartbeat ORACLEVAULT
2026-07-29 18:51:31.198 -05:00 [DBG] Heartbeat RISKWARDEN
2026-07-29 18:52:31.199 -05:00 [DBG] Heartbeat SYNAPSE
2026-07-29 18:52:31.199 -05:00 [DBG] Heartbeat TRADEWEAVER
2026-07-29 18:52:31.199 -05:00 [DBG] Heartbeat CASEBLADE
2026-07-29 18:52:31.199 -05:00 [DBG] Heartbeat PROX
2026-07-29 18:52:31.199 -05:00 [DBG] Heartbeat SENTINEL
2026-07-29 18:52:31.199 -05:00 [DBG] Heartbeat MARKETSCRYER
2026-07-29 18:52:31.199 -05:00 [DBG] Heartbeat SIGNALFORGE
2026-07-29 18:52:31.199 -05:00 [DBG] Heartbeat ORACLEVAULT
2026-07-29 18:52:31.199 -05:00 [DBG] Heartbeat RISKWARDEN
2026-07-29 18:53:31.199 -05:00 [DBG] Heartbeat SYNAPSE
2026-07-29 18:53:31.199 -05:00 [DBG] Heartbeat TRADEWEAVER
2026-07-29 18:53:31.199 -05:00 [DBG] Heartbeat CASEBLADE
2026-07-29 18:53:31.199 -05:00 [DBG] Heartbeat PROX
2026-07-29 18:53:31.199 -05:00 [DBG] Heartbeat SENTINEL
2026-07-29 18:53:31.199 -05:00 [DBG] Heartbeat MARKETSCRYER
2026-07-29 18:53:31.199 -05:00 [DBG] Heartbeat SIGNALFORGE
2026-07-29 18:53:31.199 -05:00 [DBG] Heartbeat ORACLEVAULT
2026-07-29 18:53:31.199 -05:00 [DBG] Heartbeat RISKWARDEN
2026-07-29 18:54:31.199 -05:00 [DBG] Heartbeat SYNAPSE
2026-07-29 18:54:31.199 -05:00 [DBG] Heartbeat TRADEWEAVER
2026-07-29 18:54:31.199 -05:00 [DBG] Heartbeat CASEBLADE
2026-07-29 18:54:31.199 -05:00 [DBG] Heartbeat PROX
2026-07-29 18:54:31.199 -05:00 [DBG] Heartbeat SENTINEL
2026-07-29 18:54:31.199 -05:00 [DBG] Heartbeat MARKETSCRYER
2026-07-29 18:54:31.199 -05:00 [DBG] Heartbeat SIGNALFORGE
2026-07-29 18:54:31.199 -05:00 [DBG] Heartbeat ORACLEVAULT
2026-07-29 18:54:31.199 -05:00 [DBG] Heartbeat RISKWARDEN
2026-07-29 18:55:31.200 -05:00 [DBG] Heartbeat SYNAPSE
2026-07-29 18:55:31.200 -05:00 [DBG] Heartbeat TRADEWEAVER
2026-07-29 18:55:31.200 -05:00 [DBG] Heartbeat CASEBLADE
2026-07-29 18:55:31.200 -05:00 [DBG] Heartbeat PROX
2026-07-29 18:55:31.200 -05:00 [DBG] Heartbeat SENTINEL
2026-07-29 18:55:31.200 -05:00 [DBG] Heartbeat MARKETSCRYER
2026-07-29 18:55:31.200 -05:00 [DBG] Heartbeat SIGNALFORGE
2026-07-29 18:55:31.200 -05:00 [DBG] Heartbeat ORACLEVAULT
2026-07-29 18:55:31.200 -05:00 [DBG] Heartbeat RISKWARDEN
2026-07-29 18:56:27.227 -05:00 [INF] PC health: C: 77.3% used, 10 recent errors
2026-07-29 18:56:31.201 -05:00 [DBG] Heartbeat SYNAPSE
2026-07-29 18:56:31.201 -05:00 [DBG] Heartbeat TRADEWEAVER
2026-07-29 18:56:31.201 -05:00 [DBG] Heartbeat CASEBLADE
2026-07-29 18:56:31.201 -05:00 [DBG] Heartbeat PROX
2026-07-29 18:56:31.201 -05:00 [DBG] Heartbeat SENTINEL
2026-07-29 18:56:31.201 -05:00 [DBG] Heartbeat MARKETSCRYER
2026-07-29 18:56:31.201 -05:00 [DBG] Heartbeat SIGNALFORGE
2026-07-29 18:56:31.201 -05:00 [DBG] Heartbeat ORACLEVAULT
2026-07-29 18:56:31.201 -05:00 [DBG] Heartbeat RISKWARDEN
2026-07-29 18:57:31.201 -05:00 [DBG] Heartbeat SYNAPSE
2026-07-29 18:57:31.201 -05:00 [DBG] Heartbeat TRADEWEAVER
2026-07-29 18:57:31.201 -05:00 [DBG] Heartbeat CASEBLADE
2026-07-29 18:57:31.201 -05:00 [DBG] Heartbeat PROX
2026-07-29 18:57:31.201 -05:00 [DBG] Heartbeat SENTINEL
2026-07-29 18:57:31.201 -05:00 [DBG] Heartbeat MARKETSCRYER
2026-07-29 18:57:31.201 -05:00 [DBG] Heartbeat SIGNALFORGE
2026-07-29 18:57:31.201 -05:00 [DBG] Heartbeat ORACLEVAULT
2026-07-29 18:57:31.201 -05:00 [DBG] Heartbeat RISKWARDEN
2026-07-29 18:58:31.201 -05:00 [DBG] Heartbeat SYNAPSE
2026-07-29 18:58:31.201 -05:00 [DBG] Heartbeat TRADEWEAVER
2026-07-29 18:58:31.201 -05:00 [DBG] Heartbeat CASEBLADE
2026-07-29 18:58:31.201 -05:00 [DBG] Heartbeat PROX
2026-07-29 18:58:31.201 -05:00 [DBG] Heartbeat SENTINEL
2026-07-29 18:58:31.201 -05:00 [DBG] Heartbeat MARKETSCRYER
2026-07-29 18:58:31.201 -05:00 [DBG] Heartbeat SIGNALFORGE
2026-07-29 18:58:31.201 -05:00 [DBG] Heartbeat ORACLEVAULT
2026-07-29 18:58:31.201 -05:00 [DBG] Heartbeat RISKWARDEN
2026-07-29 18:59:31.201 -05:00 [DBG] Heartbeat SYNAPSE
2026-07-29 18:59:31.201 -05:00 [DBG] Heartbeat TRADEWEAVER
2026-07-29 18:59:31.201 -05:00 [DBG] Heartbeat CASEBLADE
2026-07-29 18:59:31.201 -05:00 [DBG] Heartbeat PROX
2026-07-29 18:59:31.201 -05:00 [DBG] Heartbeat SENTINEL
2026-07-29 18:59:31.201 -05:00 [DBG] Heartbeat MARKETSCRYER
2026-07-29 18:59:31.201 -05:00 [DBG] Heartbeat SIGNALFORGE
2026-07-29 18:59:31.201 -05:00 [DBG] Heartbeat ORACLEVAULT
2026-07-29 18:59:31.201 -05:00 [DBG] Heartbeat RISKWARDEN
2026-07-29 19:00:31.201 -05:00 [DBG] Heartbeat SYNAPSE
2026-07-29 19:00:31.201 -05:00 [DBG] Heartbeat TRADEWEAVER
2026-07-29 19:00:31.201 -05:00 [DBG] Heartbeat CASEBLADE
2026-07-29 19:00:31.201 -05:00 [DBG] Heartbeat PROX
2026-07-29 19:00:31.201 -05:00 [DBG] Heartbeat SENTINEL
2026-07-29 19:00:31.201 -05:00 [DBG] Heartbeat MARKETSCRYER
2026-07-29 19:00:31.201 -05:00 [DBG] Heartbeat SIGNALFORGE
2026-07-29 19:00:31.201 -05:00 [DBG] Heartbeat ORACLEVAULT
2026-07-29 19:00:31.201 -05:00 [DBG] Heartbeat RISKWARDEN
2026-07-29 19:01:31.200 -05:00 [DBG] Heartbeat SYNAPSE
2026-07-29 19:01:31.200 -05:00 [DBG] Heartbeat TRADEWEAVER
2026-07-29 19:01:31.200 -05:00 [DBG] Heartbeat CASEBLADE
2026-07-29 19:01:31.200 -05:00 [DBG] Heartbeat PROX
2026-07-29 19:01:31.200 -05:00 [DBG] Heartbeat SENTINEL
2026-07-29 19:01:31.200 -05:00 [DBG] Heartbeat MARKETSCRYER
2026-07-29 19:01:31.200 -05:00 [DBG] Heartbeat SIGNALFORGE
2026-07-29 19:01:31.200 -05:00 [DBG] Heartbeat ORACLEVAULT
2026-07-29 19:01:31.200 -05:00 [DBG] Heartbeat RISKWARDEN
2026-07-29 19:01:39.503 -05:00 [INF] PC health: C: 77.3% used, 10 recent errors
2026-07-29 19:02:31.200 -05:00 [DBG] Heartbeat SYNAPSE
2026-07-29 19:02:31.200 -05:00 [DBG] Heartbeat TRADEWEAVER
2026-07-29 19:02:31.200 -05:00 [DBG] Heartbeat CASEBLADE
2026-07-29 19:02:31.200 -05:00 [DBG] Heartbeat PROX
2026-07-29 19:02:31.200 -05:00 [DBG] Heartbeat SENTINEL
2026-07-29 19:02:31.200 -05:00 [DBG] Heartbeat MARKETSCRYER
2026-07-29 19:02:31.200 -05:00 [DBG] Heartbeat SIGNALFORGE
2026-07-29 19:02:31.200 -05:00 [DBG] Heartbeat ORACLEVAULT
2026-07-29 19:02:31.200 -05:00 [DBG] Heartbeat RISKWARDEN
2026-07-29 19:03:31.201 -05:00 [DBG] Heartbeat SYNAPSE
2026-07-29 19:03:31.201 -05:00 [DBG] Heartbeat TRADEWEAVER
2026-07-29 19:03:31.201 -05:00 [DBG] Heartbeat CASEBLADE
2026-07-29 19:03:31.201 -05:00 [DBG] Heartbeat PROX
2026-07-29 19:03:31.201 -05:00 [DBG] Heartbeat SENTINEL
2026-07-29 19:03:31.201 -05:00 [DBG] Heartbeat MARKETSCRYER
2026-07-29 19:03:31.201 -05:00 [DBG] Heartbeat SIGNALFORGE
2026-07-29 19:03:31.201 -05:00 [DBG] Heartbeat ORACLEVAULT
2026-07-29 19:03:31.201 -05:00 [DBG] Heartbeat RISKWARDEN
2026-07-29 19:04:31.201 -05:00 [DBG] Heartbeat SYNAPSE
2026-07-29 19:04:31.201 -05:00 [DBG] Heartbeat TRADEWEAVER
2026-07-29 19:04:31.201 -05:00 [DBG] Heartbeat CASEBLADE
2026-07-29 19:04:31.201 -05:00 [DBG] Heartbeat PROX
2026-07-29 19:04:31.201 -05:00 [DBG] Heartbeat SENTINEL
2026-07-29 19:04:31.201 -05:00 [DBG] Heartbeat MARKETSCRYER
2026-07-29 19:04:31.201 -05:00 [DBG] Heartbeat SIGNALFORGE
2026-07-29 19:04:31.201 -05:00 [DBG] Heartbeat ORACLEVAULT
2026-07-29 19:04:31.201 -05:00 [DBG] Heartbeat RISKWARDEN
2026-07-29 19:05:31.201 -05:00 [DBG] Heartbeat SYNAPSE
2026-07-29 19:05:31.201 -05:00 [DBG] Heartbeat TRADEWEAVER
2026-07-29 19:05:31.201 -05:00 [DBG] Heartbeat CASEBLADE
2026-07-29 19:05:31.201 -05:00 [DBG] Heartbeat PROX
2026-07-29 19:05:31.201 -05:00 [DBG] Heartbeat SENTINEL
2026-07-29 19:05:31.201 -05:00 [DBG] Heartbeat MARKETSCRYER
2026-07-29 19:05:31.201 -05:00 [DBG] Heartbeat SIGNALFORGE
2026-07-29 19:05:31.201 -05:00 [DBG] Heartbeat ORACLEVAULT
2026-07-29 19:05:31.201 -05:00 [DBG] Heartbeat RISKWARDEN
2026-07-29 19:06:31.201 -05:00 [DBG] Heartbeat SYNAPSE
2026-07-29 19:06:31.201 -05:00 [DBG] Heartbeat TRADEWEAVER
2026-07-29 19:06:31.201 -05:00 [DBG] Heartbeat CASEBLADE
2026-07-29 19:06:31.201 -05:00 [DBG] Heartbeat PROX
2026-07-29 19:06:31.201 -05:00 [DBG] Heartbeat SENTINEL
2026-07-29 19:06:31.201 -05:00 [DBG] Heartbeat MARKETSCRYER
2026-07-29 19:06:31.201 -05:00 [DBG] Heartbeat SIGNALFORGE
2026-07-29 19:06:31.201 -05:00 [DBG] Heartbeat ORACLEVAULT
2026-07-29 19:06:31.201 -05:00 [DBG] Heartbeat RISKWARDEN
2026-07-29 19:06:51.876 -05:00 [INF] PC health: C: 77.3% used, 10 recent errors
2026-07-29 19:07:31.202 -05:00 [DBG] Heartbeat SYNAPSE
2026-07-29 19:07:31.202 -05:00 [DBG] Heartbeat TRADEWEAVER
2026-07-29 19:07:31.202 -05:00 [DBG] Heartbeat CASEBLADE
2026-07-29 19:07:31.202 -05:00 [DBG] Heartbeat PROX
2026-07-29 19:07:31.202 -05:00 [DBG] Heartbeat SENTINEL
2026-07-29 19:07:31.202 -05:00 [DBG] Heartbeat MARKETSCRYER
2026-07-29 19:07:31.202 -05:00 [DBG] Heartbeat SIGNALFORGE
2026-07-29 19:07:31.202 -05:00 [DBG] Heartbeat ORACLEVAULT
2026-07-29 19:07:31.202 -05:00 [DBG] Heartbeat RISKWARDEN
2026-07-29 19:08:31.202 -05:00 [DBG] Heartbeat SYNAPSE
2026-07-29 19:08:31.202 -05:00 [DBG] Heartbeat TRADEWEAVER
2026-07-29 19:08:31.202 -05:00 [DBG] Heartbeat CASEBLADE
2026-07-29 19:08:31.202 -05:00 [DBG] Heartbeat PROX
2026-07-29 19:08:31.202 -05:00 [DBG] Heartbeat SENTINEL
2026-07-29 19:08:31.202 -05:00 [DBG] Heartbeat MARKETSCRYER
2026-07-29 19:08:31.202 -05:00 [DBG] Heartbeat SIGNALFORGE
2026-07-29 19:08:31.202 -05:00 [DBG] Heartbeat ORACLEVAULT
2026-07-29 19:08:31.202 -05:00 [DBG] Heartbeat RISKWARDEN
2026-07-29 19:09:31.203 -05:00 [DBG] Heartbeat SYNAPSE
2026-07-29 19:09:31.203 -05:00 [DBG] Heartbeat TRADEWEAVER
2026-07-29 19:09:31.203 -05:00 [DBG] Heartbeat CASEBLADE
2026-07-29 19:09:31.203 -05:00 [DBG] Heartbeat PROX
2026-07-29 19:09:31.203 -05:00 [DBG] Heartbeat SENTINEL
2026-07-29 19:09:31.203 -05:00 [DBG] Heartbeat MARKETSCRYER
2026-07-29 19:09:31.203 -05:00 [DBG] Heartbeat SIGNALFORGE
2026-07-29 19:09:31.203 -05:00 [DBG] Heartbeat ORACLEVAULT
2026-07-29 19:09:31.203 -05:00 [DBG] Heartbeat RISKWARDEN
2026-07-29 19:10:31.202 -05:00 [DBG] Heartbeat SYNAPSE
2026-07-29 19:10:31.202 -05:00 [DBG] Heartbeat TRADEWEAVER
2026-07-29 19:10:31.202 -05:00 [DBG] Heartbeat CASEBLADE
2026-07-29 19:10:31.202 -05:00 [DBG] Heartbeat PROX
2026-07-29 19:10:31.202 -05:00 [DBG] Heartbeat SENTINEL
2026-07-29 19:10:31.202 -05:00 [DBG] Heartbeat MARKETSCRYER
2026-07-29 19:10:31.202 -05:00 [DBG] Heartbeat SIGNALFORGE
2026-07-29 19:10:31.202 -05:00 [DBG] Heartbeat ORACLEVAULT
2026-07-29 19:10:31.202 -05:00 [DBG] Heartbeat RISKWARDEN
2026-07-29 19:11:31.203 -05:00 [DBG] Heartbeat SYNAPSE
2026-07-29 19:11:31.203 -05:00 [DBG] Heartbeat TRADEWEAVER
2026-07-29 19:11:31.203 -05:00 [DBG] Heartbeat CASEBLADE
2026-07-29 19:11:31.203 -05:00 [DBG] Heartbeat PROX
2026-07-29 19:11:31.203 -05:00 [DBG] Heartbeat SENTINEL
2026-07-29 19:11:31.203 -05:00 [DBG] Heartbeat MARKETSCRYER
2026-07-29 19:11:31.203 -05:00 [DBG] Heartbeat SIGNALFORGE
2026-07-29 19:11:31.203 -05:00 [DBG] Heartbeat ORACLEVAULT
2026-07-29 19:11:31.203 -05:00 [DBG] Heartbeat RISKWARDEN
2026-07-29 19:12:04.062 -05:00 [INF] PC health: C: 77.4% used, 10 recent errors
2026-07-29 19:12:31.202 -05:00 [DBG] Heartbeat SYNAPSE
2026-07-29 19:12:31.202 -05:00 [DBG] Heartbeat TRADEWEAVER
2026-07-29 19:12:31.202 -05:00 [DBG] Heartbeat CASEBLADE
2026-07-29 19:12:31.202 -05:00 [DBG] Heartbeat PROX
2026-07-29 19:12:31.202 -05:00 [DBG] Heartbeat SENTINEL
2026-07-29 19:12:31.202 -05:00 [DBG] Heartbeat MARKETSCRYER
2026-07-29 19:12:31.202 -05:00 [DBG] Heartbeat SIGNALFORGE
2026-07-29 19:12:31.202 -05:00 [DBG] Heartbeat ORACLEVAULT
2026-07-29 19:12:31.202 -05:00 [DBG] Heartbeat RISKWARDEN
2026-07-29 19:13:31.202 -05:00 [DBG] Heartbeat SYNAPSE
2026-07-29 19:13:31.202 -05:00 [DBG] Heartbeat TRADEWEAVER
2026-07-29 19:13:31.202 -05:00 [DBG] Heartbeat CASEBLADE
2026-07-29 19:13:31.202 -05:00 [DBG] Heartbeat PROX
2026-07-29 19:13:31.202 -05:00 [DBG] Heartbeat SENTINEL
2026-07-29 19:13:31.202 -05:00 [DBG] Heartbeat MARKETSCRYER
2026-07-29 19:13:31.202 -05:00 [DBG] Heartbeat SIGNALFORGE
2026-07-29 19:13:31.202 -05:00 [DBG] Heartbeat ORACLEVAULT
2026-07-29 19:13:31.202 -05:00 [DBG] Heartbeat RISKWARDEN
2026-07-29 19:14:31.202 -05:00 [DBG] Heartbeat SYNAPSE
2026-07-29 19:14:31.202 -05:00 [DBG] Heartbeat TRADEWEAVER
2026-07-29 19:14:31.202 -05:00 [DBG] Heartbeat CASEBLADE
2026-07-29 19:14:31.202 -05:00 [DBG] Heartbeat PROX
2026-07-29 19:14:31.202 -05:00 [DBG] Heartbeat SENTINEL
2026-07-29 19:14:31.202 -05:00 [DBG] Heartbeat MARKETSCRYER
2026-07-29 19:14:31.202 -05:00 [DBG] Heartbeat SIGNALFORGE
2026-07-29 19:14:31.202 -05:00 [DBG] Heartbeat ORACLEVAULT
2026-07-29 19:14:31.202 -05:00 [DBG] Heartbeat RISKWARDEN
2026-07-29 19:15:31.202 -05:00 [DBG] Heartbeat SYNAPSE
2026-07-29 19:15:31.202 -05:00 [DBG] Heartbeat TRADEWEAVER
2026-07-29 19:15:31.202 -05:00 [DBG] Heartbeat CASEBLADE
2026-07-29 19:15:31.202 -05:00 [DBG] Heartbeat PROX
2026-07-29 19:15:31.202 -05:00 [DBG] Heartbeat SENTINEL
2026-07-29 19:15:31.202 -05:00 [DBG] Heartbeat MARKETSCRYER
2026-07-29 19:15:31.202 -05:00 [DBG] Heartbeat SIGNALFORGE
2026-07-29 19:15:31.202 -05:00 [DBG] Heartbeat ORACLEVAULT
2026-07-29 19:15:31.202 -05:00 [DBG] Heartbeat RISKWARDEN
2026-07-29 19:16:31.202 -05:00 [DBG] Heartbeat SYNAPSE
2026-07-29 19:16:31.202 -05:00 [DBG] Heartbeat TRADEWEAVER
2026-07-29 19:16:31.202 -05:00 [DBG] Heartbeat CASEBLADE
2026-07-29 19:16:31.202 -05:00 [DBG] Heartbeat PROX
2026-07-29 19:16:31.202 -05:00 [DBG] Heartbeat SENTINEL
2026-07-29 19:16:31.202 -05:00 [DBG] Heartbeat MARKETSCRYER
2026-07-29 19:16:31.202 -05:00 [DBG] Heartbeat SIGNALFORGE
2026-07-29 19:16:31.202 -05:00 [DBG] Heartbeat ORACLEVAULT
2026-07-29 19:16:31.202 -05:00 [DBG] Heartbeat RISKWARDEN
2026-07-29 19:17:16.323 -05:00 [INF] PC health: C: 77.4% used, 10 recent errors
2026-07-29 19:17:31.202 -05:00 [DBG] Heartbeat SYNAPSE
2026-07-29 19:17:31.202 -05:00 [DBG] Heartbeat TRADEWEAVER
2026-07-29 19:17:31.202 -05:00 [DBG] Heartbeat CASEBLADE
2026-07-29 19:17:31.202 -05:00 [DBG] Heartbeat PROX
2026-07-29 19:17:31.202 -05:00 [DBG] Heartbeat SENTINEL
2026-07-29 19:17:31.202 -05:00 [DBG] Heartbeat MARKETSCRYER
2026-07-29 19:17:31.202 -05:00 [DBG] Heartbeat SIGNALFORGE
2026-07-29 19:17:31.202 -05:00 [DBG] Heartbeat ORACLEVAULT
2026-07-29 19:17:31.202 -05:00 [DBG] Heartbeat RISKWARDEN
2026-07-29 19:18:31.202 -05:00 [DBG] Heartbeat SYNAPSE
2026-07-29 19:18:31.202 -05:00 [DBG] Heartbeat TRADEWEAVER
2026-07-29 19:18:31.202 -05:00 [DBG] Heartbeat CASEBLADE
2026-07-29 19:18:31.202 -05:00 [DBG] Heartbeat PROX
2026-07-29 19:18:31.202 -05:00 [DBG] Heartbeat SENTINEL
2026-07-29 19:18:31.202 -05:00 [DBG] Heartbeat MARKETSCRYER
2026-07-29 19:18:31.202 -05:00 [DBG] Heartbeat SIGNALFORGE
2026-07-29 19:18:31.202 -05:00 [DBG] Heartbeat ORACLEVAULT
2026-07-29 19:18:31.202 -05:00 [DBG] Heartbeat RISKWARDEN
2026-07-29 19:19:31.202 -05:00 [DBG] Heartbeat SYNAPSE
2026-07-29 19:19:31.202 -05:00 [DBG] Heartbeat TRADEWEAVER
2026-07-29 19:19:31.202 -05:00 [DBG] Heartbeat CASEBLADE
2026-07-29 19:19:31.202 -05:00 [DBG] Heartbeat PROX
2026-07-29 19:19:31.202 -05:00 [DBG] Heartbeat SENTINEL
2026-07-29 19:19:31.202 -05:00 [DBG] Heartbeat MARKETSCRYER
2026-07-29 19:19:31.202 -05:00 [DBG] Heartbeat SIGNALFORGE
2026-07-29 19:19:31.202 -05:00 [DBG] Heartbeat ORACLEVAULT
2026-07-29 19:19:31.202 -05:00 [DBG] Heartbeat RISKWARDEN
2026-07-29 19:20:31.202 -05:00 [DBG] Heartbeat SYNAPSE
2026-07-29 19:20:31.202 -05:00 [DBG] Heartbeat TRADEWEAVER
2026-07-29 19:20:31.202 -05:00 [DBG] Heartbeat CASEBLADE
2026-07-29 19:20:31.202 -05:00 [DBG] Heartbeat PROX
2026-07-29 19:20:31.202 -05:00 [DBG] Heartbeat SENTINEL
2026-07-29 19:20:31.202 -05:00 [DBG] Heartbeat MARKETSCRYER
2026-07-29 19:20:31.202 -05:00 [DBG] Heartbeat SIGNALFORGE
2026-07-29 19:20:31.202 -05:00 [DBG] Heartbeat ORACLEVAULT
2026-07-29 19:20:31.202 -05:00 [DBG] Heartbeat RISKWARDEN
2026-07-29 19:21:31.202 -05:00 [DBG] Heartbeat SYNAPSE
2026-07-29 19:21:31.202 -05:00 [DBG] Heartbeat TRADEWEAVER
2026-07-29 19:21:31.202 -05:00 [DBG] Heartbeat CASEBLADE
2026-07-29 19:21:31.202 -05:00 [DBG] Heartbeat PROX
2026-07-29 19:21:31.202 -05:00 [DBG] Heartbeat SENTINEL
2026-07-29 19:21:31.202 -05:00 [DBG] Heartbeat MARKETSCRYER
2026-07-29 19:21:31.202 -05:00 [DBG] Heartbeat SIGNALFORGE
2026-07-29 19:21:31.202 -05:00 [DBG] Heartbeat ORACLEVAULT
2026-07-29 19:21:31.202 -05:00 [DBG] Heartbeat RISKWARDEN
2026-07-29 19:22:28.647 -05:00 [INF] PC health: C: 77.4% used, 10 recent errors
2026-07-29 19:22:31.202 -05:00 [DBG] Heartbeat SYNAPSE
2026-07-29 19:22:31.202 -05:00 [DBG] Heartbeat TRADEWEAVER
2026-07-29 19:22:31.202 -05:00 [DBG] Heartbeat CASEBLADE
2026-07-29 19:22:31.202 -05:00 [DBG] Heartbeat PROX
2026-07-29 19:22:31.202 -05:00 [DBG] Heartbeat SENTINEL
2026-07-29 19:22:31.202 -05:00 [DBG] Heartbeat MARKETSCRYER
2026-07-29 19:22:31.202 -05:00 [DBG] Heartbeat SIGNALFORGE
2026-07-29 19:22:31.203 -05:00 [DBG] Heartbeat ORACLEVAULT
2026-07-29 19:22:31.203 -05:00 [DBG] Heartbeat RISKWARDEN
2026-07-29 19:23:31.203 -05:00 [DBG] Heartbeat SYNAPSE
2026-07-29 19:23:31.203 -05:00 [DBG] Heartbeat TRADEWEAVER
2026-07-29 19:23:31.203 -05:00 [DBG] Heartbeat CASEBLADE
2026-07-29 19:23:31.203 -05:00 [DBG] Heartbeat PROX
2026-07-29 19:23:31.203 -05:00 [DBG] Heartbeat SENTINEL
2026-07-29 19:23:31.203 -05:00 [DBG] Heartbeat MARKETSCRYER
2026-07-29 19:23:31.203 -05:00 [DBG] Heartbeat SIGNALFORGE
2026-07-29 19:23:31.203 -05:00 [DBG] Heartbeat ORACLEVAULT
2026-07-29 19:23:31.203 -05:00 [DBG] Heartbeat RISKWARDEN
2026-07-29 19:24:31.203 -05:00 [DBG] Heartbeat SYNAPSE
2026-07-29 19:24:31.203 -05:00 [DBG] Heartbeat TRADEWEAVER
2026-07-29 19:24:31.203 -05:00 [DBG] Heartbeat CASEBLADE
2026-07-29 19:24:31.203 -05:00 [DBG] Heartbeat PROX
2026-07-29 19:24:31.203 -05:00 [DBG] Heartbeat SENTINEL
2026-07-29 19:24:31.203 -05:00 [DBG] Heartbeat MARKETSCRYER
2026-07-29 19:24:31.203 -05:00 [DBG] Heartbeat SIGNALFORGE
2026-07-29 19:24:31.203 -05:00 [DBG] Heartbeat ORACLEVAULT
2026-07-29 19:24:31.203 -05:00 [DBG] Heartbeat RISKWARDEN
2026-07-29 19:25:31.203 -05:00 [DBG] Heartbeat SYNAPSE
2026-07-29 19:25:31.203 -05:00 [DBG] Heartbeat TRADEWEAVER
2026-07-29 19:25:31.203 -05:00 [DBG] Heartbeat CASEBLADE
2026-07-29 19:25:31.203 -05:00 [DBG] Heartbeat PROX
2026-07-29 19:25:31.203 -05:00 [DBG] Heartbeat SENTINEL
2026-07-29 19:25:31.203 -05:00 [DBG] Heartbeat MARKETSCRYER
2026-07-29 19:25:31.203 -05:00 [DBG] Heartbeat SIGNALFORGE
2026-07-29 19:25:31.203 -05:00 [DBG] Heartbeat ORACLEVAULT
2026-07-29 19:25:31.203 -05:00 [DBG] Heartbeat RISKWARDEN
2026-07-29 19:26:31.203 -05:00 [DBG] Heartbeat SYNAPSE
2026-07-29 19:26:31.204 -05:00 [DBG] Heartbeat TRADEWEAVER
2026-07-29 19:26:31.204 -05:00 [DBG] Heartbeat CASEBLADE
2026-07-29 19:26:31.204 -05:00 [DBG] Heartbeat PROX
2026-07-29 19:26:31.204 -05:00 [DBG] Heartbeat SENTINEL
2026-07-29 19:26:31.204 -05:00 [DBG] Heartbeat MARKETSCRYER
2026-07-29 19:26:31.204 -05:00 [DBG] Heartbeat SIGNALFORGE
2026-07-29 19:26:31.204 -05:00 [DBG] Heartbeat ORACLEVAULT
2026-07-29 19:26:31.204 -05:00 [DBG] Heartbeat RISKWARDEN
2026-07-29 19:27:31.203 -05:00 [DBG] Heartbeat SYNAPSE
2026-07-29 19:27:31.204 -05:00 [DBG] Heartbeat TRADEWEAVER
2026-07-29 19:27:31.204 -05:00 [DBG] Heartbeat CASEBLADE
2026-07-29 19:27:31.204 -05:00 [DBG] Heartbeat PROX
2026-07-29 19:27:31.204 -05:00 [DBG] Heartbeat SENTINEL
2026-07-29 19:27:31.204 -05:00 [DBG] Heartbeat MARKETSCRYER
2026-07-29 19:27:31.204 -05:00 [DBG] Heartbeat SIGNALFORGE
2026-07-29 19:27:31.204 -05:00 [DBG] Heartbeat ORACLEVAULT
2026-07-29 19:27:31.204 -05:00 [DBG] Heartbeat RISKWARDEN
2026-07-29 19:27:40.866 -05:00 [INF] PC health: C: 77.4% used, 10 recent errors
2026-07-29 19:28:31.204 -05:00 [DBG] Heartbeat SYNAPSE
2026-07-29 19:28:31.204 -05:00 [DBG] Heartbeat TRADEWEAVER
2026-07-29 19:28:31.204 -05:00 [DBG] Heartbeat CASEBLADE
2026-07-29 19:28:31.204 -05:00 [DBG] Heartbeat PROX
2026-07-29 19:28:31.204 -05:00 [DBG] Heartbeat SENTINEL
2026-07-29 19:28:31.204 -05:00 [DBG] Heartbeat MARKETSCRYER
2026-07-29 19:28:31.204 -05:00 [DBG] Heartbeat SIGNALFORGE
2026-07-29 19:28:31.204 -05:00 [DBG] Heartbeat ORACLEVAULT
2026-07-29 19:28:31.204 -05:00 [DBG] Heartbeat RISKWARDEN
2026-07-29 19:29:31.205 -05:00 [DBG] Heartbeat SYNAPSE
2026-07-29 19:29:31.205 -05:00 [DBG] Heartbeat TRADEWEAVER
2026-07-29 19:29:31.205 -05:00 [DBG] Heartbeat CASEBLADE
2026-07-29 19:29:31.205 -05:00 [DBG] Heartbeat PROX
2026-07-29 19:29:31.205 -05:00 [DBG] Heartbeat SENTINEL
2026-07-29 19:29:31.205 -05:00 [DBG] Heartbeat MARKETSCRYER
2026-07-29 19:29:31.205 -05:00 [DBG] Heartbeat SIGNALFORGE
2026-07-29 19:29:31.205 -05:00 [DBG] Heartbeat ORACLEVAULT
2026-07-29 19:29:31.205 -05:00 [DBG] Heartbeat RISKWARDEN
2026-07-29 19:30:31.205 -05:00 [DBG] Heartbeat SYNAPSE
2026-07-29 19:30:31.205 -05:00 [DBG] Heartbeat TRADEWEAVER
2026-07-29 19:30:31.205 -05:00 [DBG] Heartbeat CASEBLADE
2026-07-29 19:30:31.205 -05:00 [DBG] Heartbeat PROX
2026-07-29 19:30:31.205 -05:00 [DBG] Heartbeat SENTINEL
2026-07-29 19:30:31.205 -05:00 [DBG] Heartbeat MARKETSCRYER
2026-07-29 19:30:31.205 -05:00 [DBG] Heartbeat SIGNALFORGE
2026-07-29 19:30:31.205 -05:00 [DBG] Heartbeat ORACLEVAULT
2026-07-29 19:30:31.205 -05:00 [DBG] Heartbeat RISKWARDEN
2026-07-29 19:31:31.206 -05:00 [DBG] Heartbeat SYNAPSE
2026-07-29 19:31:31.206 -05:00 [DBG] Heartbeat TRADEWEAVER
2026-07-29 19:31:31.206 -05:00 [DBG] Heartbeat CASEBLADE
2026-07-29 19:31:31.206 -05:00 [DBG] Heartbeat PROX
2026-07-29 19:31:31.206 -05:00 [DBG] Heartbeat SENTINEL
2026-07-29 19:31:31.206 -05:00 [DBG] Heartbeat MARKETSCRYER
2026-07-29 19:31:31.206 -05:00 [DBG] Heartbeat SIGNALFORGE
2026-07-29 19:31:31.206 -05:00 [DBG] Heartbeat ORACLEVAULT
2026-07-29 19:31:31.206 -05:00 [DBG] Heartbeat RISKWARDEN
2026-07-29 19:32:31.206 -05:00 [DBG] Heartbeat SYNAPSE
2026-07-29 19:32:31.206 -05:00 [DBG] Heartbeat TRADEWEAVER
2026-07-29 19:32:31.206 -05:00 [DBG] Heartbeat CASEBLADE
2026-07-29 19:32:31.206 -05:00 [DBG] Heartbeat PROX
2026-07-29 19:32:31.206 -05:00 [DBG] Heartbeat SENTINEL
2026-07-29 19:32:31.206 -05:00 [DBG] Heartbeat MARKETSCRYER
2026-07-29 19:32:31.206 -05:00 [DBG] Heartbeat SIGNALFORGE
2026-07-29 19:32:31.206 -05:00 [DBG] Heartbeat ORACLEVAULT
2026-07-29 19:32:31.206 -05:00 [DBG] Heartbeat RISKWARDEN
2026-07-29 19:32:53.075 -05:00 [INF] PC health: C: 77.4% used, 10 recent errors
2026-07-29 19:33:31.206 -05:00 [DBG] Heartbeat SYNAPSE
2026-07-29 19:33:31.206 -05:00 [DBG] Heartbeat TRADEWEAVER
2026-07-29 19:33:31.206 -05:00 [DBG] Heartbeat CASEBLADE
2026-07-29 19:33:31.206 -05:00 [DBG] Heartbeat PROX
2026-07-29 19:33:31.206 -05:00 [DBG] Heartbeat SENTINEL
2026-07-29 19:33:31.206 -05:00 [DBG] Heartbeat MARKETSCRYER
2026-07-29 19:33:31.206 -05:00 [DBG] Heartbeat SIGNALFORGE
2026-07-29 19:33:31.206 -05:00 [DBG] Heartbeat ORACLEVAULT
2026-07-29 19:33:31.206 -05:00 [DBG] Heartbeat RISKWARDEN
2026-07-29 19:34:31.207 -05:00 [DBG] Heartbeat SYNAPSE
2026-07-29 19:34:31.207 -05:00 [DBG] Heartbeat TRADEWEAVER
2026-07-29 19:34:31.207 -05:00 [DBG] Heartbeat CASEBLADE
2026-07-29 19:34:31.207 -05:00 [DBG] Heartbeat PROX
2026-07-29 19:34:31.207 -05:00 [DBG] Heartbeat SENTINEL
2026-07-29 19:34:31.207 -05:00 [DBG] Heartbeat MARKETSCRYER
2026-07-29 19:34:31.207 -05:00 [DBG] Heartbeat SIGNALFORGE
2026-07-29 19:34:31.207 -05:00 [DBG] Heartbeat ORACLEVAULT
2026-07-29 19:34:31.207 -05:00 [DBG] Heartbeat RISKWARDEN
2026-07-29 19:35:31.206 -05:00 [DBG] Heartbeat SYNAPSE
2026-07-29 19:35:31.206 -05:00 [DBG] Heartbeat TRADEWEAVER
2026-07-29 19:35:31.206 -05:00 [DBG] Heartbeat CASEBLADE
2026-07-29 19:35:31.206 -05:00 [DBG] Heartbeat PROX
2026-07-29 19:35:31.206 -05:00 [DBG] Heartbeat SENTINEL
2026-07-29 19:35:31.206 -05:00 [DBG] Heartbeat MARKETSCRYER
2026-07-29 19:35:31.206 -05:00 [DBG] Heartbeat SIGNALFORGE
2026-07-29 19:35:31.206 -05:00 [DBG] Heartbeat ORACLEVAULT
2026-07-29 19:35:31.206 -05:00 [DBG] Heartbeat RISKWARDEN
2026-07-29 19:36:31.206 -05:00 [DBG] Heartbeat SYNAPSE
2026-07-29 19:36:31.206 -05:00 [DBG] Heartbeat TRADEWEAVER
2026-07-29 19:36:31.206 -05:00 [DBG] Heartbeat CASEBLADE
2026-07-29 19:36:31.206 -05:00 [DBG] Heartbeat PROX
2026-07-29 19:36:31.206 -05:00 [DBG] Heartbeat SENTINEL
2026-07-29 19:36:31.206 -05:00 [DBG] Heartbeat MARKETSCRYER
2026-07-29 19:36:31.206 -05:00 [DBG] Heartbeat SIGNALFORGE
2026-07-29 19:36:31.206 -05:00 [DBG] Heartbeat ORACLEVAULT
2026-07-29 19:36:31.206 -05:00 [DBG] Heartbeat RISKWARDEN
2026-07-29 19:37:31.207 -05:00 [DBG] Heartbeat SYNAPSE
2026-07-29 19:37:31.207 -05:00 [DBG] Heartbeat TRADEWEAVER
2026-07-29 19:37:31.207 -05:00 [DBG] Heartbeat CASEBLADE
2026-07-29 19:37:31.207 -05:00 [DBG] Heartbeat PROX
2026-07-29 19:37:31.207 -05:00 [DBG] Heartbeat SENTINEL
2026-07-29 19:37:31.207 -05:00 [DBG] Heartbeat MARKETSCRYER
2026-07-29 19:37:31.207 -05:00 [DBG] Heartbeat SIGNALFORGE
2026-07-29 19:37:31.207 -05:00 [DBG] Heartbeat ORACLEVAULT
2026-07-29 19:37:31.207 -05:00 [DBG] Heartbeat RISKWARDEN
2026-07-29 19:38:05.652 -05:00 [INF] PC health: C: 77.4% used, 10 recent errors
2026-07-29 19:38:31.207 -05:00 [DBG] Heartbeat SYNAPSE
2026-07-29 19:38:31.207 -05:00 [DBG] Heartbeat TRADEWEAVER
2026-07-29 19:38:31.207 -05:00 [DBG] Heartbeat CASEBLADE
2026-07-29 19:38:31.207 -05:00 [DBG] Heartbeat PROX
2026-07-29 19:38:31.207 -05:00 [DBG] Heartbeat SENTINEL
2026-07-29 19:38:31.207 -05:00 [DBG] Heartbeat MARKETSCRYER
2026-07-29 19:38:31.207 -05:00 [DBG] Heartbeat SIGNALFORGE
2026-07-29 19:38:31.207 -05:00 [DBG] Heartbeat ORACLEVAULT
2026-07-29 19:38:31.207 -05:00 [DBG] Heartbeat RISKWARDEN
2026-07-29 19:39:31.207 -05:00 [DBG] Heartbeat SYNAPSE
2026-07-29 19:39:31.207 -05:00 [DBG] Heartbeat TRADEWEAVER
2026-07-29 19:39:31.207 -05:00 [DBG] Heartbeat CASEBLADE
2026-07-29 19:39:31.207 -05:00 [DBG] Heartbeat PROX
2026-07-29 19:39:31.207 -05:00 [DBG] Heartbeat SENTINEL
2026-07-29 19:39:31.207 -05:00 [DBG] Heartbeat MARKETSCRYER
2026-07-29 19:39:31.207 -05:00 [DBG] Heartbeat SIGNALFORGE
2026-07-29 19:39:31.207 -05:00 [DBG] Heartbeat ORACLEVAULT
2026-07-29 19:39:31.207 -05:00 [DBG] Heartbeat RISKWARDEN
2026-07-29 19:40:31.207 -05:00 [DBG] Heartbeat SYNAPSE
2026-07-29 19:40:31.207 -05:00 [DBG] Heartbeat TRADEWEAVER
2026-07-29 19:40:31.207 -05:00 [DBG] Heartbeat CASEBLADE
2026-07-29 19:40:31.207 -05:00 [DBG] Heartbeat PROX
2026-07-29 19:40:31.207 -05:00 [DBG] Heartbeat SENTINEL
2026-07-29 19:40:31.207 -05:00 [DBG] Heartbeat MARKETSCRYER
2026-07-29 19:40:31.207 -05:00 [DBG] Heartbeat SIGNALFORGE
2026-07-29 19:40:31.207 -05:00 [DBG] Heartbeat ORACLEVAULT
2026-07-29 19:40:31.207 -05:00 [DBG] Heartbeat RISKWARDEN
2026-07-29 19:41:31.207 -05:00 [DBG] Heartbeat SYNAPSE
2026-07-29 19:41:31.207 -05:00 [DBG] Heartbeat TRADEWEAVER
2026-07-29 19:41:31.207 -05:00 [DBG] Heartbeat CASEBLADE
2026-07-29 19:41:31.207 -05:00 [DBG] Heartbeat PROX
2026-07-29 19:41:31.207 -05:00 [DBG] Heartbeat SENTINEL
2026-07-29 19:41:31.207 -05:00 [DBG] Heartbeat MARKETSCRYER
2026-07-29 19:41:31.207 -05:00 [DBG] Heartbeat SIGNALFORGE
2026-07-29 19:41:31.207 -05:00 [DBG] Heartbeat ORACLEVAULT
2026-07-29 19:41:31.207 -05:00 [DBG] Heartbeat RISKWARDEN
2026-07-29 19:42:31.207 -05:00 [DBG] Heartbeat SYNAPSE
2026-07-29 19:42:31.208 -05:00 [DBG] Heartbeat TRADEWEAVER
2026-07-29 19:42:31.208 -05:00 [DBG] Heartbeat CASEBLADE
2026-07-29 19:42:31.208 -05:00 [DBG] Heartbeat PROX
2026-07-29 19:42:31.208 -05:00 [DBG] Heartbeat SENTINEL
2026-07-29 19:42:31.208 -05:00 [DBG] Heartbeat MARKETSCRYER
2026-07-29 19:42:31.208 -05:00 [DBG] Heartbeat SIGNALFORGE
2026-07-29 19:42:31.208 -05:00 [DBG] Heartbeat ORACLEVAULT
2026-07-29 19:42:31.208 -05:00 [DBG] Heartbeat RISKWARDEN
2026-07-29 19:43:18.040 -05:00 [INF] PC health: C: 77.4% used, 10 recent errors
2026-07-29 19:43:31.207 -05:00 [DBG] Heartbeat SYNAPSE
2026-07-29 19:43:31.208 -05:00 [DBG] Heartbeat TRADEWEAVER
2026-07-29 19:43:31.208 -05:00 [DBG] Heartbeat CASEBLADE
2026-07-29 19:43:31.208 -05:00 [DBG] Heartbeat PROX
2026-07-29 19:43:31.208 -05:00 [DBG] Heartbeat SENTINEL
2026-07-29 19:43:31.208 -05:00 [DBG] Heartbeat MARKETSCRYER
2026-07-29 19:43:31.208 -05:00 [DBG] Heartbeat SIGNALFORGE
2026-07-29 19:43:31.208 -05:00 [DBG] Heartbeat ORACLEVAULT
2026-07-29 19:43:31.208 -05:00 [DBG] Heartbeat RISKWARDEN
2026-07-29 19:44:31.207 -05:00 [DBG] Heartbeat SYNAPSE
2026-07-29 19:44:31.207 -05:00 [DBG] Heartbeat TRADEWEAVER
2026-07-29 19:44:31.207 -05:00 [DBG] Heartbeat CASEBLADE
2026-07-29 19:44:31.207 -05:00 [DBG] Heartbeat PROX
2026-07-29 19:44:31.207 -05:00 [DBG] Heartbeat SENTINEL
2026-07-29 19:44:31.207 -05:00 [DBG] Heartbeat MARKETSCRYER
2026-07-29 19:44:31.207 -05:00 [DBG] Heartbeat SIGNALFORGE
2026-07-29 19:44:31.207 -05:00 [DBG] Heartbeat ORACLEVAULT
2026-07-29 19:44:31.207 -05:00 [DBG] Heartbeat RISKWARDEN
2026-07-29 19:45:31.207 -05:00 [DBG] Heartbeat SYNAPSE
2026-07-29 19:45:31.208 -05:00 [DBG] Heartbeat TRADEWEAVER
2026-07-29 19:45:31.208 -05:00 [DBG] Heartbeat CASEBLADE
2026-07-29 19:45:31.208 -05:00 [DBG] Heartbeat PROX
2026-07-29 19:45:31.208 -05:00 [DBG] Heartbeat SENTINEL
2026-07-29 19:45:31.208 -05:00 [DBG] Heartbeat MARKETSCRYER
2026-07-29 19:45:31.208 -05:00 [DBG] Heartbeat SIGNALFORGE
2026-07-29 19:45:31.208 -05:00 [DBG] Heartbeat ORACLEVAULT
2026-07-29 19:45:31.208 -05:00 [DBG] Heartbeat RISKWARDEN
2026-07-29 19:46:31.207 -05:00 [DBG] Heartbeat SYNAPSE
2026-07-29 19:46:31.207 -05:00 [DBG] Heartbeat TRADEWEAVER
2026-07-29 19:46:31.207 -05:00 [DBG] Heartbeat CASEBLADE
2026-07-29 19:46:31.207 -05:00 [DBG] Heartbeat PROX
2026-07-29 19:46:31.207 -05:00 [DBG] Heartbeat SENTINEL
2026-07-29 19:46:31.207 -05:00 [DBG] Heartbeat MARKETSCRYER
2026-07-29 19:46:31.207 -05:00 [DBG] Heartbeat SIGNALFORGE
2026-07-29 19:46:31.207 -05:00 [DBG] Heartbeat ORACLEVAULT
2026-07-29 19:46:31.207 -05:00 [DBG] Heartbeat RISKWARDEN
2026-07-29 19:47:31.207 -05:00 [DBG] Heartbeat SYNAPSE
2026-07-29 19:47:31.208 -05:00 [DBG] Heartbeat TRADEWEAVER
2026-07-29 19:47:31.208 -05:00 [DBG] Heartbeat CASEBLADE
2026-07-29 19:47:31.208 -05:00 [DBG] Heartbeat PROX
2026-07-29 19:47:31.208 -05:00 [DBG] Heartbeat SENTINEL
2026-07-29 19:47:31.208 -05:00 [DBG] Heartbeat MARKETSCRYER
2026-07-29 19:47:31.208 -05:00 [DBG] Heartbeat SIGNALFORGE
2026-07-29 19:47:31.208 -05:00 [DBG] Heartbeat ORACLEVAULT
2026-07-29 19:47:31.208 -05:00 [DBG] Heartbeat RISKWARDEN
2026-07-29 19:48:30.387 -05:00 [INF] PC health: C: 77.4% used, 10 recent errors
2026-07-29 19:48:31.209 -05:00 [DBG] Heartbeat SYNAPSE
2026-07-29 19:48:31.209 -05:00 [DBG] Heartbeat TRADEWEAVER
2026-07-29 19:48:31.209 -05:00 [DBG] Heartbeat CASEBLADE
2026-07-29 19:48:31.209 -05:00 [DBG] Heartbeat PROX
2026-07-29 19:48:31.209 -05:00 [DBG] Heartbeat SENTINEL
2026-07-29 19:48:31.209 -05:00 [DBG] Heartbeat MARKETSCRYER
2026-07-29 19:48:31.209 -05:00 [DBG] Heartbeat SIGNALFORGE
2026-07-29 19:48:31.209 -05:00 [DBG] Heartbeat ORACLEVAULT
2026-07-29 19:48:31.209 -05:00 [DBG] Heartbeat RISKWARDEN
2026-07-29 19:49:31.209 -05:00 [DBG] Heartbeat SYNAPSE
2026-07-29 19:49:31.209 -05:00 [DBG] Heartbeat TRADEWEAVER
2026-07-29 19:49:31.209 -05:00 [DBG] Heartbeat CASEBLADE
2026-07-29 19:49:31.209 -05:00 [DBG] Heartbeat PROX
2026-07-29 19:49:31.209 -05:00 [DBG] Heartbeat SENTINEL
2026-07-29 19:49:31.209 -05:00 [DBG] Heartbeat MARKETSCRYER
2026-07-29 19:49:31.209 -05:00 [DBG] Heartbeat SIGNALFORGE
2026-07-29 19:49:31.209 -05:00 [DBG] Heartbeat ORACLEVAULT
2026-07-29 19:49:31.209 -05:00 [DBG] Heartbeat RISKWARDEN
2026-07-29 19:50:31.209 -05:00 [DBG] Heartbeat SYNAPSE
2026-07-29 19:50:31.209 -05:00 [DBG] Heartbeat TRADEWEAVER
2026-07-29 19:50:31.209 -05:00 [DBG] Heartbeat CASEBLADE
2026-07-29 19:50:31.209 -05:00 [DBG] Heartbeat PROX
2026-07-29 19:50:31.209 -05:00 [DBG] Heartbeat SENTINEL
2026-07-29 19:50:31.209 -05:00 [DBG] Heartbeat MARKETSCRYER
2026-07-29 19:50:31.209 -05:00 [DBG] Heartbeat SIGNALFORGE
2026-07-29 19:50:31.209 -05:00 [DBG] Heartbeat ORACLEVAULT
2026-07-29 19:50:31.209 -05:00 [DBG] Heartbeat RISKWARDEN
2026-07-29 19:51:31.209 -05:00 [DBG] Heartbeat SYNAPSE
2026-07-29 19:51:31.209 -05:00 [DBG] Heartbeat TRADEWEAVER
2026-07-29 19:51:31.209 -05:00 [DBG] Heartbeat CASEBLADE
2026-07-29 19:51:31.209 -05:00 [DBG] Heartbeat PROX
2026-07-29 19:51:31.209 -05:00 [DBG] Heartbeat SENTINEL
2026-07-29 19:51:31.209 -05:00 [DBG] Heartbeat MARKETSCRYER
2026-07-29 19:51:31.209 -05:00 [DBG] Heartbeat SIGNALFORGE
2026-07-29 19:51:31.209 -05:00 [DBG] Heartbeat ORACLEVAULT
2026-07-29 19:51:31.209 -05:00 [DBG] Heartbeat RISKWARDEN
2026-07-29 19:52:31.212 -05:00 [DBG] Heartbeat SYNAPSE
2026-07-29 19:52:31.212 -05:00 [DBG] Heartbeat TRADEWEAVER
2026-07-29 19:52:31.212 -05:00 [DBG] Heartbeat CASEBLADE
2026-07-29 19:52:31.212 -05:00 [DBG] Heartbeat PROX
2026-07-29 19:52:31.212 -05:00 [DBG] Heartbeat SENTINEL
2026-07-29 19:52:31.212 -05:00 [DBG] Heartbeat MARKETSCRYER
2026-07-29 19:52:31.212 -05:00 [DBG] Heartbeat SIGNALFORGE
2026-07-29 19:52:31.212 -05:00 [DBG] Heartbeat ORACLEVAULT
2026-07-29 19:52:31.213 -05:00 [DBG] Heartbeat RISKWARDEN
2026-07-29 19:53:31.213 -05:00 [DBG] Heartbeat SYNAPSE
2026-07-29 19:53:31.213 -05:00 [DBG] Heartbeat TRADEWEAVER
2026-07-29 19:53:31.213 -05:00 [DBG] Heartbeat CASEBLADE
2026-07-29 19:53:31.213 -05:00 [DBG] Heartbeat PROX
2026-07-29 19:53:31.213 -05:00 [DBG] Heartbeat SENTINEL
2026-07-29 19:53:31.213 -05:00 [DBG] Heartbeat MARKETSCRYER
2026-07-29 19:53:31.213 -05:00 [DBG] Heartbeat SIGNALFORGE
2026-07-29 19:53:31.213 -05:00 [DBG] Heartbeat ORACLEVAULT
2026-07-29 19:53:31.213 -05:00 [DBG] Heartbeat RISKWARDEN
2026-07-29 19:53:42.570 -05:00 [INF] PC health: C: 77.4% used, 10 recent errors
2026-07-29 19:54:31.213 -05:00 [DBG] Heartbeat SYNAPSE
2026-07-29 19:54:31.213 -05:00 [DBG] Heartbeat TRADEWEAVER
2026-07-29 19:54:31.213 -05:00 [DBG] Heartbeat CASEBLADE
2026-07-29 19:54:31.213 -05:00 [DBG] Heartbeat PROX
2026-07-29 19:54:31.213 -05:00 [DBG] Heartbeat SENTINEL
2026-07-29 19:54:31.213 -05:00 [DBG] Heartbeat MARKETSCRYER
2026-07-29 19:54:31.213 -05:00 [DBG] Heartbeat SIGNALFORGE
2026-07-29 19:54:31.213 -05:00 [DBG] Heartbeat ORACLEVAULT
2026-07-29 19:54:31.213 -05:00 [DBG] Heartbeat RISKWARDEN
2026-07-29 19:55:31.213 -05:00 [DBG] Heartbeat SYNAPSE
2026-07-29 19:55:31.213 -05:00 [DBG] Heartbeat TRADEWEAVER
2026-07-29 19:55:31.213 -05:00 [DBG] Heartbeat CASEBLADE
2026-07-29 19:55:31.213 -05:00 [DBG] Heartbeat PROX
2026-07-29 19:55:31.213 -05:00 [DBG] Heartbeat SENTINEL
2026-07-29 19:55:31.213 -05:00 [DBG] Heartbeat MARKETSCRYER
2026-07-29 19:55:31.213 -05:00 [DBG] Heartbeat SIGNALFORGE
2026-07-29 19:55:31.213 -05:00 [DBG] Heartbeat ORACLEVAULT
2026-07-29 19:55:31.213 -05:00 [DBG] Heartbeat RISKWARDEN
2026-07-29 19:56:31.213 -05:00 [DBG] Heartbeat SYNAPSE
2026-07-29 19:56:31.213 -05:00 [DBG] Heartbeat TRADEWEAVER
2026-07-29 19:56:31.213 -05:00 [DBG] Heartbeat CASEBLADE
2026-07-29 19:56:31.213 -05:00 [DBG] Heartbeat PROX
2026-07-29 19:56:31.213 -05:00 [DBG] Heartbeat SENTINEL
2026-07-29 19:56:31.213 -05:00 [DBG] Heartbeat MARKETSCRYER
2026-07-29 19:56:31.213 -05:00 [DBG] Heartbeat SIGNALFORGE
2026-07-29 19:56:31.213 -05:00 [DBG] Heartbeat ORACLEVAULT
2026-07-29 19:56:31.213 -05:00 [DBG] Heartbeat RISKWARDEN
2026-07-29 19:57:31.213 -05:00 [DBG] Heartbeat SYNAPSE
2026-07-29 19:57:31.213 -05:00 [DBG] Heartbeat TRADEWEAVER
2026-07-29 19:57:31.213 -05:00 [DBG] Heartbeat CASEBLADE
2026-07-29 19:57:31.213 -05:00 [DBG] Heartbeat PROX
2026-07-29 19:57:31.213 -05:00 [DBG] Heartbeat SENTINEL
2026-07-29 19:57:31.213 -05:00 [DBG] Heartbeat MARKETSCRYER
2026-07-29 19:57:31.213 -05:00 [DBG] Heartbeat SIGNALFORGE
2026-07-29 19:57:31.213 -05:00 [DBG] Heartbeat ORACLEVAULT
2026-07-29 19:57:31.213 -05:00 [DBG] Heartbeat RISKWARDEN
2026-07-29 19:58:31.213 -05:00 [DBG] Heartbeat SYNAPSE
2026-07-29 19:58:31.213 -05:00 [DBG] Heartbeat TRADEWEAVER
2026-07-29 19:58:31.213 -05:00 [DBG] Heartbeat CASEBLADE
2026-07-29 19:58:31.213 -05:00 [DBG] Heartbeat PROX
2026-07-29 19:58:31.213 -05:00 [DBG] Heartbeat SENTINEL
2026-07-29 19:58:31.213 -05:00 [DBG] Heartbeat MARKETSCRYER
2026-07-29 19:58:31.213 -05:00 [DBG] Heartbeat SIGNALFORGE
2026-07-29 19:58:31.213 -05:00 [DBG] Heartbeat ORACLEVAULT
2026-07-29 19:58:31.213 -05:00 [DBG] Heartbeat RISKWARDEN
2026-07-29 19:58:54.836 -05:00 [INF] PC health: C: 77.4% used, 10 recent errors
2026-07-29 19:59:31.213 -05:00 [DBG] Heartbeat SYNAPSE
2026-07-29 19:59:31.213 -05:00 [DBG] Heartbeat TRADEWEAVER
2026-07-29 19:59:31.213 -05:00 [DBG] Heartbeat CASEBLADE
2026-07-29 19:59:31.213 -05:00 [DBG] Heartbeat PROX
2026-07-29 19:59:31.213 -05:00 [DBG] Heartbeat SENTINEL
2026-07-29 19:59:31.213 -05:00 [DBG] Heartbeat MARKETSCRYER
2026-07-29 19:59:31.213 -05:00 [DBG] Heartbeat SIGNALFORGE
2026-07-29 19:59:31.213 -05:00 [DBG] Heartbeat ORACLEVAULT
2026-07-29 19:59:31.213 -05:00 [DBG] Heartbeat RISKWARDEN
2026-07-29 20:00:31.214 -05:00 [DBG] Heartbeat SYNAPSE
2026-07-29 20:00:31.214 -05:00 [DBG] Heartbeat TRADEWEAVER
2026-07-29 20:00:31.214 -05:00 [DBG] Heartbeat CASEBLADE
2026-07-29 20:00:31.214 -05:00 [DBG] Heartbeat PROX
2026-07-29 20:00:31.214 -05:00 [DBG] Heartbeat SENTINEL
2026-07-29 20:00:31.214 -05:00 [DBG] Heartbeat MARKETSCRYER
2026-07-29 20:00:31.214 -05:00 [DBG] Heartbeat SIGNALFORGE
2026-07-29 20:00:31.214 -05:00 [DBG] Heartbeat ORACLEVAULT
2026-07-29 20:00:31.214 -05:00 [DBG] Heartbeat RISKWARDEN
2026-07-29 20:01:31.214 -05:00 [DBG] Heartbeat SYNAPSE
2026-07-29 20:01:31.214 -05:00 [DBG] Heartbeat TRADEWEAVER
2026-07-29 20:01:31.214 -05:00 [DBG] Heartbeat CASEBLADE
2026-07-29 20:01:31.214 -05:00 [DBG] Heartbeat PROX
2026-07-29 20:01:31.214 -05:00 [DBG] Heartbeat SENTINEL
2026-07-29 20:01:31.214 -05:00 [DBG] Heartbeat MARKETSCRYER
2026-07-29 20:01:31.214 -05:00 [DBG] Heartbeat SIGNALFORGE
2026-07-29 20:01:31.214 -05:00 [DBG] Heartbeat ORACLEVAULT
2026-07-29 20:01:31.214 -05:00 [DBG] Heartbeat RISKWARDEN
2026-07-29 20:02:31.214 -05:00 [DBG] Heartbeat SYNAPSE
2026-07-29 20:02:31.214 -05:00 [DBG] Heartbeat TRADEWEAVER
2026-07-29 20:02:31.214 -05:00 [DBG] Heartbeat CASEBLADE
2026-07-29 20:02:31.214 -05:00 [DBG] Heartbeat PROX
2026-07-29 20:02:31.214 -05:00 [DBG] Heartbeat SENTINEL
2026-07-29 20:02:31.214 -05:00 [DBG] Heartbeat MARKETSCRYER
2026-07-29 20:02:31.214 -05:00 [DBG] Heartbeat SIGNALFORGE
2026-07-29 20:02:31.214 -05:00 [DBG] Heartbeat ORACLEVAULT
2026-07-29 20:02:31.214 -05:00 [DBG] Heartbeat RISKWARDEN
2026-07-29 20:03:31.215 -05:00 [DBG] Heartbeat SYNAPSE
2026-07-29 20:03:31.215 -05:00 [DBG] Heartbeat TRADEWEAVER
2026-07-29 20:03:31.215 -05:00 [DBG] Heartbeat CASEBLADE
2026-07-29 20:03:31.215 -05:00 [DBG] Heartbeat PROX
2026-07-29 20:03:31.215 -05:00 [DBG] Heartbeat SENTINEL
2026-07-29 20:03:31.215 -05:00 [DBG] Heartbeat MARKETSCRYER
2026-07-29 20:03:31.215 -05:00 [DBG] Heartbeat SIGNALFORGE
2026-07-29 20:03:31.215 -05:00 [DBG] Heartbeat ORACLEVAULT
2026-07-29 20:03:31.215 -05:00 [DBG] Heartbeat RISKWARDEN
2026-07-29 20:04:07.038 -05:00 [INF] PC health: C: 77.4% used, 10 recent errors
2026-07-29 20:04:31.215 -05:00 [DBG] Heartbeat SYNAPSE
2026-07-29 20:04:31.215 -05:00 [DBG] Heartbeat TRADEWEAVER
2026-07-29 20:04:31.215 -05:00 [DBG] Heartbeat CASEBLADE
2026-07-29 20:04:31.215 -05:00 [DBG] Heartbeat PROX
2026-07-29 20:04:31.215 -05:00 [DBG] Heartbeat SENTINEL
2026-07-29 20:04:31.215 -05:00 [DBG] Heartbeat MARKETSCRYER
2026-07-29 20:04:31.215 -05:00 [DBG] Heartbeat SIGNALFORGE
2026-07-29 20:04:31.215 -05:00 [DBG] Heartbeat ORACLEVAULT
2026-07-29 20:04:31.215 -05:00 [DBG] Heartbeat RISKWARDEN
2026-07-29 20:05:31.215 -05:00 [DBG] Heartbeat SYNAPSE
2026-07-29 20:05:31.215 -05:00 [DBG] Heartbeat TRADEWEAVER
2026-07-29 20:05:31.215 -05:00 [DBG] Heartbeat CASEBLADE
2026-07-29 20:05:31.215 -05:00 [DBG] Heartbeat PROX
2026-07-29 20:05:31.215 -05:00 [DBG] Heartbeat SENTINEL
2026-07-29 20:05:31.215 -05:00 [DBG] Heartbeat MARKETSCRYER
2026-07-29 20:05:31.215 -05:00 [DBG] Heartbeat SIGNALFORGE
2026-07-29 20:05:31.215 -05:00 [DBG] Heartbeat ORACLEVAULT
2026-07-29 20:05:31.215 -05:00 [DBG] Heartbeat RISKWARDEN
2026-07-29 20:06:31.215 -05:00 [DBG] Heartbeat SYNAPSE
2026-07-29 20:06:31.215 -05:00 [DBG] Heartbeat TRADEWEAVER
2026-07-29 20:06:31.215 -05:00 [DBG] Heartbeat CASEBLADE
2026-07-29 20:06:31.215 -05:00 [DBG] Heartbeat PROX
2026-07-29 20:06:31.215 -05:00 [DBG] Heartbeat SENTINEL
2026-07-29 20:06:31.215 -05:00 [DBG] Heartbeat MARKETSCRYER
2026-07-29 20:06:31.215 -05:00 [DBG] Heartbeat SIGNALFORGE
2026-07-29 20:06:31.215 -05:00 [DBG] Heartbeat ORACLEVAULT
2026-07-29 20:06:31.215 -05:00 [DBG] Heartbeat RISKWARDEN
2026-07-29 20:07:31.215 -05:00 [DBG] Heartbeat SYNAPSE
2026-07-29 20:07:31.215 -05:00 [DBG] Heartbeat TRADEWEAVER
2026-07-29 20:07:31.215 -05:00 [DBG] Heartbeat CASEBLADE
2026-07-29 20:07:31.215 -05:00 [DBG] Heartbeat PROX
2026-07-29 20:07:31.215 -05:00 [DBG] Heartbeat SENTINEL
2026-07-29 20:07:31.215 -05:00 [DBG] Heartbeat MARKETSCRYER
2026-07-29 20:07:31.215 -05:00 [DBG] Heartbeat SIGNALFORGE
2026-07-29 20:07:31.215 -05:00 [DBG] Heartbeat ORACLEVAULT
2026-07-29 20:07:31.215 -05:00 [DBG] Heartbeat RISKWARDEN
2026-07-29 20:08:31.215 -05:00 [DBG] Heartbeat SYNAPSE
2026-07-29 20:08:31.215 -05:00 [DBG] Heartbeat TRADEWEAVER
2026-07-29 20:08:31.215 -05:00 [DBG] Heartbeat CASEBLADE
2026-07-29 20:08:31.215 -05:00 [DBG] Heartbeat PROX
2026-07-29 20:08:31.215 -05:00 [DBG] Heartbeat SENTINEL
2026-07-29 20:08:31.215 -05:00 [DBG] Heartbeat MARKETSCRYER
2026-07-29 20:08:31.215 -05:00 [DBG] Heartbeat SIGNALFORGE
2026-07-29 20:08:31.215 -05:00 [DBG] Heartbeat ORACLEVAULT
2026-07-29 20:08:31.215 -05:00 [DBG] Heartbeat RISKWARDEN
2026-07-29 20:09:19.433 -05:00 [INF] PC health: C: 77.4% used, 10 recent errors
2026-07-29 20:09:31.215 -05:00 [DBG] Heartbeat SYNAPSE
2026-07-29 20:09:31.215 -05:00 [DBG] Heartbeat TRADEWEAVER
2026-07-29 20:09:31.215 -05:00 [DBG] Heartbeat CASEBLADE
2026-07-29 20:09:31.215 -05:00 [DBG] Heartbeat PROX
2026-07-29 20:09:31.215 -05:00 [DBG] Heartbeat SENTINEL
2026-07-29 20:09:31.215 -05:00 [DBG] Heartbeat MARKETSCRYER
2026-07-29 20:09:31.215 -05:00 [DBG] Heartbeat SIGNALFORGE
2026-07-29 20:09:31.215 -05:00 [DBG] Heartbeat ORACLEVAULT
2026-07-29 20:09:31.215 -05:00 [DBG] Heartbeat RISKWARDEN
2026-07-29 20:10:31.215 -05:00 [DBG] Heartbeat SYNAPSE
2026-07-29 20:10:31.215 -05:00 [DBG] Heartbeat TRADEWEAVER
2026-07-29 20:10:31.215 -05:00 [DBG] Heartbeat CASEBLADE
2026-07-29 20:10:31.215 -05:00 [DBG] Heartbeat PROX
2026-07-29 20:10:31.215 -05:00 [DBG] Heartbeat SENTINEL
2026-07-29 20:10:31.215 -05:00 [DBG] Heartbeat MARKETSCRYER
2026-07-29 20:10:31.215 -05:00 [DBG] Heartbeat SIGNALFORGE
2026-07-29 20:10:31.215 -05:00 [DBG] Heartbeat ORACLEVAULT
2026-07-29 20:10:31.215 -05:00 [DBG] Heartbeat RISKWARDEN
2026-07-29 20:11:31.216 -05:00 [DBG] Heartbeat SYNAPSE
2026-07-29 20:11:31.216 -05:00 [DBG] Heartbeat TRADEWEAVER
2026-07-29 20:11:31.216 -05:00 [DBG] Heartbeat CASEBLADE
2026-07-29 20:11:31.216 -05:00 [DBG] Heartbeat PROX
2026-07-29 20:11:31.216 -05:00 [DBG] Heartbeat SENTINEL
2026-07-29 20:11:31.216 -05:00 [DBG] Heartbeat MARKETSCRYER
2026-07-29 20:11:31.216 -05:00 [DBG] Heartbeat SIGNALFORGE
2026-07-29 20:11:31.216 -05:00 [DBG] Heartbeat ORACLEVAULT
2026-07-29 20:11:31.216 -05:00 [DBG] Heartbeat RISKWARDEN
2026-07-29 20:12:31.216 -05:00 [DBG] Heartbeat SYNAPSE
2026-07-29 20:12:31.216 -05:00 [DBG] Heartbeat TRADEWEAVER
2026-07-29 20:12:31.216 -05:00 [DBG] Heartbeat CASEBLADE
2026-07-29 20:12:31.216 -05:00 [DBG] Heartbeat PROX
2026-07-29 20:12:31.216 -05:00 [DBG] Heartbeat SENTINEL
2026-07-29 20:12:31.216 -05:00 [DBG] Heartbeat MARKETSCRYER
2026-07-29 20:12:31.216 -05:00 [DBG] Heartbeat SIGNALFORGE
2026-07-29 20:12:31.216 -05:00 [DBG] Heartbeat ORACLEVAULT
2026-07-29 20:12:31.216 -05:00 [DBG] Heartbeat RISKWARDEN
2026-07-29 20:13:31.216 -05:00 [DBG] Heartbeat SYNAPSE
2026-07-29 20:13:31.216 -05:00 [DBG] Heartbeat TRADEWEAVER
2026-07-29 20:13:31.216 -05:00 [DBG] Heartbeat CASEBLADE
2026-07-29 20:13:31.216 -05:00 [DBG] Heartbeat PROX
2026-07-29 20:13:31.216 -05:00 [DBG] Heartbeat SENTINEL
2026-07-29 20:13:31.216 -05:00 [DBG] Heartbeat MARKETSCRYER
2026-07-29 20:13:31.216 -05:00 [DBG] Heartbeat SIGNALFORGE
2026-07-29 20:13:31.216 -05:00 [DBG] Heartbeat ORACLEVAULT
2026-07-29 20:13:31.216 -05:00 [DBG] Heartbeat RISKWARDEN
2026-07-29 20:14:31.217 -05:00 [DBG] Heartbeat SYNAPSE
2026-07-29 20:14:31.217 -05:00 [DBG] Heartbeat TRADEWEAVER
2026-07-29 20:14:31.217 -05:00 [DBG] Heartbeat CASEBLADE
2026-07-29 20:14:31.217 -05:00 [DBG] Heartbeat PROX
2026-07-29 20:14:31.217 -05:00 [DBG] Heartbeat SENTINEL
2026-07-29 20:14:31.217 -05:00 [DBG] Heartbeat MARKETSCRYER
2026-07-29 20:14:31.217 -05:00 [DBG] Heartbeat SIGNALFORGE
2026-07-29 20:14:31.217 -05:00 [DBG] Heartbeat ORACLEVAULT
2026-07-29 20:14:31.217 -05:00 [DBG] Heartbeat RISKWARDEN
2026-07-29 20:14:31.837 -05:00 [INF] PC health: C: 77.4% used, 10 recent errors
2026-07-29 20:15:31.218 -05:00 [DBG] Heartbeat SYNAPSE
2026-07-29 20:15:31.218 -05:00 [DBG] Heartbeat TRADEWEAVER
2026-07-29 20:15:31.218 -05:00 [DBG] Heartbeat CASEBLADE
2026-07-29 20:15:31.218 -05:00 [DBG] Heartbeat PROX
2026-07-29 20:15:31.218 -05:00 [DBG] Heartbeat SENTINEL
2026-07-29 20:15:31.218 -05:00 [DBG] Heartbeat MARKETSCRYER
2026-07-29 20:15:31.218 -05:00 [DBG] Heartbeat SIGNALFORGE
2026-07-29 20:15:31.218 -05:00 [DBG] Heartbeat ORACLEVAULT
2026-07-29 20:15:31.218 -05:00 [DBG] Heartbeat RISKWARDEN
2026-07-29 20:16:31.218 -05:00 [DBG] Heartbeat SYNAPSE
2026-07-29 20:16:31.218 -05:00 [DBG] Heartbeat TRADEWEAVER
2026-07-29 20:16:31.218 -05:00 [DBG] Heartbeat CASEBLADE
2026-07-29 20:16:31.218 -05:00 [DBG] Heartbeat PROX
2026-07-29 20:16:31.218 -05:00 [DBG] Heartbeat SENTINEL
2026-07-29 20:16:31.218 -05:00 [DBG] Heartbeat MARKETSCRYER
2026-07-29 20:16:31.218 -05:00 [DBG] Heartbeat SIGNALFORGE
2026-07-29 20:16:31.218 -05:00 [DBG] Heartbeat ORACLEVAULT
2026-07-29 20:16:31.218 -05:00 [DBG] Heartbeat RISKWARDEN
2026-07-29 20:17:31.219 -05:00 [DBG] Heartbeat SYNAPSE
2026-07-29 20:17:31.219 -05:00 [DBG] Heartbeat TRADEWEAVER
2026-07-29 20:17:31.219 -05:00 [DBG] Heartbeat CASEBLADE
2026-07-29 20:17:31.219 -05:00 [DBG] Heartbeat PROX
2026-07-29 20:17:31.219 -05:00 [DBG] Heartbeat SENTINEL
2026-07-29 20:17:31.219 -05:00 [DBG] Heartbeat MARKETSCRYER
2026-07-29 20:17:31.219 -05:00 [DBG] Heartbeat SIGNALFORGE
2026-07-29 20:17:31.219 -05:00 [DBG] Heartbeat ORACLEVAULT
2026-07-29 20:17:31.219 -05:00 [DBG] Heartbeat RISKWARDEN
2026-07-29 20:18:31.219 -05:00 [DBG] Heartbeat SYNAPSE
2026-07-29 20:18:31.219 -05:00 [DBG] Heartbeat TRADEWEAVER
2026-07-29 20:18:31.219 -05:00 [DBG] Heartbeat CASEBLADE
2026-07-29 20:18:31.219 -05:00 [DBG] Heartbeat PROX
2026-07-29 20:18:31.219 -05:00 [DBG] Heartbeat SENTINEL
2026-07-29 20:18:31.219 -05:00 [DBG] Heartbeat MARKETSCRYER
2026-07-29 20:18:31.219 -05:00 [DBG] Heartbeat SIGNALFORGE
2026-07-29 20:18:31.219 -05:00 [DBG] Heartbeat ORACLEVAULT
2026-07-29 20:18:31.219 -05:00 [DBG] Heartbeat RISKWARDEN
2026-07-29 20:19:31.220 -05:00 [DBG] Heartbeat SYNAPSE
2026-07-29 20:19:31.220 -05:00 [DBG] Heartbeat TRADEWEAVER
2026-07-29 20:19:31.220 -05:00 [DBG] Heartbeat CASEBLADE
2026-07-29 20:19:31.220 -05:00 [DBG] Heartbeat PROX
2026-07-29 20:19:31.220 -05:00 [DBG] Heartbeat SENTINEL
2026-07-29 20:19:31.220 -05:00 [DBG] Heartbeat MARKETSCRYER
2026-07-29 20:19:31.220 -05:00 [DBG] Heartbeat SIGNALFORGE
2026-07-29 20:19:31.220 -05:00 [DBG] Heartbeat ORACLEVAULT
2026-07-29 20:19:31.220 -05:00 [DBG] Heartbeat RISKWARDEN
2026-07-29 20:19:44.282 -05:00 [INF] PC health: C: 77.4% used, 10 recent errors
2026-07-29 20:20:31.220 -05:00 [DBG] Heartbeat SYNAPSE
2026-07-29 20:20:31.220 -05:00 [DBG] Heartbeat TRADEWEAVER
2026-07-29 20:20:31.220 -05:00 [DBG] Heartbeat CASEBLADE
2026-07-29 20:20:31.220 -05:00 [DBG] Heartbeat PROX
2026-07-29 20:20:31.220 -05:00 [DBG] Heartbeat SENTINEL
2026-07-29 20:20:31.220 -05:00 [DBG] Heartbeat MARKETSCRYER
2026-07-29 20:20:31.220 -05:00 [DBG] Heartbeat SIGNALFORGE
2026-07-29 20:20:31.220 -05:00 [DBG] Heartbeat ORACLEVAULT
2026-07-29 20:20:31.220 -05:00 [DBG] Heartbeat RISKWARDEN
2026-07-29 20:21:31.220 -05:00 [DBG] Heartbeat SYNAPSE
2026-07-29 20:21:31.220 -05:00 [DBG] Heartbeat TRADEWEAVER
2026-07-29 20:21:31.220 -05:00 [DBG] Heartbeat CASEBLADE
2026-07-29 20:21:31.220 -05:00 [DBG] Heartbeat PROX
2026-07-29 20:21:31.220 -05:00 [DBG] Heartbeat SENTINEL
2026-07-29 20:21:31.220 -05:00 [DBG] Heartbeat MARKETSCRYER
2026-07-29 20:21:31.220 -05:00 [DBG] Heartbeat SIGNALFORGE
2026-07-29 20:21:31.220 -05:00 [DBG] Heartbeat ORACLEVAULT
2026-07-29 20:21:31.220 -05:00 [DBG] Heartbeat RISKWARDEN
2026-07-29 20:22:31.221 -05:00 [DBG] Heartbeat SYNAPSE
2026-07-29 20:22:31.221 -05:00 [DBG] Heartbeat TRADEWEAVER
2026-07-29 20:22:31.221 -05:00 [DBG] Heartbeat CASEBLADE
2026-07-29 20:22:31.221 -05:00 [DBG] Heartbeat PROX
2026-07-29 20:22:31.221 -05:00 [DBG] Heartbeat SENTINEL
2026-07-29 20:22:31.221 -05:00 [DBG] Heartbeat MARKETSCRYER
2026-07-29 20:22:31.221 -05:00 [DBG] Heartbeat SIGNALFORGE
2026-07-29 20:22:31.221 -05:00 [DBG] Heartbeat ORACLEVAULT
2026-07-29 20:22:31.221 -05:00 [DBG] Heartbeat RISKWARDEN
2026-07-29 20:23:31.220 -05:00 [DBG] Heartbeat SYNAPSE
2026-07-29 20:23:31.220 -05:00 [DBG] Heartbeat TRADEWEAVER
2026-07-29 20:23:31.220 -05:00 [DBG] Heartbeat CASEBLADE
2026-07-29 20:23:31.220 -05:00 [DBG] Heartbeat PROX
2026-07-29 20:23:31.220 -05:00 [DBG] Heartbeat SENTINEL
2026-07-29 20:23:31.220 -05:00 [DBG] Heartbeat MARKETSCRYER
2026-07-29 20:23:31.220 -05:00 [DBG] Heartbeat SIGNALFORGE
2026-07-29 20:23:31.220 -05:00 [DBG] Heartbeat ORACLEVAULT
2026-07-29 20:23:31.220 -05:00 [DBG] Heartbeat RISKWARDEN
2026-07-29 20:24:31.221 -05:00 [DBG] Heartbeat SYNAPSE
2026-07-29 20:24:31.221 -05:00 [DBG] Heartbeat TRADEWEAVER
2026-07-29 20:24:31.221 -05:00 [DBG] Heartbeat CASEBLADE
2026-07-29 20:24:31.221 -05:00 [DBG] Heartbeat PROX
2026-07-29 20:24:31.221 -05:00 [DBG] Heartbeat SENTINEL
2026-07-29 20:24:31.221 -05:00 [DBG] Heartbeat MARKETSCRYER
2026-07-29 20:24:31.221 -05:00 [DBG] Heartbeat SIGNALFORGE
2026-07-29 20:24:31.221 -05:00 [DBG] Heartbeat ORACLEVAULT
2026-07-29 20:24:31.221 -05:00 [DBG] Heartbeat RISKWARDEN
2026-07-29 20:24:56.641 -05:00 [INF] PC health: C: 77.4% used, 10 recent errors
2026-07-29 20:25:31.222 -05:00 [DBG] Heartbeat SYNAPSE
2026-07-29 20:25:31.222 -05:00 [DBG] Heartbeat TRADEWEAVER
2026-07-29 20:25:31.222 -05:00 [DBG] Heartbeat CASEBLADE
2026-07-29 20:25:31.222 -05:00 [DBG] Heartbeat PROX
2026-07-29 20:25:31.222 -05:00 [DBG] Heartbeat SENTINEL
2026-07-29 20:25:31.222 -05:00 [DBG] Heartbeat MARKETSCRYER
2026-07-29 20:25:31.222 -05:00 [DBG] Heartbeat SIGNALFORGE
2026-07-29 20:25:31.222 -05:00 [DBG] Heartbeat ORACLEVAULT
2026-07-29 20:25:31.222 -05:00 [DBG] Heartbeat RISKWARDEN
2026-07-29 20:26:31.223 -05:00 [DBG] Heartbeat SYNAPSE
2026-07-29 20:26:31.223 -05:00 [DBG] Heartbeat TRADEWEAVER
2026-07-29 20:26:31.223 -05:00 [DBG] Heartbeat CASEBLADE
2026-07-29 20:26:31.223 -05:00 [DBG] Heartbeat PROX
2026-07-29 20:26:31.223 -05:00 [DBG] Heartbeat SENTINEL
2026-07-29 20:26:31.223 -05:00 [DBG] Heartbeat MARKETSCRYER
2026-07-29 20:26:31.223 -05:00 [DBG] Heartbeat SIGNALFORGE
2026-07-29 20:26:31.223 -05:00 [DBG] Heartbeat ORACLEVAULT
2026-07-29 20:26:31.223 -05:00 [DBG] Heartbeat RISKWARDEN
2026-07-29 20:27:31.222 -05:00 [DBG] Heartbeat SYNAPSE
2026-07-29 20:27:31.223 -05:00 [DBG] Heartbeat TRADEWEAVER
2026-07-29 20:27:31.223 -05:00 [DBG] Heartbeat CASEBLADE
2026-07-29 20:27:31.223 -05:00 [DBG] Heartbeat PROX
2026-07-29 20:27:31.223 -05:00 [DBG] Heartbeat SENTINEL
2026-07-29 20:27:31.223 -05:00 [DBG] Heartbeat MARKETSCRYER
2026-07-29 20:27:31.223 -05:00 [DBG] Heartbeat SIGNALFORGE
2026-07-29 20:27:31.223 -05:00 [DBG] Heartbeat ORACLEVAULT
2026-07-29 20:27:31.223 -05:00 [DBG] Heartbeat RISKWARDEN
2026-07-29 20:28:31.222 -05:00 [DBG] Heartbeat SYNAPSE
2026-07-29 20:28:31.222 -05:00 [DBG] Heartbeat TRADEWEAVER
2026-07-29 20:28:31.222 -05:00 [DBG] Heartbeat CASEBLADE
2026-07-29 20:28:31.222 -05:00 [DBG] Heartbeat PROX
2026-07-29 20:28:31.222 -05:00 [DBG] Heartbeat SENTINEL
2026-07-29 20:28:31.222 -05:00 [DBG] Heartbeat MARKETSCRYER
2026-07-29 20:28:31.222 -05:00 [DBG] Heartbeat SIGNALFORGE
2026-07-29 20:28:31.222 -05:00 [DBG] Heartbeat ORACLEVAULT
2026-07-29 20:28:31.222 -05:00 [DBG] Heartbeat RISKWARDEN
2026-07-29 20:29:31.222 -05:00 [DBG] Heartbeat SYNAPSE
2026-07-29 20:29:31.223 -05:00 [DBG] Heartbeat TRADEWEAVER
2026-07-29 20:29:31.223 -05:00 [DBG] Heartbeat CASEBLADE
2026-07-29 20:29:31.223 -05:00 [DBG] Heartbeat PROX
2026-07-29 20:29:31.223 -05:00 [DBG] Heartbeat SENTINEL
2026-07-29 20:29:31.223 -05:00 [DBG] Heartbeat MARKETSCRYER
2026-07-29 20:29:31.223 -05:00 [DBG] Heartbeat SIGNALFORGE
2026-07-29 20:29:31.223 -05:00 [DBG] Heartbeat ORACLEVAULT
2026-07-29 20:29:31.223 -05:00 [DBG] Heartbeat RISKWARDEN
2026-07-29 20:30:08.926 -05:00 [INF] PC health: C: 77.4% used, 10 recent errors
2026-07-29 20:30:31.223 -05:00 [DBG] Heartbeat SYNAPSE
2026-07-29 20:30:31.223 -05:00 [DBG] Heartbeat TRADEWEAVER
2026-07-29 20:30:31.223 -05:00 [DBG] Heartbeat CASEBLADE
2026-07-29 20:30:31.223 -05:00 [DBG] Heartbeat PROX
2026-07-29 20:30:31.223 -05:00 [DBG] Heartbeat SENTINEL
2026-07-29 20:30:31.223 -05:00 [DBG] Heartbeat MARKETSCRYER
2026-07-29 20:30:31.223 -05:00 [DBG] Heartbeat SIGNALFORGE
2026-07-29 20:30:31.223 -05:00 [DBG] Heartbeat ORACLEVAULT
2026-07-29 20:30:31.223 -05:00 [DBG] Heartbeat RISKWARDEN
2026-07-29 20:31:31.223 -05:00 [DBG] Heartbeat SYNAPSE
2026-07-29 20:31:31.223 -05:00 [DBG] Heartbeat TRADEWEAVER
2026-07-29 20:31:31.223 -05:00 [DBG] Heartbeat CASEBLADE
2026-07-29 20:31:31.223 -05:00 [DBG] Heartbeat PROX
2026-07-29 20:31:31.223 -05:00 [DBG] Heartbeat SENTINEL
2026-07-29 20:31:31.223 -05:00 [DBG] Heartbeat MARKETSCRYER
2026-07-29 20:31:31.223 -05:00 [DBG] Heartbeat SIGNALFORGE
2026-07-29 20:31:31.223 -05:00 [DBG] Heartbeat ORACLEVAULT
2026-07-29 20:31:31.223 -05:00 [DBG] Heartbeat RISKWARDEN
2026-07-29 20:32:31.223 -05:00 [DBG] Heartbeat SYNAPSE
2026-07-29 20:32:31.223 -05:00 [DBG] Heartbeat TRADEWEAVER
2026-07-29 20:32:31.224 -05:00 [DBG] Heartbeat CASEBLADE
2026-07-29 20:32:31.224 -05:00 [DBG] Heartbeat PROX
2026-07-29 20:32:31.224 -05:00 [DBG] Heartbeat SENTINEL
2026-07-29 20:32:31.224 -05:00 [DBG] Heartbeat MARKETSCRYER
2026-07-29 20:32:31.224 -05:00 [DBG] Heartbeat SIGNALFORGE
2026-07-29 20:32:31.224 -05:00 [DBG] Heartbeat ORACLEVAULT
2026-07-29 20:32:31.224 -05:00 [DBG] Heartbeat RISKWARDEN
2026-07-29 20:33:31.224 -05:00 [DBG] Heartbeat SYNAPSE
2026-07-29 20:33:31.224 -05:00 [DBG] Heartbeat TRADEWEAVER
2026-07-29 20:33:31.224 -05:00 [DBG] Heartbeat CASEBLADE
2026-07-29 20:33:31.224 -05:00 [DBG] Heartbeat PROX
2026-07-29 20:33:31.224 -05:00 [DBG] Heartbeat SENTINEL
2026-07-29 20:33:31.224 -05:00 [DBG] Heartbeat MARKETSCRYER
2026-07-29 20:33:31.224 -05:00 [DBG] Heartbeat SIGNALFORGE
2026-07-29 20:33:31.224 -05:00 [DBG] Heartbeat ORACLEVAULT
2026-07-29 20:33:31.224 -05:00 [DBG] Heartbeat RISKWARDEN
2026-07-29 20:34:31.224 -05:00 [DBG] Heartbeat SYNAPSE
2026-07-29 20:34:31.224 -05:00 [DBG] Heartbeat TRADEWEAVER
2026-07-29 20:34:31.224 -05:00 [DBG] Heartbeat CASEBLADE
2026-07-29 20:34:31.224 -05:00 [DBG] Heartbeat PROX
2026-07-29 20:34:31.224 -05:00 [DBG] Heartbeat SENTINEL
2026-07-29 20:34:31.224 -05:00 [DBG] Heartbeat MARKETSCRYER
2026-07-29 20:34:31.224 -05:00 [DBG] Heartbeat SIGNALFORGE
2026-07-29 20:34:31.224 -05:00 [DBG] Heartbeat ORACLEVAULT
2026-07-29 20:34:31.224 -05:00 [DBG] Heartbeat RISKWARDEN
2026-07-29 20:35:21.274 -05:00 [INF] PC health: C: 77.4% used, 10 recent errors
2026-07-29 20:35:31.225 -05:00 [DBG] Heartbeat SYNAPSE
2026-07-29 20:35:31.225 -05:00 [DBG] Heartbeat TRADEWEAVER
2026-07-29 20:35:31.225 -05:00 [DBG] Heartbeat CASEBLADE
2026-07-29 20:35:31.225 -05:00 [DBG] Heartbeat PROX
2026-07-29 20:35:31.225 -05:00 [DBG] Heartbeat SENTINEL
2026-07-29 20:35:31.225 -05:00 [DBG] Heartbeat MARKETSCRYER
2026-07-29 20:35:31.225 -05:00 [DBG] Heartbeat SIGNALFORGE
2026-07-29 20:35:31.225 -05:00 [DBG] Heartbeat ORACLEVAULT
2026-07-29 20:35:31.225 -05:00 [DBG] Heartbeat RISKWARDEN
2026-07-29 20:36:31.225 -05:00 [DBG] Heartbeat SYNAPSE
2026-07-29 20:36:31.225 -05:00 [DBG] Heartbeat TRADEWEAVER
2026-07-29 20:36:31.225 -05:00 [DBG] Heartbeat CASEBLADE
2026-07-29 20:36:31.225 -05:00 [DBG] Heartbeat PROX
2026-07-29 20:36:31.225 -05:00 [DBG] Heartbeat SENTINEL
2026-07-29 20:36:31.225 -05:00 [DBG] Heartbeat MARKETSCRYER
2026-07-29 20:36:31.225 -05:00 [DBG] Heartbeat SIGNALFORGE
2026-07-29 20:36:31.225 -05:00 [DBG] Heartbeat ORACLEVAULT
2026-07-29 20:36:31.225 -05:00 [DBG] Heartbeat RISKWARDEN
2026-07-29 20:37:31.225 -05:00 [DBG] Heartbeat SYNAPSE
2026-07-29 20:37:31.225 -05:00 [DBG] Heartbeat TRADEWEAVER
2026-07-29 20:37:31.225 -05:00 [DBG] Heartbeat CASEBLADE
2026-07-29 20:37:31.225 -05:00 [DBG] Heartbeat PROX
2026-07-29 20:37:31.225 -05:00 [DBG] Heartbeat SENTINEL
2026-07-29 20:37:31.225 -05:00 [DBG] Heartbeat MARKETSCRYER
2026-07-29 20:37:31.225 -05:00 [DBG] Heartbeat SIGNALFORGE
2026-07-29 20:37:31.225 -05:00 [DBG] Heartbeat ORACLEVAULT
2026-07-29 20:37:31.225 -05:00 [DBG] Heartbeat RISKWARDEN
2026-07-29 20:38:31.225 -05:00 [DBG] Heartbeat SYNAPSE
2026-07-29 20:38:31.225 -05:00 [DBG] Heartbeat TRADEWEAVER
2026-07-29 20:38:31.225 -05:00 [DBG] Heartbeat CASEBLADE
2026-07-29 20:38:31.225 -05:00 [DBG] Heartbeat PROX
2026-07-29 20:38:31.225 -05:00 [DBG] Heartbeat SENTINEL
2026-07-29 20:38:31.225 -05:00 [DBG] Heartbeat MARKETSCRYER
2026-07-29 20:38:31.225 -05:00 [DBG] Heartbeat SIGNALFORGE
2026-07-29 20:38:31.225 -05:00 [DBG] Heartbeat ORACLEVAULT
2026-07-29 20:38:31.225 -05:00 [DBG] Heartbeat RISKWARDEN
2026-07-29 20:39:31.225 -05:00 [DBG] Heartbeat SYNAPSE
2026-07-29 20:39:31.225 -05:00 [DBG] Heartbeat TRADEWEAVER
2026-07-29 20:39:31.225 -05:00 [DBG] Heartbeat CASEBLADE
2026-07-29 20:39:31.225 -05:00 [DBG] Heartbeat PROX
2026-07-29 20:39:31.225 -05:00 [DBG] Heartbeat SENTINEL
2026-07-29 20:39:31.225 -05:00 [DBG] Heartbeat MARKETSCRYER
2026-07-29 20:39:31.225 -05:00 [DBG] Heartbeat SIGNALFORGE
2026-07-29 20:39:31.225 -05:00 [DBG] Heartbeat ORACLEVAULT
2026-07-29 20:39:31.225 -05:00 [DBG] Heartbeat RISKWARDEN
2026-07-29 20:40:31.225 -05:00 [DBG] Heartbeat SYNAPSE
2026-07-29 20:40:31.225 -05:00 [DBG] Heartbeat TRADEWEAVER
2026-07-29 20:40:31.225 -05:00 [DBG] Heartbeat CASEBLADE
2026-07-29 20:40:31.225 -05:00 [DBG] Heartbeat PROX
2026-07-29 20:40:31.225 -05:00 [DBG] Heartbeat SENTINEL
2026-07-29 20:40:31.225 -05:00 [DBG] Heartbeat MARKETSCRYER
2026-07-29 20:40:31.225 -05:00 [DBG] Heartbeat SIGNALFORGE
2026-07-29 20:40:31.225 -05:00 [DBG] Heartbeat ORACLEVAULT
2026-07-29 20:40:31.225 -05:00 [DBG] Heartbeat RISKWARDEN
2026-07-29 20:40:33.588 -05:00 [INF] PC health: C: 77.4% used, 10 recent errors
2026-07-29 20:41:31.226 -05:00 [DBG] Heartbeat SYNAPSE
2026-07-29 20:41:31.226 -05:00 [DBG] Heartbeat TRADEWEAVER
2026-07-29 20:41:31.226 -05:00 [DBG] Heartbeat CASEBLADE
2026-07-29 20:41:31.226 -05:00 [DBG] Heartbeat PROX
2026-07-29 20:41:31.226 -05:00 [DBG] Heartbeat SENTINEL
2026-07-29 20:41:31.226 -05:00 [DBG] Heartbeat MARKETSCRYER
2026-07-29 20:41:31.226 -05:00 [DBG] Heartbeat SIGNALFORGE
2026-07-29 20:41:31.226 -05:00 [DBG] Heartbeat ORACLEVAULT
2026-07-29 20:41:31.226 -05:00 [DBG] Heartbeat RISKWARDEN
2026-07-29 20:42:31.225 -05:00 [DBG] Heartbeat SYNAPSE
2026-07-29 20:42:31.225 -05:00 [DBG] Heartbeat TRADEWEAVER
2026-07-29 20:42:31.225 -05:00 [DBG] Heartbeat CASEBLADE
2026-07-29 20:42:31.225 -05:00 [DBG] Heartbeat PROX
2026-07-29 20:42:31.225 -05:00 [DBG] Heartbeat SENTINEL
2026-07-29 20:42:31.225 -05:00 [DBG] Heartbeat MARKETSCRYER
2026-07-29 20:42:31.225 -05:00 [DBG] Heartbeat SIGNALFORGE
2026-07-29 20:42:31.225 -05:00 [DBG] Heartbeat ORACLEVAULT
2026-07-29 20:42:31.225 -05:00 [DBG] Heartbeat RISKWARDEN
2026-07-29 20:43:31.224 -05:00 [DBG] Heartbeat SYNAPSE
2026-07-29 20:43:31.224 -05:00 [DBG] Heartbeat TRADEWEAVER
2026-07-29 20:43:31.224 -05:00 [DBG] Heartbeat CASEBLADE
2026-07-29 20:43:31.224 -05:00 [DBG] Heartbeat PROX
2026-07-29 20:43:31.224 -05:00 [DBG] Heartbeat SENTINEL
2026-07-29 20:43:31.224 -05:00 [DBG] Heartbeat MARKETSCRYER
2026-07-29 20:43:31.224 -05:00 [DBG] Heartbeat SIGNALFORGE
2026-07-29 20:43:31.224 -05:00 [DBG] Heartbeat ORACLEVAULT
2026-07-29 20:43:31.224 -05:00 [DBG] Heartbeat RISKWARDEN
2026-07-29 20:44:31.223 -05:00 [DBG] Heartbeat SYNAPSE
2026-07-29 20:44:31.223 -05:00 [DBG] Heartbeat TRADEWEAVER
2026-07-29 20:44:31.223 -05:00 [DBG] Heartbeat CASEBLADE
2026-07-29 20:44:31.223 -05:00 [DBG] Heartbeat PROX
2026-07-29 20:44:31.223 -05:00 [DBG] Heartbeat SENTINEL
2026-07-29 20:44:31.223 -05:00 [DBG] Heartbeat MARKETSCRYER
2026-07-29 20:44:31.223 -05:00 [DBG] Heartbeat SIGNALFORGE
2026-07-29 20:44:31.223 -05:00 [DBG] Heartbeat ORACLEVAULT
2026-07-29 20:44:31.223 -05:00 [DBG] Heartbeat RISKWARDEN
2026-07-29 20:45:31.221 -05:00 [DBG] Heartbeat SYNAPSE
2026-07-29 20:45:31.221 -05:00 [DBG] Heartbeat TRADEWEAVER
2026-07-29 20:45:31.221 -05:00 [DBG] Heartbeat CASEBLADE
2026-07-29 20:45:31.221 -05:00 [DBG] Heartbeat PROX
2026-07-29 20:45:31.221 -05:00 [DBG] Heartbeat SENTINEL
2026-07-29 20:45:31.221 -05:00 [DBG] Heartbeat MARKETSCRYER
2026-07-29 20:45:31.221 -05:00 [DBG] Heartbeat SIGNALFORGE
2026-07-29 20:45:31.221 -05:00 [DBG] Heartbeat ORACLEVAULT
2026-07-29 20:45:31.221 -05:00 [DBG] Heartbeat RISKWARDEN
2026-07-29 20:45:45.871 -05:00 [INF] PC health: C: 77.4% used, 10 recent errors
2026-07-29 20:46:31.219 -05:00 [DBG] Heartbeat SYNAPSE
2026-07-29 20:46:31.219 -05:00 [DBG] Heartbeat TRADEWEAVER
2026-07-29 20:46:31.219 -05:00 [DBG] Heartbeat CASEBLADE
2026-07-29 20:46:31.219 -05:00 [DBG] Heartbeat PROX
2026-07-29 20:46:31.219 -05:00 [DBG] Heartbeat SENTINEL
2026-07-29 20:46:31.219 -05:00 [DBG] Heartbeat MARKETSCRYER
2026-07-29 20:46:31.219 -05:00 [DBG] Heartbeat SIGNALFORGE
2026-07-29 20:46:31.219 -05:00 [DBG] Heartbeat ORACLEVAULT
2026-07-29 20:46:31.219 -05:00 [DBG] Heartbeat RISKWARDEN
2026-07-29 20:47:31.218 -05:00 [DBG] Heartbeat SYNAPSE
2026-07-29 20:47:31.218 -05:00 [DBG] Heartbeat TRADEWEAVER
2026-07-29 20:47:31.218 -05:00 [DBG] Heartbeat CASEBLADE
2026-07-29 20:47:31.218 -05:00 [DBG] Heartbeat PROX
2026-07-29 20:47:31.218 -05:00 [DBG] Heartbeat SENTINEL
2026-07-29 20:47:31.218 -05:00 [DBG] Heartbeat MARKETSCRYER
2026-07-29 20:47:31.218 -05:00 [DBG] Heartbeat SIGNALFORGE
2026-07-29 20:47:31.218 -05:00 [DBG] Heartbeat ORACLEVAULT
2026-07-29 20:47:31.218 -05:00 [DBG] Heartbeat RISKWARDEN
2026-07-29 20:48:31.217 -05:00 [DBG] Heartbeat SYNAPSE
2026-07-29 20:48:31.217 -05:00 [DBG] Heartbeat TRADEWEAVER
2026-07-29 20:48:31.217 -05:00 [DBG] Heartbeat CASEBLADE
2026-07-29 20:48:31.217 -05:00 [DBG] Heartbeat PROX
2026-07-29 20:48:31.217 -05:00 [DBG] Heartbeat SENTINEL
2026-07-29 20:48:31.217 -05:00 [DBG] Heartbeat MARKETSCRYER
2026-07-29 20:48:31.217 -05:00 [DBG] Heartbeat SIGNALFORGE
2026-07-29 20:48:31.217 -05:00 [DBG] Heartbeat ORACLEVAULT
2026-07-29 20:48:31.217 -05:00 [DBG] Heartbeat RISKWARDEN
2026-07-29 20:49:31.216 -05:00 [DBG] Heartbeat SYNAPSE
2026-07-29 20:49:31.216 -05:00 [DBG] Heartbeat TRADEWEAVER
2026-07-29 20:49:31.216 -05:00 [DBG] Heartbeat CASEBLADE
2026-07-29 20:49:31.216 -05:00 [DBG] Heartbeat PROX
2026-07-29 20:49:31.216 -05:00 [DBG] Heartbeat SENTINEL
2026-07-29 20:49:31.216 -05:00 [DBG] Heartbeat MARKETSCRYER
2026-07-29 20:49:31.216 -05:00 [DBG] Heartbeat SIGNALFORGE
2026-07-29 20:49:31.216 -05:00 [DBG] Heartbeat ORACLEVAULT
2026-07-29 20:49:31.216 -05:00 [DBG] Heartbeat RISKWARDEN
2026-07-29 20:50:31.215 -05:00 [DBG] Heartbeat SYNAPSE
2026-07-29 20:50:31.215 -05:00 [DBG] Heartbeat TRADEWEAVER
2026-07-29 20:50:31.215 -05:00 [DBG] Heartbeat CASEBLADE
2026-07-29 20:50:31.215 -05:00 [DBG] Heartbeat PROX
2026-07-29 20:50:31.215 -05:00 [DBG] Heartbeat SENTINEL
2026-07-29 20:50:31.215 -05:00 [DBG] Heartbeat MARKETSCRYER
2026-07-29 20:50:31.215 -05:00 [DBG] Heartbeat SIGNALFORGE
2026-07-29 20:50:31.215 -05:00 [DBG] Heartbeat ORACLEVAULT
2026-07-29 20:50:31.215 -05:00 [DBG] Heartbeat RISKWARDEN
2026-07-29 20:50:57.858 -05:00 [INF] PC health: C: 77.4% used, 10 recent errors
2026-07-29 20:51:31.213 -05:00 [DBG] Heartbeat SYNAPSE
2026-07-29 20:51:31.213 -05:00 [DBG] Heartbeat TRADEWEAVER
2026-07-29 20:51:31.213 -05:00 [DBG] Heartbeat CASEBLADE
2026-07-29 20:51:31.213 -05:00 [DBG] Heartbeat PROX
2026-07-29 20:51:31.213 -05:00 [DBG] Heartbeat SENTINEL
2026-07-29 20:51:31.213 -05:00 [DBG] Heartbeat MARKETSCRYER
2026-07-29 20:51:31.213 -05:00 [DBG] Heartbeat SIGNALFORGE
2026-07-29 20:51:31.213 -05:00 [DBG] Heartbeat ORACLEVAULT
2026-07-29 20:51:31.213 -05:00 [DBG] Heartbeat RISKWARDEN
2026-07-29 20:52:31.212 -05:00 [DBG] Heartbeat SYNAPSE
2026-07-29 20:52:31.212 -05:00 [DBG] Heartbeat TRADEWEAVER
2026-07-29 20:52:31.212 -05:00 [DBG] Heartbeat CASEBLADE
2026-07-29 20:52:31.212 -05:00 [DBG] Heartbeat PROX
2026-07-29 20:52:31.212 -05:00 [DBG] Heartbeat SENTINEL
2026-07-29 20:52:31.212 -05:00 [DBG] Heartbeat MARKETSCRYER
2026-07-29 20:52:31.212 -05:00 [DBG] Heartbeat SIGNALFORGE
2026-07-29 20:52:31.212 -05:00 [DBG] Heartbeat ORACLEVAULT
2026-07-29 20:52:31.212 -05:00 [DBG] Heartbeat RISKWARDEN
2026-07-29 20:53:31.211 -05:00 [DBG] Heartbeat SYNAPSE
2026-07-29 20:53:31.211 -05:00 [DBG] Heartbeat TRADEWEAVER
2026-07-29 20:53:31.211 -05:00 [DBG] Heartbeat CASEBLADE
2026-07-29 20:53:31.211 -05:00 [DBG] Heartbeat PROX
2026-07-29 20:53:31.211 -05:00 [DBG] Heartbeat SENTINEL
2026-07-29 20:53:31.211 -05:00 [DBG] Heartbeat MARKETSCRYER
2026-07-29 20:53:31.211 -05:00 [DBG] Heartbeat SIGNALFORGE
2026-07-29 20:53:31.211 -05:00 [DBG] Heartbeat ORACLEVAULT
2026-07-29 20:53:31.211 -05:00 [DBG] Heartbeat RISKWARDEN
2026-07-29 20:54:31.209 -05:00 [DBG] Heartbeat SYNAPSE
2026-07-29 20:54:31.210 -05:00 [DBG] Heartbeat TRADEWEAVER
2026-07-29 20:54:31.210 -05:00 [DBG] Heartbeat CASEBLADE
2026-07-29 20:54:31.210 -05:00 [DBG] Heartbeat PROX
2026-07-29 20:54:31.210 -05:00 [DBG] Heartbeat SENTINEL
2026-07-29 20:54:31.210 -05:00 [DBG] Heartbeat MARKETSCRYER
2026-07-29 20:54:31.210 -05:00 [DBG] Heartbeat SIGNALFORGE
2026-07-29 20:54:31.210 -05:00 [DBG] Heartbeat ORACLEVAULT
2026-07-29 20:54:31.210 -05:00 [DBG] Heartbeat RISKWARDEN
2026-07-29 20:55:31.209 -05:00 [DBG] Heartbeat SYNAPSE
2026-07-29 20:55:31.209 -05:00 [DBG] Heartbeat TRADEWEAVER
2026-07-29 20:55:31.209 -05:00 [DBG] Heartbeat CASEBLADE
2026-07-29 20:55:31.209 -05:00 [DBG] Heartbeat PROX
2026-07-29 20:55:31.209 -05:00 [DBG] Heartbeat SENTINEL
2026-07-29 20:55:31.209 -05:00 [DBG] Heartbeat MARKETSCRYER
2026-07-29 20:55:31.209 -05:00 [DBG] Heartbeat SIGNALFORGE
2026-07-29 20:55:31.209 -05:00 [DBG] Heartbeat ORACLEVAULT
2026-07-29 20:55:31.209 -05:00 [DBG] Heartbeat RISKWARDEN
2026-07-29 20:56:10.219 -05:00 [INF] PC health: C: 77.4% used, 10 recent errors
2026-07-29 20:56:31.208 -05:00 [DBG] Heartbeat SYNAPSE
2026-07-29 20:56:31.208 -05:00 [DBG] Heartbeat TRADEWEAVER
2026-07-29 20:56:31.208 -05:00 [DBG] Heartbeat CASEBLADE
2026-07-29 20:56:31.208 -05:00 [DBG] Heartbeat PROX
2026-07-29 20:56:31.208 -05:00 [DBG] Heartbeat SENTINEL
2026-07-29 20:56:31.208 -05:00 [DBG] Heartbeat MARKETSCRYER
2026-07-29 20:56:31.208 -05:00 [DBG] Heartbeat SIGNALFORGE
2026-07-29 20:56:31.208 -05:00 [DBG] Heartbeat ORACLEVAULT
2026-07-29 20:56:31.208 -05:00 [DBG] Heartbeat RISKWARDEN
2026-07-29 20:57:31.206 -05:00 [DBG] Heartbeat SYNAPSE
2026-07-29 20:57:31.206 -05:00 [DBG] Heartbeat TRADEWEAVER
2026-07-29 20:57:31.206 -05:00 [DBG] Heartbeat CASEBLADE
2026-07-29 20:57:31.206 -05:00 [DBG] Heartbeat PROX
2026-07-29 20:57:31.206 -05:00 [DBG] Heartbeat SENTINEL
2026-07-29 20:57:31.206 -05:00 [DBG] Heartbeat MARKETSCRYER
2026-07-29 20:57:31.206 -05:00 [DBG] Heartbeat SIGNALFORGE
2026-07-29 20:57:31.206 -05:00 [DBG] Heartbeat ORACLEVAULT
2026-07-29 20:57:31.206 -05:00 [DBG] Heartbeat RISKWARDEN
2026-07-29 20:58:31.205 -05:00 [DBG] Heartbeat SYNAPSE
2026-07-29 20:58:31.205 -05:00 [DBG] Heartbeat TRADEWEAVER
2026-07-29 20:58:31.205 -05:00 [DBG] Heartbeat CASEBLADE
2026-07-29 20:58:31.205 -05:00 [DBG] Heartbeat PROX
2026-07-29 20:58:31.205 -05:00 [DBG] Heartbeat SENTINEL
2026-07-29 20:58:31.205 -05:00 [DBG] Heartbeat MARKETSCRYER
2026-07-29 20:58:31.205 -05:00 [DBG] Heartbeat SIGNALFORGE
2026-07-29 20:58:31.205 -05:00 [DBG] Heartbeat ORACLEVAULT
2026-07-29 20:58:31.205 -05:00 [DBG] Heartbeat RISKWARDEN
2026-07-29 20:59:31.203 -05:00 [DBG] Heartbeat SYNAPSE
2026-07-29 20:59:31.203 -05:00 [DBG] Heartbeat TRADEWEAVER
2026-07-29 20:59:31.203 -05:00 [DBG] Heartbeat CASEBLADE
2026-07-29 20:59:31.203 -05:00 [DBG] Heartbeat PROX
2026-07-29 20:59:31.203 -05:00 [DBG] Heartbeat SENTINEL
2026-07-29 20:59:31.203 -05:00 [DBG] Heartbeat MARKETSCRYER
2026-07-29 20:59:31.203 -05:00 [DBG] Heartbeat SIGNALFORGE
2026-07-29 20:59:31.203 -05:00 [DBG] Heartbeat ORACLEVAULT
2026-07-29 20:59:31.203 -05:00 [DBG] Heartbeat RISKWARDEN
2026-07-29 21:00:31.202 -05:00 [DBG] Heartbeat SYNAPSE
2026-07-29 21:00:31.202 -05:00 [DBG] Heartbeat TRADEWEAVER
2026-07-29 21:00:31.202 -05:00 [DBG] Heartbeat CASEBLADE
2026-07-29 21:00:31.202 -05:00 [DBG] Heartbeat PROX
2026-07-29 21:00:31.202 -05:00 [DBG] Heartbeat SENTINEL
2026-07-29 21:00:31.202 -05:00 [DBG] Heartbeat MARKETSCRYER
2026-07-29 21:00:31.202 -05:00 [DBG] Heartbeat SIGNALFORGE
2026-07-29 21:00:31.202 -05:00 [DBG] Heartbeat ORACLEVAULT
2026-07-29 21:00:31.202 -05:00 [DBG] Heartbeat RISKWARDEN
2026-07-29 21:01:22.583 -05:00 [INF] PC health: C: 77.4% used, 10 recent errors
2026-07-29 21:01:31.201 -05:00 [DBG] Heartbeat SYNAPSE
2026-07-29 21:01:31.201 -05:00 [DBG] Heartbeat TRADEWEAVER
2026-07-29 21:01:31.201 -05:00 [DBG] Heartbeat CASEBLADE
2026-07-29 21:01:31.201 -05:00 [DBG] Heartbeat PROX
2026-07-29 21:01:31.201 -05:00 [DBG] Heartbeat SENTINEL
2026-07-29 21:01:31.201 -05:00 [DBG] Heartbeat MARKETSCRYER
2026-07-29 21:01:31.201 -05:00 [DBG] Heartbeat SIGNALFORGE
2026-07-29 21:01:31.201 -05:00 [DBG] Heartbeat ORACLEVAULT
2026-07-29 21:01:31.201 -05:00 [DBG] Heartbeat RISKWARDEN
2026-07-29 21:02:31.200 -05:00 [DBG] Heartbeat SYNAPSE
2026-07-29 21:02:31.200 -05:00 [DBG] Heartbeat TRADEWEAVER
2026-07-29 21:02:31.200 -05:00 [DBG] Heartbeat CASEBLADE
2026-07-29 21:02:31.200 -05:00 [DBG] Heartbeat PROX
2026-07-29 21:02:31.200 -05:00 [DBG] Heartbeat SENTINEL
2026-07-29 21:02:31.200 -05:00 [DBG] Heartbeat MARKETSCRYER
2026-07-29 21:02:31.200 -05:00 [DBG] Heartbeat SIGNALFORGE
2026-07-29 21:02:31.200 -05:00 [DBG] Heartbeat ORACLEVAULT
2026-07-29 21:02:31.200 -05:00 [DBG] Heartbeat RISKWARDEN
2026-07-29 21:03:31.199 -05:00 [DBG] Heartbeat SYNAPSE
2026-07-29 21:03:31.199 -05:00 [DBG] Heartbeat TRADEWEAVER
2026-07-29 21:03:31.199 -05:00 [DBG] Heartbeat CASEBLADE
2026-07-29 21:03:31.199 -05:00 [DBG] Heartbeat PROX
2026-07-29 21:03:31.199 -05:00 [DBG] Heartbeat SENTINEL
2026-07-29 21:03:31.199 -05:00 [DBG] Heartbeat MARKETSCRYER
2026-07-29 21:03:31.199 -05:00 [DBG] Heartbeat SIGNALFORGE
2026-07-29 21:03:31.199 -05:00 [DBG] Heartbeat ORACLEVAULT
2026-07-29 21:03:31.199 -05:00 [DBG] Heartbeat RISKWARDEN
2026-07-29 21:04:31.197 -05:00 [DBG] Heartbeat SYNAPSE
2026-07-29 21:04:31.198 -05:00 [DBG] Heartbeat TRADEWEAVER
2026-07-29 21:04:31.198 -05:00 [DBG] Heartbeat CASEBLADE
2026-07-29 21:04:31.198 -05:00 [DBG] Heartbeat PROX
2026-07-29 21:04:31.198 -05:00 [DBG] Heartbeat SENTINEL
2026-07-29 21:04:31.198 -05:00 [DBG] Heartbeat MARKETSCRYER
2026-07-29 21:04:31.198 -05:00 [DBG] Heartbeat SIGNALFORGE
2026-07-29 21:04:31.198 -05:00 [DBG] Heartbeat ORACLEVAULT
2026-07-29 21:04:31.198 -05:00 [DBG] Heartbeat RISKWARDEN
2026-07-29 21:05:31.197 -05:00 [DBG] Heartbeat SYNAPSE
2026-07-29 21:05:31.197 -05:00 [DBG] Heartbeat TRADEWEAVER
2026-07-29 21:05:31.197 -05:00 [DBG] Heartbeat CASEBLADE
2026-07-29 21:05:31.197 -05:00 [DBG] Heartbeat PROX
2026-07-29 21:05:31.197 -05:00 [DBG] Heartbeat SENTINEL
2026-07-29 21:05:31.197 -05:00 [DBG] Heartbeat MARKETSCRYER
2026-07-29 21:05:31.197 -05:00 [DBG] Heartbeat SIGNALFORGE
2026-07-29 21:05:31.197 -05:00 [DBG] Heartbeat ORACLEVAULT
2026-07-29 21:05:31.197 -05:00 [DBG] Heartbeat RISKWARDEN
2026-07-29 21:06:31.196 -05:00 [DBG] Heartbeat SYNAPSE
2026-07-29 21:06:31.196 -05:00 [DBG] Heartbeat TRADEWEAVER
2026-07-29 21:06:31.196 -05:00 [DBG] Heartbeat CASEBLADE
2026-07-29 21:06:31.196 -05:00 [DBG] Heartbeat PROX
2026-07-29 21:06:31.196 -05:00 [DBG] Heartbeat SENTINEL
2026-07-29 21:06:31.196 -05:00 [DBG] Heartbeat MARKETSCRYER
2026-07-29 21:06:31.196 -05:00 [DBG] Heartbeat SIGNALFORGE
2026-07-29 21:06:31.196 -05:00 [DBG] Heartbeat ORACLEVAULT
2026-07-29 21:06:31.196 -05:00 [DBG] Heartbeat RISKWARDEN
2026-07-29 21:06:34.987 -05:00 [INF] PC health: C: 77.4% used, 10 recent errors
2026-07-29 21:07:31.195 -05:00 [DBG] Heartbeat SYNAPSE
2026-07-29 21:07:31.195 -05:00 [DBG] Heartbeat TRADEWEAVER
2026-07-29 21:07:31.195 -05:00 [DBG] Heartbeat CASEBLADE
2026-07-29 21:07:31.195 -05:00 [DBG] Heartbeat PROX
2026-07-29 21:07:31.195 -05:00 [DBG] Heartbeat SENTINEL
2026-07-29 21:07:31.195 -05:00 [DBG] Heartbeat MARKETSCRYER
2026-07-29 21:07:31.195 -05:00 [DBG] Heartbeat SIGNALFORGE
2026-07-29 21:07:31.195 -05:00 [DBG] Heartbeat ORACLEVAULT
2026-07-29 21:07:31.195 -05:00 [DBG] Heartbeat RISKWARDEN
2026-07-29 21:08:31.194 -05:00 [DBG] Heartbeat SYNAPSE
2026-07-29 21:08:31.194 -05:00 [DBG] Heartbeat TRADEWEAVER
2026-07-29 21:08:31.194 -05:00 [DBG] Heartbeat CASEBLADE
2026-07-29 21:08:31.194 -05:00 [DBG] Heartbeat PROX
2026-07-29 21:08:31.194 -05:00 [DBG] Heartbeat SENTINEL
2026-07-29 21:08:31.194 -05:00 [DBG] Heartbeat MARKETSCRYER
2026-07-29 21:08:31.194 -05:00 [DBG] Heartbeat SIGNALFORGE
2026-07-29 21:08:31.194 -05:00 [DBG] Heartbeat ORACLEVAULT
2026-07-29 21:08:31.194 -05:00 [DBG] Heartbeat RISKWARDEN
2026-07-29 21:09:31.193 -05:00 [DBG] Heartbeat SYNAPSE
2026-07-29 21:09:31.193 -05:00 [DBG] Heartbeat TRADEWEAVER
2026-07-29 21:09:31.193 -05:00 [DBG] Heartbeat CASEBLADE
2026-07-29 21:09:31.193 -05:00 [DBG] Heartbeat PROX
2026-07-29 21:09:31.193 -05:00 [DBG] Heartbeat SENTINEL
2026-07-29 21:09:31.193 -05:00 [DBG] Heartbeat MARKETSCRYER
2026-07-29 21:09:31.193 -05:00 [DBG] Heartbeat SIGNALFORGE
2026-07-29 21:09:31.193 -05:00 [DBG] Heartbeat ORACLEVAULT
2026-07-29 21:09:31.193 -05:00 [DBG] Heartbeat RISKWARDEN
2026-07-29 21:10:31.192 -05:00 [DBG] Heartbeat SYNAPSE
2026-07-29 21:10:31.192 -05:00 [DBG] Heartbeat TRADEWEAVER
2026-07-29 21:10:31.192 -05:00 [DBG] Heartbeat CASEBLADE
2026-07-29 21:10:31.192 -05:00 [DBG] Heartbeat PROX
2026-07-29 21:10:31.192 -05:00 [DBG] Heartbeat SENTINEL
2026-07-29 21:10:31.193 -05:00 [DBG] Heartbeat MARKETSCRYER
2026-07-29 21:10:31.193 -05:00 [DBG] Heartbeat SIGNALFORGE
2026-07-29 21:10:31.193 -05:00 [DBG] Heartbeat ORACLEVAULT
2026-07-29 21:10:31.193 -05:00 [DBG] Heartbeat RISKWARDEN
2026-07-29 21:11:31.191 -05:00 [DBG] Heartbeat SYNAPSE
2026-07-29 21:11:31.191 -05:00 [DBG] Heartbeat TRADEWEAVER
2026-07-29 21:11:31.191 -05:00 [DBG] Heartbeat CASEBLADE
2026-07-29 21:11:31.191 -05:00 [DBG] Heartbeat PROX
2026-07-29 21:11:31.191 -05:00 [DBG] Heartbeat SENTINEL
2026-07-29 21:11:31.191 -05:00 [DBG] Heartbeat MARKETSCRYER
2026-07-29 21:11:31.191 -05:00 [DBG] Heartbeat SIGNALFORGE
2026-07-29 21:11:31.191 -05:00 [DBG] Heartbeat ORACLEVAULT
2026-07-29 21:11:31.191 -05:00 [DBG] Heartbeat RISKWARDEN
2026-07-29 21:11:47.376 -05:00 [INF] PC health: C: 77.4% used, 10 recent errors
2026-07-29 21:12:31.190 -05:00 [DBG] Heartbeat SYNAPSE
2026-07-29 21:12:31.190 -05:00 [DBG] Heartbeat TRADEWEAVER
2026-07-29 21:12:31.190 -05:00 [DBG] Heartbeat CASEBLADE
2026-07-29 21:12:31.190 -05:00 [DBG] Heartbeat PROX
2026-07-29 21:12:31.190 -05:00 [DBG] Heartbeat SENTINEL
2026-07-29 21:12:31.190 -05:00 [DBG] Heartbeat MARKETSCRYER
2026-07-29 21:12:31.190 -05:00 [DBG] Heartbeat SIGNALFORGE
2026-07-29 21:12:31.190 -05:00 [DBG] Heartbeat ORACLEVAULT
2026-07-29 21:12:31.190 -05:00 [DBG] Heartbeat RISKWARDEN
2026-07-29 21:13:31.189 -05:00 [DBG] Heartbeat SYNAPSE
2026-07-29 21:13:31.189 -05:00 [DBG] Heartbeat TRADEWEAVER
2026-07-29 21:13:31.189 -05:00 [DBG] Heartbeat CASEBLADE
2026-07-29 21:13:31.189 -05:00 [DBG] Heartbeat PROX
2026-07-29 21:13:31.189 -05:00 [DBG] Heartbeat SENTINEL
2026-07-29 21:13:31.189 -05:00 [DBG] Heartbeat MARKETSCRYER
2026-07-29 21:13:31.189 -05:00 [DBG] Heartbeat SIGNALFORGE
2026-07-29 21:13:31.189 -05:00 [DBG] Heartbeat ORACLEVAULT
2026-07-29 21:13:31.189 -05:00 [DBG] Heartbeat RISKWARDEN
2026-07-29 21:14:31.188 -05:00 [DBG] Heartbeat SYNAPSE
2026-07-29 21:14:31.188 -05:00 [DBG] Heartbeat TRADEWEAVER
2026-07-29 21:14:31.188 -05:00 [DBG] Heartbeat CASEBLADE
2026-07-29 21:14:31.188 -05:00 [DBG] Heartbeat PROX
2026-07-29 21:14:31.188 -05:00 [DBG] Heartbeat SENTINEL
2026-07-29 21:14:31.188 -05:00 [DBG] Heartbeat MARKETSCRYER
2026-07-29 21:14:31.188 -05:00 [DBG] Heartbeat SIGNALFORGE
2026-07-29 21:14:31.188 -05:00 [DBG] Heartbeat ORACLEVAULT
2026-07-29 21:14:31.188 -05:00 [DBG] Heartbeat RISKWARDEN
2026-07-29 21:15:31.187 -05:00 [DBG] Heartbeat SYNAPSE
2026-07-29 21:15:31.187 -05:00 [DBG] Heartbeat TRADEWEAVER
2026-07-29 21:15:31.187 -05:00 [DBG] Heartbeat CASEBLADE
2026-07-29 21:15:31.187 -05:00 [DBG] Heartbeat PROX
2026-07-29 21:15:31.187 -05:00 [DBG] Heartbeat SENTINEL
2026-07-29 21:15:31.187 -05:00 [DBG] Heartbeat MARKETSCRYER
2026-07-29 21:15:31.187 -05:00 [DBG] Heartbeat SIGNALFORGE
2026-07-29 21:15:31.187 -05:00 [DBG] Heartbeat ORACLEVAULT
2026-07-29 21:15:31.187 -05:00 [DBG] Heartbeat RISKWARDEN
2026-07-29 21:16:31.185 -05:00 [DBG] Heartbeat SYNAPSE
2026-07-29 21:16:31.185 -05:00 [DBG] Heartbeat TRADEWEAVER
2026-07-29 21:16:31.185 -05:00 [DBG] Heartbeat CASEBLADE
2026-07-29 21:16:31.185 -05:00 [DBG] Heartbeat PROX
2026-07-29 21:16:31.185 -05:00 [DBG] Heartbeat SENTINEL
2026-07-29 21:16:31.185 -05:00 [DBG] Heartbeat MARKETSCRYER
2026-07-29 21:16:31.185 -05:00 [DBG] Heartbeat SIGNALFORGE
2026-07-29 21:16:31.185 -05:00 [DBG] Heartbeat ORACLEVAULT
2026-07-29 21:16:31.185 -05:00 [DBG] Heartbeat RISKWARDEN
2026-07-29 21:16:59.809 -05:00 [INF] PC health: C: 77.4% used, 10 recent errors
2026-07-29 21:17:31.186 -05:00 [DBG] Heartbeat SYNAPSE
2026-07-29 21:17:31.186 -05:00 [DBG] Heartbeat TRADEWEAVER
2026-07-29 21:17:31.186 -05:00 [DBG] Heartbeat CASEBLADE
2026-07-29 21:17:31.186 -05:00 [DBG] Heartbeat PROX
2026-07-29 21:17:31.186 -05:00 [DBG] Heartbeat SENTINEL
2026-07-29 21:17:31.186 -05:00 [DBG] Heartbeat MARKETSCRYER
2026-07-29 21:17:31.186 -05:00 [DBG] Heartbeat SIGNALFORGE
2026-07-29 21:17:31.186 -05:00 [DBG] Heartbeat ORACLEVAULT
2026-07-29 21:17:31.186 -05:00 [DBG] Heartbeat RISKWARDEN
2026-07-29 21:18:31.186 -05:00 [DBG] Heartbeat SYNAPSE
2026-07-29 21:18:31.186 -05:00 [DBG] Heartbeat TRADEWEAVER
2026-07-29 21:18:31.186 -05:00 [DBG] Heartbeat CASEBLADE
2026-07-29 21:18:31.186 -05:00 [DBG] Heartbeat PROX
2026-07-29 21:18:31.186 -05:00 [DBG] Heartbeat SENTINEL
2026-07-29 21:18:31.186 -05:00 [DBG] Heartbeat MARKETSCRYER
2026-07-29 21:18:31.186 -05:00 [DBG] Heartbeat SIGNALFORGE
2026-07-29 21:18:31.186 -05:00 [DBG] Heartbeat ORACLEVAULT
2026-07-29 21:18:31.186 -05:00 [DBG] Heartbeat RISKWARDEN
2026-07-29 21:19:31.185 -05:00 [DBG] Heartbeat SYNAPSE
2026-07-29 21:19:31.185 -05:00 [DBG] Heartbeat TRADEWEAVER
2026-07-29 21:19:31.185 -05:00 [DBG] Heartbeat CASEBLADE
2026-07-29 21:19:31.185 -05:00 [DBG] Heartbeat PROX
2026-07-29 21:19:31.185 -05:00 [DBG] Heartbeat SENTINEL
2026-07-29 21:19:31.185 -05:00 [DBG] Heartbeat MARKETSCRYER
2026-07-29 21:19:31.185 -05:00 [DBG] Heartbeat SIGNALFORGE
2026-07-29 21:19:31.185 -05:00 [DBG] Heartbeat ORACLEVAULT
2026-07-29 21:19:31.185 -05:00 [DBG] Heartbeat RISKWARDEN
2026-07-29 21:20:31.186 -05:00 [DBG] Heartbeat SYNAPSE
2026-07-29 21:20:31.186 -05:00 [DBG] Heartbeat TRADEWEAVER
2026-07-29 21:20:31.186 -05:00 [DBG] Heartbeat CASEBLADE
2026-07-29 21:20:31.186 -05:00 [DBG] Heartbeat PROX
2026-07-29 21:20:31.186 -05:00 [DBG] Heartbeat SENTINEL
2026-07-29 21:20:31.186 -05:00 [DBG] Heartbeat MARKETSCRYER
2026-07-29 21:20:31.186 -05:00 [DBG] Heartbeat SIGNALFORGE
2026-07-29 21:20:31.186 -05:00 [DBG] Heartbeat ORACLEVAULT
2026-07-29 21:20:31.186 -05:00 [DBG] Heartbeat RISKWARDEN
2026-07-29 21:21:31.186 -05:00 [DBG] Heartbeat SYNAPSE
2026-07-29 21:21:31.186 -05:00 [DBG] Heartbeat TRADEWEAVER
2026-07-29 21:21:31.186 -05:00 [DBG] Heartbeat CASEBLADE
2026-07-29 21:21:31.186 -05:00 [DBG] Heartbeat PROX
2026-07-29 21:21:31.186 -05:00 [DBG] Heartbeat SENTINEL
2026-07-29 21:21:31.186 -05:00 [DBG] Heartbeat MARKETSCRYER
2026-07-29 21:21:31.186 -05:00 [DBG] Heartbeat SIGNALFORGE
2026-07-29 21:21:31.186 -05:00 [DBG] Heartbeat ORACLEVAULT
2026-07-29 21:21:31.186 -05:00 [DBG] Heartbeat RISKWARDEN
2026-07-29 21:22:12.200 -05:00 [INF] PC health: C: 77.4% used, 10 recent errors
2026-07-29 21:22:31.185 -05:00 [DBG] Heartbeat SYNAPSE
2026-07-29 21:22:31.185 -05:00 [DBG] Heartbeat TRADEWEAVER
2026-07-29 21:22:31.185 -05:00 [DBG] Heartbeat CASEBLADE
2026-07-29 21:22:31.185 -05:00 [DBG] Heartbeat PROX
2026-07-29 21:22:31.185 -05:00 [DBG] Heartbeat SENTINEL
2026-07-29 21:22:31.185 -05:00 [DBG] Heartbeat MARKETSCRYER
2026-07-29 21:22:31.185 -05:00 [DBG] Heartbeat SIGNALFORGE
2026-07-29 21:22:31.185 -05:00 [DBG] Heartbeat ORACLEVAULT
2026-07-29 21:22:31.185 -05:00 [DBG] Heartbeat RISKWARDEN
2026-07-29 21:23:31.184 -05:00 [DBG] Heartbeat SYNAPSE
2026-07-29 21:23:31.184 -05:00 [DBG] Heartbeat TRADEWEAVER
2026-07-29 21:23:31.184 -05:00 [DBG] Heartbeat CASEBLADE
2026-07-29 21:23:31.184 -05:00 [DBG] Heartbeat PROX
2026-07-29 21:23:31.184 -05:00 [DBG] Heartbeat SENTINEL
2026-07-29 21:23:31.184 -05:00 [DBG] Heartbeat MARKETSCRYER
2026-07-29 21:23:31.184 -05:00 [DBG] Heartbeat SIGNALFORGE
2026-07-29 21:23:31.184 -05:00 [DBG] Heartbeat ORACLEVAULT
2026-07-29 21:23:31.184 -05:00 [DBG] Heartbeat RISKWARDEN
2026-07-29 21:24:31.184 -05:00 [DBG] Heartbeat SYNAPSE
2026-07-29 21:24:31.184 -05:00 [DBG] Heartbeat TRADEWEAVER
2026-07-29 21:24:31.184 -05:00 [DBG] Heartbeat CASEBLADE
2026-07-29 21:24:31.184 -05:00 [DBG] Heartbeat PROX
2026-07-29 21:24:31.184 -05:00 [DBG] Heartbeat SENTINEL
2026-07-29 21:24:31.184 -05:00 [DBG] Heartbeat MARKETSCRYER
2026-07-29 21:24:31.184 -05:00 [DBG] Heartbeat SIGNALFORGE
2026-07-29 21:24:31.184 -05:00 [DBG] Heartbeat ORACLEVAULT
2026-07-29 21:24:31.184 -05:00 [DBG] Heartbeat RISKWARDEN
2026-07-29 21:25:31.184 -05:00 [DBG] Heartbeat SYNAPSE
2026-07-29 21:25:31.184 -05:00 [DBG] Heartbeat TRADEWEAVER
2026-07-29 21:25:31.184 -05:00 [DBG] Heartbeat CASEBLADE
2026-07-29 21:25:31.184 -05:00 [DBG] Heartbeat PROX
2026-07-29 21:25:31.184 -05:00 [DBG] Heartbeat SENTINEL
2026-07-29 21:25:31.184 -05:00 [DBG] Heartbeat MARKETSCRYER
2026-07-29 21:25:31.184 -05:00 [DBG] Heartbeat SIGNALFORGE
2026-07-29 21:25:31.184 -05:00 [DBG] Heartbeat ORACLEVAULT
2026-07-29 21:25:31.184 -05:00 [DBG] Heartbeat RISKWARDEN
2026-07-29 21:26:31.184 -05:00 [DBG] Heartbeat SYNAPSE
2026-07-29 21:26:31.184 -05:00 [DBG] Heartbeat TRADEWEAVER
2026-07-29 21:26:31.184 -05:00 [DBG] Heartbeat CASEBLADE
2026-07-29 21:26:31.184 -05:00 [DBG] Heartbeat PROX
2026-07-29 21:26:31.184 -05:00 [DBG] Heartbeat SENTINEL
2026-07-29 21:26:31.184 -05:00 [DBG] Heartbeat MARKETSCRYER
2026-07-29 21:26:31.184 -05:00 [DBG] Heartbeat SIGNALFORGE
2026-07-29 21:26:31.184 -05:00 [DBG] Heartbeat ORACLEVAULT
2026-07-29 21:26:31.184 -05:00 [DBG] Heartbeat RISKWARDEN
2026-07-29 21:27:24.699 -05:00 [INF] PC health: C: 77.4% used, 10 recent errors
2026-07-29 21:27:31.184 -05:00 [DBG] Heartbeat SYNAPSE
2026-07-29 21:27:31.184 -05:00 [DBG] Heartbeat TRADEWEAVER
2026-07-29 21:27:31.184 -05:00 [DBG] Heartbeat CASEBLADE
2026-07-29 21:27:31.184 -05:00 [DBG] Heartbeat PROX
2026-07-29 21:27:31.184 -05:00 [DBG] Heartbeat SENTINEL
2026-07-29 21:27:31.184 -05:00 [DBG] Heartbeat MARKETSCRYER
2026-07-29 21:27:31.184 -05:00 [DBG] Heartbeat SIGNALFORGE
2026-07-29 21:27:31.184 -05:00 [DBG] Heartbeat ORACLEVAULT
2026-07-29 21:27:31.184 -05:00 [DBG] Heartbeat RISKWARDEN
2026-07-29 21:28:31.183 -05:00 [DBG] Heartbeat SYNAPSE
2026-07-29 21:28:31.184 -05:00 [DBG] Heartbeat TRADEWEAVER
2026-07-29 21:28:31.184 -05:00 [DBG] Heartbeat CASEBLADE
2026-07-29 21:28:31.184 -05:00 [DBG] Heartbeat PROX
2026-07-29 21:28:31.184 -05:00 [DBG] Heartbeat SENTINEL
2026-07-29 21:28:31.184 -05:00 [DBG] Heartbeat MARKETSCRYER
2026-07-29 21:28:31.184 -05:00 [DBG] Heartbeat SIGNALFORGE
2026-07-29 21:28:31.184 -05:00 [DBG] Heartbeat ORACLEVAULT
2026-07-29 21:28:31.184 -05:00 [DBG] Heartbeat RISKWARDEN
2026-07-29 21:29:31.183 -05:00 [DBG] Heartbeat SYNAPSE
2026-07-29 21:29:31.183 -05:00 [DBG] Heartbeat TRADEWEAVER
2026-07-29 21:29:31.183 -05:00 [DBG] Heartbeat CASEBLADE
2026-07-29 21:29:31.183 -05:00 [DBG] Heartbeat PROX
2026-07-29 21:29:31.183 -05:00 [DBG] Heartbeat SENTINEL
2026-07-29 21:29:31.183 -05:00 [DBG] Heartbeat MARKETSCRYER
2026-07-29 21:29:31.183 -05:00 [DBG] Heartbeat SIGNALFORGE
2026-07-29 21:29:31.183 -05:00 [DBG] Heartbeat ORACLEVAULT
2026-07-29 21:29:31.183 -05:00 [DBG] Heartbeat RISKWARDEN
2026-07-29 21:30:31.182 -05:00 [DBG] Heartbeat SYNAPSE
2026-07-29 21:30:31.182 -05:00 [DBG] Heartbeat TRADEWEAVER
2026-07-29 21:30:31.182 -05:00 [DBG] Heartbeat CASEBLADE
2026-07-29 21:30:31.182 -05:00 [DBG] Heartbeat PROX
2026-07-29 21:30:31.182 -05:00 [DBG] Heartbeat SENTINEL
2026-07-29 21:30:31.182 -05:00 [DBG] Heartbeat MARKETSCRYER
2026-07-29 21:30:31.182 -05:00 [DBG] Heartbeat SIGNALFORGE
2026-07-29 21:30:31.182 -05:00 [DBG] Heartbeat ORACLEVAULT
2026-07-29 21:30:31.182 -05:00 [DBG] Heartbeat RISKWARDEN
2026-07-29 21:31:31.182 -05:00 [DBG] Heartbeat SYNAPSE
2026-07-29 21:31:31.182 -05:00 [DBG] Heartbeat TRADEWEAVER
2026-07-29 21:31:31.182 -05:00 [DBG] Heartbeat CASEBLADE
2026-07-29 21:31:31.182 -05:00 [DBG] Heartbeat PROX
2026-07-29 21:31:31.182 -05:00 [DBG] Heartbeat SENTINEL
2026-07-29 21:31:31.182 -05:00 [DBG] Heartbeat MARKETSCRYER
2026-07-29 21:31:31.182 -05:00 [DBG] Heartbeat SIGNALFORGE
2026-07-29 21:31:31.182 -05:00 [DBG] Heartbeat ORACLEVAULT
2026-07-29 21:31:31.182 -05:00 [DBG] Heartbeat RISKWARDEN
2026-07-29 21:32:31.182 -05:00 [DBG] Heartbeat SYNAPSE
2026-07-29 21:32:31.182 -05:00 [DBG] Heartbeat TRADEWEAVER
2026-07-29 21:32:31.182 -05:00 [DBG] Heartbeat CASEBLADE
2026-07-29 21:32:31.182 -05:00 [DBG] Heartbeat PROX
2026-07-29 21:32:31.182 -05:00 [DBG] Heartbeat SENTINEL
2026-07-29 21:32:31.182 -05:00 [DBG] Heartbeat MARKETSCRYER
2026-07-29 21:32:31.182 -05:00 [DBG] Heartbeat SIGNALFORGE
2026-07-29 21:32:31.182 -05:00 [DBG] Heartbeat ORACLEVAULT
2026-07-29 21:32:31.182 -05:00 [DBG] Heartbeat RISKWARDEN
2026-07-29 21:32:37.009 -05:00 [INF] PC health: C: 77.4% used, 10 recent errors
2026-07-29 21:33:31.181 -05:00 [DBG] Heartbeat SYNAPSE
2026-07-29 21:33:31.181 -05:00 [DBG] Heartbeat TRADEWEAVER
2026-07-29 21:33:31.181 -05:00 [DBG] Heartbeat CASEBLADE
2026-07-29 21:33:31.181 -05:00 [DBG] Heartbeat PROX
2026-07-29 21:33:31.181 -05:00 [DBG] Heartbeat SENTINEL
2026-07-29 21:33:31.181 -05:00 [DBG] Heartbeat MARKETSCRYER
2026-07-29 21:33:31.181 -05:00 [DBG] Heartbeat SIGNALFORGE
2026-07-29 21:33:31.181 -05:00 [DBG] Heartbeat ORACLEVAULT
2026-07-29 21:33:31.181 -05:00 [DBG] Heartbeat RISKWARDEN
2026-07-29 21:34:31.180 -05:00 [DBG] Heartbeat SYNAPSE
2026-07-29 21:34:31.180 -05:00 [DBG] Heartbeat TRADEWEAVER
2026-07-29 21:34:31.180 -05:00 [DBG] Heartbeat CASEBLADE
2026-07-29 21:34:31.180 -05:00 [DBG] Heartbeat PROX
2026-07-29 21:34:31.180 -05:00 [DBG] Heartbeat SENTINEL
2026-07-29 21:34:31.180 -05:00 [DBG] Heartbeat MARKETSCRYER
2026-07-29 21:34:31.180 -05:00 [DBG] Heartbeat SIGNALFORGE
2026-07-29 21:34:31.180 -05:00 [DBG] Heartbeat ORACLEVAULT
2026-07-29 21:34:31.180 -05:00 [DBG] Heartbeat RISKWARDEN
2026-07-29 21:35:31.180 -05:00 [DBG] Heartbeat SYNAPSE
2026-07-29 21:35:31.180 -05:00 [DBG] Heartbeat TRADEWEAVER
2026-07-29 21:35:31.180 -05:00 [DBG] Heartbeat CASEBLADE
2026-07-29 21:35:31.180 -05:00 [DBG] Heartbeat PROX
2026-07-29 21:35:31.180 -05:00 [DBG] Heartbeat SENTINEL
2026-07-29 21:35:31.180 -05:00 [DBG] Heartbeat MARKETSCRYER
2026-07-29 21:35:31.180 -05:00 [DBG] Heartbeat SIGNALFORGE
2026-07-29 21:35:31.180 -05:00 [DBG] Heartbeat ORACLEVAULT
2026-07-29 21:35:31.180 -05:00 [DBG] Heartbeat RISKWARDEN
2026-07-29 21:36:31.179 -05:00 [DBG] Heartbeat SYNAPSE
2026-07-29 21:36:31.179 -05:00 [DBG] Heartbeat TRADEWEAVER
2026-07-29 21:36:31.179 -05:00 [DBG] Heartbeat CASEBLADE
2026-07-29 21:36:31.179 -05:00 [DBG] Heartbeat PROX
2026-07-29 21:36:31.179 -05:00 [DBG] Heartbeat SENTINEL
2026-07-29 21:36:31.179 -05:00 [DBG] Heartbeat MARKETSCRYER
2026-07-29 21:36:31.179 -05:00 [DBG] Heartbeat SIGNALFORGE
2026-07-29 21:36:31.179 -05:00 [DBG] Heartbeat ORACLEVAULT
2026-07-29 21:36:31.179 -05:00 [DBG] Heartbeat RISKWARDEN
2026-07-29 21:37:31.179 -05:00 [DBG] Heartbeat SYNAPSE
2026-07-29 21:37:31.179 -05:00 [DBG] Heartbeat TRADEWEAVER
2026-07-29 21:37:31.179 -05:00 [DBG] Heartbeat CASEBLADE
2026-07-29 21:37:31.179 -05:00 [DBG] Heartbeat PROX
2026-07-29 21:37:31.179 -05:00 [DBG] Heartbeat SENTINEL
2026-07-29 21:37:31.179 -05:00 [DBG] Heartbeat MARKETSCRYER
2026-07-29 21:37:31.179 -05:00 [DBG] Heartbeat SIGNALFORGE
2026-07-29 21:37:31.179 -05:00 [DBG] Heartbeat ORACLEVAULT
2026-07-29 21:37:31.179 -05:00 [DBG] Heartbeat RISKWARDEN
2026-07-29 21:37:49.350 -05:00 [INF] PC health: C: 77.4% used, 10 recent errors
2026-07-29 21:38:31.178 -05:00 [DBG] Heartbeat SYNAPSE
2026-07-29 21:38:31.178 -05:00 [DBG] Heartbeat TRADEWEAVER
2026-07-29 21:38:31.178 -05:00 [DBG] Heartbeat CASEBLADE
2026-07-29 21:38:31.178 -05:00 [DBG] Heartbeat PROX
2026-07-29 21:38:31.178 -05:00 [DBG] Heartbeat SENTINEL
2026-07-29 21:38:31.178 -05:00 [DBG] Heartbeat MARKETSCRYER
2026-07-29 21:38:31.178 -05:00 [DBG] Heartbeat SIGNALFORGE
2026-07-29 21:38:31.178 -05:00 [DBG] Heartbeat ORACLEVAULT
2026-07-29 21:38:31.178 -05:00 [DBG] Heartbeat RISKWARDEN
2026-07-29 21:39:31.178 -05:00 [DBG] Heartbeat SYNAPSE
2026-07-29 21:39:31.178 -05:00 [DBG] Heartbeat TRADEWEAVER
2026-07-29 21:39:31.178 -05:00 [DBG] Heartbeat CASEBLADE
2026-07-29 21:39:31.178 -05:00 [DBG] Heartbeat PROX
2026-07-29 21:39:31.178 -05:00 [DBG] Heartbeat SENTINEL
2026-07-29 21:39:31.178 -05:00 [DBG] Heartbeat MARKETSCRYER
2026-07-29 21:39:31.178 -05:00 [DBG] Heartbeat SIGNALFORGE
2026-07-29 21:39:31.178 -05:00 [DBG] Heartbeat ORACLEVAULT
2026-07-29 21:39:31.178 -05:00 [DBG] Heartbeat RISKWARDEN
2026-07-29 21:40:31.178 -05:00 [DBG] Heartbeat SYNAPSE
2026-07-29 21:40:31.178 -05:00 [DBG] Heartbeat TRADEWEAVER
2026-07-29 21:40:31.178 -05:00 [DBG] Heartbeat CASEBLADE
2026-07-29 21:40:31.179 -05:00 [DBG] Heartbeat PROX
2026-07-29 21:40:31.179 -05:00 [DBG] Heartbeat SENTINEL
2026-07-29 21:40:31.179 -05:00 [DBG] Heartbeat MARKETSCRYER
2026-07-29 21:40:31.179 -05:00 [DBG] Heartbeat SIGNALFORGE
2026-07-29 21:40:31.179 -05:00 [DBG] Heartbeat ORACLEVAULT
2026-07-29 21:40:31.179 -05:00 [DBG] Heartbeat RISKWARDEN
2026-07-29 21:41:31.178 -05:00 [DBG] Heartbeat SYNAPSE
2026-07-29 21:41:31.178 -05:00 [DBG] Heartbeat TRADEWEAVER
2026-07-29 21:41:31.178 -05:00 [DBG] Heartbeat CASEBLADE
2026-07-29 21:41:31.178 -05:00 [DBG] Heartbeat PROX
2026-07-29 21:41:31.178 -05:00 [DBG] Heartbeat SENTINEL
2026-07-29 21:41:31.178 -05:00 [DBG] Heartbeat MARKETSCRYER
2026-07-29 21:41:31.178 -05:00 [DBG] Heartbeat SIGNALFORGE
2026-07-29 21:41:31.178 -05:00 [DBG] Heartbeat ORACLEVAULT
2026-07-29 21:41:31.178 -05:00 [DBG] Heartbeat RISKWARDEN
2026-07-29 21:42:31.178 -05:00 [DBG] Heartbeat SYNAPSE
2026-07-29 21:42:31.178 -05:00 [DBG] Heartbeat TRADEWEAVER
2026-07-29 21:42:31.178 -05:00 [DBG] Heartbeat CASEBLADE
2026-07-29 21:42:31.178 -05:00 [DBG] Heartbeat PROX
2026-07-29 21:42:31.178 -05:00 [DBG] Heartbeat SENTINEL
2026-07-29 21:42:31.178 -05:00 [DBG] Heartbeat MARKETSCRYER
2026-07-29 21:42:31.178 -05:00 [DBG] Heartbeat SIGNALFORGE
2026-07-29 21:42:31.178 -05:00 [DBG] Heartbeat ORACLEVAULT
2026-07-29 21:42:31.178 -05:00 [DBG] Heartbeat RISKWARDEN
2026-07-29 21:43:01.674 -05:00 [INF] PC health: C: 77.4% used, 10 recent errors
2026-07-29 21:43:31.177 -05:00 [DBG] Heartbeat SYNAPSE
2026-07-29 21:43:31.177 -05:00 [DBG] Heartbeat TRADEWEAVER
2026-07-29 21:43:31.177 -05:00 [DBG] Heartbeat CASEBLADE
2026-07-29 21:43:31.177 -05:00 [DBG] Heartbeat PROX
2026-07-29 21:43:31.177 -05:00 [DBG] Heartbeat SENTINEL
2026-07-29 21:43:31.177 -05:00 [DBG] Heartbeat MARKETSCRYER
2026-07-29 21:43:31.177 -05:00 [DBG] Heartbeat SIGNALFORGE
2026-07-29 21:43:31.177 -05:00 [DBG] Heartbeat ORACLEVAULT
2026-07-29 21:43:31.177 -05:00 [DBG] Heartbeat RISKWARDEN
2026-07-29 21:44:31.176 -05:00 [DBG] Heartbeat SYNAPSE
2026-07-29 21:44:31.176 -05:00 [DBG] Heartbeat TRADEWEAVER
2026-07-29 21:44:31.176 -05:00 [DBG] Heartbeat CASEBLADE
2026-07-29 21:44:31.176 -05:00 [DBG] Heartbeat PROX
2026-07-29 21:44:31.176 -05:00 [DBG] Heartbeat SENTINEL
2026-07-29 21:44:31.176 -05:00 [DBG] Heartbeat MARKETSCRYER
2026-07-29 21:44:31.176 -05:00 [DBG] Heartbeat SIGNALFORGE
2026-07-29 21:44:31.176 -05:00 [DBG] Heartbeat ORACLEVAULT
2026-07-29 21:44:31.176 -05:00 [DBG] Heartbeat RISKWARDEN
2026-07-29 21:45:31.176 -05:00 [DBG] Heartbeat SYNAPSE
2026-07-29 21:45:31.176 -05:00 [DBG] Heartbeat TRADEWEAVER
2026-07-29 21:45:31.176 -05:00 [DBG] Heartbeat CASEBLADE
2026-07-29 21:45:31.176 -05:00 [DBG] Heartbeat PROX
2026-07-29 21:45:31.176 -05:00 [DBG] Heartbeat SENTINEL
2026-07-29 21:45:31.176 -05:00 [DBG] Heartbeat MARKETSCRYER
2026-07-29 21:45:31.176 -05:00 [DBG] Heartbeat SIGNALFORGE
2026-07-29 21:45:31.176 -05:00 [DBG] Heartbeat ORACLEVAULT
2026-07-29 21:45:31.176 -05:00 [DBG] Heartbeat RISKWARDEN
2026-07-29 21:46:31.175 -05:00 [DBG] Heartbeat SYNAPSE
2026-07-29 21:46:31.175 -05:00 [DBG] Heartbeat TRADEWEAVER
2026-07-29 21:46:31.175 -05:00 [DBG] Heartbeat CASEBLADE
2026-07-29 21:46:31.175 -05:00 [DBG] Heartbeat PROX
2026-07-29 21:46:31.175 -05:00 [DBG] Heartbeat SENTINEL
2026-07-29 21:46:31.175 -05:00 [DBG] Heartbeat MARKETSCRYER
2026-07-29 21:46:31.175 -05:00 [DBG] Heartbeat SIGNALFORGE
2026-07-29 21:46:31.175 -05:00 [DBG] Heartbeat ORACLEVAULT
2026-07-29 21:46:31.175 -05:00 [DBG] Heartbeat RISKWARDEN
2026-07-29 21:47:31.175 -05:00 [DBG] Heartbeat SYNAPSE
2026-07-29 21:47:31.175 -05:00 [DBG] Heartbeat TRADEWEAVER
2026-07-29 21:47:31.175 -05:00 [DBG] Heartbeat CASEBLADE
2026-07-29 21:47:31.175 -05:00 [DBG] Heartbeat PROX
2026-07-29 21:47:31.175 -05:00 [DBG] Heartbeat SENTINEL
2026-07-29 21:47:31.175 -05:00 [DBG] Heartbeat MARKETSCRYER
2026-07-29 21:47:31.175 -05:00 [DBG] Heartbeat SIGNALFORGE
2026-07-29 21:47:31.175 -05:00 [DBG] Heartbeat ORACLEVAULT
2026-07-29 21:47:31.175 -05:00 [DBG] Heartbeat RISKWARDEN
2026-07-29 21:48:14.129 -05:00 [INF] PC health: C: 77.4% used, 10 recent errors
2026-07-29 21:48:31.174 -05:00 [DBG] Heartbeat SYNAPSE
2026-07-29 21:48:31.174 -05:00 [DBG] Heartbeat TRADEWEAVER
2026-07-29 21:48:31.174 -05:00 [DBG] Heartbeat CASEBLADE
2026-07-29 21:48:31.174 -05:00 [DBG] Heartbeat PROX
2026-07-29 21:48:31.174 -05:00 [DBG] Heartbeat SENTINEL
2026-07-29 21:48:31.174 -05:00 [DBG] Heartbeat MARKETSCRYER
2026-07-29 21:48:31.174 -05:00 [DBG] Heartbeat SIGNALFORGE
2026-07-29 21:48:31.174 -05:00 [DBG] Heartbeat ORACLEVAULT
2026-07-29 21:48:31.174 -05:00 [DBG] Heartbeat RISKWARDEN
2026-07-29 21:49:31.173 -05:00 [DBG] Heartbeat SYNAPSE
2026-07-29 21:49:31.173 -05:00 [DBG] Heartbeat TRADEWEAVER
2026-07-29 21:49:31.173 -05:00 [DBG] Heartbeat CASEBLADE
2026-07-29 21:49:31.173 -05:00 [DBG] Heartbeat PROX
2026-07-29 21:49:31.173 -05:00 [DBG] Heartbeat SENTINEL
2026-07-29 21:49:31.173 -05:00 [DBG] Heartbeat MARKETSCRYER
2026-07-29 21:49:31.173 -05:00 [DBG] Heartbeat SIGNALFORGE
2026-07-29 21:49:31.173 -05:00 [DBG] Heartbeat ORACLEVAULT
2026-07-29 21:49:31.173 -05:00 [DBG] Heartbeat RISKWARDEN
2026-07-29 21:50:31.173 -05:00 [DBG] Heartbeat SYNAPSE
2026-07-29 21:50:31.173 -05:00 [DBG] Heartbeat TRADEWEAVER
2026-07-29 21:50:31.173 -05:00 [DBG] Heartbeat CASEBLADE
2026-07-29 21:50:31.173 -05:00 [DBG] Heartbeat PROX
2026-07-29 21:50:31.173 -05:00 [DBG] Heartbeat SENTINEL
2026-07-29 21:50:31.173 -05:00 [DBG] Heartbeat MARKETSCRYER
2026-07-29 21:50:31.173 -05:00 [DBG] Heartbeat SIGNALFORGE
2026-07-29 21:50:31.173 -05:00 [DBG] Heartbeat ORACLEVAULT
2026-07-29 21:50:31.173 -05:00 [DBG] Heartbeat RISKWARDEN
2026-07-29 21:51:31.173 -05:00 [DBG] Heartbeat SYNAPSE
2026-07-29 21:51:31.173 -05:00 [DBG] Heartbeat TRADEWEAVER
2026-07-29 21:51:31.173 -05:00 [DBG] Heartbeat CASEBLADE
2026-07-29 21:51:31.173 -05:00 [DBG] Heartbeat PROX
2026-07-29 21:51:31.173 -05:00 [DBG] Heartbeat SENTINEL
2026-07-29 21:51:31.173 -05:00 [DBG] Heartbeat MARKETSCRYER
2026-07-29 21:51:31.173 -05:00 [DBG] Heartbeat SIGNALFORGE
2026-07-29 21:51:31.173 -05:00 [DBG] Heartbeat ORACLEVAULT
2026-07-29 21:51:31.173 -05:00 [DBG] Heartbeat RISKWARDEN
2026-07-29 21:52:31.172 -05:00 [DBG] Heartbeat SYNAPSE
2026-07-29 21:52:31.172 -05:00 [DBG] Heartbeat TRADEWEAVER
2026-07-29 21:52:31.172 -05:00 [DBG] Heartbeat CASEBLADE
2026-07-29 21:52:31.172 -05:00 [DBG] Heartbeat PROX
2026-07-29 21:52:31.172 -05:00 [DBG] Heartbeat SENTINEL
2026-07-29 21:52:31.172 -05:00 [DBG] Heartbeat MARKETSCRYER
2026-07-29 21:52:31.173 -05:00 [DBG] Heartbeat SIGNALFORGE
2026-07-29 21:52:31.173 -05:00 [DBG] Heartbeat ORACLEVAULT
2026-07-29 21:52:31.173 -05:00 [DBG] Heartbeat RISKWARDEN
2026-07-29 21:53:26.427 -05:00 [INF] PC health: C: 77.4% used, 10 recent errors
2026-07-29 21:53:31.171 -05:00 [DBG] Heartbeat SYNAPSE
2026-07-29 21:53:31.171 -05:00 [DBG] Heartbeat TRADEWEAVER
2026-07-29 21:53:31.171 -05:00 [DBG] Heartbeat CASEBLADE
2026-07-29 21:53:31.171 -05:00 [DBG] Heartbeat PROX
2026-07-29 21:53:31.171 -05:00 [DBG] Heartbeat SENTINEL
2026-07-29 21:53:31.171 -05:00 [DBG] Heartbeat MARKETSCRYER
2026-07-29 21:53:31.171 -05:00 [DBG] Heartbeat SIGNALFORGE
2026-07-29 21:53:31.171 -05:00 [DBG] Heartbeat ORACLEVAULT
2026-07-29 21:53:31.171 -05:00 [DBG] Heartbeat RISKWARDEN
2026-07-29 21:54:31.171 -05:00 [DBG] Heartbeat SYNAPSE
2026-07-29 21:54:31.171 -05:00 [DBG] Heartbeat TRADEWEAVER
2026-07-29 21:54:31.171 -05:00 [DBG] Heartbeat CASEBLADE
2026-07-29 21:54:31.171 -05:00 [DBG] Heartbeat PROX
2026-07-29 21:54:31.171 -05:00 [DBG] Heartbeat SENTINEL
2026-07-29 21:54:31.171 -05:00 [DBG] Heartbeat MARKETSCRYER
2026-07-29 21:54:31.171 -05:00 [DBG] Heartbeat SIGNALFORGE
2026-07-29 21:54:31.171 -05:00 [DBG] Heartbeat ORACLEVAULT
2026-07-29 21:54:31.171 -05:00 [DBG] Heartbeat RISKWARDEN
2026-07-29 21:55:31.171 -05:00 [DBG] Heartbeat SYNAPSE
2026-07-29 21:55:31.171 -05:00 [DBG] Heartbeat TRADEWEAVER
2026-07-29 21:55:31.171 -05:00 [DBG] Heartbeat CASEBLADE
2026-07-29 21:55:31.171 -05:00 [DBG] Heartbeat PROX
2026-07-29 21:55:31.171 -05:00 [DBG] Heartbeat SENTINEL
2026-07-29 21:55:31.171 -05:00 [DBG] Heartbeat MARKETSCRYER
2026-07-29 21:55:31.171 -05:00 [DBG] Heartbeat SIGNALFORGE
2026-07-29 21:55:31.171 -05:00 [DBG] Heartbeat ORACLEVAULT
2026-07-29 21:55:31.171 -05:00 [DBG] Heartbeat RISKWARDEN
2026-07-29 21:56:31.171 -05:00 [DBG] Heartbeat SYNAPSE
2026-07-29 21:56:31.171 -05:00 [DBG] Heartbeat TRADEWEAVER
2026-07-29 21:56:31.171 -05:00 [DBG] Heartbeat CASEBLADE
2026-07-29 21:56:31.171 -05:00 [DBG] Heartbeat PROX
2026-07-29 21:56:31.171 -05:00 [DBG] Heartbeat SENTINEL
2026-07-29 21:56:31.171 -05:00 [DBG] Heartbeat MARKETSCRYER
2026-07-29 21:56:31.171 -05:00 [DBG] Heartbeat SIGNALFORGE
2026-07-29 21:56:31.171 -05:00 [DBG] Heartbeat ORACLEVAULT
2026-07-29 21:56:31.171 -05:00 [DBG] Heartbeat RISKWARDEN
2026-07-29 21:57:31.172 -05:00 [DBG] Heartbeat SYNAPSE
2026-07-29 21:57:31.172 -05:00 [DBG] Heartbeat TRADEWEAVER
2026-07-29 21:57:31.172 -05:00 [DBG] Heartbeat CASEBLADE
2026-07-29 21:57:31.172 -05:00 [DBG] Heartbeat PROX
2026-07-29 21:57:31.172 -05:00 [DBG] Heartbeat SENTINEL
2026-07-29 21:57:31.172 -05:00 [DBG] Heartbeat MARKETSCRYER
2026-07-29 21:57:31.172 -05:00 [DBG] Heartbeat SIGNALFORGE
2026-07-29 21:57:31.172 -05:00 [DBG] Heartbeat ORACLEVAULT
2026-07-29 21:57:31.172 -05:00 [DBG] Heartbeat RISKWARDEN
2026-07-29 21:58:31.172 -05:00 [DBG] Heartbeat SYNAPSE
2026-07-29 21:58:31.172 -05:00 [DBG] Heartbeat TRADEWEAVER
2026-07-29 21:58:31.172 -05:00 [DBG] Heartbeat CASEBLADE
2026-07-29 21:58:31.172 -05:00 [DBG] Heartbeat PROX
2026-07-29 21:58:31.172 -05:00 [DBG] Heartbeat SENTINEL
2026-07-29 21:58:31.172 -05:00 [DBG] Heartbeat MARKETSCRYER
2026-07-29 21:58:31.172 -05:00 [DBG] Heartbeat SIGNALFORGE
2026-07-29 21:58:31.172 -05:00 [DBG] Heartbeat ORACLEVAULT
2026-07-29 21:58:31.172 -05:00 [DBG] Heartbeat RISKWARDEN
2026-07-29 21:58:39.702 -05:00 [INF] PC health: C: 77.4% used, 10 recent errors
2026-07-29 21:59:31.171 -05:00 [DBG] Heartbeat SYNAPSE
2026-07-29 21:59:31.171 -05:00 [DBG] Heartbeat TRADEWEAVER
2026-07-29 21:59:31.171 -05:00 [DBG] Heartbeat CASEBLADE
2026-07-29 21:59:31.171 -05:00 [DBG] Heartbeat PROX
2026-07-29 21:59:31.171 -05:00 [DBG] Heartbeat SENTINEL
2026-07-29 21:59:31.171 -05:00 [DBG] Heartbeat MARKETSCRYER
2026-07-29 21:59:31.171 -05:00 [DBG] Heartbeat SIGNALFORGE
2026-07-29 21:59:31.171 -05:00 [DBG] Heartbeat ORACLEVAULT
2026-07-29 21:59:31.171 -05:00 [DBG] Heartbeat RISKWARDEN
2026-07-29 22:00:31.171 -05:00 [DBG] Heartbeat SYNAPSE
2026-07-29 22:00:31.172 -05:00 [DBG] Heartbeat TRADEWEAVER
2026-07-29 22:00:31.172 -05:00 [DBG] Heartbeat CASEBLADE
2026-07-29 22:00:31.172 -05:00 [DBG] Heartbeat PROX
2026-07-29 22:00:31.172 -05:00 [DBG] Heartbeat SENTINEL
2026-07-29 22:00:31.172 -05:00 [DBG] Heartbeat MARKETSCRYER
2026-07-29 22:00:31.172 -05:00 [DBG] Heartbeat SIGNALFORGE
2026-07-29 22:00:31.172 -05:00 [DBG] Heartbeat ORACLEVAULT
2026-07-29 22:00:31.172 -05:00 [DBG] Heartbeat RISKWARDEN
2026-07-29 22:01:31.171 -05:00 [DBG] Heartbeat SYNAPSE
2026-07-29 22:01:31.171 -05:00 [DBG] Heartbeat TRADEWEAVER
2026-07-29 22:01:31.171 -05:00 [DBG] Heartbeat CASEBLADE
2026-07-29 22:01:31.171 -05:00 [DBG] Heartbeat PROX
2026-07-29 22:01:31.171 -05:00 [DBG] Heartbeat SENTINEL
2026-07-29 22:01:31.171 -05:00 [DBG] Heartbeat MARKETSCRYER
2026-07-29 22:01:31.171 -05:00 [DBG] Heartbeat SIGNALFORGE
2026-07-29 22:01:31.171 -05:00 [DBG] Heartbeat ORACLEVAULT
2026-07-29 22:01:31.171 -05:00 [DBG] Heartbeat RISKWARDEN
2026-07-29 22:02:31.172 -05:00 [DBG] Heartbeat SYNAPSE
2026-07-29 22:02:31.172 -05:00 [DBG] Heartbeat TRADEWEAVER
2026-07-29 22:02:31.172 -05:00 [DBG] Heartbeat CASEBLADE
2026-07-29 22:02:31.172 -05:00 [DBG] Heartbeat PROX
2026-07-29 22:02:31.172 -05:00 [DBG] Heartbeat SENTINEL
2026-07-29 22:02:31.172 -05:00 [DBG] Heartbeat MARKETSCRYER
2026-07-29 22:02:31.172 -05:00 [DBG] Heartbeat SIGNALFORGE
2026-07-29 22:02:31.172 -05:00 [DBG] Heartbeat ORACLEVAULT
2026-07-29 22:02:31.172 -05:00 [DBG] Heartbeat RISKWARDEN
2026-07-29 22:03:31.172 -05:00 [DBG] Heartbeat SYNAPSE
2026-07-29 22:03:31.172 -05:00 [DBG] Heartbeat TRADEWEAVER
2026-07-29 22:03:31.172 -05:00 [DBG] Heartbeat CASEBLADE
2026-07-29 22:03:31.172 -05:00 [DBG] Heartbeat PROX
2026-07-29 22:03:31.172 -05:00 [DBG] Heartbeat SENTINEL
2026-07-29 22:03:31.172 -05:00 [DBG] Heartbeat MARKETSCRYER
2026-07-29 22:03:31.172 -05:00 [DBG] Heartbeat SIGNALFORGE
2026-07-29 22:03:31.172 -05:00 [DBG] Heartbeat ORACLEVAULT
2026-07-29 22:03:31.172 -05:00 [DBG] Heartbeat RISKWARDEN
2026-07-29 22:03:52.898 -05:00 [INF] PC health: C: 77.4% used, 10 recent errors
2026-07-29 22:04:31.171 -05:00 [DBG] Heartbeat SYNAPSE
2026-07-29 22:04:31.171 -05:00 [DBG] Heartbeat TRADEWEAVER
2026-07-29 22:04:31.171 -05:00 [DBG] Heartbeat CASEBLADE
2026-07-29 22:04:31.171 -05:00 [DBG] Heartbeat PROX
2026-07-29 22:04:31.171 -05:00 [DBG] Heartbeat SENTINEL
2026-07-29 22:04:31.171 -05:00 [DBG] Heartbeat MARKETSCRYER
2026-07-29 22:04:31.171 -05:00 [DBG] Heartbeat SIGNALFORGE
2026-07-29 22:04:31.171 -05:00 [DBG] Heartbeat ORACLEVAULT
2026-07-29 22:04:31.171 -05:00 [DBG] Heartbeat RISKWARDEN
2026-07-29 22:05:31.171 -05:00 [DBG] Heartbeat SYNAPSE
2026-07-29 22:05:31.171 -05:00 [DBG] Heartbeat TRADEWEAVER
2026-07-29 22:05:31.171 -05:00 [DBG] Heartbeat CASEBLADE
2026-07-29 22:05:31.171 -05:00 [DBG] Heartbeat PROX
2026-07-29 22:05:31.171 -05:00 [DBG] Heartbeat SENTINEL
2026-07-29 22:05:31.171 -05:00 [DBG] Heartbeat MARKETSCRYER
2026-07-29 22:05:31.171 -05:00 [DBG] Heartbeat SIGNALFORGE
2026-07-29 22:05:31.171 -05:00 [DBG] Heartbeat ORACLEVAULT
2026-07-29 22:05:31.171 -05:00 [DBG] Heartbeat RISKWARDEN
2026-07-29 22:06:31.171 -05:00 [DBG] Heartbeat SYNAPSE
2026-07-29 22:06:31.171 -05:00 [DBG] Heartbeat TRADEWEAVER
2026-07-29 22:06:31.171 -05:00 [DBG] Heartbeat CASEBLADE
2026-07-29 22:06:31.171 -05:00 [DBG] Heartbeat PROX
2026-07-29 22:06:31.171 -05:00 [DBG] Heartbeat SENTINEL
2026-07-29 22:06:31.171 -05:00 [DBG] Heartbeat MARKETSCRYER
2026-07-29 22:06:31.171 -05:00 [DBG] Heartbeat SIGNALFORGE
2026-07-29 22:06:31.171 -05:00 [DBG] Heartbeat ORACLEVAULT
2026-07-29 22:06:31.171 -05:00 [DBG] Heartbeat RISKWARDEN
2026-07-29 22:07:31.171 -05:00 [DBG] Heartbeat SYNAPSE
2026-07-29 22:07:31.171 -05:00 [DBG] Heartbeat TRADEWEAVER
2026-07-29 22:07:31.171 -05:00 [DBG] Heartbeat CASEBLADE
2026-07-29 22:07:31.171 -05:00 [DBG] Heartbeat PROX
2026-07-29 22:07:31.171 -05:00 [DBG] Heartbeat SENTINEL
2026-07-29 22:07:31.171 -05:00 [DBG] Heartbeat MARKETSCRYER
2026-07-29 22:07:31.171 -05:00 [DBG] Heartbeat SIGNALFORGE
2026-07-29 22:07:31.171 -05:00 [DBG] Heartbeat ORACLEVAULT
2026-07-29 22:07:31.171 -05:00 [DBG] Heartbeat RISKWARDEN
2026-07-29 22:08:31.171 -05:00 [DBG] Heartbeat SYNAPSE
2026-07-29 22:08:31.171 -05:00 [DBG] Heartbeat TRADEWEAVER
2026-07-29 22:08:31.171 -05:00 [DBG] Heartbeat CASEBLADE
2026-07-29 22:08:31.171 -05:00 [DBG] Heartbeat PROX
2026-07-29 22:08:31.171 -05:00 [DBG] Heartbeat SENTINEL
2026-07-29 22:08:31.171 -05:00 [DBG] Heartbeat MARKETSCRYER
2026-07-29 22:08:31.171 -05:00 [DBG] Heartbeat SIGNALFORGE
2026-07-29 22:08:31.171 -05:00 [DBG] Heartbeat ORACLEVAULT
2026-07-29 22:08:31.171 -05:00 [DBG] Heartbeat RISKWARDEN
2026-07-29 22:09:05.929 -05:00 [INF] PC health: C: 77.4% used, 10 recent errors
2026-07-29 22:09:31.171 -05:00 [DBG] Heartbeat SYNAPSE
2026-07-29 22:09:31.171 -05:00 [DBG] Heartbeat TRADEWEAVER
2026-07-29 22:09:31.171 -05:00 [DBG] Heartbeat CASEBLADE
2026-07-29 22:09:31.171 -05:00 [DBG] Heartbeat PROX
2026-07-29 22:09:31.171 -05:00 [DBG] Heartbeat SENTINEL
2026-07-29 22:09:31.171 -05:00 [DBG] Heartbeat MARKETSCRYER
2026-07-29 22:09:31.171 -05:00 [DBG] Heartbeat SIGNALFORGE
2026-07-29 22:09:31.171 -05:00 [DBG] Heartbeat ORACLEVAULT
2026-07-29 22:09:31.171 -05:00 [DBG] Heartbeat RISKWARDEN
2026-07-29 22:10:31.171 -05:00 [DBG] Heartbeat SYNAPSE
2026-07-29 22:10:31.171 -05:00 [DBG] Heartbeat TRADEWEAVER
2026-07-29 22:10:31.171 -05:00 [DBG] Heartbeat CASEBLADE
2026-07-29 22:10:31.171 -05:00 [DBG] Heartbeat PROX
2026-07-29 22:10:31.171 -05:00 [DBG] Heartbeat SENTINEL
2026-07-29 22:10:31.171 -05:00 [DBG] Heartbeat MARKETSCRYER
2026-07-29 22:10:31.171 -05:00 [DBG] Heartbeat SIGNALFORGE
2026-07-29 22:10:31.171 -05:00 [DBG] Heartbeat ORACLEVAULT
2026-07-29 22:10:31.171 -05:00 [DBG] Heartbeat RISKWARDEN
2026-07-29 22:11:31.171 -05:00 [DBG] Heartbeat SYNAPSE
2026-07-29 22:11:31.171 -05:00 [DBG] Heartbeat TRADEWEAVER
2026-07-29 22:11:31.171 -05:00 [DBG] Heartbeat CASEBLADE
2026-07-29 22:11:31.171 -05:00 [DBG] Heartbeat PROX
2026-07-29 22:11:31.171 -05:00 [DBG] Heartbeat SENTINEL
2026-07-29 22:11:31.171 -05:00 [DBG] Heartbeat MARKETSCRYER
2026-07-29 22:11:31.171 -05:00 [DBG] Heartbeat SIGNALFORGE
2026-07-29 22:11:31.171 -05:00 [DBG] Heartbeat ORACLEVAULT
2026-07-29 22:11:31.171 -05:00 [DBG] Heartbeat RISKWARDEN
2026-07-29 22:12:31.171 -05:00 [DBG] Heartbeat SYNAPSE
2026-07-29 22:12:31.171 -05:00 [DBG] Heartbeat TRADEWEAVER
2026-07-29 22:12:31.171 -05:00 [DBG] Heartbeat CASEBLADE
2026-07-29 22:12:31.171 -05:00 [DBG] Heartbeat PROX
2026-07-29 22:12:31.171 -05:00 [DBG] Heartbeat SENTINEL
2026-07-29 22:12:31.171 -05:00 [DBG] Heartbeat MARKETSCRYER
2026-07-29 22:12:31.171 -05:00 [DBG] Heartbeat SIGNALFORGE
2026-07-29 22:12:31.171 -05:00 [DBG] Heartbeat ORACLEVAULT
2026-07-29 22:12:31.171 -05:00 [DBG] Heartbeat RISKWARDEN
2026-07-29 22:13:31.171 -05:00 [DBG] Heartbeat SYNAPSE
2026-07-29 22:13:31.171 -05:00 [DBG] Heartbeat TRADEWEAVER
2026-07-29 22:13:31.171 -05:00 [DBG] Heartbeat CASEBLADE
2026-07-29 22:13:31.171 -05:00 [DBG] Heartbeat PROX
2026-07-29 22:13:31.171 -05:00 [DBG] Heartbeat SENTINEL
2026-07-29 22:13:31.171 -05:00 [DBG] Heartbeat MARKETSCRYER
2026-07-29 22:13:31.171 -05:00 [DBG] Heartbeat SIGNALFORGE
2026-07-29 22:13:31.171 -05:00 [DBG] Heartbeat ORACLEVAULT
2026-07-29 22:13:31.171 -05:00 [DBG] Heartbeat RISKWARDEN
2026-07-29 22:14:19.229 -05:00 [INF] PC health: C: 77.4% used, 10 recent errors
2026-07-29 22:14:31.170 -05:00 [DBG] Heartbeat SYNAPSE
2026-07-29 22:14:31.170 -05:00 [DBG] Heartbeat TRADEWEAVER
2026-07-29 22:14:31.170 -05:00 [DBG] Heartbeat CASEBLADE
2026-07-29 22:14:31.170 -05:00 [DBG] Heartbeat PROX
2026-07-29 22:14:31.170 -05:00 [DBG] Heartbeat SENTINEL
2026-07-29 22:14:31.170 -05:00 [DBG] Heartbeat MARKETSCRYER
2026-07-29 22:14:31.170 -05:00 [DBG] Heartbeat SIGNALFORGE
2026-07-29 22:14:31.170 -05:00 [DBG] Heartbeat ORACLEVAULT
2026-07-29 22:14:31.170 -05:00 [DBG] Heartbeat RISKWARDEN
2026-07-29 22:15:31.171 -05:00 [DBG] Heartbeat SYNAPSE
2026-07-29 22:15:31.171 -05:00 [DBG] Heartbeat TRADEWEAVER
2026-07-29 22:15:31.171 -05:00 [DBG] Heartbeat CASEBLADE
2026-07-29 22:15:31.171 -05:00 [DBG] Heartbeat PROX
2026-07-29 22:15:31.171 -05:00 [DBG] Heartbeat SENTINEL
2026-07-29 22:15:31.171 -05:00 [DBG] Heartbeat MARKETSCRYER
2026-07-29 22:15:31.171 -05:00 [DBG] Heartbeat SIGNALFORGE
2026-07-29 22:15:31.171 -05:00 [DBG] Heartbeat ORACLEVAULT
2026-07-29 22:15:31.171 -05:00 [DBG] Heartbeat RISKWARDEN
2026-07-29 22:16:31.171 -05:00 [DBG] Heartbeat SYNAPSE
2026-07-29 22:16:31.171 -05:00 [DBG] Heartbeat TRADEWEAVER
2026-07-29 22:16:31.171 -05:00 [DBG] Heartbeat CASEBLADE
2026-07-29 22:16:31.171 -05:00 [DBG] Heartbeat PROX
2026-07-29 22:16:31.171 -05:00 [DBG] Heartbeat SENTINEL
2026-07-29 22:16:31.171 -05:00 [DBG] Heartbeat MARKETSCRYER
2026-07-29 22:16:31.171 -05:00 [DBG] Heartbeat SIGNALFORGE
2026-07-29 22:16:31.171 -05:00 [DBG] Heartbeat ORACLEVAULT
2026-07-29 22:16:31.171 -05:00 [DBG] Heartbeat RISKWARDEN
2026-07-29 22:17:31.170 -05:00 [DBG] Heartbeat SYNAPSE
2026-07-29 22:17:31.170 -05:00 [DBG] Heartbeat TRADEWEAVER
2026-07-29 22:17:31.170 -05:00 [DBG] Heartbeat CASEBLADE
2026-07-29 22:17:31.170 -05:00 [DBG] Heartbeat PROX
2026-07-29 22:17:31.170 -05:00 [DBG] Heartbeat SENTINEL
2026-07-29 22:17:31.170 -05:00 [DBG] Heartbeat MARKETSCRYER
2026-07-29 22:17:31.170 -05:00 [DBG] Heartbeat SIGNALFORGE
2026-07-29 22:17:31.170 -05:00 [DBG] Heartbeat ORACLEVAULT
2026-07-29 22:17:31.170 -05:00 [DBG] Heartbeat RISKWARDEN
2026-07-29 22:18:31.170 -05:00 [DBG] Heartbeat SYNAPSE
2026-07-29 22:18:31.170 -05:00 [DBG] Heartbeat TRADEWEAVER
2026-07-29 22:18:31.170 -05:00 [DBG] Heartbeat CASEBLADE
2026-07-29 22:18:31.170 -05:00 [DBG] Heartbeat PROX
2026-07-29 22:18:31.170 -05:00 [DBG] Heartbeat SENTINEL
2026-07-29 22:18:31.170 -05:00 [DBG] Heartbeat MARKETSCRYER
2026-07-29 22:18:31.170 -05:00 [DBG] Heartbeat SIGNALFORGE
2026-07-29 22:18:31.171 -05:00 [DBG] Heartbeat ORACLEVAULT
2026-07-29 22:18:31.171 -05:00 [DBG] Heartbeat RISKWARDEN
2026-07-29 22:19:31.171 -05:00 [DBG] Heartbeat SYNAPSE
2026-07-29 22:19:31.171 -05:00 [DBG] Heartbeat TRADEWEAVER
2026-07-29 22:19:31.171 -05:00 [DBG] Heartbeat CASEBLADE
2026-07-29 22:19:31.171 -05:00 [DBG] Heartbeat PROX
2026-07-29 22:19:31.171 -05:00 [DBG] Heartbeat SENTINEL
2026-07-29 22:19:31.171 -05:00 [DBG] Heartbeat MARKETSCRYER
2026-07-29 22:19:31.171 -05:00 [DBG] Heartbeat SIGNALFORGE
2026-07-29 22:19:31.171 -05:00 [DBG] Heartbeat ORACLEVAULT
2026-07-29 22:19:31.171 -05:00 [DBG] Heartbeat RISKWARDEN
2026-07-29 22:19:32.464 -05:00 [INF] PC health: C: 77.4% used, 10 recent errors
2026-07-29 22:20:31.171 -05:00 [DBG] Heartbeat SYNAPSE
2026-07-29 22:20:31.171 -05:00 [DBG] Heartbeat TRADEWEAVER
2026-07-29 22:20:31.171 -05:00 [DBG] Heartbeat CASEBLADE
2026-07-29 22:20:31.171 -05:00 [DBG] Heartbeat PROX
2026-07-29 22:20:31.171 -05:00 [DBG] Heartbeat SENTINEL
2026-07-29 22:20:31.171 -05:00 [DBG] Heartbeat MARKETSCRYER
2026-07-29 22:20:31.171 -05:00 [DBG] Heartbeat SIGNALFORGE
2026-07-29 22:20:31.171 -05:00 [DBG] Heartbeat ORACLEVAULT
2026-07-29 22:20:31.171 -05:00 [DBG] Heartbeat RISKWARDEN
2026-07-29 22:21:31.171 -05:00 [DBG] Heartbeat SYNAPSE
2026-07-29 22:21:31.171 -05:00 [DBG] Heartbeat TRADEWEAVER
2026-07-29 22:21:31.171 -05:00 [DBG] Heartbeat CASEBLADE
2026-07-29 22:21:31.171 -05:00 [DBG] Heartbeat PROX
2026-07-29 22:21:31.171 -05:00 [DBG] Heartbeat SENTINEL
2026-07-29 22:21:31.171 -05:00 [DBG] Heartbeat MARKETSCRYER
2026-07-29 22:21:31.171 -05:00 [DBG] Heartbeat SIGNALFORGE
2026-07-29 22:21:31.171 -05:00 [DBG] Heartbeat ORACLEVAULT
2026-07-29 22:21:31.171 -05:00 [DBG] Heartbeat RISKWARDEN
2026-07-29 22:22:31.170 -05:00 [DBG] Heartbeat SYNAPSE
2026-07-29 22:22:31.170 -05:00 [DBG] Heartbeat TRADEWEAVER
2026-07-29 22:22:31.170 -05:00 [DBG] Heartbeat CASEBLADE
2026-07-29 22:22:31.170 -05:00 [DBG] Heartbeat PROX
2026-07-29 22:22:31.170 -05:00 [DBG] Heartbeat SENTINEL
2026-07-29 22:22:31.170 -05:00 [DBG] Heartbeat MARKETSCRYER
2026-07-29 22:22:31.170 -05:00 [DBG] Heartbeat SIGNALFORGE
2026-07-29 22:22:31.170 -05:00 [DBG] Heartbeat ORACLEVAULT
2026-07-29 22:22:31.170 -05:00 [DBG] Heartbeat RISKWARDEN
2026-07-29 22:23:31.170 -05:00 [DBG] Heartbeat SYNAPSE
2026-07-29 22:23:31.170 -05:00 [DBG] Heartbeat TRADEWEAVER
2026-07-29 22:23:31.170 -05:00 [DBG] Heartbeat CASEBLADE
2026-07-29 22:23:31.170 -05:00 [DBG] Heartbeat PROX
2026-07-29 22:23:31.170 -05:00 [DBG] Heartbeat SENTINEL
2026-07-29 22:23:31.170 -05:00 [DBG] Heartbeat MARKETSCRYER
2026-07-29 22:23:31.170 -05:00 [DBG] Heartbeat SIGNALFORGE
2026-07-29 22:23:31.170 -05:00 [DBG] Heartbeat ORACLEVAULT
2026-07-29 22:23:31.170 -05:00 [DBG] Heartbeat RISKWARDEN
2026-07-29 22:24:31.170 -05:00 [DBG] Heartbeat SYNAPSE
2026-07-29 22:24:31.170 -05:00 [DBG] Heartbeat TRADEWEAVER
2026-07-29 22:24:31.170 -05:00 [DBG] Heartbeat CASEBLADE
2026-07-29 22:24:31.170 -05:00 [DBG] Heartbeat PROX
2026-07-29 22:24:31.170 -05:00 [DBG] Heartbeat SENTINEL
2026-07-29 22:24:31.170 -05:00 [DBG] Heartbeat MARKETSCRYER
2026-07-29 22:24:31.170 -05:00 [DBG] Heartbeat SIGNALFORGE
2026-07-29 22:24:31.170 -05:00 [DBG] Heartbeat ORACLEVAULT
2026-07-29 22:24:31.170 -05:00 [DBG] Heartbeat RISKWARDEN
2026-07-29 22:24:45.766 -05:00 [INF] PC health: C: 77.4% used, 10 recent errors
2026-07-29 22:25:31.169 -05:00 [DBG] Heartbeat SYNAPSE
2026-07-29 22:25:31.169 -05:00 [DBG] Heartbeat TRADEWEAVER
2026-07-29 22:25:31.169 -05:00 [DBG] Heartbeat CASEBLADE
2026-07-29 22:25:31.169 -05:00 [DBG] Heartbeat PROX
2026-07-29 22:25:31.169 -05:00 [DBG] Heartbeat SENTINEL
2026-07-29 22:25:31.169 -05:00 [DBG] Heartbeat MARKETSCRYER
2026-07-29 22:25:31.169 -05:00 [DBG] Heartbeat SIGNALFORGE
2026-07-29 22:25:31.169 -05:00 [DBG] Heartbeat ORACLEVAULT
2026-07-29 22:25:31.169 -05:00 [DBG] Heartbeat RISKWARDEN
2026-07-29 22:26:31.168 -05:00 [DBG] Heartbeat SYNAPSE
2026-07-29 22:26:31.168 -05:00 [DBG] Heartbeat TRADEWEAVER
2026-07-29 22:26:31.168 -05:00 [DBG] Heartbeat CASEBLADE
2026-07-29 22:26:31.168 -05:00 [DBG] Heartbeat PROX
2026-07-29 22:26:31.168 -05:00 [DBG] Heartbeat SENTINEL
2026-07-29 22:26:31.168 -05:00 [DBG] Heartbeat MARKETSCRYER
2026-07-29 22:26:31.168 -05:00 [DBG] Heartbeat SIGNALFORGE
2026-07-29 22:26:31.168 -05:00 [DBG] Heartbeat ORACLEVAULT
2026-07-29 22:26:31.168 -05:00 [DBG] Heartbeat RISKWARDEN
2026-07-29 22:27:31.169 -05:00 [DBG] Heartbeat SYNAPSE
2026-07-29 22:27:31.169 -05:00 [DBG] Heartbeat TRADEWEAVER
2026-07-29 22:27:31.169 -05:00 [DBG] Heartbeat CASEBLADE
2026-07-29 22:27:31.169 -05:00 [DBG] Heartbeat PROX
2026-07-29 22:27:31.169 -05:00 [DBG] Heartbeat SENTINEL
2026-07-29 22:27:31.169 -05:00 [DBG] Heartbeat MARKETSCRYER
2026-07-29 22:27:31.169 -05:00 [DBG] Heartbeat SIGNALFORGE
2026-07-29 22:27:31.169 -05:00 [DBG] Heartbeat ORACLEVAULT
2026-07-29 22:27:31.169 -05:00 [DBG] Heartbeat RISKWARDEN
2026-07-29 22:28:31.169 -05:00 [DBG] Heartbeat SYNAPSE
2026-07-29 22:28:31.169 -05:00 [DBG] Heartbeat TRADEWEAVER
2026-07-29 22:28:31.169 -05:00 [DBG] Heartbeat CASEBLADE
2026-07-29 22:28:31.169 -05:00 [DBG] Heartbeat PROX
2026-07-29 22:28:31.169 -05:00 [DBG] Heartbeat SENTINEL
2026-07-29 22:28:31.169 -05:00 [DBG] Heartbeat MARKETSCRYER
2026-07-29 22:28:31.169 -05:00 [DBG] Heartbeat SIGNALFORGE
2026-07-29 22:28:31.169 -05:00 [DBG] Heartbeat ORACLEVAULT
2026-07-29 22:28:31.169 -05:00 [DBG] Heartbeat RISKWARDEN
2026-07-29 22:29:31.169 -05:00 [DBG] Heartbeat SYNAPSE
2026-07-29 22:29:31.169 -05:00 [DBG] Heartbeat TRADEWEAVER
2026-07-29 22:29:31.169 -05:00 [DBG] Heartbeat CASEBLADE
2026-07-29 22:29:31.169 -05:00 [DBG] Heartbeat PROX
2026-07-29 22:29:31.169 -05:00 [DBG] Heartbeat SENTINEL
2026-07-29 22:29:31.169 -05:00 [DBG] Heartbeat MARKETSCRYER
2026-07-29 22:29:31.169 -05:00 [DBG] Heartbeat SIGNALFORGE
2026-07-29 22:29:31.169 -05:00 [DBG] Heartbeat ORACLEVAULT
2026-07-29 22:29:31.169 -05:00 [DBG] Heartbeat RISKWARDEN
2026-07-29 22:29:59.137 -05:00 [INF] PC health: C: 77.4% used, 10 recent errors
2026-07-29 22:30:31.169 -05:00 [DBG] Heartbeat SYNAPSE
2026-07-29 22:30:31.169 -05:00 [DBG] Heartbeat TRADEWEAVER
2026-07-29 22:30:31.169 -05:00 [DBG] Heartbeat CASEBLADE
2026-07-29 22:30:31.169 -05:00 [DBG] Heartbeat PROX
2026-07-29 22:30:31.169 -05:00 [DBG] Heartbeat SENTINEL
2026-07-29 22:30:31.169 -05:00 [DBG] Heartbeat MARKETSCRYER
2026-07-29 22:30:31.169 -05:00 [DBG] Heartbeat SIGNALFORGE
2026-07-29 22:30:31.169 -05:00 [DBG] Heartbeat ORACLEVAULT
2026-07-29 22:30:31.169 -05:00 [DBG] Heartbeat RISKWARDEN
2026-07-29 22:31:31.169 -05:00 [DBG] Heartbeat SYNAPSE
2026-07-29 22:31:31.169 -05:00 [DBG] Heartbeat TRADEWEAVER
2026-07-29 22:31:31.169 -05:00 [DBG] Heartbeat CASEBLADE
2026-07-29 22:31:31.169 -05:00 [DBG] Heartbeat PROX
2026-07-29 22:31:31.169 -05:00 [DBG] Heartbeat SENTINEL
2026-07-29 22:31:31.169 -05:00 [DBG] Heartbeat MARKETSCRYER
2026-07-29 22:31:31.169 -05:00 [DBG] Heartbeat SIGNALFORGE
2026-07-29 22:31:31.169 -05:00 [DBG] Heartbeat ORACLEVAULT
2026-07-29 22:31:31.169 -05:00 [DBG] Heartbeat RISKWARDEN
2026-07-29 22:32:31.169 -05:00 [DBG] Heartbeat SYNAPSE
2026-07-29 22:32:31.169 -05:00 [DBG] Heartbeat TRADEWEAVER
2026-07-29 22:32:31.169 -05:00 [DBG] Heartbeat CASEBLADE
2026-07-29 22:32:31.169 -05:00 [DBG] Heartbeat PROX
2026-07-29 22:32:31.169 -05:00 [DBG] Heartbeat SENTINEL
2026-07-29 22:32:31.169 -05:00 [DBG] Heartbeat MARKETSCRYER
2026-07-29 22:32:31.169 -05:00 [DBG] Heartbeat SIGNALFORGE
2026-07-29 22:32:31.169 -05:00 [DBG] Heartbeat ORACLEVAULT
2026-07-29 22:32:31.169 -05:00 [DBG] Heartbeat RISKWARDEN
2026-07-29 22:33:31.169 -05:00 [DBG] Heartbeat SYNAPSE
2026-07-29 22:33:31.169 -05:00 [DBG] Heartbeat TRADEWEAVER
2026-07-29 22:33:31.169 -05:00 [DBG] Heartbeat CASEBLADE
2026-07-29 22:33:31.169 -05:00 [DBG] Heartbeat PROX
2026-07-29 22:33:31.169 -05:00 [DBG] Heartbeat SENTINEL
2026-07-29 22:33:31.169 -05:00 [DBG] Heartbeat MARKETSCRYER
2026-07-29 22:33:31.169 -05:00 [DBG] Heartbeat SIGNALFORGE
2026-07-29 22:33:31.169 -05:00 [DBG] Heartbeat ORACLEVAULT
2026-07-29 22:33:31.169 -05:00 [DBG] Heartbeat RISKWARDEN
2026-07-29 22:34:31.169 -05:00 [DBG] Heartbeat SYNAPSE
2026-07-29 22:34:31.169 -05:00 [DBG] Heartbeat TRADEWEAVER
2026-07-29 22:34:31.169 -05:00 [DBG] Heartbeat CASEBLADE
2026-07-29 22:34:31.169 -05:00 [DBG] Heartbeat PROX
2026-07-29 22:34:31.169 -05:00 [DBG] Heartbeat SENTINEL
2026-07-29 22:34:31.169 -05:00 [DBG] Heartbeat MARKETSCRYER
2026-07-29 22:34:31.169 -05:00 [DBG] Heartbeat SIGNALFORGE
2026-07-29 22:34:31.169 -05:00 [DBG] Heartbeat ORACLEVAULT
2026-07-29 22:34:31.169 -05:00 [DBG] Heartbeat RISKWARDEN
2026-07-29 22:35:12.432 -05:00 [INF] PC health: C: 77.4% used, 10 recent errors
2026-07-29 22:35:31.169 -05:00 [DBG] Heartbeat SYNAPSE
2026-07-29 22:35:31.169 -05:00 [DBG] Heartbeat TRADEWEAVER
2026-07-29 22:35:31.169 -05:00 [DBG] Heartbeat CASEBLADE
2026-07-29 22:35:31.169 -05:00 [DBG] Heartbeat PROX
2026-07-29 22:35:31.169 -05:00 [DBG] Heartbeat SENTINEL
2026-07-29 22:35:31.169 -05:00 [DBG] Heartbeat MARKETSCRYER
2026-07-29 22:35:31.169 -05:00 [DBG] Heartbeat SIGNALFORGE
2026-07-29 22:35:31.169 -05:00 [DBG] Heartbeat ORACLEVAULT
2026-07-29 22:35:31.169 -05:00 [DBG] Heartbeat RISKWARDEN
2026-07-29 22:36:31.169 -05:00 [DBG] Heartbeat SYNAPSE
2026-07-29 22:36:31.169 -05:00 [DBG] Heartbeat TRADEWEAVER
2026-07-29 22:36:31.169 -05:00 [DBG] Heartbeat CASEBLADE
2026-07-29 22:36:31.169 -05:00 [DBG] Heartbeat PROX
2026-07-29 22:36:31.169 -05:00 [DBG] Heartbeat SENTINEL
2026-07-29 22:36:31.169 -05:00 [DBG] Heartbeat MARKETSCRYER
2026-07-29 22:36:31.169 -05:00 [DBG] Heartbeat SIGNALFORGE
2026-07-29 22:36:31.169 -05:00 [DBG] Heartbeat ORACLEVAULT
2026-07-29 22:36:31.169 -05:00 [DBG] Heartbeat RISKWARDEN
2026-07-29 22:37:31.168 -05:00 [DBG] Heartbeat SYNAPSE
2026-07-29 22:37:31.168 -05:00 [DBG] Heartbeat TRADEWEAVER
2026-07-29 22:37:31.168 -05:00 [DBG] Heartbeat CASEBLADE
2026-07-29 22:37:31.168 -05:00 [DBG] Heartbeat PROX
2026-07-29 22:37:31.168 -05:00 [DBG] Heartbeat SENTINEL
2026-07-29 22:37:31.168 -05:00 [DBG] Heartbeat MARKETSCRYER
2026-07-29 22:37:31.168 -05:00 [DBG] Heartbeat SIGNALFORGE
2026-07-29 22:37:31.168 -05:00 [DBG] Heartbeat ORACLEVAULT
2026-07-29 22:37:31.168 -05:00 [DBG] Heartbeat RISKWARDEN
2026-07-29 22:38:31.168 -05:00 [DBG] Heartbeat SYNAPSE
2026-07-29 22:38:31.168 -05:00 [DBG] Heartbeat TRADEWEAVER
2026-07-29 22:38:31.168 -05:00 [DBG] Heartbeat CASEBLADE
2026-07-29 22:38:31.168 -05:00 [DBG] Heartbeat PROX
2026-07-29 22:38:31.168 -05:00 [DBG] Heartbeat SENTINEL
2026-07-29 22:38:31.168 -05:00 [DBG] Heartbeat MARKETSCRYER
2026-07-29 22:38:31.168 -05:00 [DBG] Heartbeat SIGNALFORGE
2026-07-29 22:38:31.168 -05:00 [DBG] Heartbeat ORACLEVAULT
2026-07-29 22:38:31.168 -05:00 [DBG] Heartbeat RISKWARDEN
2026-07-29 22:39:31.168 -05:00 [DBG] Heartbeat SYNAPSE
2026-07-29 22:39:31.168 -05:00 [DBG] Heartbeat TRADEWEAVER
2026-07-29 22:39:31.168 -05:00 [DBG] Heartbeat CASEBLADE
2026-07-29 22:39:31.168 -05:00 [DBG] Heartbeat PROX
2026-07-29 22:39:31.168 -05:00 [DBG] Heartbeat SENTINEL
2026-07-29 22:39:31.168 -05:00 [DBG] Heartbeat MARKETSCRYER
2026-07-29 22:39:31.168 -05:00 [DBG] Heartbeat SIGNALFORGE
2026-07-29 22:39:31.168 -05:00 [DBG] Heartbeat ORACLEVAULT
2026-07-29 22:39:31.168 -05:00 [DBG] Heartbeat RISKWARDEN
2026-07-29 22:40:25.558 -05:00 [INF] PC health: C: 77.4% used, 10 recent errors
2026-07-29 22:40:31.168 -05:00 [DBG] Heartbeat SYNAPSE
2026-07-29 22:40:31.168 -05:00 [DBG] Heartbeat TRADEWEAVER
2026-07-29 22:40:31.168 -05:00 [DBG] Heartbeat CASEBLADE
2026-07-29 22:40:31.168 -05:00 [DBG] Heartbeat PROX
2026-07-29 22:40:31.168 -05:00 [DBG] Heartbeat SENTINEL
2026-07-29 22:40:31.168 -05:00 [DBG] Heartbeat MARKETSCRYER
2026-07-29 22:40:31.168 -05:00 [DBG] Heartbeat SIGNALFORGE
2026-07-29 22:40:31.168 -05:00 [DBG] Heartbeat ORACLEVAULT
2026-07-29 22:40:31.168 -05:00 [DBG] Heartbeat RISKWARDEN
2026-07-29 22:41:31.168 -05:00 [DBG] Heartbeat SYNAPSE
2026-07-29 22:41:31.168 -05:00 [DBG] Heartbeat TRADEWEAVER
2026-07-29 22:41:31.168 -05:00 [DBG] Heartbeat CASEBLADE
2026-07-29 22:41:31.168 -05:00 [DBG] Heartbeat PROX
2026-07-29 22:41:31.168 -05:00 [DBG] Heartbeat SENTINEL
2026-07-29 22:41:31.168 -05:00 [DBG] Heartbeat MARKETSCRYER
2026-07-29 22:41:31.168 -05:00 [DBG] Heartbeat SIGNALFORGE
2026-07-29 22:41:31.168 -05:00 [DBG] Heartbeat ORACLEVAULT
2026-07-29 22:41:31.168 -05:00 [DBG] Heartbeat RISKWARDEN
2026-07-29 22:42:31.168 -05:00 [DBG] Heartbeat SYNAPSE
2026-07-29 22:42:31.168 -05:00 [DBG] Heartbeat TRADEWEAVER
2026-07-29 22:42:31.168 -05:00 [DBG] Heartbeat CASEBLADE
2026-07-29 22:42:31.168 -05:00 [DBG] Heartbeat PROX
2026-07-29 22:42:31.168 -05:00 [DBG] Heartbeat SENTINEL
2026-07-29 22:42:31.168 -05:00 [DBG] Heartbeat MARKETSCRYER
2026-07-29 22:42:31.168 -05:00 [DBG] Heartbeat SIGNALFORGE
2026-07-29 22:42:31.168 -05:00 [DBG] Heartbeat ORACLEVAULT
2026-07-29 22:42:31.168 -05:00 [DBG] Heartbeat RISKWARDEN
2026-07-29 22:43:31.168 -05:00 [DBG] Heartbeat SYNAPSE
2026-07-29 22:43:31.168 -05:00 [DBG] Heartbeat TRADEWEAVER
2026-07-29 22:43:31.168 -05:00 [DBG] Heartbeat CASEBLADE
2026-07-29 22:43:31.168 -05:00 [DBG] Heartbeat PROX
2026-07-29 22:43:31.168 -05:00 [DBG] Heartbeat SENTINEL
2026-07-29 22:43:31.168 -05:00 [DBG] Heartbeat MARKETSCRYER
2026-07-29 22:43:31.168 -05:00 [DBG] Heartbeat SIGNALFORGE
2026-07-29 22:43:31.168 -05:00 [DBG] Heartbeat ORACLEVAULT
2026-07-29 22:43:31.168 -05:00 [DBG] Heartbeat RISKWARDEN
2026-07-29 22:44:31.168 -05:00 [DBG] Heartbeat SYNAPSE
2026-07-29 22:44:31.168 -05:00 [DBG] Heartbeat TRADEWEAVER
2026-07-29 22:44:31.168 -05:00 [DBG] Heartbeat CASEBLADE
2026-07-29 22:44:31.168 -05:00 [DBG] Heartbeat PROX
2026-07-29 22:44:31.168 -05:00 [DBG] Heartbeat SENTINEL
2026-07-29 22:44:31.168 -05:00 [DBG] Heartbeat MARKETSCRYER
2026-07-29 22:44:31.168 -05:00 [DBG] Heartbeat SIGNALFORGE
2026-07-29 22:44:31.168 -05:00 [DBG] Heartbeat ORACLEVAULT
2026-07-29 22:44:31.168 -05:00 [DBG] Heartbeat RISKWARDEN
2026-07-29 22:45:31.168 -05:00 [DBG] Heartbeat SYNAPSE
2026-07-29 22:45:31.168 -05:00 [DBG] Heartbeat TRADEWEAVER
2026-07-29 22:45:31.168 -05:00 [DBG] Heartbeat CASEBLADE
2026-07-29 22:45:31.168 -05:00 [DBG] Heartbeat PROX
2026-07-29 22:45:31.168 -05:00 [DBG] Heartbeat SENTINEL
2026-07-29 22:45:31.168 -05:00 [DBG] Heartbeat MARKETSCRYER
2026-07-29 22:45:31.168 -05:00 [DBG] Heartbeat SIGNALFORGE
2026-07-29 22:45:31.168 -05:00 [DBG] Heartbeat ORACLEVAULT
2026-07-29 22:45:31.168 -05:00 [DBG] Heartbeat RISKWARDEN
2026-07-29 22:45:38.823 -05:00 [INF] PC health: C: 77.4% used, 10 recent errors
2026-07-29 22:46:31.168 -05:00 [DBG] Heartbeat SYNAPSE
2026-07-29 22:46:31.168 -05:00 [DBG] Heartbeat TRADEWEAVER
2026-07-29 22:46:31.168 -05:00 [DBG] Heartbeat CASEBLADE
2026-07-29 22:46:31.168 -05:00 [DBG] Heartbeat PROX
2026-07-29 22:46:31.168 -05:00 [DBG] Heartbeat SENTINEL
2026-07-29 22:46:31.168 -05:00 [DBG] Heartbeat MARKETSCRYER
2026-07-29 22:46:31.168 -05:00 [DBG] Heartbeat SIGNALFORGE
2026-07-29 22:46:31.168 -05:00 [DBG] Heartbeat ORACLEVAULT
2026-07-29 22:46:31.168 -05:00 [DBG] Heartbeat RISKWARDEN
2026-07-29 22:47:31.168 -05:00 [DBG] Heartbeat SYNAPSE
2026-07-29 22:47:31.168 -05:00 [DBG] Heartbeat TRADEWEAVER
2026-07-29 22:47:31.168 -05:00 [DBG] Heartbeat CASEBLADE
2026-07-29 22:47:31.168 -05:00 [DBG] Heartbeat PROX
2026-07-29 22:47:31.168 -05:00 [DBG] Heartbeat SENTINEL
2026-07-29 22:47:31.168 -05:00 [DBG] Heartbeat MARKETSCRYER
2026-07-29 22:47:31.168 -05:00 [DBG] Heartbeat SIGNALFORGE
2026-07-29 22:47:31.168 -05:00 [DBG] Heartbeat ORACLEVAULT
2026-07-29 22:47:31.168 -05:00 [DBG] Heartbeat RISKWARDEN
2026-07-29 22:48:31.169 -05:00 [DBG] Heartbeat SYNAPSE
2026-07-29 22:48:31.169 -05:00 [DBG] Heartbeat TRADEWEAVER
2026-07-29 22:48:31.169 -05:00 [DBG] Heartbeat CASEBLADE
2026-07-29 22:48:31.169 -05:00 [DBG] Heartbeat PROX
2026-07-29 22:48:31.169 -05:00 [DBG] Heartbeat SENTINEL
2026-07-29 22:48:31.169 -05:00 [DBG] Heartbeat MARKETSCRYER
2026-07-29 22:48:31.169 -05:00 [DBG] Heartbeat SIGNALFORGE
2026-07-29 22:48:31.169 -05:00 [DBG] Heartbeat ORACLEVAULT
2026-07-29 22:48:31.169 -05:00 [DBG] Heartbeat RISKWARDEN
2026-07-29 22:49:31.169 -05:00 [DBG] Heartbeat SYNAPSE
2026-07-29 22:49:31.169 -05:00 [DBG] Heartbeat TRADEWEAVER
2026-07-29 22:49:31.169 -05:00 [DBG] Heartbeat CASEBLADE
2026-07-29 22:49:31.169 -05:00 [DBG] Heartbeat PROX
2026-07-29 22:49:31.169 -05:00 [DBG] Heartbeat SENTINEL
2026-07-29 22:49:31.169 -05:00 [DBG] Heartbeat MARKETSCRYER
2026-07-29 22:49:31.169 -05:00 [DBG] Heartbeat SIGNALFORGE
2026-07-29 22:49:31.169 -05:00 [DBG] Heartbeat ORACLEVAULT
2026-07-29 22:49:31.169 -05:00 [DBG] Heartbeat RISKWARDEN
2026-07-29 22:50:31.169 -05:00 [DBG] Heartbeat SYNAPSE
2026-07-29 22:50:31.169 -05:00 [DBG] Heartbeat TRADEWEAVER
2026-07-29 22:50:31.169 -05:00 [DBG] Heartbeat CASEBLADE
2026-07-29 22:50:31.169 -05:00 [DBG] Heartbeat PROX
2026-07-29 22:50:31.169 -05:00 [DBG] Heartbeat SENTINEL
2026-07-29 22:50:31.169 -05:00 [DBG] Heartbeat MARKETSCRYER
2026-07-29 22:50:31.169 -05:00 [DBG] Heartbeat SIGNALFORGE
2026-07-29 22:50:31.169 -05:00 [DBG] Heartbeat ORACLEVAULT
2026-07-29 22:50:31.169 -05:00 [DBG] Heartbeat RISKWARDEN
2026-07-29 22:50:51.989 -05:00 [INF] PC health: C: 77.4% used, 10 recent errors
2026-07-29 22:51:31.168 -05:00 [DBG] Heartbeat SYNAPSE
2026-07-29 22:51:31.168 -05:00 [DBG] Heartbeat TRADEWEAVER
2026-07-29 22:51:31.168 -05:00 [DBG] Heartbeat CASEBLADE
2026-07-29 22:51:31.168 -05:00 [DBG] Heartbeat PROX
2026-07-29 22:51:31.168 -05:00 [DBG] Heartbeat SENTINEL
2026-07-29 22:51:31.168 -05:00 [DBG] Heartbeat MARKETSCRYER
2026-07-29 22:51:31.168 -05:00 [DBG] Heartbeat SIGNALFORGE
2026-07-29 22:51:31.168 -05:00 [DBG] Heartbeat ORACLEVAULT
2026-07-29 22:51:31.168 -05:00 [DBG] Heartbeat RISKWARDEN
2026-07-29 22:52:31.168 -05:00 [DBG] Heartbeat SYNAPSE
2026-07-29 22:52:31.168 -05:00 [DBG] Heartbeat TRADEWEAVER
2026-07-29 22:52:31.168 -05:00 [DBG] Heartbeat CASEBLADE
2026-07-29 22:52:31.168 -05:00 [DBG] Heartbeat PROX
2026-07-29 22:52:31.168 -05:00 [DBG] Heartbeat SENTINEL
2026-07-29 22:52:31.168 -05:00 [DBG] Heartbeat MARKETSCRYER
2026-07-29 22:52:31.168 -05:00 [DBG] Heartbeat SIGNALFORGE
2026-07-29 22:52:31.168 -05:00 [DBG] Heartbeat ORACLEVAULT
2026-07-29 22:52:31.168 -05:00 [DBG] Heartbeat RISKWARDEN
2026-07-29 22:53:31.168 -05:00 [DBG] Heartbeat SYNAPSE
2026-07-29 22:53:31.168 -05:00 [DBG] Heartbeat TRADEWEAVER
2026-07-29 22:53:31.168 -05:00 [DBG] Heartbeat CASEBLADE
2026-07-29 22:53:31.168 -05:00 [DBG] Heartbeat PROX
2026-07-29 22:53:31.168 -05:00 [DBG] Heartbeat SENTINEL
2026-07-29 22:53:31.168 -05:00 [DBG] Heartbeat MARKETSCRYER
2026-07-29 22:53:31.168 -05:00 [DBG] Heartbeat SIGNALFORGE
2026-07-29 22:53:31.168 -05:00 [DBG] Heartbeat ORACLEVAULT
2026-07-29 22:53:31.168 -05:00 [DBG] Heartbeat RISKWARDEN
2026-07-29 22:54:31.168 -05:00 [DBG] Heartbeat SYNAPSE
2026-07-29 22:54:31.169 -05:00 [DBG] Heartbeat TRADEWEAVER
2026-07-29 22:54:31.169 -05:00 [DBG] Heartbeat CASEBLADE
2026-07-29 22:54:31.169 -05:00 [DBG] Heartbeat PROX
2026-07-29 22:54:31.169 -05:00 [DBG] Heartbeat SENTINEL
2026-07-29 22:54:31.169 -05:00 [DBG] Heartbeat MARKETSCRYER
2026-07-29 22:54:31.169 -05:00 [DBG] Heartbeat SIGNALFORGE
2026-07-29 22:54:31.169 -05:00 [DBG] Heartbeat ORACLEVAULT
2026-07-29 22:54:31.169 -05:00 [DBG] Heartbeat RISKWARDEN
2026-07-29 22:55:31.169 -05:00 [DBG] Heartbeat SYNAPSE
2026-07-29 22:55:31.169 -05:00 [DBG] Heartbeat TRADEWEAVER
2026-07-29 22:55:31.169 -05:00 [DBG] Heartbeat CASEBLADE
2026-07-29 22:55:31.169 -05:00 [DBG] Heartbeat PROX
2026-07-29 22:55:31.169 -05:00 [DBG] Heartbeat SENTINEL
2026-07-29 22:55:31.169 -05:00 [DBG] Heartbeat MARKETSCRYER
2026-07-29 22:55:31.169 -05:00 [DBG] Heartbeat SIGNALFORGE
2026-07-29 22:55:31.169 -05:00 [DBG] Heartbeat ORACLEVAULT
2026-07-29 22:55:31.169 -05:00 [DBG] Heartbeat RISKWARDEN
2026-07-29 22:56:05.340 -05:00 [INF] PC health: C: 77.4% used, 10 recent errors
2026-07-29 22:56:31.169 -05:00 [DBG] Heartbeat SYNAPSE
2026-07-29 22:56:31.169 -05:00 [DBG] Heartbeat TRADEWEAVER
2026-07-29 22:56:31.169 -05:00 [DBG] Heartbeat CASEBLADE
2026-07-29 22:56:31.169 -05:00 [DBG] Heartbeat PROX
2026-07-29 22:56:31.169 -05:00 [DBG] Heartbeat SENTINEL
2026-07-29 22:56:31.169 -05:00 [DBG] Heartbeat MARKETSCRYER
2026-07-29 22:56:31.169 -05:00 [DBG] Heartbeat SIGNALFORGE
2026-07-29 22:56:31.169 -05:00 [DBG] Heartbeat ORACLEVAULT
2026-07-29 22:56:31.169 -05:00 [DBG] Heartbeat RISKWARDEN
2026-07-29 22:57:31.169 -05:00 [DBG] Heartbeat SYNAPSE
2026-07-29 22:57:31.169 -05:00 [DBG] Heartbeat TRADEWEAVER
2026-07-29 22:57:31.169 -05:00 [DBG] Heartbeat CASEBLADE
2026-07-29 22:57:31.169 -05:00 [DBG] Heartbeat PROX
2026-07-29 22:57:31.169 -05:00 [DBG] Heartbeat SENTINEL
2026-07-29 22:57:31.169 -05:00 [DBG] Heartbeat MARKETSCRYER
2026-07-29 22:57:31.169 -05:00 [DBG] Heartbeat SIGNALFORGE
2026-07-29 22:57:31.169 -05:00 [DBG] Heartbeat ORACLEVAULT
2026-07-29 22:57:31.169 -05:00 [DBG] Heartbeat RISKWARDEN
2026-07-29 22:58:31.168 -05:00 [DBG] Heartbeat SYNAPSE
2026-07-29 22:58:31.168 -05:00 [DBG] Heartbeat TRADEWEAVER
2026-07-29 22:58:31.168 -05:00 [DBG] Heartbeat CASEBLADE
2026-07-29 22:58:31.168 -05:00 [DBG] Heartbeat PROX
2026-07-29 22:58:31.168 -05:00 [DBG] Heartbeat SENTINEL
2026-07-29 22:58:31.168 -05:00 [DBG] Heartbeat MARKETSCRYER
2026-07-29 22:58:31.168 -05:00 [DBG] Heartbeat SIGNALFORGE
2026-07-29 22:58:31.168 -05:00 [DBG] Heartbeat ORACLEVAULT
2026-07-29 22:58:31.168 -05:00 [DBG] Heartbeat RISKWARDEN
2026-07-29 22:59:31.168 -05:00 [DBG] Heartbeat SYNAPSE
2026-07-29 22:59:31.168 -05:00 [DBG] Heartbeat TRADEWEAVER
2026-07-29 22:59:31.168 -05:00 [DBG] Heartbeat CASEBLADE
2026-07-29 22:59:31.168 -05:00 [DBG] Heartbeat PROX
2026-07-29 22:59:31.168 -05:00 [DBG] Heartbeat SENTINEL
2026-07-29 22:59:31.168 -05:00 [DBG] Heartbeat MARKETSCRYER
2026-07-29 22:59:31.168 -05:00 [DBG] Heartbeat SIGNALFORGE
2026-07-29 22:59:31.168 -05:00 [DBG] Heartbeat ORACLEVAULT
2026-07-29 22:59:31.168 -05:00 [DBG] Heartbeat RISKWARDEN
2026-07-29 23:00:31.168 -05:00 [DBG] Heartbeat SYNAPSE
2026-07-29 23:00:31.168 -05:00 [DBG] Heartbeat TRADEWEAVER
2026-07-29 23:00:31.168 -05:00 [DBG] Heartbeat CASEBLADE
2026-07-29 23:00:31.168 -05:00 [DBG] Heartbeat PROX
2026-07-29 23:00:31.168 -05:00 [DBG] Heartbeat SENTINEL
2026-07-29 23:00:31.168 -05:00 [DBG] Heartbeat MARKETSCRYER
2026-07-29 23:00:31.168 -05:00 [DBG] Heartbeat SIGNALFORGE
2026-07-29 23:00:31.168 -05:00 [DBG] Heartbeat ORACLEVAULT
2026-07-29 23:00:31.168 -05:00 [DBG] Heartbeat RISKWARDEN
2026-07-29 23:01:18.678 -05:00 [INF] PC health: C: 77.3% used, 10 recent errors
2026-07-29 23:01:31.168 -05:00 [DBG] Heartbeat SYNAPSE
2026-07-29 23:01:31.168 -05:00 [DBG] Heartbeat TRADEWEAVER
2026-07-29 23:01:31.168 -05:00 [DBG] Heartbeat CASEBLADE
2026-07-29 23:01:31.168 -05:00 [DBG] Heartbeat PROX
2026-07-29 23:01:31.168 -05:00 [DBG] Heartbeat SENTINEL
2026-07-29 23:01:31.168 -05:00 [DBG] Heartbeat MARKETSCRYER
2026-07-29 23:01:31.168 -05:00 [DBG] Heartbeat SIGNALFORGE
2026-07-29 23:01:31.168 -05:00 [DBG] Heartbeat ORACLEVAULT
2026-07-29 23:01:31.168 -05:00 [DBG] Heartbeat RISKWARDEN
2026-07-29 23:02:31.169 -05:00 [DBG] Heartbeat SYNAPSE
2026-07-29 23:02:31.169 -05:00 [DBG] Heartbeat TRADEWEAVER
2026-07-29 23:02:31.169 -05:00 [DBG] Heartbeat CASEBLADE
2026-07-29 23:02:31.169 -05:00 [DBG] Heartbeat PROX
2026-07-29 23:02:31.169 -05:00 [DBG] Heartbeat SENTINEL
2026-07-29 23:02:31.169 -05:00 [DBG] Heartbeat MARKETSCRYER
2026-07-29 23:02:31.169 -05:00 [DBG] Heartbeat SIGNALFORGE
2026-07-29 23:02:31.169 -05:00 [DBG] Heartbeat ORACLEVAULT
2026-07-29 23:02:31.169 -05:00 [DBG] Heartbeat RISKWARDEN
2026-07-29 23:03:31.169 -05:00 [DBG] Heartbeat SYNAPSE
2026-07-29 23:03:31.169 -05:00 [DBG] Heartbeat TRADEWEAVER
2026-07-29 23:03:31.169 -05:00 [DBG] Heartbeat CASEBLADE
2026-07-29 23:03:31.169 -05:00 [DBG] Heartbeat PROX
2026-07-29 23:03:31.169 -05:00 [DBG] Heartbeat SENTINEL
2026-07-29 23:03:31.169 -05:00 [DBG] Heartbeat MARKETSCRYER
2026-07-29 23:03:31.169 -05:00 [DBG] Heartbeat SIGNALFORGE
2026-07-29 23:03:31.169 -05:00 [DBG] Heartbeat ORACLEVAULT
2026-07-29 23:03:31.169 -05:00 [DBG] Heartbeat RISKWARDEN
2026-07-29 23:04:31.169 -05:00 [DBG] Heartbeat SYNAPSE
2026-07-29 23:04:31.169 -05:00 [DBG] Heartbeat TRADEWEAVER
2026-07-29 23:04:31.169 -05:00 [DBG] Heartbeat CASEBLADE
2026-07-29 23:04:31.169 -05:00 [DBG] Heartbeat PROX
2026-07-29 23:04:31.169 -05:00 [DBG] Heartbeat SENTINEL
2026-07-29 23:04:31.169 -05:00 [DBG] Heartbeat MARKETSCRYER
2026-07-29 23:04:31.169 -05:00 [DBG] Heartbeat SIGNALFORGE
2026-07-29 23:04:31.169 -05:00 [DBG] Heartbeat ORACLEVAULT
2026-07-29 23:04:31.169 -05:00 [DBG] Heartbeat RISKWARDEN
2026-07-29 23:05:31.169 -05:00 [DBG] Heartbeat SYNAPSE
2026-07-29 23:05:31.169 -05:00 [DBG] Heartbeat TRADEWEAVER
2026-07-29 23:05:31.169 -05:00 [DBG] Heartbeat CASEBLADE
2026-07-29 23:05:31.169 -05:00 [DBG] Heartbeat PROX
2026-07-29 23:05:31.169 -05:00 [DBG] Heartbeat SENTINEL
2026-07-29 23:05:31.169 -05:00 [DBG] Heartbeat MARKETSCRYER
2026-07-29 23:05:31.169 -05:00 [DBG] Heartbeat SIGNALFORGE
2026-07-29 23:05:31.169 -05:00 [DBG] Heartbeat ORACLEVAULT
2026-07-29 23:05:31.169 -05:00 [DBG] Heartbeat RISKWARDEN
2026-07-29 23:06:31.170 -05:00 [DBG] Heartbeat SYNAPSE
2026-07-29 23:06:31.170 -05:00 [DBG] Heartbeat TRADEWEAVER
2026-07-29 23:06:31.170 -05:00 [DBG] Heartbeat CASEBLADE
2026-07-29 23:06:31.170 -05:00 [DBG] Heartbeat PROX
2026-07-29 23:06:31.170 -05:00 [DBG] Heartbeat SENTINEL
2026-07-29 23:06:31.170 -05:00 [DBG] Heartbeat MARKETSCRYER
2026-07-29 23:06:31.170 -05:00 [DBG] Heartbeat SIGNALFORGE
2026-07-29 23:06:31.170 -05:00 [DBG] Heartbeat ORACLEVAULT
2026-07-29 23:06:31.170 -05:00 [DBG] Heartbeat RISKWARDEN
2026-07-29 23:06:31.966 -05:00 [INF] PC health: C: 77.3% used, 10 recent errors
2026-07-29 23:07:31.171 -05:00 [DBG] Heartbeat SYNAPSE
2026-07-29 23:07:31.171 -05:00 [DBG] Heartbeat TRADEWEAVER
2026-07-29 23:07:31.171 -05:00 [DBG] Heartbeat CASEBLADE
2026-07-29 23:07:31.171 -05:00 [DBG] Heartbeat PROX
2026-07-29 23:07:31.171 -05:00 [DBG] Heartbeat SENTINEL
2026-07-29 23:07:31.171 -05:00 [DBG] Heartbeat MARKETSCRYER
2026-07-29 23:07:31.171 -05:00 [DBG] Heartbeat SIGNALFORGE
2026-07-29 23:07:31.171 -05:00 [DBG] Heartbeat ORACLEVAULT
2026-07-29 23:07:31.171 -05:00 [DBG] Heartbeat RISKWARDEN
2026-07-29 23:08:31.170 -05:00 [DBG] Heartbeat SYNAPSE
2026-07-29 23:08:31.170 -05:00 [DBG] Heartbeat TRADEWEAVER
2026-07-29 23:08:31.170 -05:00 [DBG] Heartbeat CASEBLADE
2026-07-29 23:08:31.170 -05:00 [DBG] Heartbeat PROX
2026-07-29 23:08:31.170 -05:00 [DBG] Heartbeat SENTINEL
2026-07-29 23:08:31.170 -05:00 [DBG] Heartbeat MARKETSCRYER
2026-07-29 23:08:31.170 -05:00 [DBG] Heartbeat SIGNALFORGE
2026-07-29 23:08:31.170 -05:00 [DBG] Heartbeat ORACLEVAULT
2026-07-29 23:08:31.171 -05:00 [DBG] Heartbeat RISKWARDEN
2026-07-29 23:09:31.170 -05:00 [DBG] Heartbeat SYNAPSE
2026-07-29 23:09:31.170 -05:00 [DBG] Heartbeat TRADEWEAVER
2026-07-29 23:09:31.170 -05:00 [DBG] Heartbeat CASEBLADE
2026-07-29 23:09:31.170 -05:00 [DBG] Heartbeat PROX
2026-07-29 23:09:31.170 -05:00 [DBG] Heartbeat SENTINEL
2026-07-29 23:09:31.170 -05:00 [DBG] Heartbeat MARKETSCRYER
2026-07-29 23:09:31.170 -05:00 [DBG] Heartbeat SIGNALFORGE
2026-07-29 23:09:31.170 -05:00 [DBG] Heartbeat ORACLEVAULT
2026-07-29 23:09:31.170 -05:00 [DBG] Heartbeat RISKWARDEN
2026-07-29 23:10:31.171 -05:00 [DBG] Heartbeat SYNAPSE
2026-07-29 23:10:31.171 -05:00 [DBG] Heartbeat TRADEWEAVER
2026-07-29 23:10:31.171 -05:00 [DBG] Heartbeat CASEBLADE
2026-07-29 23:10:31.171 -05:00 [DBG] Heartbeat PROX
2026-07-29 23:10:31.171 -05:00 [DBG] Heartbeat SENTINEL
2026-07-29 23:10:31.171 -05:00 [DBG] Heartbeat MARKETSCRYER
2026-07-29 23:10:31.171 -05:00 [DBG] Heartbeat SIGNALFORGE
2026-07-29 23:10:31.171 -05:00 [DBG] Heartbeat ORACLEVAULT
2026-07-29 23:10:31.171 -05:00 [DBG] Heartbeat RISKWARDEN
2026-07-29 23:11:31.171 -05:00 [DBG] Heartbeat SYNAPSE
2026-07-29 23:11:31.171 -05:00 [DBG] Heartbeat TRADEWEAVER
2026-07-29 23:11:31.171 -05:00 [DBG] Heartbeat CASEBLADE
2026-07-29 23:11:31.171 -05:00 [DBG] Heartbeat PROX
2026-07-29 23:11:31.171 -05:00 [DBG] Heartbeat SENTINEL
2026-07-29 23:11:31.171 -05:00 [DBG] Heartbeat MARKETSCRYER
2026-07-29 23:11:31.171 -05:00 [DBG] Heartbeat SIGNALFORGE
2026-07-29 23:11:31.171 -05:00 [DBG] Heartbeat ORACLEVAULT
2026-07-29 23:11:31.171 -05:00 [DBG] Heartbeat RISKWARDEN
2026-07-29 23:11:45.215 -05:00 [INF] PC health: C: 77.3% used, 10 recent errors
2026-07-29 23:12:31.170 -05:00 [DBG] Heartbeat SYNAPSE
2026-07-29 23:12:31.170 -05:00 [DBG] Heartbeat TRADEWEAVER
2026-07-29 23:12:31.170 -05:00 [DBG] Heartbeat CASEBLADE
2026-07-29 23:12:31.170 -05:00 [DBG] Heartbeat PROX
2026-07-29 23:12:31.170 -05:00 [DBG] Heartbeat SENTINEL
2026-07-29 23:12:31.170 -05:00 [DBG] Heartbeat MARKETSCRYER
2026-07-29 23:12:31.170 -05:00 [DBG] Heartbeat SIGNALFORGE
2026-07-29 23:12:31.170 -05:00 [DBG] Heartbeat ORACLEVAULT
2026-07-29 23:12:31.170 -05:00 [DBG] Heartbeat RISKWARDEN
2026-07-29 23:13:31.171 -05:00 [DBG] Heartbeat SYNAPSE
2026-07-29 23:13:31.171 -05:00 [DBG] Heartbeat TRADEWEAVER
2026-07-29 23:13:31.171 -05:00 [DBG] Heartbeat CASEBLADE
2026-07-29 23:13:31.171 -05:00 [DBG] Heartbeat PROX
2026-07-29 23:13:31.171 -05:00 [DBG] Heartbeat SENTINEL
2026-07-29 23:13:31.171 -05:00 [DBG] Heartbeat MARKETSCRYER
2026-07-29 23:13:31.171 -05:00 [DBG] Heartbeat SIGNALFORGE
2026-07-29 23:13:31.171 -05:00 [DBG] Heartbeat ORACLEVAULT
2026-07-29 23:13:31.171 -05:00 [DBG] Heartbeat RISKWARDEN
2026-07-29 23:14:31.171 -05:00 [DBG] Heartbeat SYNAPSE
2026-07-29 23:14:31.171 -05:00 [DBG] Heartbeat TRADEWEAVER
2026-07-29 23:14:31.171 -05:00 [DBG] Heartbeat CASEBLADE
2026-07-29 23:14:31.171 -05:00 [DBG] Heartbeat PROX
2026-07-29 23:14:31.171 -05:00 [DBG] Heartbeat SENTINEL
2026-07-29 23:14:31.171 -05:00 [DBG] Heartbeat MARKETSCRYER
2026-07-29 23:14:31.171 -05:00 [DBG] Heartbeat SIGNALFORGE
2026-07-29 23:14:31.171 -05:00 [DBG] Heartbeat ORACLEVAULT
2026-07-29 23:14:31.171 -05:00 [DBG] Heartbeat RISKWARDEN
2026-07-29 23:15:31.172 -05:00 [DBG] Heartbeat SYNAPSE
2026-07-29 23:15:31.172 -05:00 [DBG] Heartbeat TRADEWEAVER
2026-07-29 23:15:31.172 -05:00 [DBG] Heartbeat CASEBLADE
2026-07-29 23:15:31.172 -05:00 [DBG] Heartbeat PROX
2026-07-29 23:15:31.172 -05:00 [DBG] Heartbeat SENTINEL
2026-07-29 23:15:31.172 -05:00 [DBG] Heartbeat MARKETSCRYER
2026-07-29 23:15:31.172 -05:00 [DBG] Heartbeat SIGNALFORGE
2026-07-29 23:15:31.172 -05:00 [DBG] Heartbeat ORACLEVAULT
2026-07-29 23:15:31.172 -05:00 [DBG] Heartbeat RISKWARDEN
2026-07-29 23:16:31.172 -05:00 [DBG] Heartbeat SYNAPSE
2026-07-29 23:16:31.172 -05:00 [DBG] Heartbeat TRADEWEAVER
2026-07-29 23:16:31.172 -05:00 [DBG] Heartbeat CASEBLADE
2026-07-29 23:16:31.172 -05:00 [DBG] Heartbeat PROX
2026-07-29 23:16:31.172 -05:00 [DBG] Heartbeat SENTINEL
2026-07-29 23:16:31.172 -05:00 [DBG] Heartbeat MARKETSCRYER
2026-07-29 23:16:31.172 -05:00 [DBG] Heartbeat SIGNALFORGE
2026-07-29 23:16:31.172 -05:00 [DBG] Heartbeat ORACLEVAULT
2026-07-29 23:16:31.172 -05:00 [DBG] Heartbeat RISKWARDEN
2026-07-29 23:16:58.496 -05:00 [INF] PC health: C: 77.4% used, 10 recent errors
2026-07-29 23:17:31.171 -05:00 [DBG] Heartbeat SYNAPSE
2026-07-29 23:17:31.171 -05:00 [DBG] Heartbeat TRADEWEAVER
2026-07-29 23:17:31.171 -05:00 [DBG] Heartbeat CASEBLADE
2026-07-29 23:17:31.171 -05:00 [DBG] Heartbeat PROX
2026-07-29 23:17:31.171 -05:00 [DBG] Heartbeat SENTINEL
2026-07-29 23:17:31.171 -05:00 [DBG] Heartbeat MARKETSCRYER
2026-07-29 23:17:31.171 -05:00 [DBG] Heartbeat SIGNALFORGE
2026-07-29 23:17:31.171 -05:00 [DBG] Heartbeat ORACLEVAULT
2026-07-29 23:17:31.171 -05:00 [DBG] Heartbeat RISKWARDEN
2026-07-29 23:18:31.172 -05:00 [DBG] Heartbeat SYNAPSE
2026-07-29 23:18:31.172 -05:00 [DBG] Heartbeat TRADEWEAVER
2026-07-29 23:18:31.172 -05:00 [DBG] Heartbeat CASEBLADE
2026-07-29 23:18:31.172 -05:00 [DBG] Heartbeat PROX
2026-07-29 23:18:31.172 -05:00 [DBG] Heartbeat SENTINEL
2026-07-29 23:18:31.172 -05:00 [DBG] Heartbeat MARKETSCRYER
2026-07-29 23:18:31.172 -05:00 [DBG] Heartbeat SIGNALFORGE
2026-07-29 23:18:31.172 -05:00 [DBG] Heartbeat ORACLEVAULT
2026-07-29 23:18:31.172 -05:00 [DBG] Heartbeat RISKWARDEN
2026-07-29 23:19:31.172 -05:00 [DBG] Heartbeat SYNAPSE
2026-07-29 23:19:31.172 -05:00 [DBG] Heartbeat TRADEWEAVER
2026-07-29 23:19:31.172 -05:00 [DBG] Heartbeat CASEBLADE
2026-07-29 23:19:31.172 -05:00 [DBG] Heartbeat PROX
2026-07-29 23:19:31.172 -05:00 [DBG] Heartbeat SENTINEL
2026-07-29 23:19:31.172 -05:00 [DBG] Heartbeat MARKETSCRYER
2026-07-29 23:19:31.172 -05:00 [DBG] Heartbeat SIGNALFORGE
2026-07-29 23:19:31.172 -05:00 [DBG] Heartbeat ORACLEVAULT
2026-07-29 23:19:31.172 -05:00 [DBG] Heartbeat RISKWARDEN
2026-07-29 23:20:31.172 -05:00 [DBG] Heartbeat SYNAPSE
2026-07-29 23:20:31.172 -05:00 [DBG] Heartbeat TRADEWEAVER
2026-07-29 23:20:31.172 -05:00 [DBG] Heartbeat CASEBLADE
2026-07-29 23:20:31.172 -05:00 [DBG] Heartbeat PROX
2026-07-29 23:20:31.172 -05:00 [DBG] Heartbeat SENTINEL
2026-07-29 23:20:31.172 -05:00 [DBG] Heartbeat MARKETSCRYER
2026-07-29 23:20:31.172 -05:00 [DBG] Heartbeat SIGNALFORGE
2026-07-29 23:20:31.172 -05:00 [DBG] Heartbeat ORACLEVAULT
2026-07-29 23:20:31.172 -05:00 [DBG] Heartbeat RISKWARDEN
2026-07-29 23:21:31.173 -05:00 [DBG] Heartbeat SYNAPSE
2026-07-29 23:21:31.173 -05:00 [DBG] Heartbeat TRADEWEAVER
2026-07-29 23:21:31.173 -05:00 [DBG] Heartbeat CASEBLADE
2026-07-29 23:21:31.173 -05:00 [DBG] Heartbeat PROX
2026-07-29 23:21:31.173 -05:00 [DBG] Heartbeat SENTINEL
2026-07-29 23:21:31.173 -05:00 [DBG] Heartbeat MARKETSCRYER
2026-07-29 23:21:31.173 -05:00 [DBG] Heartbeat SIGNALFORGE
2026-07-29 23:21:31.173 -05:00 [DBG] Heartbeat ORACLEVAULT
2026-07-29 23:21:31.173 -05:00 [DBG] Heartbeat RISKWARDEN
2026-07-29 23:22:11.757 -05:00 [INF] PC health: C: 77.4% used, 10 recent errors
2026-07-29 23:22:31.173 -05:00 [DBG] Heartbeat SYNAPSE
2026-07-29 23:22:31.173 -05:00 [DBG] Heartbeat TRADEWEAVER
2026-07-29 23:22:31.173 -05:00 [DBG] Heartbeat CASEBLADE
2026-07-29 23:22:31.173 -05:00 [DBG] Heartbeat PROX
2026-07-29 23:22:31.173 -05:00 [DBG] Heartbeat SENTINEL
2026-07-29 23:22:31.173 -05:00 [DBG] Heartbeat MARKETSCRYER
2026-07-29 23:22:31.173 -05:00 [DBG] Heartbeat SIGNALFORGE
2026-07-29 23:22:31.173 -05:00 [DBG] Heartbeat ORACLEVAULT
2026-07-29 23:22:31.173 -05:00 [DBG] Heartbeat RISKWARDEN
2026-07-29 23:23:31.172 -05:00 [DBG] Heartbeat SYNAPSE
2026-07-29 23:23:31.173 -05:00 [DBG] Heartbeat TRADEWEAVER
2026-07-29 23:23:31.173 -05:00 [DBG] Heartbeat CASEBLADE
2026-07-29 23:23:31.173 -05:00 [DBG] Heartbeat PROX
2026-07-29 23:23:31.173 -05:00 [DBG] Heartbeat SENTINEL
2026-07-29 23:23:31.173 -05:00 [DBG] Heartbeat MARKETSCRYER
2026-07-29 23:23:31.173 -05:00 [DBG] Heartbeat SIGNALFORGE
2026-07-29 23:23:31.173 -05:00 [DBG] Heartbeat ORACLEVAULT
2026-07-29 23:23:31.173 -05:00 [DBG] Heartbeat RISKWARDEN
2026-07-29 23:24:31.173 -05:00 [DBG] Heartbeat SYNAPSE
2026-07-29 23:24:31.173 -05:00 [DBG] Heartbeat TRADEWEAVER
2026-07-29 23:24:31.173 -05:00 [DBG] Heartbeat CASEBLADE
2026-07-29 23:24:31.173 -05:00 [DBG] Heartbeat PROX
2026-07-29 23:24:31.173 -05:00 [DBG] Heartbeat SENTINEL
2026-07-29 23:24:31.173 -05:00 [DBG] Heartbeat MARKETSCRYER
2026-07-29 23:24:31.173 -05:00 [DBG] Heartbeat SIGNALFORGE
2026-07-29 23:24:31.173 -05:00 [DBG] Heartbeat ORACLEVAULT
2026-07-29 23:24:31.173 -05:00 [DBG] Heartbeat RISKWARDEN
2026-07-29 23:25:31.173 -05:00 [DBG] Heartbeat SYNAPSE
2026-07-29 23:25:31.173 -05:00 [DBG] Heartbeat TRADEWEAVER
2026-07-29 23:25:31.173 -05:00 [DBG] Heartbeat CASEBLADE
2026-07-29 23:25:31.173 -05:00 [DBG] Heartbeat PROX
2026-07-29 23:25:31.173 -05:00 [DBG] Heartbeat SENTINEL
2026-07-29 23:25:31.173 -05:00 [DBG] Heartbeat MARKETSCRYER
2026-07-29 23:25:31.174 -05:00 [DBG] Heartbeat SIGNALFORGE
2026-07-29 23:25:31.174 -05:00 [DBG] Heartbeat ORACLEVAULT
2026-07-29 23:25:31.174 -05:00 [DBG] Heartbeat RISKWARDEN
2026-07-29 23:26:31.174 -05:00 [DBG] Heartbeat SYNAPSE
2026-07-29 23:26:31.174 -05:00 [DBG] Heartbeat TRADEWEAVER
2026-07-29 23:26:31.174 -05:00 [DBG] Heartbeat CASEBLADE
2026-07-29 23:26:31.174 -05:00 [DBG] Heartbeat PROX
2026-07-29 23:26:31.174 -05:00 [DBG] Heartbeat SENTINEL
2026-07-29 23:26:31.174 -05:00 [DBG] Heartbeat MARKETSCRYER
2026-07-29 23:26:31.174 -05:00 [DBG] Heartbeat SIGNALFORGE
2026-07-29 23:26:31.174 -05:00 [DBG] Heartbeat ORACLEVAULT
2026-07-29 23:26:31.174 -05:00 [DBG] Heartbeat RISKWARDEN
2026-07-29 23:27:25.034 -05:00 [INF] PC health: C: 77.4% used, 10 recent errors
2026-07-29 23:27:31.173 -05:00 [DBG] Heartbeat SYNAPSE
2026-07-29 23:27:31.174 -05:00 [DBG] Heartbeat TRADEWEAVER
2026-07-29 23:27:31.174 -05:00 [DBG] Heartbeat CASEBLADE
2026-07-29 23:27:31.174 -05:00 [DBG] Heartbeat PROX
2026-07-29 23:27:31.174 -05:00 [DBG] Heartbeat SENTINEL
2026-07-29 23:27:31.174 -05:00 [DBG] Heartbeat MARKETSCRYER
2026-07-29 23:27:31.174 -05:00 [DBG] Heartbeat SIGNALFORGE
2026-07-29 23:27:31.174 -05:00 [DBG] Heartbeat ORACLEVAULT
2026-07-29 23:27:31.174 -05:00 [DBG] Heartbeat RISKWARDEN
2026-07-29 23:28:31.173 -05:00 [DBG] Heartbeat SYNAPSE
2026-07-29 23:28:31.173 -05:00 [DBG] Heartbeat TRADEWEAVER
2026-07-29 23:28:31.173 -05:00 [DBG] Heartbeat CASEBLADE
2026-07-29 23:28:31.173 -05:00 [DBG] Heartbeat PROX
2026-07-29 23:28:31.173 -05:00 [DBG] Heartbeat SENTINEL
2026-07-29 23:28:31.173 -05:00 [DBG] Heartbeat MARKETSCRYER
2026-07-29 23:28:31.173 -05:00 [DBG] Heartbeat SIGNALFORGE
2026-07-29 23:28:31.173 -05:00 [DBG] Heartbeat ORACLEVAULT
2026-07-29 23:28:31.173 -05:00 [DBG] Heartbeat RISKWARDEN
2026-07-29 23:29:31.173 -05:00 [DBG] Heartbeat SYNAPSE
2026-07-29 23:29:31.173 -05:00 [DBG] Heartbeat TRADEWEAVER
2026-07-29 23:29:31.173 -05:00 [DBG] Heartbeat CASEBLADE
2026-07-29 23:29:31.173 -05:00 [DBG] Heartbeat PROX
2026-07-29 23:29:31.173 -05:00 [DBG] Heartbeat SENTINEL
2026-07-29 23:29:31.173 -05:00 [DBG] Heartbeat MARKETSCRYER
2026-07-29 23:29:31.173 -05:00 [DBG] Heartbeat SIGNALFORGE
2026-07-29 23:29:31.173 -05:00 [DBG] Heartbeat ORACLEVAULT
2026-07-29 23:29:31.173 -05:00 [DBG] Heartbeat RISKWARDEN
2026-07-29 23:30:31.173 -05:00 [DBG] Heartbeat SYNAPSE
2026-07-29 23:30:31.173 -05:00 [DBG] Heartbeat TRADEWEAVER
2026-07-29 23:30:31.173 -05:00 [DBG] Heartbeat CASEBLADE
2026-07-29 23:30:31.173 -05:00 [DBG] Heartbeat PROX
2026-07-29 23:30:31.173 -05:00 [DBG] Heartbeat SENTINEL
2026-07-29 23:30:31.173 -05:00 [DBG] Heartbeat MARKETSCRYER
2026-07-29 23:30:31.173 -05:00 [DBG] Heartbeat SIGNALFORGE
2026-07-29 23:30:31.173 -05:00 [DBG] Heartbeat ORACLEVAULT
2026-07-29 23:30:31.173 -05:00 [DBG] Heartbeat RISKWARDEN
2026-07-29 23:31:31.174 -05:00 [DBG] Heartbeat SYNAPSE
2026-07-29 23:31:31.174 -05:00 [DBG] Heartbeat TRADEWEAVER
2026-07-29 23:31:31.174 -05:00 [DBG] Heartbeat CASEBLADE
2026-07-29 23:31:31.174 -05:00 [DBG] Heartbeat PROX
2026-07-29 23:31:31.174 -05:00 [DBG] Heartbeat SENTINEL
2026-07-29 23:31:31.174 -05:00 [DBG] Heartbeat MARKETSCRYER
2026-07-29 23:31:31.174 -05:00 [DBG] Heartbeat SIGNALFORGE
2026-07-29 23:31:31.174 -05:00 [DBG] Heartbeat ORACLEVAULT
2026-07-29 23:31:31.174 -05:00 [DBG] Heartbeat RISKWARDEN
2026-07-29 23:32:31.174 -05:00 [DBG] Heartbeat SYNAPSE
2026-07-29 23:32:31.174 -05:00 [DBG] Heartbeat TRADEWEAVER
2026-07-29 23:32:31.174 -05:00 [DBG] Heartbeat CASEBLADE
2026-07-29 23:32:31.174 -05:00 [DBG] Heartbeat PROX
2026-07-29 23:32:31.174 -05:00 [DBG] Heartbeat SENTINEL
2026-07-29 23:32:31.174 -05:00 [DBG] Heartbeat MARKETSCRYER
2026-07-29 23:32:31.174 -05:00 [DBG] Heartbeat SIGNALFORGE
2026-07-29 23:32:31.174 -05:00 [DBG] Heartbeat ORACLEVAULT
2026-07-29 23:32:31.174 -05:00 [DBG] Heartbeat RISKWARDEN
2026-07-29 23:32:38.322 -05:00 [INF] PC health: C: 77.4% used, 10 recent errors
2026-07-29 23:33:31.174 -05:00 [DBG] Heartbeat SYNAPSE
2026-07-29 23:33:31.174 -05:00 [DBG] Heartbeat TRADEWEAVER
2026-07-29 23:33:31.174 -05:00 [DBG] Heartbeat CASEBLADE
2026-07-29 23:33:31.174 -05:00 [DBG] Heartbeat PROX
2026-07-29 23:33:31.175 -05:00 [DBG] Heartbeat SENTINEL
2026-07-29 23:33:31.175 -05:00 [DBG] Heartbeat MARKETSCRYER
2026-07-29 23:33:31.175 -05:00 [DBG] Heartbeat SIGNALFORGE
2026-07-29 23:33:31.175 -05:00 [DBG] Heartbeat ORACLEVAULT
2026-07-29 23:33:31.175 -05:00 [DBG] Heartbeat RISKWARDEN
2026-07-29 23:34:31.175 -05:00 [DBG] Heartbeat SYNAPSE
2026-07-29 23:34:31.175 -05:00 [DBG] Heartbeat TRADEWEAVER
2026-07-29 23:34:31.175 -05:00 [DBG] Heartbeat CASEBLADE
2026-07-29 23:34:31.175 -05:00 [DBG] Heartbeat PROX
2026-07-29 23:34:31.175 -05:00 [DBG] Heartbeat SENTINEL
2026-07-29 23:34:31.175 -05:00 [DBG] Heartbeat MARKETSCRYER
2026-07-29 23:34:31.175 -05:00 [DBG] Heartbeat SIGNALFORGE
2026-07-29 23:34:31.175 -05:00 [DBG] Heartbeat ORACLEVAULT
2026-07-29 23:34:31.175 -05:00 [DBG] Heartbeat RISKWARDEN
2026-07-29 23:35:31.175 -05:00 [DBG] Heartbeat SYNAPSE
2026-07-29 23:35:31.175 -05:00 [DBG] Heartbeat TRADEWEAVER
2026-07-29 23:35:31.175 -05:00 [DBG] Heartbeat CASEBLADE
2026-07-29 23:35:31.175 -05:00 [DBG] Heartbeat PROX
2026-07-29 23:35:31.175 -05:00 [DBG] Heartbeat SENTINEL
2026-07-29 23:35:31.175 -05:00 [DBG] Heartbeat MARKETSCRYER
2026-07-29 23:35:31.175 -05:00 [DBG] Heartbeat SIGNALFORGE
2026-07-29 23:35:31.175 -05:00 [DBG] Heartbeat ORACLEVAULT
2026-07-29 23:35:31.175 -05:00 [DBG] Heartbeat RISKWARDEN
2026-07-29 23:36:31.175 -05:00 [DBG] Heartbeat SYNAPSE
2026-07-29 23:36:31.175 -05:00 [DBG] Heartbeat TRADEWEAVER
2026-07-29 23:36:31.175 -05:00 [DBG] Heartbeat CASEBLADE
2026-07-29 23:36:31.175 -05:00 [DBG] Heartbeat PROX
2026-07-29 23:36:31.175 -05:00 [DBG] Heartbeat SENTINEL
2026-07-29 23:36:31.175 -05:00 [DBG] Heartbeat MARKETSCRYER
2026-07-29 23:36:31.175 -05:00 [DBG] Heartbeat SIGNALFORGE
2026-07-29 23:36:31.175 -05:00 [DBG] Heartbeat ORACLEVAULT
2026-07-29 23:36:31.175 -05:00 [DBG] Heartbeat RISKWARDEN
2026-07-29 23:37:31.175 -05:00 [DBG] Heartbeat SYNAPSE
2026-07-29 23:37:31.175 -05:00 [DBG] Heartbeat TRADEWEAVER
2026-07-29 23:37:31.175 -05:00 [DBG] Heartbeat CASEBLADE
2026-07-29 23:37:31.175 -05:00 [DBG] Heartbeat PROX
2026-07-29 23:37:31.175 -05:00 [DBG] Heartbeat SENTINEL
2026-07-29 23:37:31.175 -05:00 [DBG] Heartbeat MARKETSCRYER
2026-07-29 23:37:31.175 -05:00 [DBG] Heartbeat SIGNALFORGE
2026-07-29 23:37:31.175 -05:00 [DBG] Heartbeat ORACLEVAULT
2026-07-29 23:37:31.175 -05:00 [DBG] Heartbeat RISKWARDEN
2026-07-29 23:37:51.705 -05:00 [INF] PC health: C: 77.4% used, 10 recent errors
2026-07-29 23:38:31.175 -05:00 [DBG] Heartbeat SYNAPSE
2026-07-29 23:38:31.175 -05:00 [DBG] Heartbeat TRADEWEAVER
2026-07-29 23:38:31.176 -05:00 [DBG] Heartbeat CASEBLADE
2026-07-29 23:38:31.176 -05:00 [DBG] Heartbeat PROX
2026-07-29 23:38:31.176 -05:00 [DBG] Heartbeat SENTINEL
2026-07-29 23:38:31.176 -05:00 [DBG] Heartbeat MARKETSCRYER
2026-07-29 23:38:31.176 -05:00 [DBG] Heartbeat SIGNALFORGE
2026-07-29 23:38:31.176 -05:00 [DBG] Heartbeat ORACLEVAULT
2026-07-29 23:38:31.176 -05:00 [DBG] Heartbeat RISKWARDEN
2026-07-29 23:39:31.175 -05:00 [DBG] Heartbeat SYNAPSE
2026-07-29 23:39:31.175 -05:00 [DBG] Heartbeat TRADEWEAVER
2026-07-29 23:39:31.175 -05:00 [DBG] Heartbeat CASEBLADE
2026-07-29 23:39:31.175 -05:00 [DBG] Heartbeat PROX
2026-07-29 23:39:31.175 -05:00 [DBG] Heartbeat SENTINEL
2026-07-29 23:39:31.175 -05:00 [DBG] Heartbeat MARKETSCRYER
2026-07-29 23:39:31.175 -05:00 [DBG] Heartbeat SIGNALFORGE
2026-07-29 23:39:31.175 -05:00 [DBG] Heartbeat ORACLEVAULT
2026-07-29 23:39:31.175 -05:00 [DBG] Heartbeat RISKWARDEN
2026-07-29 23:40:31.176 -05:00 [DBG] Heartbeat SYNAPSE
2026-07-29 23:40:31.176 -05:00 [DBG] Heartbeat TRADEWEAVER
2026-07-29 23:40:31.176 -05:00 [DBG] Heartbeat CASEBLADE
2026-07-29 23:40:31.176 -05:00 [DBG] Heartbeat PROX
2026-07-29 23:40:31.176 -05:00 [DBG] Heartbeat SENTINEL
2026-07-29 23:40:31.176 -05:00 [DBG] Heartbeat MARKETSCRYER
2026-07-29 23:40:31.176 -05:00 [DBG] Heartbeat SIGNALFORGE
2026-07-29 23:40:31.176 -05:00 [DBG] Heartbeat ORACLEVAULT
2026-07-29 23:40:31.176 -05:00 [DBG] Heartbeat RISKWARDEN
2026-07-29 23:41:31.176 -05:00 [DBG] Heartbeat SYNAPSE
2026-07-29 23:41:31.176 -05:00 [DBG] Heartbeat TRADEWEAVER
2026-07-29 23:41:31.176 -05:00 [DBG] Heartbeat CASEBLADE
2026-07-29 23:41:31.176 -05:00 [DBG] Heartbeat PROX
2026-07-29 23:41:31.176 -05:00 [DBG] Heartbeat SENTINEL
2026-07-29 23:41:31.176 -05:00 [DBG] Heartbeat MARKETSCRYER
2026-07-29 23:41:31.176 -05:00 [DBG] Heartbeat SIGNALFORGE
2026-07-29 23:41:31.176 -05:00 [DBG] Heartbeat ORACLEVAULT
2026-07-29 23:41:31.177 -05:00 [DBG] Heartbeat RISKWARDEN
2026-07-29 23:42:31.176 -05:00 [DBG] Heartbeat SYNAPSE
2026-07-29 23:42:31.176 -05:00 [DBG] Heartbeat TRADEWEAVER
2026-07-29 23:42:31.176 -05:00 [DBG] Heartbeat CASEBLADE
2026-07-29 23:42:31.176 -05:00 [DBG] Heartbeat PROX
2026-07-29 23:42:31.176 -05:00 [DBG] Heartbeat SENTINEL
2026-07-29 23:42:31.176 -05:00 [DBG] Heartbeat MARKETSCRYER
2026-07-29 23:42:31.176 -05:00 [DBG] Heartbeat SIGNALFORGE
2026-07-29 23:42:31.176 -05:00 [DBG] Heartbeat ORACLEVAULT
2026-07-29 23:42:31.176 -05:00 [DBG] Heartbeat RISKWARDEN
2026-07-29 23:43:04.855 -05:00 [INF] PC health: C: 77.4% used, 10 recent errors
2026-07-29 23:43:31.176 -05:00 [DBG] Heartbeat SYNAPSE
2026-07-29 23:43:31.176 -05:00 [DBG] Heartbeat TRADEWEAVER
2026-07-29 23:43:31.176 -05:00 [DBG] Heartbeat CASEBLADE
2026-07-29 23:43:31.176 -05:00 [DBG] Heartbeat PROX
2026-07-29 23:43:31.176 -05:00 [DBG] Heartbeat SENTINEL
2026-07-29 23:43:31.176 -05:00 [DBG] Heartbeat MARKETSCRYER
2026-07-29 23:43:31.176 -05:00 [DBG] Heartbeat SIGNALFORGE
2026-07-29 23:43:31.176 -05:00 [DBG] Heartbeat ORACLEVAULT
2026-07-29 23:43:31.176 -05:00 [DBG] Heartbeat RISKWARDEN
2026-07-29 23:44:31.176 -05:00 [DBG] Heartbeat SYNAPSE
2026-07-29 23:44:31.176 -05:00 [DBG] Heartbeat TRADEWEAVER
2026-07-29 23:44:31.176 -05:00 [DBG] Heartbeat CASEBLADE
2026-07-29 23:44:31.176 -05:00 [DBG] Heartbeat PROX
2026-07-29 23:44:31.176 -05:00 [DBG] Heartbeat SENTINEL
2026-07-29 23:44:31.176 -05:00 [DBG] Heartbeat MARKETSCRYER
2026-07-29 23:44:31.176 -05:00 [DBG] Heartbeat SIGNALFORGE
2026-07-29 23:44:31.176 -05:00 [DBG] Heartbeat ORACLEVAULT
2026-07-29 23:44:31.176 -05:00 [DBG] Heartbeat RISKWARDEN
2026-07-29 23:45:31.176 -05:00 [DBG] Heartbeat SYNAPSE
2026-07-29 23:45:31.176 -05:00 [DBG] Heartbeat TRADEWEAVER
2026-07-29 23:45:31.176 -05:00 [DBG] Heartbeat CASEBLADE
2026-07-29 23:45:31.176 -05:00 [DBG] Heartbeat PROX
2026-07-29 23:45:31.176 -05:00 [DBG] Heartbeat SENTINEL
2026-07-29 23:45:31.176 -05:00 [DBG] Heartbeat MARKETSCRYER
2026-07-29 23:45:31.176 -05:00 [DBG] Heartbeat SIGNALFORGE
2026-07-29 23:45:31.176 -05:00 [DBG] Heartbeat ORACLEVAULT
2026-07-29 23:45:31.176 -05:00 [DBG] Heartbeat RISKWARDEN
2026-07-29 23:46:31.176 -05:00 [DBG] Heartbeat SYNAPSE
2026-07-29 23:46:31.176 -05:00 [DBG] Heartbeat TRADEWEAVER
2026-07-29 23:46:31.176 -05:00 [DBG] Heartbeat CASEBLADE
2026-07-29 23:46:31.176 -05:00 [DBG] Heartbeat PROX
2026-07-29 23:46:31.176 -05:00 [DBG] Heartbeat SENTINEL
2026-07-29 23:46:31.176 -05:00 [DBG] Heartbeat MARKETSCRYER
2026-07-29 23:46:31.176 -05:00 [DBG] Heartbeat SIGNALFORGE
2026-07-29 23:46:31.176 -05:00 [DBG] Heartbeat ORACLEVAULT
2026-07-29 23:46:31.176 -05:00 [DBG] Heartbeat RISKWARDEN
2026-07-29 23:47:31.176 -05:00 [DBG] Heartbeat SYNAPSE
2026-07-29 23:47:31.177 -05:00 [DBG] Heartbeat TRADEWEAVER
2026-07-29 23:47:31.177 -05:00 [DBG] Heartbeat CASEBLADE
2026-07-29 23:47:31.177 -05:00 [DBG] Heartbeat PROX
2026-07-29 23:47:31.177 -05:00 [DBG] Heartbeat SENTINEL
2026-07-29 23:47:31.177 -05:00 [DBG] Heartbeat MARKETSCRYER
2026-07-29 23:47:31.177 -05:00 [DBG] Heartbeat SIGNALFORGE
2026-07-29 23:47:31.177 -05:00 [DBG] Heartbeat ORACLEVAULT
2026-07-29 23:47:31.177 -05:00 [DBG] Heartbeat RISKWARDEN
2026-07-29 23:48:18.269 -05:00 [INF] PC health: C: 77.3% used, 10 recent errors
2026-07-29 23:48:31.177 -05:00 [DBG] Heartbeat SYNAPSE
2026-07-29 23:48:31.177 -05:00 [DBG] Heartbeat TRADEWEAVER
2026-07-29 23:48:31.177 -05:00 [DBG] Heartbeat CASEBLADE
2026-07-29 23:48:31.177 -05:00 [DBG] Heartbeat PROX
2026-07-29 23:48:31.177 -05:00 [DBG] Heartbeat SENTINEL
2026-07-29 23:48:31.177 -05:00 [DBG] Heartbeat MARKETSCRYER
2026-07-29 23:48:31.177 -05:00 [DBG] Heartbeat SIGNALFORGE
2026-07-29 23:48:31.177 -05:00 [DBG] Heartbeat ORACLEVAULT
2026-07-29 23:48:31.177 -05:00 [DBG] Heartbeat RISKWARDEN
2026-07-29 23:49:31.177 -05:00 [DBG] Heartbeat SYNAPSE
2026-07-29 23:49:31.177 -05:00 [DBG] Heartbeat TRADEWEAVER
2026-07-29 23:49:31.177 -05:00 [DBG] Heartbeat CASEBLADE
2026-07-29 23:49:31.177 -05:00 [DBG] Heartbeat PROX
2026-07-29 23:49:31.177 -05:00 [DBG] Heartbeat SENTINEL
2026-07-29 23:49:31.177 -05:00 [DBG] Heartbeat MARKETSCRYER
2026-07-29 23:49:31.177 -05:00 [DBG] Heartbeat SIGNALFORGE
2026-07-29 23:49:31.177 -05:00 [DBG] Heartbeat ORACLEVAULT
2026-07-29 23:49:31.177 -05:00 [DBG] Heartbeat RISKWARDEN
2026-07-29 23:50:31.178 -05:00 [DBG] Heartbeat SYNAPSE
2026-07-29 23:50:31.178 -05:00 [DBG] Heartbeat TRADEWEAVER
2026-07-29 23:50:31.178 -05:00 [DBG] Heartbeat CASEBLADE
2026-07-29 23:50:31.178 -05:00 [DBG] Heartbeat PROX
2026-07-29 23:50:31.178 -05:00 [DBG] Heartbeat SENTINEL
2026-07-29 23:50:31.178 -05:00 [DBG] Heartbeat MARKETSCRYER
2026-07-29 23:50:31.178 -05:00 [DBG] Heartbeat SIGNALFORGE
2026-07-29 23:50:31.178 -05:00 [DBG] Heartbeat ORACLEVAULT
2026-07-29 23:50:31.178 -05:00 [DBG] Heartbeat RISKWARDEN
2026-07-29 23:51:31.178 -05:00 [DBG] Heartbeat SYNAPSE
2026-07-29 23:51:31.178 -05:00 [DBG] Heartbeat TRADEWEAVER
2026-07-29 23:51:31.178 -05:00 [DBG] Heartbeat CASEBLADE
2026-07-29 23:51:31.178 -05:00 [DBG] Heartbeat PROX
2026-07-29 23:51:31.178 -05:00 [DBG] Heartbeat SENTINEL
2026-07-29 23:51:31.178 -05:00 [DBG] Heartbeat MARKETSCRYER
2026-07-29 23:51:31.178 -05:00 [DBG] Heartbeat SIGNALFORGE
2026-07-29 23:51:31.178 -05:00 [DBG] Heartbeat ORACLEVAULT
2026-07-29 23:51:31.178 -05:00 [DBG] Heartbeat RISKWARDEN
2026-07-29 23:52:31.178 -05:00 [DBG] Heartbeat SYNAPSE
2026-07-29 23:52:31.178 -05:00 [DBG] Heartbeat TRADEWEAVER
2026-07-29 23:52:31.178 -05:00 [DBG] Heartbeat CASEBLADE
2026-07-29 23:52:31.178 -05:00 [DBG] Heartbeat PROX
2026-07-29 23:52:31.178 -05:00 [DBG] Heartbeat SENTINEL
2026-07-29 23:52:31.178 -05:00 [DBG] Heartbeat MARKETSCRYER
2026-07-29 23:52:31.178 -05:00 [DBG] Heartbeat SIGNALFORGE
2026-07-29 23:52:31.178 -05:00 [DBG] Heartbeat ORACLEVAULT
2026-07-29 23:52:31.178 -05:00 [DBG] Heartbeat RISKWARDEN
2026-07-29 23:53:31.178 -05:00 [DBG] Heartbeat SYNAPSE
2026-07-29 23:53:31.178 -05:00 [DBG] Heartbeat TRADEWEAVER
2026-07-29 23:53:31.178 -05:00 [DBG] Heartbeat CASEBLADE
2026-07-29 23:53:31.178 -05:00 [DBG] Heartbeat PROX
2026-07-29 23:53:31.178 -05:00 [DBG] Heartbeat SENTINEL
2026-07-29 23:53:31.178 -05:00 [DBG] Heartbeat MARKETSCRYER
2026-07-29 23:53:31.178 -05:00 [DBG] Heartbeat SIGNALFORGE
2026-07-29 23:53:31.178 -05:00 [DBG] Heartbeat ORACLEVAULT
2026-07-29 23:53:31.178 -05:00 [DBG] Heartbeat RISKWARDEN
2026-07-29 23:53:31.775 -05:00 [INF] PC health: C: 77.3% used, 10 recent errors
2026-07-29 23:54:31.178 -05:00 [DBG] Heartbeat SYNAPSE
2026-07-29 23:54:31.178 -05:00 [DBG] Heartbeat TRADEWEAVER
2026-07-29 23:54:31.178 -05:00 [DBG] Heartbeat CASEBLADE
2026-07-29 23:54:31.178 -05:00 [DBG] Heartbeat PROX
2026-07-29 23:54:31.178 -05:00 [DBG] Heartbeat SENTINEL
2026-07-29 23:54:31.178 -05:00 [DBG] Heartbeat MARKETSCRYER
2026-07-29 23:54:31.178 -05:00 [DBG] Heartbeat SIGNALFORGE
2026-07-29 23:54:31.178 -05:00 [DBG] Heartbeat ORACLEVAULT
2026-07-29 23:54:31.178 -05:00 [DBG] Heartbeat RISKWARDEN
2026-07-29 23:55:31.178 -05:00 [DBG] Heartbeat SYNAPSE
2026-07-29 23:55:31.178 -05:00 [DBG] Heartbeat TRADEWEAVER
2026-07-29 23:55:31.178 -05:00 [DBG] Heartbeat CASEBLADE
2026-07-29 23:55:31.178 -05:00 [DBG] Heartbeat PROX
2026-07-29 23:55:31.178 -05:00 [DBG] Heartbeat SENTINEL
2026-07-29 23:55:31.178 -05:00 [DBG] Heartbeat MARKETSCRYER
2026-07-29 23:55:31.178 -05:00 [DBG] Heartbeat SIGNALFORGE
2026-07-29 23:55:31.178 -05:00 [DBG] Heartbeat ORACLEVAULT
2026-07-29 23:55:31.178 -05:00 [DBG] Heartbeat RISKWARDEN
2026-07-29 23:56:31.178 -05:00 [DBG] Heartbeat SYNAPSE
2026-07-29 23:56:31.178 -05:00 [DBG] Heartbeat TRADEWEAVER
2026-07-29 23:56:31.178 -05:00 [DBG] Heartbeat CASEBLADE
2026-07-29 23:56:31.178 -05:00 [DBG] Heartbeat PROX
2026-07-29 23:56:31.178 -05:00 [DBG] Heartbeat SENTINEL
2026-07-29 23:56:31.178 -05:00 [DBG] Heartbeat MARKETSCRYER
2026-07-29 23:56:31.178 -05:00 [DBG] Heartbeat SIGNALFORGE
2026-07-29 23:56:31.178 -05:00 [DBG] Heartbeat ORACLEVAULT
2026-07-29 23:56:31.178 -05:00 [DBG] Heartbeat RISKWARDEN
2026-07-29 23:57:31.178 -05:00 [DBG] Heartbeat SYNAPSE
2026-07-29 23:57:31.178 -05:00 [DBG] Heartbeat TRADEWEAVER
2026-07-29 23:57:31.178 -05:00 [DBG] Heartbeat CASEBLADE
2026-07-29 23:57:31.178 -05:00 [DBG] Heartbeat PROX
2026-07-29 23:57:31.178 -05:00 [DBG] Heartbeat SENTINEL
2026-07-29 23:57:31.178 -05:00 [DBG] Heartbeat MARKETSCRYER
2026-07-29 23:57:31.178 -05:00 [DBG] Heartbeat SIGNALFORGE
2026-07-29 23:57:31.178 -05:00 [DBG] Heartbeat ORACLEVAULT
2026-07-29 23:57:31.178 -05:00 [DBG] Heartbeat RISKWARDEN
2026-07-29 23:58:31.178 -05:00 [DBG] Heartbeat SYNAPSE
2026-07-29 23:58:31.178 -05:00 [DBG] Heartbeat TRADEWEAVER
2026-07-29 23:58:31.178 -05:00 [DBG] Heartbeat CASEBLADE
2026-07-29 23:58:31.178 -05:00 [DBG] Heartbeat PROX
2026-07-29 23:58:31.178 -05:00 [DBG] Heartbeat SENTINEL
2026-07-29 23:58:31.178 -05:00 [DBG] Heartbeat MARKETSCRYER
2026-07-29 23:58:31.178 -05:00 [DBG] Heartbeat SIGNALFORGE
2026-07-29 23:58:31.178 -05:00 [DBG] Heartbeat ORACLEVAULT
2026-07-29 23:58:31.178 -05:00 [DBG] Heartbeat RISKWARDEN
2026-07-29 23:58:44.918 -05:00 [INF] PC health: C: 77.3% used, 10 recent errors
2026-07-29 23:59:31.178 -05:00 [DBG] Heartbeat SYNAPSE
2026-07-29 23:59:31.178 -05:00 [DBG] Heartbeat TRADEWEAVER
2026-07-29 23:59:31.178 -05:00 [DBG] Heartbeat CASEBLADE
2026-07-29 23:59:31.178 -05:00 [DBG] Heartbeat PROX
2026-07-29 23:59:31.178 -05:00 [DBG] Heartbeat SENTINEL
2026-07-29 23:59:31.178 -05:00 [DBG] Heartbeat MARKETSCRYER
2026-07-29 23:59:31.178 -05:00 [DBG] Heartbeat SIGNALFORGE
2026-07-29 23:59:31.178 -05:00 [DBG] Heartbeat ORACLEVAULT
2026-07-29 23:59:31.178 -05:00 [DBG] Heartbeat RISKWARDEN
