2026-07-30 00:00:31.179 -05:00 [DBG] Heartbeat SYNAPSE
2026-07-30 00:00:31.182 -05:00 [DBG] Heartbeat TRADEWEAVER
2026-07-30 00:00:31.182 -05:00 [DBG] Heartbeat CASEBLADE
2026-07-30 00:00:31.182 -05:00 [DBG] Heartbeat PROX
2026-07-30 00:00:31.182 -05:00 [DBG] Heartbeat SENTINEL
2026-07-30 00:00:31.182 -05:00 [DBG] Heartbeat MARKETSCRYER
2026-07-30 00:00:31.182 -05:00 [DBG] Heartbeat SIGNALFORGE
2026-07-30 00:00:31.182 -05:00 [DBG] Heartbeat ORACLEVAULT
2026-07-30 00:00:31.182 -05:00 [DBG] Heartbeat RISKWARDEN
2026-07-30 00:01:31.182 -05:00 [DBG] Heartbeat SYNAPSE
2026-07-30 00:01:31.199 -05:00 [DBG] Heartbeat TRADEWEAVER
2026-07-30 00:01:31.199 -05:00 [DBG] Heartbeat CASEBLADE
2026-07-30 00:01:31.199 -05:00 [DBG] Heartbeat PROX
2026-07-30 00:01:31.199 -05:00 [DBG] Heartbeat SENTINEL
2026-07-30 00:01:31.199 -05:00 [DBG] Heartbeat MARKETSCRYER
2026-07-30 00:01:31.199 -05:00 [DBG] Heartbeat SIGNALFORGE
2026-07-30 00:01:31.199 -05:00 [DBG] Heartbeat ORACLEVAULT
2026-07-30 00:01:31.199 -05:00 [DBG] Heartbeat RISKWARDEN
2026-07-30 00:02:31.198 -05:00 [DBG] Heartbeat SYNAPSE
2026-07-30 00:02:31.198 -05:00 [DBG] Heartbeat TRADEWEAVER
2026-07-30 00:02:31.198 -05:00 [DBG] Heartbeat CASEBLADE
2026-07-30 00:02:31.198 -05:00 [DBG] Heartbeat PROX
2026-07-30 00:02:31.198 -05:00 [DBG] Heartbeat SENTINEL
2026-07-30 00:02:31.198 -05:00 [DBG] Heartbeat MARKETSCRYER
2026-07-30 00:02:31.198 -05:00 [DBG] Heartbeat SIGNALFORGE
2026-07-30 00:02:31.198 -05:00 [DBG] Heartbeat ORACLEVAULT
2026-07-30 00:02:31.198 -05:00 [DBG] Heartbeat RISKWARDEN
2026-07-30 00:03:31.198 -05:00 [DBG] Heartbeat SYNAPSE
2026-07-30 00:03:31.198 -05:00 [DBG] Heartbeat TRADEWEAVER
2026-07-30 00:03:31.198 -05:00 [DBG] Heartbeat CASEBLADE
2026-07-30 00:03:31.198 -05:00 [DBG] Heartbeat PROX
2026-07-30 00:03:31.198 -05:00 [DBG] Heartbeat SENTINEL
2026-07-30 00:03:31.198 -05:00 [DBG] Heartbeat MARKETSCRYER
2026-07-30 00:03:31.198 -05:00 [DBG] Heartbeat SIGNALFORGE
2026-07-30 00:03:31.198 -05:00 [DBG] Heartbeat ORACLEVAULT
2026-07-30 00:03:31.198 -05:00 [DBG] Heartbeat RISKWARDEN
2026-07-30 00:03:58.235 -05:00 [INF] PC health: C: 77.3% used, 10 recent errors
2026-07-30 00:04:31.199 -05:00 [DBG] Heartbeat SYNAPSE
2026-07-30 00:04:31.199 -05:00 [DBG] Heartbeat TRADEWEAVER
2026-07-30 00:04:31.199 -05:00 [DBG] Heartbeat CASEBLADE
2026-07-30 00:04:31.199 -05:00 [DBG] Heartbeat PROX
2026-07-30 00:04:31.199 -05:00 [DBG] Heartbeat SENTINEL
2026-07-30 00:04:31.199 -05:00 [DBG] Heartbeat MARKETSCRYER
2026-07-30 00:04:31.199 -05:00 [DBG] Heartbeat SIGNALFORGE
2026-07-30 00:04:31.199 -05:00 [DBG] Heartbeat ORACLEVAULT
2026-07-30 00:04:31.199 -05:00 [DBG] Heartbeat RISKWARDEN
2026-07-30 00:05:31.199 -05:00 [DBG] Heartbeat SYNAPSE
2026-07-30 00:05:31.199 -05:00 [DBG] Heartbeat TRADEWEAVER
2026-07-30 00:05:31.199 -05:00 [DBG] Heartbeat CASEBLADE
2026-07-30 00:05:31.199 -05:00 [DBG] Heartbeat PROX
2026-07-30 00:05:31.199 -05:00 [DBG] Heartbeat SENTINEL
2026-07-30 00:05:31.199 -05:00 [DBG] Heartbeat MARKETSCRYER
2026-07-30 00:05:31.199 -05:00 [DBG] Heartbeat SIGNALFORGE
2026-07-30 00:05:31.199 -05:00 [DBG] Heartbeat ORACLEVAULT
2026-07-30 00:05:31.199 -05:00 [DBG] Heartbeat RISKWARDEN
2026-07-30 00:06:31.199 -05:00 [DBG] Heartbeat SYNAPSE
2026-07-30 00:06:31.199 -05:00 [DBG] Heartbeat TRADEWEAVER
2026-07-30 00:06:31.199 -05:00 [DBG] Heartbeat CASEBLADE
2026-07-30 00:06:31.199 -05:00 [DBG] Heartbeat PROX
2026-07-30 00:06:31.199 -05:00 [DBG] Heartbeat SENTINEL
2026-07-30 00:06:31.199 -05:00 [DBG] Heartbeat MARKETSCRYER
2026-07-30 00:06:31.199 -05:00 [DBG] Heartbeat SIGNALFORGE
2026-07-30 00:06:31.199 -05:00 [DBG] Heartbeat ORACLEVAULT
2026-07-30 00:06:31.199 -05:00 [DBG] Heartbeat RISKWARDEN
2026-07-30 00:07:31.200 -05:00 [DBG] Heartbeat SYNAPSE
2026-07-30 00:07:31.200 -05:00 [DBG] Heartbeat TRADEWEAVER
2026-07-30 00:07:31.200 -05:00 [DBG] Heartbeat CASEBLADE
2026-07-30 00:07:31.200 -05:00 [DBG] Heartbeat PROX
2026-07-30 00:07:31.200 -05:00 [DBG] Heartbeat SENTINEL
2026-07-30 00:07:31.200 -05:00 [DBG] Heartbeat MARKETSCRYER
2026-07-30 00:07:31.200 -05:00 [DBG] Heartbeat SIGNALFORGE
2026-07-30 00:07:31.200 -05:00 [DBG] Heartbeat ORACLEVAULT
2026-07-30 00:07:31.200 -05:00 [DBG] Heartbeat RISKWARDEN
2026-07-30 00:08:31.200 -05:00 [DBG] Heartbeat SYNAPSE
2026-07-30 00:08:31.200 -05:00 [DBG] Heartbeat TRADEWEAVER
2026-07-30 00:08:31.200 -05:00 [DBG] Heartbeat CASEBLADE
2026-07-30 00:08:31.200 -05:00 [DBG] Heartbeat PROX
2026-07-30 00:08:31.200 -05:00 [DBG] Heartbeat SENTINEL
2026-07-30 00:08:31.200 -05:00 [DBG] Heartbeat MARKETSCRYER
2026-07-30 00:08:31.200 -05:00 [DBG] Heartbeat SIGNALFORGE
2026-07-30 00:08:31.200 -05:00 [DBG] Heartbeat ORACLEVAULT
2026-07-30 00:08:31.200 -05:00 [DBG] Heartbeat RISKWARDEN
2026-07-30 00:09:11.550 -05:00 [INF] PC health: C: 77.3% used, 10 recent errors
2026-07-30 00:09:31.199 -05:00 [DBG] Heartbeat SYNAPSE
2026-07-30 00:09:31.199 -05:00 [DBG] Heartbeat TRADEWEAVER
2026-07-30 00:09:31.199 -05:00 [DBG] Heartbeat CASEBLADE
2026-07-30 00:09:31.199 -05:00 [DBG] Heartbeat PROX
2026-07-30 00:09:31.199 -05:00 [DBG] Heartbeat SENTINEL
2026-07-30 00:09:31.199 -05:00 [DBG] Heartbeat MARKETSCRYER
2026-07-30 00:09:31.199 -05:00 [DBG] Heartbeat SIGNALFORGE
2026-07-30 00:09:31.199 -05:00 [DBG] Heartbeat ORACLEVAULT
2026-07-30 00:09:31.199 -05:00 [DBG] Heartbeat RISKWARDEN
2026-07-30 00:10:31.200 -05:00 [DBG] Heartbeat SYNAPSE
2026-07-30 00:10:31.200 -05:00 [DBG] Heartbeat TRADEWEAVER
2026-07-30 00:10:31.200 -05:00 [DBG] Heartbeat CASEBLADE
2026-07-30 00:10:31.200 -05:00 [DBG] Heartbeat PROX
2026-07-30 00:10:31.200 -05:00 [DBG] Heartbeat SENTINEL
2026-07-30 00:10:31.200 -05:00 [DBG] Heartbeat MARKETSCRYER
2026-07-30 00:10:31.200 -05:00 [DBG] Heartbeat SIGNALFORGE
2026-07-30 00:10:31.200 -05:00 [DBG] Heartbeat ORACLEVAULT
2026-07-30 00:10:31.200 -05:00 [DBG] Heartbeat RISKWARDEN
2026-07-30 00:11:31.200 -05:00 [DBG] Heartbeat SYNAPSE
2026-07-30 00:11:31.200 -05:00 [DBG] Heartbeat TRADEWEAVER
2026-07-30 00:11:31.200 -05:00 [DBG] Heartbeat CASEBLADE
2026-07-30 00:11:31.200 -05:00 [DBG] Heartbeat PROX
2026-07-30 00:11:31.200 -05:00 [DBG] Heartbeat SENTINEL
2026-07-30 00:11:31.200 -05:00 [DBG] Heartbeat MARKETSCRYER
2026-07-30 00:11:31.200 -05:00 [DBG] Heartbeat SIGNALFORGE
2026-07-30 00:11:31.200 -05:00 [DBG] Heartbeat ORACLEVAULT
2026-07-30 00:11:31.200 -05:00 [DBG] Heartbeat RISKWARDEN
2026-07-30 00:12:31.200 -05:00 [DBG] Heartbeat SYNAPSE
2026-07-30 00:12:31.200 -05:00 [DBG] Heartbeat TRADEWEAVER
2026-07-30 00:12:31.200 -05:00 [DBG] Heartbeat CASEBLADE
2026-07-30 00:12:31.200 -05:00 [DBG] Heartbeat PROX
2026-07-30 00:12:31.200 -05:00 [DBG] Heartbeat SENTINEL
2026-07-30 00:12:31.200 -05:00 [DBG] Heartbeat MARKETSCRYER
2026-07-30 00:12:31.200 -05:00 [DBG] Heartbeat SIGNALFORGE
2026-07-30 00:12:31.200 -05:00 [DBG] Heartbeat ORACLEVAULT
2026-07-30 00:12:31.200 -05:00 [DBG] Heartbeat RISKWARDEN
2026-07-30 00:13:31.200 -05:00 [DBG] Heartbeat SYNAPSE
2026-07-30 00:13:31.200 -05:00 [DBG] Heartbeat TRADEWEAVER
2026-07-30 00:13:31.200 -05:00 [DBG] Heartbeat CASEBLADE
2026-07-30 00:13:31.200 -05:00 [DBG] Heartbeat PROX
2026-07-30 00:13:31.200 -05:00 [DBG] Heartbeat SENTINEL
2026-07-30 00:13:31.200 -05:00 [DBG] Heartbeat MARKETSCRYER
2026-07-30 00:13:31.200 -05:00 [DBG] Heartbeat SIGNALFORGE
2026-07-30 00:13:31.200 -05:00 [DBG] Heartbeat ORACLEVAULT
2026-07-30 00:13:31.200 -05:00 [DBG] Heartbeat RISKWARDEN
2026-07-30 00:14:24.933 -05:00 [INF] PC health: C: 77.3% used, 10 recent errors
2026-07-30 00:14:31.200 -05:00 [DBG] Heartbeat SYNAPSE
2026-07-30 00:14:31.200 -05:00 [DBG] Heartbeat TRADEWEAVER
2026-07-30 00:14:31.200 -05:00 [DBG] Heartbeat CASEBLADE
2026-07-30 00:14:31.200 -05:00 [DBG] Heartbeat PROX
2026-07-30 00:14:31.200 -05:00 [DBG] Heartbeat SENTINEL
2026-07-30 00:14:31.200 -05:00 [DBG] Heartbeat MARKETSCRYER
2026-07-30 00:14:31.200 -05:00 [DBG] Heartbeat SIGNALFORGE
2026-07-30 00:14:31.200 -05:00 [DBG] Heartbeat ORACLEVAULT
2026-07-30 00:14:31.200 -05:00 [DBG] Heartbeat RISKWARDEN
2026-07-30 00:15:31.199 -05:00 [DBG] Heartbeat SYNAPSE
2026-07-30 00:15:31.199 -05:00 [DBG] Heartbeat TRADEWEAVER
2026-07-30 00:15:31.200 -05:00 [DBG] Heartbeat CASEBLADE
2026-07-30 00:15:31.200 -05:00 [DBG] Heartbeat PROX
2026-07-30 00:15:31.200 -05:00 [DBG] Heartbeat SENTINEL
2026-07-30 00:15:31.200 -05:00 [DBG] Heartbeat MARKETSCRYER
2026-07-30 00:15:31.200 -05:00 [DBG] Heartbeat SIGNALFORGE
2026-07-30 00:15:31.200 -05:00 [DBG] Heartbeat ORACLEVAULT
2026-07-30 00:15:31.200 -05:00 [DBG] Heartbeat RISKWARDEN
2026-07-30 00:16:31.200 -05:00 [DBG] Heartbeat SYNAPSE
2026-07-30 00:16:31.200 -05:00 [DBG] Heartbeat TRADEWEAVER
2026-07-30 00:16:31.200 -05:00 [DBG] Heartbeat CASEBLADE
2026-07-30 00:16:31.200 -05:00 [DBG] Heartbeat PROX
2026-07-30 00:16:31.200 -05:00 [DBG] Heartbeat SENTINEL
2026-07-30 00:16:31.200 -05:00 [DBG] Heartbeat MARKETSCRYER
2026-07-30 00:16:31.200 -05:00 [DBG] Heartbeat SIGNALFORGE
2026-07-30 00:16:31.200 -05:00 [DBG] Heartbeat ORACLEVAULT
2026-07-30 00:16:31.200 -05:00 [DBG] Heartbeat RISKWARDEN
2026-07-30 00:17:31.199 -05:00 [DBG] Heartbeat SYNAPSE
2026-07-30 00:17:31.199 -05:00 [DBG] Heartbeat TRADEWEAVER
2026-07-30 00:17:31.199 -05:00 [DBG] Heartbeat CASEBLADE
2026-07-30 00:17:31.199 -05:00 [DBG] Heartbeat PROX
2026-07-30 00:17:31.199 -05:00 [DBG] Heartbeat SENTINEL
2026-07-30 00:17:31.199 -05:00 [DBG] Heartbeat MARKETSCRYER
2026-07-30 00:17:31.199 -05:00 [DBG] Heartbeat SIGNALFORGE
2026-07-30 00:17:31.199 -05:00 [DBG] Heartbeat ORACLEVAULT
2026-07-30 00:17:31.199 -05:00 [DBG] Heartbeat RISKWARDEN
2026-07-30 00:18:31.199 -05:00 [DBG] Heartbeat SYNAPSE
2026-07-30 00:18:31.199 -05:00 [DBG] Heartbeat TRADEWEAVER
2026-07-30 00:18:31.199 -05:00 [DBG] Heartbeat CASEBLADE
2026-07-30 00:18:31.199 -05:00 [DBG] Heartbeat PROX
2026-07-30 00:18:31.199 -05:00 [DBG] Heartbeat SENTINEL
2026-07-30 00:18:31.199 -05:00 [DBG] Heartbeat MARKETSCRYER
2026-07-30 00:18:31.199 -05:00 [DBG] Heartbeat SIGNALFORGE
2026-07-30 00:18:31.199 -05:00 [DBG] Heartbeat ORACLEVAULT
2026-07-30 00:18:31.199 -05:00 [DBG] Heartbeat RISKWARDEN
2026-07-30 00:19:31.199 -05:00 [DBG] Heartbeat SYNAPSE
2026-07-30 00:19:31.199 -05:00 [DBG] Heartbeat TRADEWEAVER
2026-07-30 00:19:31.199 -05:00 [DBG] Heartbeat CASEBLADE
2026-07-30 00:19:31.199 -05:00 [DBG] Heartbeat PROX
2026-07-30 00:19:31.199 -05:00 [DBG] Heartbeat SENTINEL
2026-07-30 00:19:31.199 -05:00 [DBG] Heartbeat MARKETSCRYER
2026-07-30 00:19:31.199 -05:00 [DBG] Heartbeat SIGNALFORGE
2026-07-30 00:19:31.199 -05:00 [DBG] Heartbeat ORACLEVAULT
2026-07-30 00:19:31.199 -05:00 [DBG] Heartbeat RISKWARDEN
2026-07-30 00:19:38.198 -05:00 [INF] PC health: C: 77.3% used, 10 recent errors
2026-07-30 00:20:31.198 -05:00 [DBG] Heartbeat SYNAPSE
2026-07-30 00:20:31.198 -05:00 [DBG] Heartbeat TRADEWEAVER
2026-07-30 00:20:31.198 -05:00 [DBG] Heartbeat CASEBLADE
2026-07-30 00:20:31.198 -05:00 [DBG] Heartbeat PROX
2026-07-30 00:20:31.198 -05:00 [DBG] Heartbeat SENTINEL
2026-07-30 00:20:31.198 -05:00 [DBG] Heartbeat MARKETSCRYER
2026-07-30 00:20:31.198 -05:00 [DBG] Heartbeat SIGNALFORGE
2026-07-30 00:20:31.198 -05:00 [DBG] Heartbeat ORACLEVAULT
2026-07-30 00:20:31.198 -05:00 [DBG] Heartbeat RISKWARDEN
2026-07-30 00:21:31.199 -05:00 [DBG] Heartbeat SYNAPSE
2026-07-30 00:21:31.199 -05:00 [DBG] Heartbeat TRADEWEAVER
2026-07-30 00:21:31.199 -05:00 [DBG] Heartbeat CASEBLADE
2026-07-30 00:21:31.199 -05:00 [DBG] Heartbeat PROX
2026-07-30 00:21:31.199 -05:00 [DBG] Heartbeat SENTINEL
2026-07-30 00:21:31.199 -05:00 [DBG] Heartbeat MARKETSCRYER
2026-07-30 00:21:31.199 -05:00 [DBG] Heartbeat SIGNALFORGE
2026-07-30 00:21:31.199 -05:00 [DBG] Heartbeat ORACLEVAULT
2026-07-30 00:21:31.199 -05:00 [DBG] Heartbeat RISKWARDEN
2026-07-30 00:22:31.199 -05:00 [DBG] Heartbeat SYNAPSE
2026-07-30 00:22:31.199 -05:00 [DBG] Heartbeat TRADEWEAVER
2026-07-30 00:22:31.199 -05:00 [DBG] Heartbeat CASEBLADE
2026-07-30 00:22:31.199 -05:00 [DBG] Heartbeat PROX
2026-07-30 00:22:31.199 -05:00 [DBG] Heartbeat SENTINEL
2026-07-30 00:22:31.199 -05:00 [DBG] Heartbeat MARKETSCRYER
2026-07-30 00:22:31.199 -05:00 [DBG] Heartbeat SIGNALFORGE
2026-07-30 00:22:31.199 -05:00 [DBG] Heartbeat ORACLEVAULT
2026-07-30 00:22:31.199 -05:00 [DBG] Heartbeat RISKWARDEN
2026-07-30 00:23:31.199 -05:00 [DBG] Heartbeat SYNAPSE
2026-07-30 00:23:31.199 -05:00 [DBG] Heartbeat TRADEWEAVER
2026-07-30 00:23:31.199 -05:00 [DBG] Heartbeat CASEBLADE
2026-07-30 00:23:31.199 -05:00 [DBG] Heartbeat PROX
2026-07-30 00:23:31.199 -05:00 [DBG] Heartbeat SENTINEL
2026-07-30 00:23:31.199 -05:00 [DBG] Heartbeat MARKETSCRYER
2026-07-30 00:23:31.199 -05:00 [DBG] Heartbeat SIGNALFORGE
2026-07-30 00:23:31.199 -05:00 [DBG] Heartbeat ORACLEVAULT
2026-07-30 00:23:31.199 -05:00 [DBG] Heartbeat RISKWARDEN
2026-07-30 00:24:31.199 -05:00 [DBG] Heartbeat SYNAPSE
2026-07-30 00:24:31.199 -05:00 [DBG] Heartbeat TRADEWEAVER
2026-07-30 00:24:31.199 -05:00 [DBG] Heartbeat CASEBLADE
2026-07-30 00:24:31.199 -05:00 [DBG] Heartbeat PROX
2026-07-30 00:24:31.199 -05:00 [DBG] Heartbeat SENTINEL
2026-07-30 00:24:31.199 -05:00 [DBG] Heartbeat MARKETSCRYER
2026-07-30 00:24:31.199 -05:00 [DBG] Heartbeat SIGNALFORGE
2026-07-30 00:24:31.199 -05:00 [DBG] Heartbeat ORACLEVAULT
2026-07-30 00:24:31.199 -05:00 [DBG] Heartbeat RISKWARDEN
2026-07-30 00:24:51.589 -05:00 [INF] PC health: C: 77.3% used, 10 recent errors
2026-07-30 00:25:31.200 -05:00 [DBG] Heartbeat SYNAPSE
2026-07-30 00:25:31.200 -05:00 [DBG] Heartbeat TRADEWEAVER
2026-07-30 00:25:31.200 -05:00 [DBG] Heartbeat CASEBLADE
2026-07-30 00:25:31.200 -05:00 [DBG] Heartbeat PROX
2026-07-30 00:25:31.200 -05:00 [DBG] Heartbeat SENTINEL
2026-07-30 00:25:31.200 -05:00 [DBG] Heartbeat MARKETSCRYER
2026-07-30 00:25:31.200 -05:00 [DBG] Heartbeat SIGNALFORGE
2026-07-30 00:25:31.200 -05:00 [DBG] Heartbeat ORACLEVAULT
2026-07-30 00:25:31.200 -05:00 [DBG] Heartbeat RISKWARDEN
2026-07-30 00:26:31.200 -05:00 [DBG] Heartbeat SYNAPSE
2026-07-30 00:26:31.200 -05:00 [DBG] Heartbeat TRADEWEAVER
2026-07-30 00:26:31.200 -05:00 [DBG] Heartbeat CASEBLADE
2026-07-30 00:26:31.200 -05:00 [DBG] Heartbeat PROX
2026-07-30 00:26:31.200 -05:00 [DBG] Heartbeat SENTINEL
2026-07-30 00:26:31.200 -05:00 [DBG] Heartbeat MARKETSCRYER
2026-07-30 00:26:31.200 -05:00 [DBG] Heartbeat SIGNALFORGE
2026-07-30 00:26:31.200 -05:00 [DBG] Heartbeat ORACLEVAULT
2026-07-30 00:26:31.200 -05:00 [DBG] Heartbeat RISKWARDEN
2026-07-30 00:27:31.200 -05:00 [DBG] Heartbeat SYNAPSE
2026-07-30 00:27:31.200 -05:00 [DBG] Heartbeat TRADEWEAVER
2026-07-30 00:27:31.200 -05:00 [DBG] Heartbeat CASEBLADE
2026-07-30 00:27:31.200 -05:00 [DBG] Heartbeat PROX
2026-07-30 00:27:31.200 -05:00 [DBG] Heartbeat SENTINEL
2026-07-30 00:27:31.200 -05:00 [DBG] Heartbeat MARKETSCRYER
2026-07-30 00:27:31.200 -05:00 [DBG] Heartbeat SIGNALFORGE
2026-07-30 00:27:31.200 -05:00 [DBG] Heartbeat ORACLEVAULT
2026-07-30 00:27:31.200 -05:00 [DBG] Heartbeat RISKWARDEN
2026-07-30 00:28:31.200 -05:00 [DBG] Heartbeat SYNAPSE
2026-07-30 00:28:31.200 -05:00 [DBG] Heartbeat TRADEWEAVER
2026-07-30 00:28:31.200 -05:00 [DBG] Heartbeat CASEBLADE
2026-07-30 00:28:31.200 -05:00 [DBG] Heartbeat PROX
2026-07-30 00:28:31.200 -05:00 [DBG] Heartbeat SENTINEL
2026-07-30 00:28:31.200 -05:00 [DBG] Heartbeat MARKETSCRYER
2026-07-30 00:28:31.200 -05:00 [DBG] Heartbeat SIGNALFORGE
2026-07-30 00:28:31.200 -05:00 [DBG] Heartbeat ORACLEVAULT
2026-07-30 00:28:31.200 -05:00 [DBG] Heartbeat RISKWARDEN
2026-07-30 00:29:31.201 -05:00 [DBG] Heartbeat SYNAPSE
2026-07-30 00:29:31.201 -05:00 [DBG] Heartbeat TRADEWEAVER
2026-07-30 00:29:31.201 -05:00 [DBG] Heartbeat CASEBLADE
2026-07-30 00:29:31.201 -05:00 [DBG] Heartbeat PROX
2026-07-30 00:29:31.201 -05:00 [DBG] Heartbeat SENTINEL
2026-07-30 00:29:31.201 -05:00 [DBG] Heartbeat MARKETSCRYER
2026-07-30 00:29:31.201 -05:00 [DBG] Heartbeat SIGNALFORGE
2026-07-30 00:29:31.201 -05:00 [DBG] Heartbeat ORACLEVAULT
2026-07-30 00:29:31.201 -05:00 [DBG] Heartbeat RISKWARDEN
2026-07-30 00:30:04.934 -05:00 [INF] PC health: C: 77.3% used, 10 recent errors
2026-07-30 00:30:31.201 -05:00 [DBG] Heartbeat SYNAPSE
2026-07-30 00:30:31.201 -05:00 [DBG] Heartbeat TRADEWEAVER
2026-07-30 00:30:31.201 -05:00 [DBG] Heartbeat CASEBLADE
2026-07-30 00:30:31.201 -05:00 [DBG] Heartbeat PROX
2026-07-30 00:30:31.201 -05:00 [DBG] Heartbeat SENTINEL
2026-07-30 00:30:31.201 -05:00 [DBG] Heartbeat MARKETSCRYER
2026-07-30 00:30:31.201 -05:00 [DBG] Heartbeat SIGNALFORGE
2026-07-30 00:30:31.201 -05:00 [DBG] Heartbeat ORACLEVAULT
2026-07-30 00:30:31.201 -05:00 [DBG] Heartbeat RISKWARDEN
2026-07-30 00:31:31.201 -05:00 [DBG] Heartbeat SYNAPSE
2026-07-30 00:31:31.201 -05:00 [DBG] Heartbeat TRADEWEAVER
2026-07-30 00:31:31.201 -05:00 [DBG] Heartbeat CASEBLADE
2026-07-30 00:31:31.201 -05:00 [DBG] Heartbeat PROX
2026-07-30 00:31:31.201 -05:00 [DBG] Heartbeat SENTINEL
2026-07-30 00:31:31.201 -05:00 [DBG] Heartbeat MARKETSCRYER
2026-07-30 00:31:31.201 -05:00 [DBG] Heartbeat SIGNALFORGE
2026-07-30 00:31:31.201 -05:00 [DBG] Heartbeat ORACLEVAULT
2026-07-30 00:31:31.201 -05:00 [DBG] Heartbeat RISKWARDEN
2026-07-30 00:32:31.201 -05:00 [DBG] Heartbeat SYNAPSE
2026-07-30 00:32:31.201 -05:00 [DBG] Heartbeat TRADEWEAVER
2026-07-30 00:32:31.201 -05:00 [DBG] Heartbeat CASEBLADE
2026-07-30 00:32:31.201 -05:00 [DBG] Heartbeat PROX
2026-07-30 00:32:31.201 -05:00 [DBG] Heartbeat SENTINEL
2026-07-30 00:32:31.201 -05:00 [DBG] Heartbeat MARKETSCRYER
2026-07-30 00:32:31.201 -05:00 [DBG] Heartbeat SIGNALFORGE
2026-07-30 00:32:31.201 -05:00 [DBG] Heartbeat ORACLEVAULT
2026-07-30 00:32:31.201 -05:00 [DBG] Heartbeat RISKWARDEN
2026-07-30 00:33:31.201 -05:00 [DBG] Heartbeat SYNAPSE
2026-07-30 00:33:31.201 -05:00 [DBG] Heartbeat TRADEWEAVER
2026-07-30 00:33:31.201 -05:00 [DBG] Heartbeat CASEBLADE
2026-07-30 00:33:31.201 -05:00 [DBG] Heartbeat PROX
2026-07-30 00:33:31.201 -05:00 [DBG] Heartbeat SENTINEL
2026-07-30 00:33:31.201 -05:00 [DBG] Heartbeat MARKETSCRYER
2026-07-30 00:33:31.201 -05:00 [DBG] Heartbeat SIGNALFORGE
2026-07-30 00:33:31.201 -05:00 [DBG] Heartbeat ORACLEVAULT
2026-07-30 00:33:31.201 -05:00 [DBG] Heartbeat RISKWARDEN
2026-07-30 00:34:31.201 -05:00 [DBG] Heartbeat SYNAPSE
2026-07-30 00:34:31.201 -05:00 [DBG] Heartbeat TRADEWEAVER
2026-07-30 00:34:31.201 -05:00 [DBG] Heartbeat CASEBLADE
2026-07-30 00:34:31.201 -05:00 [DBG] Heartbeat PROX
2026-07-30 00:34:31.201 -05:00 [DBG] Heartbeat SENTINEL
2026-07-30 00:34:31.201 -05:00 [DBG] Heartbeat MARKETSCRYER
2026-07-30 00:34:31.201 -05:00 [DBG] Heartbeat SIGNALFORGE
2026-07-30 00:34:31.201 -05:00 [DBG] Heartbeat ORACLEVAULT
2026-07-30 00:34:31.201 -05:00 [DBG] Heartbeat RISKWARDEN
2026-07-30 00:35:18.258 -05:00 [INF] PC health: C: 77.3% used, 10 recent errors
2026-07-30 00:35:31.201 -05:00 [DBG] Heartbeat SYNAPSE
2026-07-30 00:35:31.201 -05:00 [DBG] Heartbeat TRADEWEAVER
2026-07-30 00:35:31.201 -05:00 [DBG] Heartbeat CASEBLADE
2026-07-30 00:35:31.201 -05:00 [DBG] Heartbeat PROX
2026-07-30 00:35:31.201 -05:00 [DBG] Heartbeat SENTINEL
2026-07-30 00:35:31.201 -05:00 [DBG] Heartbeat MARKETSCRYER
2026-07-30 00:35:31.201 -05:00 [DBG] Heartbeat SIGNALFORGE
2026-07-30 00:35:31.201 -05:00 [DBG] Heartbeat ORACLEVAULT
2026-07-30 00:35:31.201 -05:00 [DBG] Heartbeat RISKWARDEN
2026-07-30 00:36:31.201 -05:00 [DBG] Heartbeat SYNAPSE
2026-07-30 00:36:31.201 -05:00 [DBG] Heartbeat TRADEWEAVER
2026-07-30 00:36:31.201 -05:00 [DBG] Heartbeat CASEBLADE
2026-07-30 00:36:31.201 -05:00 [DBG] Heartbeat PROX
2026-07-30 00:36:31.201 -05:00 [DBG] Heartbeat SENTINEL
2026-07-30 00:36:31.201 -05:00 [DBG] Heartbeat MARKETSCRYER
2026-07-30 00:36:31.201 -05:00 [DBG] Heartbeat SIGNALFORGE
2026-07-30 00:36:31.201 -05:00 [DBG] Heartbeat ORACLEVAULT
2026-07-30 00:36:31.201 -05:00 [DBG] Heartbeat RISKWARDEN
2026-07-30 00:37:31.201 -05:00 [DBG] Heartbeat SYNAPSE
2026-07-30 00:37:31.201 -05:00 [DBG] Heartbeat TRADEWEAVER
2026-07-30 00:37:31.201 -05:00 [DBG] Heartbeat CASEBLADE
2026-07-30 00:37:31.201 -05:00 [DBG] Heartbeat PROX
2026-07-30 00:37:31.201 -05:00 [DBG] Heartbeat SENTINEL
2026-07-30 00:37:31.201 -05:00 [DBG] Heartbeat MARKETSCRYER
2026-07-30 00:37:31.201 -05:00 [DBG] Heartbeat SIGNALFORGE
2026-07-30 00:37:31.201 -05:00 [DBG] Heartbeat ORACLEVAULT
2026-07-30 00:37:31.201 -05:00 [DBG] Heartbeat RISKWARDEN
2026-07-30 00:38:31.201 -05:00 [DBG] Heartbeat SYNAPSE
2026-07-30 00:38:31.202 -05:00 [DBG] Heartbeat TRADEWEAVER
2026-07-30 00:38:31.202 -05:00 [DBG] Heartbeat CASEBLADE
2026-07-30 00:38:31.202 -05:00 [DBG] Heartbeat PROX
2026-07-30 00:38:31.202 -05:00 [DBG] Heartbeat SENTINEL
2026-07-30 00:38:31.202 -05:00 [DBG] Heartbeat MARKETSCRYER
2026-07-30 00:38:31.202 -05:00 [DBG] Heartbeat SIGNALFORGE
2026-07-30 00:38:31.202 -05:00 [DBG] Heartbeat ORACLEVAULT
2026-07-30 00:38:31.202 -05:00 [DBG] Heartbeat RISKWARDEN
2026-07-30 00:39:31.201 -05:00 [DBG] Heartbeat SYNAPSE
2026-07-30 00:39:31.201 -05:00 [DBG] Heartbeat TRADEWEAVER
2026-07-30 00:39:31.201 -05:00 [DBG] Heartbeat CASEBLADE
2026-07-30 00:39:31.201 -05:00 [DBG] Heartbeat PROX
2026-07-30 00:39:31.201 -05:00 [DBG] Heartbeat SENTINEL
2026-07-30 00:39:31.201 -05:00 [DBG] Heartbeat MARKETSCRYER
2026-07-30 00:39:31.201 -05:00 [DBG] Heartbeat SIGNALFORGE
2026-07-30 00:39:31.201 -05:00 [DBG] Heartbeat ORACLEVAULT
2026-07-30 00:39:31.201 -05:00 [DBG] Heartbeat RISKWARDEN
2026-07-30 00:40:31.201 -05:00 [DBG] Heartbeat SYNAPSE
2026-07-30 00:40:31.201 -05:00 [DBG] Heartbeat TRADEWEAVER
2026-07-30 00:40:31.201 -05:00 [DBG] Heartbeat CASEBLADE
2026-07-30 00:40:31.201 -05:00 [DBG] Heartbeat PROX
2026-07-30 00:40:31.201 -05:00 [DBG] Heartbeat SENTINEL
2026-07-30 00:40:31.201 -05:00 [DBG] Heartbeat MARKETSCRYER
2026-07-30 00:40:31.201 -05:00 [DBG] Heartbeat SIGNALFORGE
2026-07-30 00:40:31.201 -05:00 [DBG] Heartbeat ORACLEVAULT
2026-07-30 00:40:31.201 -05:00 [DBG] Heartbeat RISKWARDEN
2026-07-30 00:40:31.442 -05:00 [INF] PC health: C: 77.3% used, 10 recent errors
2026-07-30 00:41:31.201 -05:00 [DBG] Heartbeat SYNAPSE
2026-07-30 00:41:31.201 -05:00 [DBG] Heartbeat TRADEWEAVER
2026-07-30 00:41:31.201 -05:00 [DBG] Heartbeat CASEBLADE
2026-07-30 00:41:31.201 -05:00 [DBG] Heartbeat PROX
2026-07-30 00:41:31.201 -05:00 [DBG] Heartbeat SENTINEL
2026-07-30 00:41:31.201 -05:00 [DBG] Heartbeat MARKETSCRYER
2026-07-30 00:41:31.201 -05:00 [DBG] Heartbeat SIGNALFORGE
2026-07-30 00:41:31.201 -05:00 [DBG] Heartbeat ORACLEVAULT
2026-07-30 00:41:31.201 -05:00 [DBG] Heartbeat RISKWARDEN
2026-07-30 00:42:31.202 -05:00 [DBG] Heartbeat SYNAPSE
2026-07-30 00:42:31.202 -05:00 [DBG] Heartbeat TRADEWEAVER
2026-07-30 00:42:31.202 -05:00 [DBG] Heartbeat CASEBLADE
2026-07-30 00:42:31.202 -05:00 [DBG] Heartbeat PROX
2026-07-30 00:42:31.202 -05:00 [DBG] Heartbeat SENTINEL
2026-07-30 00:42:31.202 -05:00 [DBG] Heartbeat MARKETSCRYER
2026-07-30 00:42:31.202 -05:00 [DBG] Heartbeat SIGNALFORGE
2026-07-30 00:42:31.202 -05:00 [DBG] Heartbeat ORACLEVAULT
2026-07-30 00:42:31.202 -05:00 [DBG] Heartbeat RISKWARDEN
2026-07-30 00:43:31.201 -05:00 [DBG] Heartbeat SYNAPSE
2026-07-30 00:43:31.201 -05:00 [DBG] Heartbeat TRADEWEAVER
2026-07-30 00:43:31.201 -05:00 [DBG] Heartbeat CASEBLADE
2026-07-30 00:43:31.201 -05:00 [DBG] Heartbeat PROX
2026-07-30 00:43:31.201 -05:00 [DBG] Heartbeat SENTINEL
2026-07-30 00:43:31.201 -05:00 [DBG] Heartbeat MARKETSCRYER
2026-07-30 00:43:31.201 -05:00 [DBG] Heartbeat SIGNALFORGE
2026-07-30 00:43:31.201 -05:00 [DBG] Heartbeat ORACLEVAULT
2026-07-30 00:43:31.201 -05:00 [DBG] Heartbeat RISKWARDEN
2026-07-30 00:44:31.202 -05:00 [DBG] Heartbeat SYNAPSE
2026-07-30 00:44:31.202 -05:00 [DBG] Heartbeat TRADEWEAVER
2026-07-30 00:44:31.202 -05:00 [DBG] Heartbeat CASEBLADE
2026-07-30 00:44:31.202 -05:00 [DBG] Heartbeat PROX
2026-07-30 00:44:31.202 -05:00 [DBG] Heartbeat SENTINEL
2026-07-30 00:44:31.202 -05:00 [DBG] Heartbeat MARKETSCRYER
2026-07-30 00:44:31.202 -05:00 [DBG] Heartbeat SIGNALFORGE
2026-07-30 00:44:31.202 -05:00 [DBG] Heartbeat ORACLEVAULT
2026-07-30 00:44:31.202 -05:00 [DBG] Heartbeat RISKWARDEN
2026-07-30 00:45:31.203 -05:00 [DBG] Heartbeat SYNAPSE
2026-07-30 00:45:31.203 -05:00 [DBG] Heartbeat TRADEWEAVER
2026-07-30 00:45:31.203 -05:00 [DBG] Heartbeat CASEBLADE
2026-07-30 00:45:31.203 -05:00 [DBG] Heartbeat PROX
2026-07-30 00:45:31.203 -05:00 [DBG] Heartbeat SENTINEL
2026-07-30 00:45:31.203 -05:00 [DBG] Heartbeat MARKETSCRYER
2026-07-30 00:45:31.203 -05:00 [DBG] Heartbeat SIGNALFORGE
2026-07-30 00:45:31.203 -05:00 [DBG] Heartbeat ORACLEVAULT
2026-07-30 00:45:31.203 -05:00 [DBG] Heartbeat RISKWARDEN
2026-07-30 00:45:45.059 -05:00 [INF] PC health: C: 77.3% used, 10 recent errors
2026-07-30 00:46:31.203 -05:00 [DBG] Heartbeat SYNAPSE
2026-07-30 00:46:31.203 -05:00 [DBG] Heartbeat TRADEWEAVER
2026-07-30 00:46:31.203 -05:00 [DBG] Heartbeat CASEBLADE
2026-07-30 00:46:31.203 -05:00 [DBG] Heartbeat PROX
2026-07-30 00:46:31.203 -05:00 [DBG] Heartbeat SENTINEL
2026-07-30 00:46:31.203 -05:00 [DBG] Heartbeat MARKETSCRYER
2026-07-30 00:46:31.203 -05:00 [DBG] Heartbeat SIGNALFORGE
2026-07-30 00:46:31.203 -05:00 [DBG] Heartbeat ORACLEVAULT
2026-07-30 00:46:31.203 -05:00 [DBG] Heartbeat RISKWARDEN
2026-07-30 00:47:31.203 -05:00 [DBG] Heartbeat SYNAPSE
2026-07-30 00:47:31.203 -05:00 [DBG] Heartbeat TRADEWEAVER
2026-07-30 00:47:31.203 -05:00 [DBG] Heartbeat CASEBLADE
2026-07-30 00:47:31.203 -05:00 [DBG] Heartbeat PROX
2026-07-30 00:47:31.203 -05:00 [DBG] Heartbeat SENTINEL
2026-07-30 00:47:31.203 -05:00 [DBG] Heartbeat MARKETSCRYER
2026-07-30 00:47:31.203 -05:00 [DBG] Heartbeat SIGNALFORGE
2026-07-30 00:47:31.203 -05:00 [DBG] Heartbeat ORACLEVAULT
2026-07-30 00:47:31.203 -05:00 [DBG] Heartbeat RISKWARDEN
2026-07-30 00:48:31.204 -05:00 [DBG] Heartbeat SYNAPSE
2026-07-30 00:48:31.204 -05:00 [DBG] Heartbeat TRADEWEAVER
2026-07-30 00:48:31.204 -05:00 [DBG] Heartbeat CASEBLADE
2026-07-30 00:48:31.204 -05:00 [DBG] Heartbeat PROX
2026-07-30 00:48:31.204 -05:00 [DBG] Heartbeat SENTINEL
2026-07-30 00:48:31.204 -05:00 [DBG] Heartbeat MARKETSCRYER
2026-07-30 00:48:31.204 -05:00 [DBG] Heartbeat SIGNALFORGE
2026-07-30 00:48:31.204 -05:00 [DBG] Heartbeat ORACLEVAULT
2026-07-30 00:48:31.204 -05:00 [DBG] Heartbeat RISKWARDEN
2026-07-30 00:49:31.204 -05:00 [DBG] Heartbeat SYNAPSE
2026-07-30 00:49:31.204 -05:00 [DBG] Heartbeat TRADEWEAVER
2026-07-30 00:49:31.204 -05:00 [DBG] Heartbeat CASEBLADE
2026-07-30 00:49:31.204 -05:00 [DBG] Heartbeat PROX
2026-07-30 00:49:31.204 -05:00 [DBG] Heartbeat SENTINEL
2026-07-30 00:49:31.204 -05:00 [DBG] Heartbeat MARKETSCRYER
2026-07-30 00:49:31.204 -05:00 [DBG] Heartbeat SIGNALFORGE
2026-07-30 00:49:31.204 -05:00 [DBG] Heartbeat ORACLEVAULT
2026-07-30 00:49:31.204 -05:00 [DBG] Heartbeat RISKWARDEN
2026-07-30 00:50:31.205 -05:00 [DBG] Heartbeat SYNAPSE
2026-07-30 00:50:31.205 -05:00 [DBG] Heartbeat TRADEWEAVER
2026-07-30 00:50:31.205 -05:00 [DBG] Heartbeat CASEBLADE
2026-07-30 00:50:31.205 -05:00 [DBG] Heartbeat PROX
2026-07-30 00:50:31.205 -05:00 [DBG] Heartbeat SENTINEL
2026-07-30 00:50:31.205 -05:00 [DBG] Heartbeat MARKETSCRYER
2026-07-30 00:50:31.205 -05:00 [DBG] Heartbeat SIGNALFORGE
2026-07-30 00:50:31.205 -05:00 [DBG] Heartbeat ORACLEVAULT
2026-07-30 00:50:31.205 -05:00 [DBG] Heartbeat RISKWARDEN
2026-07-30 00:50:57.966 -05:00 [INF] PC health: C: 77.3% used, 10 recent errors
2026-07-30 00:51:31.205 -05:00 [DBG] Heartbeat SYNAPSE
2026-07-30 00:51:31.205 -05:00 [DBG] Heartbeat TRADEWEAVER
2026-07-30 00:51:31.205 -05:00 [DBG] Heartbeat CASEBLADE
2026-07-30 00:51:31.205 -05:00 [DBG] Heartbeat PROX
2026-07-30 00:51:31.205 -05:00 [DBG] Heartbeat SENTINEL
2026-07-30 00:51:31.205 -05:00 [DBG] Heartbeat MARKETSCRYER
2026-07-30 00:51:31.205 -05:00 [DBG] Heartbeat SIGNALFORGE
2026-07-30 00:51:31.205 -05:00 [DBG] Heartbeat ORACLEVAULT
2026-07-30 00:51:31.205 -05:00 [DBG] Heartbeat RISKWARDEN
2026-07-30 00:52:31.205 -05:00 [DBG] Heartbeat SYNAPSE
2026-07-30 00:52:31.205 -05:00 [DBG] Heartbeat TRADEWEAVER
2026-07-30 00:52:31.205 -05:00 [DBG] Heartbeat CASEBLADE
2026-07-30 00:52:31.205 -05:00 [DBG] Heartbeat PROX
2026-07-30 00:52:31.205 -05:00 [DBG] Heartbeat SENTINEL
2026-07-30 00:52:31.205 -05:00 [DBG] Heartbeat MARKETSCRYER
2026-07-30 00:52:31.205 -05:00 [DBG] Heartbeat SIGNALFORGE
2026-07-30 00:52:31.205 -05:00 [DBG] Heartbeat ORACLEVAULT
2026-07-30 00:52:31.205 -05:00 [DBG] Heartbeat RISKWARDEN
2026-07-30 00:53:31.205 -05:00 [DBG] Heartbeat SYNAPSE
2026-07-30 00:53:31.205 -05:00 [DBG] Heartbeat TRADEWEAVER
2026-07-30 00:53:31.205 -05:00 [DBG] Heartbeat CASEBLADE
2026-07-30 00:53:31.205 -05:00 [DBG] Heartbeat PROX
2026-07-30 00:53:31.205 -05:00 [DBG] Heartbeat SENTINEL
2026-07-30 00:53:31.205 -05:00 [DBG] Heartbeat MARKETSCRYER
2026-07-30 00:53:31.205 -05:00 [DBG] Heartbeat SIGNALFORGE
2026-07-30 00:53:31.205 -05:00 [DBG] Heartbeat ORACLEVAULT
2026-07-30 00:53:31.205 -05:00 [DBG] Heartbeat RISKWARDEN
2026-07-30 00:54:31.205 -05:00 [DBG] Heartbeat SYNAPSE
2026-07-30 00:54:31.205 -05:00 [DBG] Heartbeat TRADEWEAVER
2026-07-30 00:54:31.205 -05:00 [DBG] Heartbeat CASEBLADE
2026-07-30 00:54:31.205 -05:00 [DBG] Heartbeat PROX
2026-07-30 00:54:31.205 -05:00 [DBG] Heartbeat SENTINEL
2026-07-30 00:54:31.205 -05:00 [DBG] Heartbeat MARKETSCRYER
2026-07-30 00:54:31.205 -05:00 [DBG] Heartbeat SIGNALFORGE
2026-07-30 00:54:31.205 -05:00 [DBG] Heartbeat ORACLEVAULT
2026-07-30 00:54:31.205 -05:00 [DBG] Heartbeat RISKWARDEN
2026-07-30 00:55:31.205 -05:00 [DBG] Heartbeat SYNAPSE
2026-07-30 00:55:31.205 -05:00 [DBG] Heartbeat TRADEWEAVER
2026-07-30 00:55:31.205 -05:00 [DBG] Heartbeat CASEBLADE
2026-07-30 00:55:31.205 -05:00 [DBG] Heartbeat PROX
2026-07-30 00:55:31.205 -05:00 [DBG] Heartbeat SENTINEL
2026-07-30 00:55:31.205 -05:00 [DBG] Heartbeat MARKETSCRYER
2026-07-30 00:55:31.205 -05:00 [DBG] Heartbeat SIGNALFORGE
2026-07-30 00:55:31.205 -05:00 [DBG] Heartbeat ORACLEVAULT
2026-07-30 00:55:31.205 -05:00 [DBG] Heartbeat RISKWARDEN
2026-07-30 00:56:11.359 -05:00 [INF] PC health: C: 77.3% used, 10 recent errors
2026-07-30 00:56:31.205 -05:00 [DBG] Heartbeat SYNAPSE
2026-07-30 00:56:31.205 -05:00 [DBG] Heartbeat TRADEWEAVER
2026-07-30 00:56:31.205 -05:00 [DBG] Heartbeat CASEBLADE
2026-07-30 00:56:31.205 -05:00 [DBG] Heartbeat PROX
2026-07-30 00:56:31.205 -05:00 [DBG] Heartbeat SENTINEL
2026-07-30 00:56:31.206 -05:00 [DBG] Heartbeat MARKETSCRYER
2026-07-30 00:56:31.206 -05:00 [DBG] Heartbeat SIGNALFORGE
2026-07-30 00:56:31.206 -05:00 [DBG] Heartbeat ORACLEVAULT
2026-07-30 00:56:31.206 -05:00 [DBG] Heartbeat RISKWARDEN
2026-07-30 00:57:31.206 -05:00 [DBG] Heartbeat SYNAPSE
2026-07-30 00:57:31.206 -05:00 [DBG] Heartbeat TRADEWEAVER
2026-07-30 00:57:31.206 -05:00 [DBG] Heartbeat CASEBLADE
2026-07-30 00:57:31.206 -05:00 [DBG] Heartbeat PROX
2026-07-30 00:57:31.206 -05:00 [DBG] Heartbeat SENTINEL
2026-07-30 00:57:31.206 -05:00 [DBG] Heartbeat MARKETSCRYER
2026-07-30 00:57:31.206 -05:00 [DBG] Heartbeat SIGNALFORGE
2026-07-30 00:57:31.206 -05:00 [DBG] Heartbeat ORACLEVAULT
2026-07-30 00:57:31.206 -05:00 [DBG] Heartbeat RISKWARDEN
2026-07-30 00:58:31.206 -05:00 [DBG] Heartbeat SYNAPSE
2026-07-30 00:58:31.206 -05:00 [DBG] Heartbeat TRADEWEAVER
2026-07-30 00:58:31.206 -05:00 [DBG] Heartbeat CASEBLADE
2026-07-30 00:58:31.206 -05:00 [DBG] Heartbeat PROX
2026-07-30 00:58:31.206 -05:00 [DBG] Heartbeat SENTINEL
2026-07-30 00:58:31.206 -05:00 [DBG] Heartbeat MARKETSCRYER
2026-07-30 00:58:31.206 -05:00 [DBG] Heartbeat SIGNALFORGE
2026-07-30 00:58:31.206 -05:00 [DBG] Heartbeat ORACLEVAULT
2026-07-30 00:58:31.206 -05:00 [DBG] Heartbeat RISKWARDEN
2026-07-30 00:59:31.206 -05:00 [DBG] Heartbeat SYNAPSE
2026-07-30 00:59:31.206 -05:00 [DBG] Heartbeat TRADEWEAVER
2026-07-30 00:59:31.206 -05:00 [DBG] Heartbeat CASEBLADE
2026-07-30 00:59:31.206 -05:00 [DBG] Heartbeat PROX
2026-07-30 00:59:31.206 -05:00 [DBG] Heartbeat SENTINEL
2026-07-30 00:59:31.206 -05:00 [DBG] Heartbeat MARKETSCRYER
2026-07-30 00:59:31.206 -05:00 [DBG] Heartbeat SIGNALFORGE
2026-07-30 00:59:31.206 -05:00 [DBG] Heartbeat ORACLEVAULT
2026-07-30 00:59:31.206 -05:00 [DBG] Heartbeat RISKWARDEN
2026-07-30 01:00:31.205 -05:00 [DBG] Heartbeat SYNAPSE
2026-07-30 01:00:31.206 -05:00 [DBG] Heartbeat TRADEWEAVER
2026-07-30 01:00:31.206 -05:00 [DBG] Heartbeat CASEBLADE
2026-07-30 01:00:31.206 -05:00 [DBG] Heartbeat PROX
2026-07-30 01:00:31.206 -05:00 [DBG] Heartbeat SENTINEL
2026-07-30 01:00:31.206 -05:00 [DBG] Heartbeat MARKETSCRYER
2026-07-30 01:00:31.206 -05:00 [DBG] Heartbeat SIGNALFORGE
2026-07-30 01:00:31.206 -05:00 [DBG] Heartbeat ORACLEVAULT
2026-07-30 01:00:31.206 -05:00 [DBG] Heartbeat RISKWARDEN
2026-07-30 01:01:24.696 -05:00 [INF] PC health: C: 77.3% used, 10 recent errors
2026-07-30 01:01:31.205 -05:00 [DBG] Heartbeat SYNAPSE
2026-07-30 01:01:31.205 -05:00 [DBG] Heartbeat TRADEWEAVER
2026-07-30 01:01:31.206 -05:00 [DBG] Heartbeat CASEBLADE
2026-07-30 01:01:31.206 -05:00 [DBG] Heartbeat PROX
2026-07-30 01:01:31.206 -05:00 [DBG] Heartbeat SENTINEL
2026-07-30 01:01:31.206 -05:00 [DBG] Heartbeat MARKETSCRYER
2026-07-30 01:01:31.206 -05:00 [DBG] Heartbeat SIGNALFORGE
2026-07-30 01:01:31.206 -05:00 [DBG] Heartbeat ORACLEVAULT
2026-07-30 01:01:31.206 -05:00 [DBG] Heartbeat RISKWARDEN
2026-07-30 01:02:31.206 -05:00 [DBG] Heartbeat SYNAPSE
2026-07-30 01:02:31.206 -05:00 [DBG] Heartbeat TRADEWEAVER
2026-07-30 01:02:31.206 -05:00 [DBG] Heartbeat CASEBLADE
2026-07-30 01:02:31.206 -05:00 [DBG] Heartbeat PROX
2026-07-30 01:02:31.206 -05:00 [DBG] Heartbeat SENTINEL
2026-07-30 01:02:31.206 -05:00 [DBG] Heartbeat MARKETSCRYER
2026-07-30 01:02:31.206 -05:00 [DBG] Heartbeat SIGNALFORGE
2026-07-30 01:02:31.206 -05:00 [DBG] Heartbeat ORACLEVAULT
2026-07-30 01:02:31.206 -05:00 [DBG] Heartbeat RISKWARDEN
2026-07-30 01:03:31.206 -05:00 [DBG] Heartbeat SYNAPSE
2026-07-30 01:03:31.206 -05:00 [DBG] Heartbeat TRADEWEAVER
2026-07-30 01:03:31.206 -05:00 [DBG] Heartbeat CASEBLADE
2026-07-30 01:03:31.206 -05:00 [DBG] Heartbeat PROX
2026-07-30 01:03:31.206 -05:00 [DBG] Heartbeat SENTINEL
2026-07-30 01:03:31.206 -05:00 [DBG] Heartbeat MARKETSCRYER
2026-07-30 01:03:31.206 -05:00 [DBG] Heartbeat SIGNALFORGE
2026-07-30 01:03:31.206 -05:00 [DBG] Heartbeat ORACLEVAULT
2026-07-30 01:03:31.206 -05:00 [DBG] Heartbeat RISKWARDEN
2026-07-30 01:04:31.206 -05:00 [DBG] Heartbeat SYNAPSE
2026-07-30 01:04:31.206 -05:00 [DBG] Heartbeat TRADEWEAVER
2026-07-30 01:04:31.206 -05:00 [DBG] Heartbeat CASEBLADE
2026-07-30 01:04:31.206 -05:00 [DBG] Heartbeat PROX
2026-07-30 01:04:31.206 -05:00 [DBG] Heartbeat SENTINEL
2026-07-30 01:04:31.206 -05:00 [DBG] Heartbeat MARKETSCRYER
2026-07-30 01:04:31.206 -05:00 [DBG] Heartbeat SIGNALFORGE
2026-07-30 01:04:31.206 -05:00 [DBG] Heartbeat ORACLEVAULT
2026-07-30 01:04:31.206 -05:00 [DBG] Heartbeat RISKWARDEN
2026-07-30 01:05:31.206 -05:00 [DBG] Heartbeat SYNAPSE
2026-07-30 01:05:31.206 -05:00 [DBG] Heartbeat TRADEWEAVER
2026-07-30 01:05:31.206 -05:00 [DBG] Heartbeat CASEBLADE
2026-07-30 01:05:31.206 -05:00 [DBG] Heartbeat PROX
2026-07-30 01:05:31.206 -05:00 [DBG] Heartbeat SENTINEL
2026-07-30 01:05:31.206 -05:00 [DBG] Heartbeat MARKETSCRYER
2026-07-30 01:05:31.206 -05:00 [DBG] Heartbeat SIGNALFORGE
2026-07-30 01:05:31.206 -05:00 [DBG] Heartbeat ORACLEVAULT
2026-07-30 01:05:31.206 -05:00 [DBG] Heartbeat RISKWARDEN
2026-07-30 01:06:31.207 -05:00 [DBG] Heartbeat SYNAPSE
2026-07-30 01:06:31.207 -05:00 [DBG] Heartbeat TRADEWEAVER
2026-07-30 01:06:31.207 -05:00 [DBG] Heartbeat CASEBLADE
2026-07-30 01:06:31.207 -05:00 [DBG] Heartbeat PROX
2026-07-30 01:06:31.207 -05:00 [DBG] Heartbeat SENTINEL
2026-07-30 01:06:31.207 -05:00 [DBG] Heartbeat MARKETSCRYER
2026-07-30 01:06:31.207 -05:00 [DBG] Heartbeat SIGNALFORGE
2026-07-30 01:06:31.207 -05:00 [DBG] Heartbeat ORACLEVAULT
2026-07-30 01:06:31.207 -05:00 [DBG] Heartbeat RISKWARDEN
2026-07-30 01:06:37.996 -05:00 [INF] PC health: C: 77.3% used, 10 recent errors
2026-07-30 01:07:31.207 -05:00 [DBG] Heartbeat SYNAPSE
2026-07-30 01:07:31.207 -05:00 [DBG] Heartbeat TRADEWEAVER
2026-07-30 01:07:31.207 -05:00 [DBG] Heartbeat CASEBLADE
2026-07-30 01:07:31.207 -05:00 [DBG] Heartbeat PROX
2026-07-30 01:07:31.207 -05:00 [DBG] Heartbeat SENTINEL
2026-07-30 01:07:31.207 -05:00 [DBG] Heartbeat MARKETSCRYER
2026-07-30 01:07:31.207 -05:00 [DBG] Heartbeat SIGNALFORGE
2026-07-30 01:07:31.207 -05:00 [DBG] Heartbeat ORACLEVAULT
2026-07-30 01:07:31.207 -05:00 [DBG] Heartbeat RISKWARDEN
2026-07-30 01:08:31.207 -05:00 [DBG] Heartbeat SYNAPSE
2026-07-30 01:08:31.207 -05:00 [DBG] Heartbeat TRADEWEAVER
2026-07-30 01:08:31.207 -05:00 [DBG] Heartbeat CASEBLADE
2026-07-30 01:08:31.207 -05:00 [DBG] Heartbeat PROX
2026-07-30 01:08:31.207 -05:00 [DBG] Heartbeat SENTINEL
2026-07-30 01:08:31.207 -05:00 [DBG] Heartbeat MARKETSCRYER
2026-07-30 01:08:31.207 -05:00 [DBG] Heartbeat SIGNALFORGE
2026-07-30 01:08:31.207 -05:00 [DBG] Heartbeat ORACLEVAULT
2026-07-30 01:08:31.207 -05:00 [DBG] Heartbeat RISKWARDEN
2026-07-30 01:09:31.207 -05:00 [DBG] Heartbeat SYNAPSE
2026-07-30 01:09:31.207 -05:00 [DBG] Heartbeat TRADEWEAVER
2026-07-30 01:09:31.207 -05:00 [DBG] Heartbeat CASEBLADE
2026-07-30 01:09:31.207 -05:00 [DBG] Heartbeat PROX
2026-07-30 01:09:31.207 -05:00 [DBG] Heartbeat SENTINEL
2026-07-30 01:09:31.207 -05:00 [DBG] Heartbeat MARKETSCRYER
2026-07-30 01:09:31.207 -05:00 [DBG] Heartbeat SIGNALFORGE
2026-07-30 01:09:31.207 -05:00 [DBG] Heartbeat ORACLEVAULT
2026-07-30 01:09:31.207 -05:00 [DBG] Heartbeat RISKWARDEN
2026-07-30 01:10:31.208 -05:00 [DBG] Heartbeat SYNAPSE
2026-07-30 01:10:31.208 -05:00 [DBG] Heartbeat TRADEWEAVER
2026-07-30 01:10:31.208 -05:00 [DBG] Heartbeat CASEBLADE
2026-07-30 01:10:31.208 -05:00 [DBG] Heartbeat PROX
2026-07-30 01:10:31.208 -05:00 [DBG] Heartbeat SENTINEL
2026-07-30 01:10:31.208 -05:00 [DBG] Heartbeat MARKETSCRYER
2026-07-30 01:10:31.208 -05:00 [DBG] Heartbeat SIGNALFORGE
2026-07-30 01:10:31.208 -05:00 [DBG] Heartbeat ORACLEVAULT
2026-07-30 01:10:31.208 -05:00 [DBG] Heartbeat RISKWARDEN
2026-07-30 01:11:31.208 -05:00 [DBG] Heartbeat SYNAPSE
2026-07-30 01:11:31.208 -05:00 [DBG] Heartbeat TRADEWEAVER
2026-07-30 01:11:31.208 -05:00 [DBG] Heartbeat CASEBLADE
2026-07-30 01:11:31.208 -05:00 [DBG] Heartbeat PROX
2026-07-30 01:11:31.208 -05:00 [DBG] Heartbeat SENTINEL
2026-07-30 01:11:31.208 -05:00 [DBG] Heartbeat MARKETSCRYER
2026-07-30 01:11:31.208 -05:00 [DBG] Heartbeat SIGNALFORGE
2026-07-30 01:11:31.208 -05:00 [DBG] Heartbeat ORACLEVAULT
2026-07-30 01:11:31.208 -05:00 [DBG] Heartbeat RISKWARDEN
2026-07-30 01:11:51.437 -05:00 [INF] PC health: C: 77.3% used, 10 recent errors
2026-07-30 01:12:31.208 -05:00 [DBG] Heartbeat SYNAPSE
2026-07-30 01:12:31.209 -05:00 [DBG] Heartbeat TRADEWEAVER
2026-07-30 01:12:31.209 -05:00 [DBG] Heartbeat CASEBLADE
2026-07-30 01:12:31.209 -05:00 [DBG] Heartbeat PROX
2026-07-30 01:12:31.209 -05:00 [DBG] Heartbeat SENTINEL
2026-07-30 01:12:31.209 -05:00 [DBG] Heartbeat MARKETSCRYER
2026-07-30 01:12:31.209 -05:00 [DBG] Heartbeat SIGNALFORGE
2026-07-30 01:12:31.209 -05:00 [DBG] Heartbeat ORACLEVAULT
2026-07-30 01:12:31.209 -05:00 [DBG] Heartbeat RISKWARDEN
2026-07-30 01:13:31.209 -05:00 [DBG] Heartbeat SYNAPSE
2026-07-30 01:13:31.209 -05:00 [DBG] Heartbeat TRADEWEAVER
2026-07-30 01:13:31.209 -05:00 [DBG] Heartbeat CASEBLADE
2026-07-30 01:13:31.209 -05:00 [DBG] Heartbeat PROX
2026-07-30 01:13:31.209 -05:00 [DBG] Heartbeat SENTINEL
2026-07-30 01:13:31.209 -05:00 [DBG] Heartbeat MARKETSCRYER
2026-07-30 01:13:31.209 -05:00 [DBG] Heartbeat SIGNALFORGE
2026-07-30 01:13:31.209 -05:00 [DBG] Heartbeat ORACLEVAULT
2026-07-30 01:13:31.209 -05:00 [DBG] Heartbeat RISKWARDEN
2026-07-30 01:14:31.209 -05:00 [DBG] Heartbeat SYNAPSE
2026-07-30 01:14:31.209 -05:00 [DBG] Heartbeat TRADEWEAVER
2026-07-30 01:14:31.209 -05:00 [DBG] Heartbeat CASEBLADE
2026-07-30 01:14:31.209 -05:00 [DBG] Heartbeat PROX
2026-07-30 01:14:31.209 -05:00 [DBG] Heartbeat SENTINEL
2026-07-30 01:14:31.209 -05:00 [DBG] Heartbeat MARKETSCRYER
2026-07-30 01:14:31.209 -05:00 [DBG] Heartbeat SIGNALFORGE
2026-07-30 01:14:31.209 -05:00 [DBG] Heartbeat ORACLEVAULT
2026-07-30 01:14:31.209 -05:00 [DBG] Heartbeat RISKWARDEN
2026-07-30 01:15:31.209 -05:00 [DBG] Heartbeat SYNAPSE
2026-07-30 01:15:31.209 -05:00 [DBG] Heartbeat TRADEWEAVER
2026-07-30 01:15:31.209 -05:00 [DBG] Heartbeat CASEBLADE
2026-07-30 01:15:31.209 -05:00 [DBG] Heartbeat PROX
2026-07-30 01:15:31.209 -05:00 [DBG] Heartbeat SENTINEL
2026-07-30 01:15:31.209 -05:00 [DBG] Heartbeat MARKETSCRYER
2026-07-30 01:15:31.209 -05:00 [DBG] Heartbeat SIGNALFORGE
2026-07-30 01:15:31.209 -05:00 [DBG] Heartbeat ORACLEVAULT
2026-07-30 01:15:31.209 -05:00 [DBG] Heartbeat RISKWARDEN
2026-07-30 01:16:31.208 -05:00 [DBG] Heartbeat SYNAPSE
2026-07-30 01:16:31.208 -05:00 [DBG] Heartbeat TRADEWEAVER
2026-07-30 01:16:31.208 -05:00 [DBG] Heartbeat CASEBLADE
2026-07-30 01:16:31.208 -05:00 [DBG] Heartbeat PROX
2026-07-30 01:16:31.208 -05:00 [DBG] Heartbeat SENTINEL
2026-07-30 01:16:31.208 -05:00 [DBG] Heartbeat MARKETSCRYER
2026-07-30 01:16:31.208 -05:00 [DBG] Heartbeat SIGNALFORGE
2026-07-30 01:16:31.208 -05:00 [DBG] Heartbeat ORACLEVAULT
2026-07-30 01:16:31.208 -05:00 [DBG] Heartbeat RISKWARDEN
2026-07-30 01:17:04.786 -05:00 [INF] PC health: C: 77.3% used, 10 recent errors
2026-07-30 01:17:31.207 -05:00 [DBG] Heartbeat SYNAPSE
2026-07-30 01:17:31.207 -05:00 [DBG] Heartbeat TRADEWEAVER
2026-07-30 01:17:31.207 -05:00 [DBG] Heartbeat CASEBLADE
2026-07-30 01:17:31.207 -05:00 [DBG] Heartbeat PROX
2026-07-30 01:17:31.207 -05:00 [DBG] Heartbeat SENTINEL
2026-07-30 01:17:31.207 -05:00 [DBG] Heartbeat MARKETSCRYER
2026-07-30 01:17:31.207 -05:00 [DBG] Heartbeat SIGNALFORGE
2026-07-30 01:17:31.207 -05:00 [DBG] Heartbeat ORACLEVAULT
2026-07-30 01:17:31.207 -05:00 [DBG] Heartbeat RISKWARDEN
2026-07-30 01:18:31.206 -05:00 [DBG] Heartbeat SYNAPSE
2026-07-30 01:18:31.206 -05:00 [DBG] Heartbeat TRADEWEAVER
2026-07-30 01:18:31.206 -05:00 [DBG] Heartbeat CASEBLADE
2026-07-30 01:18:31.206 -05:00 [DBG] Heartbeat PROX
2026-07-30 01:18:31.206 -05:00 [DBG] Heartbeat SENTINEL
2026-07-30 01:18:31.206 -05:00 [DBG] Heartbeat MARKETSCRYER
2026-07-30 01:18:31.206 -05:00 [DBG] Heartbeat SIGNALFORGE
2026-07-30 01:18:31.206 -05:00 [DBG] Heartbeat ORACLEVAULT
2026-07-30 01:18:31.206 -05:00 [DBG] Heartbeat RISKWARDEN
2026-07-30 01:19:31.205 -05:00 [DBG] Heartbeat SYNAPSE
2026-07-30 01:19:31.205 -05:00 [DBG] Heartbeat TRADEWEAVER
2026-07-30 01:19:31.205 -05:00 [DBG] Heartbeat CASEBLADE
2026-07-30 01:19:31.205 -05:00 [DBG] Heartbeat PROX
2026-07-30 01:19:31.205 -05:00 [DBG] Heartbeat SENTINEL
2026-07-30 01:19:31.205 -05:00 [DBG] Heartbeat MARKETSCRYER
2026-07-30 01:19:31.205 -05:00 [DBG] Heartbeat SIGNALFORGE
2026-07-30 01:19:31.205 -05:00 [DBG] Heartbeat ORACLEVAULT
2026-07-30 01:19:31.205 -05:00 [DBG] Heartbeat RISKWARDEN
2026-07-30 01:20:31.204 -05:00 [DBG] Heartbeat SYNAPSE
2026-07-30 01:20:31.204 -05:00 [DBG] Heartbeat TRADEWEAVER
2026-07-30 01:20:31.204 -05:00 [DBG] Heartbeat CASEBLADE
2026-07-30 01:20:31.204 -05:00 [DBG] Heartbeat PROX
2026-07-30 01:20:31.204 -05:00 [DBG] Heartbeat SENTINEL
2026-07-30 01:20:31.204 -05:00 [DBG] Heartbeat MARKETSCRYER
2026-07-30 01:20:31.204 -05:00 [DBG] Heartbeat SIGNALFORGE
2026-07-30 01:20:31.204 -05:00 [DBG] Heartbeat ORACLEVAULT
2026-07-30 01:20:31.204 -05:00 [DBG] Heartbeat RISKWARDEN
2026-07-30 01:21:31.203 -05:00 [DBG] Heartbeat SYNAPSE
2026-07-30 01:21:31.203 -05:00 [DBG] Heartbeat TRADEWEAVER
2026-07-30 01:21:31.203 -05:00 [DBG] Heartbeat CASEBLADE
2026-07-30 01:21:31.203 -05:00 [DBG] Heartbeat PROX
2026-07-30 01:21:31.203 -05:00 [DBG] Heartbeat SENTINEL
2026-07-30 01:21:31.203 -05:00 [DBG] Heartbeat MARKETSCRYER
2026-07-30 01:21:31.203 -05:00 [DBG] Heartbeat SIGNALFORGE
2026-07-30 01:21:31.203 -05:00 [DBG] Heartbeat ORACLEVAULT
2026-07-30 01:21:31.203 -05:00 [DBG] Heartbeat RISKWARDEN
2026-07-30 01:22:18.111 -05:00 [INF] PC health: C: 77.3% used, 10 recent errors
2026-07-30 01:22:31.201 -05:00 [DBG] Heartbeat SYNAPSE
2026-07-30 01:22:31.201 -05:00 [DBG] Heartbeat TRADEWEAVER
2026-07-30 01:22:31.201 -05:00 [DBG] Heartbeat CASEBLADE
2026-07-30 01:22:31.201 -05:00 [DBG] Heartbeat PROX
2026-07-30 01:22:31.201 -05:00 [DBG] Heartbeat SENTINEL
2026-07-30 01:22:31.201 -05:00 [DBG] Heartbeat MARKETSCRYER
2026-07-30 01:22:31.201 -05:00 [DBG] Heartbeat SIGNALFORGE
2026-07-30 01:22:31.201 -05:00 [DBG] Heartbeat ORACLEVAULT
2026-07-30 01:22:31.201 -05:00 [DBG] Heartbeat RISKWARDEN
2026-07-30 01:23:31.200 -05:00 [DBG] Heartbeat SYNAPSE
2026-07-30 01:23:31.200 -05:00 [DBG] Heartbeat TRADEWEAVER
2026-07-30 01:23:31.200 -05:00 [DBG] Heartbeat CASEBLADE
2026-07-30 01:23:31.200 -05:00 [DBG] Heartbeat PROX
2026-07-30 01:23:31.200 -05:00 [DBG] Heartbeat SENTINEL
2026-07-30 01:23:31.200 -05:00 [DBG] Heartbeat MARKETSCRYER
2026-07-30 01:23:31.200 -05:00 [DBG] Heartbeat SIGNALFORGE
2026-07-30 01:23:31.200 -05:00 [DBG] Heartbeat ORACLEVAULT
2026-07-30 01:23:31.200 -05:00 [DBG] Heartbeat RISKWARDEN
2026-07-30 01:24:31.199 -05:00 [DBG] Heartbeat SYNAPSE
2026-07-30 01:24:31.199 -05:00 [DBG] Heartbeat TRADEWEAVER
2026-07-30 01:24:31.199 -05:00 [DBG] Heartbeat CASEBLADE
2026-07-30 01:24:31.199 -05:00 [DBG] Heartbeat PROX
2026-07-30 01:24:31.199 -05:00 [DBG] Heartbeat SENTINEL
2026-07-30 01:24:31.199 -05:00 [DBG] Heartbeat MARKETSCRYER
2026-07-30 01:24:31.199 -05:00 [DBG] Heartbeat SIGNALFORGE
2026-07-30 01:24:31.199 -05:00 [DBG] Heartbeat ORACLEVAULT
2026-07-30 01:24:31.199 -05:00 [DBG] Heartbeat RISKWARDEN
2026-07-30 01:25:31.199 -05:00 [DBG] Heartbeat SYNAPSE
2026-07-30 01:25:31.199 -05:00 [DBG] Heartbeat TRADEWEAVER
2026-07-30 01:25:31.199 -05:00 [DBG] Heartbeat CASEBLADE
2026-07-30 01:25:31.199 -05:00 [DBG] Heartbeat PROX
2026-07-30 01:25:31.199 -05:00 [DBG] Heartbeat SENTINEL
2026-07-30 01:25:31.199 -05:00 [DBG] Heartbeat MARKETSCRYER
2026-07-30 01:25:31.199 -05:00 [DBG] Heartbeat SIGNALFORGE
2026-07-30 01:25:31.199 -05:00 [DBG] Heartbeat ORACLEVAULT
2026-07-30 01:25:31.199 -05:00 [DBG] Heartbeat RISKWARDEN
2026-07-30 01:26:31.197 -05:00 [DBG] Heartbeat SYNAPSE
2026-07-30 01:26:31.197 -05:00 [DBG] Heartbeat TRADEWEAVER
2026-07-30 01:26:31.197 -05:00 [DBG] Heartbeat CASEBLADE
2026-07-30 01:26:31.197 -05:00 [DBG] Heartbeat PROX
2026-07-30 01:26:31.197 -05:00 [DBG] Heartbeat SENTINEL
2026-07-30 01:26:31.197 -05:00 [DBG] Heartbeat MARKETSCRYER
2026-07-30 01:26:31.197 -05:00 [DBG] Heartbeat SIGNALFORGE
2026-07-30 01:26:31.197 -05:00 [DBG] Heartbeat ORACLEVAULT
2026-07-30 01:26:31.197 -05:00 [DBG] Heartbeat RISKWARDEN
2026-07-30 01:27:31.196 -05:00 [DBG] Heartbeat SYNAPSE
2026-07-30 01:27:31.196 -05:00 [DBG] Heartbeat TRADEWEAVER
2026-07-30 01:27:31.196 -05:00 [DBG] Heartbeat CASEBLADE
2026-07-30 01:27:31.196 -05:00 [DBG] Heartbeat PROX
2026-07-30 01:27:31.196 -05:00 [DBG] Heartbeat SENTINEL
2026-07-30 01:27:31.196 -05:00 [DBG] Heartbeat MARKETSCRYER
2026-07-30 01:27:31.196 -05:00 [DBG] Heartbeat SIGNALFORGE
2026-07-30 01:27:31.196 -05:00 [DBG] Heartbeat ORACLEVAULT
2026-07-30 01:27:31.196 -05:00 [DBG] Heartbeat RISKWARDEN
2026-07-30 01:27:31.471 -05:00 [INF] PC health: C: 77.3% used, 10 recent errors
2026-07-30 01:28:31.195 -05:00 [DBG] Heartbeat SYNAPSE
2026-07-30 01:28:31.195 -05:00 [DBG] Heartbeat TRADEWEAVER
2026-07-30 01:28:31.195 -05:00 [DBG] Heartbeat CASEBLADE
2026-07-30 01:28:31.195 -05:00 [DBG] Heartbeat PROX
2026-07-30 01:28:31.195 -05:00 [DBG] Heartbeat SENTINEL
2026-07-30 01:28:31.195 -05:00 [DBG] Heartbeat MARKETSCRYER
2026-07-30 01:28:31.195 -05:00 [DBG] Heartbeat SIGNALFORGE
2026-07-30 01:28:31.195 -05:00 [DBG] Heartbeat ORACLEVAULT
2026-07-30 01:28:31.195 -05:00 [DBG] Heartbeat RISKWARDEN
2026-07-30 01:29:31.193 -05:00 [DBG] Heartbeat SYNAPSE
2026-07-30 01:29:31.193 -05:00 [DBG] Heartbeat TRADEWEAVER
2026-07-30 01:29:31.193 -05:00 [DBG] Heartbeat CASEBLADE
2026-07-30 01:29:31.193 -05:00 [DBG] Heartbeat PROX
2026-07-30 01:29:31.193 -05:00 [DBG] Heartbeat SENTINEL
2026-07-30 01:29:31.193 -05:00 [DBG] Heartbeat MARKETSCRYER
2026-07-30 01:29:31.193 -05:00 [DBG] Heartbeat SIGNALFORGE
2026-07-30 01:29:31.193 -05:00 [DBG] Heartbeat ORACLEVAULT
2026-07-30 01:29:31.193 -05:00 [DBG] Heartbeat RISKWARDEN
2026-07-30 01:30:31.192 -05:00 [DBG] Heartbeat SYNAPSE
2026-07-30 01:30:31.192 -05:00 [DBG] Heartbeat TRADEWEAVER
2026-07-30 01:30:31.192 -05:00 [DBG] Heartbeat CASEBLADE
2026-07-30 01:30:31.192 -05:00 [DBG] Heartbeat PROX
2026-07-30 01:30:31.192 -05:00 [DBG] Heartbeat SENTINEL
2026-07-30 01:30:31.192 -05:00 [DBG] Heartbeat MARKETSCRYER
2026-07-30 01:30:31.192 -05:00 [DBG] Heartbeat SIGNALFORGE
2026-07-30 01:30:31.192 -05:00 [DBG] Heartbeat ORACLEVAULT
2026-07-30 01:30:31.192 -05:00 [DBG] Heartbeat RISKWARDEN
2026-07-30 01:31:31.191 -05:00 [DBG] Heartbeat SYNAPSE
2026-07-30 01:31:31.191 -05:00 [DBG] Heartbeat TRADEWEAVER
2026-07-30 01:31:31.191 -05:00 [DBG] Heartbeat CASEBLADE
2026-07-30 01:31:31.191 -05:00 [DBG] Heartbeat PROX
2026-07-30 01:31:31.191 -05:00 [DBG] Heartbeat SENTINEL
2026-07-30 01:31:31.191 -05:00 [DBG] Heartbeat MARKETSCRYER
2026-07-30 01:31:31.191 -05:00 [DBG] Heartbeat SIGNALFORGE
2026-07-30 01:31:31.191 -05:00 [DBG] Heartbeat ORACLEVAULT
2026-07-30 01:31:31.191 -05:00 [DBG] Heartbeat RISKWARDEN
2026-07-30 01:32:31.189 -05:00 [DBG] Heartbeat SYNAPSE
2026-07-30 01:32:31.189 -05:00 [DBG] Heartbeat TRADEWEAVER
2026-07-30 01:32:31.189 -05:00 [DBG] Heartbeat CASEBLADE
2026-07-30 01:32:31.189 -05:00 [DBG] Heartbeat PROX
2026-07-30 01:32:31.189 -05:00 [DBG] Heartbeat SENTINEL
2026-07-30 01:32:31.189 -05:00 [DBG] Heartbeat MARKETSCRYER
2026-07-30 01:32:31.189 -05:00 [DBG] Heartbeat SIGNALFORGE
2026-07-30 01:32:31.189 -05:00 [DBG] Heartbeat ORACLEVAULT
2026-07-30 01:32:31.189 -05:00 [DBG] Heartbeat RISKWARDEN
2026-07-30 01:32:44.792 -05:00 [INF] PC health: C: 77.3% used, 10 recent errors
2026-07-30 01:33:31.188 -05:00 [DBG] Heartbeat SYNAPSE
2026-07-30 01:33:31.188 -05:00 [DBG] Heartbeat TRADEWEAVER
2026-07-30 01:33:31.188 -05:00 [DBG] Heartbeat CASEBLADE
2026-07-30 01:33:31.188 -05:00 [DBG] Heartbeat PROX
2026-07-30 01:33:31.188 -05:00 [DBG] Heartbeat SENTINEL
2026-07-30 01:33:31.188 -05:00 [DBG] Heartbeat MARKETSCRYER
2026-07-30 01:33:31.188 -05:00 [DBG] Heartbeat SIGNALFORGE
2026-07-30 01:33:31.188 -05:00 [DBG] Heartbeat ORACLEVAULT
2026-07-30 01:33:31.188 -05:00 [DBG] Heartbeat RISKWARDEN
2026-07-30 01:34:31.186 -05:00 [DBG] Heartbeat SYNAPSE
2026-07-30 01:34:31.186 -05:00 [DBG] Heartbeat TRADEWEAVER
2026-07-30 01:34:31.186 -05:00 [DBG] Heartbeat CASEBLADE
2026-07-30 01:34:31.186 -05:00 [DBG] Heartbeat PROX
2026-07-30 01:34:31.186 -05:00 [DBG] Heartbeat SENTINEL
2026-07-30 01:34:31.186 -05:00 [DBG] Heartbeat MARKETSCRYER
2026-07-30 01:34:31.186 -05:00 [DBG] Heartbeat SIGNALFORGE
2026-07-30 01:34:31.186 -05:00 [DBG] Heartbeat ORACLEVAULT
2026-07-30 01:34:31.186 -05:00 [DBG] Heartbeat RISKWARDEN
2026-07-30 01:35:31.185 -05:00 [DBG] Heartbeat SYNAPSE
2026-07-30 01:35:31.185 -05:00 [DBG] Heartbeat TRADEWEAVER
2026-07-30 01:35:31.185 -05:00 [DBG] Heartbeat CASEBLADE
2026-07-30 01:35:31.185 -05:00 [DBG] Heartbeat PROX
2026-07-30 01:35:31.185 -05:00 [DBG] Heartbeat SENTINEL
2026-07-30 01:35:31.185 -05:00 [DBG] Heartbeat MARKETSCRYER
2026-07-30 01:35:31.185 -05:00 [DBG] Heartbeat SIGNALFORGE
2026-07-30 01:35:31.185 -05:00 [DBG] Heartbeat ORACLEVAULT
2026-07-30 01:35:31.185 -05:00 [DBG] Heartbeat RISKWARDEN
2026-07-30 01:36:31.183 -05:00 [DBG] Heartbeat SYNAPSE
2026-07-30 01:36:31.183 -05:00 [DBG] Heartbeat TRADEWEAVER
2026-07-30 01:36:31.183 -05:00 [DBG] Heartbeat CASEBLADE
2026-07-30 01:36:31.183 -05:00 [DBG] Heartbeat PROX
2026-07-30 01:36:31.183 -05:00 [DBG] Heartbeat SENTINEL
2026-07-30 01:36:31.183 -05:00 [DBG] Heartbeat MARKETSCRYER
2026-07-30 01:36:31.183 -05:00 [DBG] Heartbeat SIGNALFORGE
2026-07-30 01:36:31.183 -05:00 [DBG] Heartbeat ORACLEVAULT
2026-07-30 01:36:31.183 -05:00 [DBG] Heartbeat RISKWARDEN
2026-07-30 01:37:31.182 -05:00 [DBG] Heartbeat SYNAPSE
2026-07-30 01:37:31.182 -05:00 [DBG] Heartbeat TRADEWEAVER
2026-07-30 01:37:31.182 -05:00 [DBG] Heartbeat CASEBLADE
2026-07-30 01:37:31.182 -05:00 [DBG] Heartbeat PROX
2026-07-30 01:37:31.182 -05:00 [DBG] Heartbeat SENTINEL
2026-07-30 01:37:31.182 -05:00 [DBG] Heartbeat MARKETSCRYER
2026-07-30 01:37:31.182 -05:00 [DBG] Heartbeat SIGNALFORGE
2026-07-30 01:37:31.182 -05:00 [DBG] Heartbeat ORACLEVAULT
2026-07-30 01:37:31.182 -05:00 [DBG] Heartbeat RISKWARDEN
2026-07-30 01:37:58.259 -05:00 [INF] PC health: C: 77.3% used, 10 recent errors
2026-07-30 01:38:31.181 -05:00 [DBG] Heartbeat SYNAPSE
2026-07-30 01:38:31.181 -05:00 [DBG] Heartbeat TRADEWEAVER
2026-07-30 01:38:31.181 -05:00 [DBG] Heartbeat CASEBLADE
2026-07-30 01:38:31.181 -05:00 [DBG] Heartbeat PROX
2026-07-30 01:38:31.181 -05:00 [DBG] Heartbeat SENTINEL
2026-07-30 01:38:31.181 -05:00 [DBG] Heartbeat MARKETSCRYER
2026-07-30 01:38:31.181 -05:00 [DBG] Heartbeat SIGNALFORGE
2026-07-30 01:38:31.181 -05:00 [DBG] Heartbeat ORACLEVAULT
2026-07-30 01:38:31.181 -05:00 [DBG] Heartbeat RISKWARDEN
2026-07-30 01:39:31.179 -05:00 [DBG] Heartbeat SYNAPSE
2026-07-30 01:39:31.179 -05:00 [DBG] Heartbeat TRADEWEAVER
2026-07-30 01:39:31.179 -05:00 [DBG] Heartbeat CASEBLADE
2026-07-30 01:39:31.179 -05:00 [DBG] Heartbeat PROX
2026-07-30 01:39:31.179 -05:00 [DBG] Heartbeat SENTINEL
2026-07-30 01:39:31.179 -05:00 [DBG] Heartbeat MARKETSCRYER
2026-07-30 01:39:31.179 -05:00 [DBG] Heartbeat SIGNALFORGE
2026-07-30 01:39:31.179 -05:00 [DBG] Heartbeat ORACLEVAULT
2026-07-30 01:39:31.179 -05:00 [DBG] Heartbeat RISKWARDEN
2026-07-30 01:40:31.178 -05:00 [DBG] Heartbeat SYNAPSE
2026-07-30 01:40:31.178 -05:00 [DBG] Heartbeat TRADEWEAVER
2026-07-30 01:40:31.178 -05:00 [DBG] Heartbeat CASEBLADE
2026-07-30 01:40:31.178 -05:00 [DBG] Heartbeat PROX
2026-07-30 01:40:31.178 -05:00 [DBG] Heartbeat SENTINEL
2026-07-30 01:40:31.178 -05:00 [DBG] Heartbeat MARKETSCRYER
2026-07-30 01:40:31.178 -05:00 [DBG] Heartbeat SIGNALFORGE
2026-07-30 01:40:31.178 -05:00 [DBG] Heartbeat ORACLEVAULT
2026-07-30 01:40:31.178 -05:00 [DBG] Heartbeat RISKWARDEN
2026-07-30 01:41:31.177 -05:00 [DBG] Heartbeat SYNAPSE
2026-07-30 01:41:31.177 -05:00 [DBG] Heartbeat TRADEWEAVER
2026-07-30 01:41:31.177 -05:00 [DBG] Heartbeat CASEBLADE
2026-07-30 01:41:31.177 -05:00 [DBG] Heartbeat PROX
2026-07-30 01:41:31.177 -05:00 [DBG] Heartbeat SENTINEL
2026-07-30 01:41:31.177 -05:00 [DBG] Heartbeat MARKETSCRYER
2026-07-30 01:41:31.177 -05:00 [DBG] Heartbeat SIGNALFORGE
2026-07-30 01:41:31.177 -05:00 [DBG] Heartbeat ORACLEVAULT
2026-07-30 01:41:31.177 -05:00 [DBG] Heartbeat RISKWARDEN
2026-07-30 01:42:31.175 -05:00 [DBG] Heartbeat SYNAPSE
2026-07-30 01:42:31.175 -05:00 [DBG] Heartbeat TRADEWEAVER
2026-07-30 01:42:31.175 -05:00 [DBG] Heartbeat CASEBLADE
2026-07-30 01:42:31.175 -05:00 [DBG] Heartbeat PROX
2026-07-30 01:42:31.175 -05:00 [DBG] Heartbeat SENTINEL
2026-07-30 01:42:31.175 -05:00 [DBG] Heartbeat MARKETSCRYER
2026-07-30 01:42:31.175 -05:00 [DBG] Heartbeat SIGNALFORGE
2026-07-30 01:42:31.175 -05:00 [DBG] Heartbeat ORACLEVAULT
2026-07-30 01:42:31.175 -05:00 [DBG] Heartbeat RISKWARDEN
2026-07-30 01:43:11.651 -05:00 [INF] PC health: C: 77.3% used, 10 recent errors
2026-07-30 01:43:31.174 -05:00 [DBG] Heartbeat SYNAPSE
2026-07-30 01:43:31.174 -05:00 [DBG] Heartbeat TRADEWEAVER
2026-07-30 01:43:31.174 -05:00 [DBG] Heartbeat CASEBLADE
2026-07-30 01:43:31.174 -05:00 [DBG] Heartbeat PROX
2026-07-30 01:43:31.174 -05:00 [DBG] Heartbeat SENTINEL
2026-07-30 01:43:31.174 -05:00 [DBG] Heartbeat MARKETSCRYER
2026-07-30 01:43:31.174 -05:00 [DBG] Heartbeat SIGNALFORGE
2026-07-30 01:43:31.174 -05:00 [DBG] Heartbeat ORACLEVAULT
2026-07-30 01:43:31.174 -05:00 [DBG] Heartbeat RISKWARDEN
2026-07-30 01:44:31.172 -05:00 [DBG] Heartbeat SYNAPSE
2026-07-30 01:44:31.172 -05:00 [DBG] Heartbeat TRADEWEAVER
2026-07-30 01:44:31.172 -05:00 [DBG] Heartbeat CASEBLADE
2026-07-30 01:44:31.172 -05:00 [DBG] Heartbeat PROX
2026-07-30 01:44:31.172 -05:00 [DBG] Heartbeat SENTINEL
2026-07-30 01:44:31.172 -05:00 [DBG] Heartbeat MARKETSCRYER
2026-07-30 01:44:31.172 -05:00 [DBG] Heartbeat SIGNALFORGE
2026-07-30 01:44:31.172 -05:00 [DBG] Heartbeat ORACLEVAULT
2026-07-30 01:44:31.172 -05:00 [DBG] Heartbeat RISKWARDEN
2026-07-30 01:45:31.171 -05:00 [DBG] Heartbeat SYNAPSE
2026-07-30 01:45:31.171 -05:00 [DBG] Heartbeat TRADEWEAVER
2026-07-30 01:45:31.171 -05:00 [DBG] Heartbeat CASEBLADE
2026-07-30 01:45:31.171 -05:00 [DBG] Heartbeat PROX
2026-07-30 01:45:31.171 -05:00 [DBG] Heartbeat SENTINEL
2026-07-30 01:45:31.171 -05:00 [DBG] Heartbeat MARKETSCRYER
2026-07-30 01:45:31.171 -05:00 [DBG] Heartbeat SIGNALFORGE
2026-07-30 01:45:31.171 -05:00 [DBG] Heartbeat ORACLEVAULT
2026-07-30 01:45:31.171 -05:00 [DBG] Heartbeat RISKWARDEN
2026-07-30 01:46:31.170 -05:00 [DBG] Heartbeat SYNAPSE
2026-07-30 01:46:31.170 -05:00 [DBG] Heartbeat TRADEWEAVER
2026-07-30 01:46:31.170 -05:00 [DBG] Heartbeat CASEBLADE
2026-07-30 01:46:31.170 -05:00 [DBG] Heartbeat PROX
2026-07-30 01:46:31.170 -05:00 [DBG] Heartbeat SENTINEL
2026-07-30 01:46:31.170 -05:00 [DBG] Heartbeat MARKETSCRYER
2026-07-30 01:46:31.170 -05:00 [DBG] Heartbeat SIGNALFORGE
2026-07-30 01:46:31.170 -05:00 [DBG] Heartbeat ORACLEVAULT
2026-07-30 01:46:31.170 -05:00 [DBG] Heartbeat RISKWARDEN
2026-07-30 01:47:31.169 -05:00 [DBG] Heartbeat SYNAPSE
2026-07-30 01:47:31.169 -05:00 [DBG] Heartbeat TRADEWEAVER
2026-07-30 01:47:31.169 -05:00 [DBG] Heartbeat CASEBLADE
2026-07-30 01:47:31.169 -05:00 [DBG] Heartbeat PROX
2026-07-30 01:47:31.169 -05:00 [DBG] Heartbeat SENTINEL
2026-07-30 01:47:31.169 -05:00 [DBG] Heartbeat MARKETSCRYER
2026-07-30 01:47:31.169 -05:00 [DBG] Heartbeat SIGNALFORGE
2026-07-30 01:47:31.169 -05:00 [DBG] Heartbeat ORACLEVAULT
2026-07-30 01:47:31.169 -05:00 [DBG] Heartbeat RISKWARDEN
2026-07-30 01:48:25.102 -05:00 [INF] PC health: C: 77.3% used, 10 recent errors
2026-07-30 01:48:31.168 -05:00 [DBG] Heartbeat SYNAPSE
2026-07-30 01:48:31.168 -05:00 [DBG] Heartbeat TRADEWEAVER
2026-07-30 01:48:31.168 -05:00 [DBG] Heartbeat CASEBLADE
2026-07-30 01:48:31.168 -05:00 [DBG] Heartbeat PROX
2026-07-30 01:48:31.168 -05:00 [DBG] Heartbeat SENTINEL
2026-07-30 01:48:31.168 -05:00 [DBG] Heartbeat MARKETSCRYER
2026-07-30 01:48:31.168 -05:00 [DBG] Heartbeat SIGNALFORGE
2026-07-30 01:48:31.168 -05:00 [DBG] Heartbeat ORACLEVAULT
2026-07-30 01:48:31.168 -05:00 [DBG] Heartbeat RISKWARDEN
2026-07-30 01:49:31.167 -05:00 [DBG] Heartbeat SYNAPSE
2026-07-30 01:49:31.167 -05:00 [DBG] Heartbeat TRADEWEAVER
2026-07-30 01:49:31.167 -05:00 [DBG] Heartbeat CASEBLADE
2026-07-30 01:49:31.167 -05:00 [DBG] Heartbeat PROX
2026-07-30 01:49:31.167 -05:00 [DBG] Heartbeat SENTINEL
2026-07-30 01:49:31.167 -05:00 [DBG] Heartbeat MARKETSCRYER
2026-07-30 01:49:31.167 -05:00 [DBG] Heartbeat SIGNALFORGE
2026-07-30 01:49:31.167 -05:00 [DBG] Heartbeat ORACLEVAULT
2026-07-30 01:49:31.167 -05:00 [DBG] Heartbeat RISKWARDEN
2026-07-30 01:50:31.166 -05:00 [DBG] Heartbeat SYNAPSE
2026-07-30 01:50:31.166 -05:00 [DBG] Heartbeat TRADEWEAVER
2026-07-30 01:50:31.166 -05:00 [DBG] Heartbeat CASEBLADE
2026-07-30 01:50:31.166 -05:00 [DBG] Heartbeat PROX
2026-07-30 01:50:31.166 -05:00 [DBG] Heartbeat SENTINEL
2026-07-30 01:50:31.166 -05:00 [DBG] Heartbeat MARKETSCRYER
2026-07-30 01:50:31.166 -05:00 [DBG] Heartbeat SIGNALFORGE
2026-07-30 01:50:31.166 -05:00 [DBG] Heartbeat ORACLEVAULT
2026-07-30 01:50:31.166 -05:00 [DBG] Heartbeat RISKWARDEN
2026-07-30 01:51:31.166 -05:00 [DBG] Heartbeat SYNAPSE
2026-07-30 01:51:31.166 -05:00 [DBG] Heartbeat TRADEWEAVER
2026-07-30 01:51:31.166 -05:00 [DBG] Heartbeat CASEBLADE
2026-07-30 01:51:31.166 -05:00 [DBG] Heartbeat PROX
2026-07-30 01:51:31.166 -05:00 [DBG] Heartbeat SENTINEL
2026-07-30 01:51:31.166 -05:00 [DBG] Heartbeat MARKETSCRYER
2026-07-30 01:51:31.166 -05:00 [DBG] Heartbeat SIGNALFORGE
2026-07-30 01:51:31.166 -05:00 [DBG] Heartbeat ORACLEVAULT
2026-07-30 01:51:31.166 -05:00 [DBG] Heartbeat RISKWARDEN
2026-07-30 01:52:31.166 -05:00 [DBG] Heartbeat SYNAPSE
2026-07-30 01:52:31.166 -05:00 [DBG] Heartbeat TRADEWEAVER
2026-07-30 01:52:31.166 -05:00 [DBG] Heartbeat CASEBLADE
2026-07-30 01:52:31.166 -05:00 [DBG] Heartbeat PROX
2026-07-30 01:52:31.166 -05:00 [DBG] Heartbeat SENTINEL
2026-07-30 01:52:31.166 -05:00 [DBG] Heartbeat MARKETSCRYER
2026-07-30 01:52:31.166 -05:00 [DBG] Heartbeat SIGNALFORGE
2026-07-30 01:52:31.166 -05:00 [DBG] Heartbeat ORACLEVAULT
2026-07-30 01:52:31.166 -05:00 [DBG] Heartbeat RISKWARDEN
2026-07-30 01:53:31.165 -05:00 [DBG] Heartbeat SYNAPSE
2026-07-30 01:53:31.165 -05:00 [DBG] Heartbeat TRADEWEAVER
2026-07-30 01:53:31.165 -05:00 [DBG] Heartbeat CASEBLADE
2026-07-30 01:53:31.165 -05:00 [DBG] Heartbeat PROX
2026-07-30 01:53:31.165 -05:00 [DBG] Heartbeat SENTINEL
2026-07-30 01:53:31.165 -05:00 [DBG] Heartbeat MARKETSCRYER
2026-07-30 01:53:31.165 -05:00 [DBG] Heartbeat SIGNALFORGE
2026-07-30 01:53:31.165 -05:00 [DBG] Heartbeat ORACLEVAULT
2026-07-30 01:53:31.165 -05:00 [DBG] Heartbeat RISKWARDEN
2026-07-30 01:53:38.471 -05:00 [INF] PC health: C: 77.4% used, 10 recent errors
2026-07-30 01:54:31.165 -05:00 [DBG] Heartbeat SYNAPSE
2026-07-30 01:54:31.165 -05:00 [DBG] Heartbeat TRADEWEAVER
2026-07-30 01:54:31.165 -05:00 [DBG] Heartbeat CASEBLADE
2026-07-30 01:54:31.165 -05:00 [DBG] Heartbeat PROX
2026-07-30 01:54:31.165 -05:00 [DBG] Heartbeat SENTINEL
2026-07-30 01:54:31.165 -05:00 [DBG] Heartbeat MARKETSCRYER
2026-07-30 01:54:31.165 -05:00 [DBG] Heartbeat SIGNALFORGE
2026-07-30 01:54:31.165 -05:00 [DBG] Heartbeat ORACLEVAULT
2026-07-30 01:54:31.165 -05:00 [DBG] Heartbeat RISKWARDEN
2026-07-30 01:55:31.165 -05:00 [DBG] Heartbeat SYNAPSE
2026-07-30 01:55:31.165 -05:00 [DBG] Heartbeat TRADEWEAVER
2026-07-30 01:55:31.165 -05:00 [DBG] Heartbeat CASEBLADE
2026-07-30 01:55:31.165 -05:00 [DBG] Heartbeat PROX
2026-07-30 01:55:31.165 -05:00 [DBG] Heartbeat SENTINEL
2026-07-30 01:55:31.165 -05:00 [DBG] Heartbeat MARKETSCRYER
2026-07-30 01:55:31.165 -05:00 [DBG] Heartbeat SIGNALFORGE
2026-07-30 01:55:31.165 -05:00 [DBG] Heartbeat ORACLEVAULT
2026-07-30 01:55:31.165 -05:00 [DBG] Heartbeat RISKWARDEN
2026-07-30 01:56:31.164 -05:00 [DBG] Heartbeat SYNAPSE
2026-07-30 01:56:31.164 -05:00 [DBG] Heartbeat TRADEWEAVER
2026-07-30 01:56:31.164 -05:00 [DBG] Heartbeat CASEBLADE
2026-07-30 01:56:31.164 -05:00 [DBG] Heartbeat PROX
2026-07-30 01:56:31.164 -05:00 [DBG] Heartbeat SENTINEL
2026-07-30 01:56:31.164 -05:00 [DBG] Heartbeat MARKETSCRYER
2026-07-30 01:56:31.164 -05:00 [DBG] Heartbeat SIGNALFORGE
2026-07-30 01:56:31.164 -05:00 [DBG] Heartbeat ORACLEVAULT
2026-07-30 01:56:31.164 -05:00 [DBG] Heartbeat RISKWARDEN
2026-07-30 01:57:31.164 -05:00 [DBG] Heartbeat SYNAPSE
2026-07-30 01:57:31.164 -05:00 [DBG] Heartbeat TRADEWEAVER
2026-07-30 01:57:31.164 -05:00 [DBG] Heartbeat CASEBLADE
2026-07-30 01:57:31.164 -05:00 [DBG] Heartbeat PROX
2026-07-30 01:57:31.164 -05:00 [DBG] Heartbeat SENTINEL
2026-07-30 01:57:31.164 -05:00 [DBG] Heartbeat MARKETSCRYER
2026-07-30 01:57:31.164 -05:00 [DBG] Heartbeat SIGNALFORGE
2026-07-30 01:57:31.164 -05:00 [DBG] Heartbeat ORACLEVAULT
2026-07-30 01:57:31.164 -05:00 [DBG] Heartbeat RISKWARDEN
2026-07-30 01:58:31.163 -05:00 [DBG] Heartbeat SYNAPSE
2026-07-30 01:58:31.163 -05:00 [DBG] Heartbeat TRADEWEAVER
2026-07-30 01:58:31.163 -05:00 [DBG] Heartbeat CASEBLADE
2026-07-30 01:58:31.163 -05:00 [DBG] Heartbeat PROX
2026-07-30 01:58:31.163 -05:00 [DBG] Heartbeat SENTINEL
2026-07-30 01:58:31.163 -05:00 [DBG] Heartbeat MARKETSCRYER
2026-07-30 01:58:31.163 -05:00 [DBG] Heartbeat SIGNALFORGE
2026-07-30 01:58:31.163 -05:00 [DBG] Heartbeat ORACLEVAULT
2026-07-30 01:58:31.163 -05:00 [DBG] Heartbeat RISKWARDEN
2026-07-30 01:58:51.752 -05:00 [INF] PC health: C: 77.4% used, 10 recent errors
2026-07-30 01:59:31.163 -05:00 [DBG] Heartbeat SYNAPSE
2026-07-30 01:59:31.163 -05:00 [DBG] Heartbeat TRADEWEAVER
2026-07-30 01:59:31.163 -05:00 [DBG] Heartbeat CASEBLADE
2026-07-30 01:59:31.163 -05:00 [DBG] Heartbeat PROX
2026-07-30 01:59:31.163 -05:00 [DBG] Heartbeat SENTINEL
2026-07-30 01:59:31.163 -05:00 [DBG] Heartbeat MARKETSCRYER
2026-07-30 01:59:31.163 -05:00 [DBG] Heartbeat SIGNALFORGE
2026-07-30 01:59:31.163 -05:00 [DBG] Heartbeat ORACLEVAULT
2026-07-30 01:59:31.163 -05:00 [DBG] Heartbeat RISKWARDEN
2026-07-30 02:00:31.162 -05:00 [DBG] Heartbeat SYNAPSE
2026-07-30 02:00:31.162 -05:00 [DBG] Heartbeat TRADEWEAVER
2026-07-30 02:00:31.162 -05:00 [DBG] Heartbeat CASEBLADE
2026-07-30 02:00:31.162 -05:00 [DBG] Heartbeat PROX
2026-07-30 02:00:31.162 -05:00 [DBG] Heartbeat SENTINEL
2026-07-30 02:00:31.162 -05:00 [DBG] Heartbeat MARKETSCRYER
2026-07-30 02:00:31.162 -05:00 [DBG] Heartbeat SIGNALFORGE
2026-07-30 02:00:31.162 -05:00 [DBG] Heartbeat ORACLEVAULT
2026-07-30 02:00:31.162 -05:00 [DBG] Heartbeat RISKWARDEN
2026-07-30 02:01:31.162 -05:00 [DBG] Heartbeat SYNAPSE
2026-07-30 02:01:31.162 -05:00 [DBG] Heartbeat TRADEWEAVER
2026-07-30 02:01:31.162 -05:00 [DBG] Heartbeat CASEBLADE
2026-07-30 02:01:31.162 -05:00 [DBG] Heartbeat PROX
2026-07-30 02:01:31.162 -05:00 [DBG] Heartbeat SENTINEL
2026-07-30 02:01:31.162 -05:00 [DBG] Heartbeat MARKETSCRYER
2026-07-30 02:01:31.162 -05:00 [DBG] Heartbeat SIGNALFORGE
2026-07-30 02:01:31.162 -05:00 [DBG] Heartbeat ORACLEVAULT
2026-07-30 02:01:31.162 -05:00 [DBG] Heartbeat RISKWARDEN
2026-07-30 02:02:31.161 -05:00 [DBG] Heartbeat SYNAPSE
2026-07-30 02:02:31.161 -05:00 [DBG] Heartbeat TRADEWEAVER
2026-07-30 02:02:31.161 -05:00 [DBG] Heartbeat CASEBLADE
2026-07-30 02:02:31.161 -05:00 [DBG] Heartbeat PROX
2026-07-30 02:02:31.161 -05:00 [DBG] Heartbeat SENTINEL
2026-07-30 02:02:31.161 -05:00 [DBG] Heartbeat MARKETSCRYER
2026-07-30 02:02:31.161 -05:00 [DBG] Heartbeat SIGNALFORGE
2026-07-30 02:02:31.161 -05:00 [DBG] Heartbeat ORACLEVAULT
2026-07-30 02:02:31.161 -05:00 [DBG] Heartbeat RISKWARDEN
2026-07-30 02:03:31.160 -05:00 [DBG] Heartbeat SYNAPSE
2026-07-30 02:03:31.160 -05:00 [DBG] Heartbeat TRADEWEAVER
2026-07-30 02:03:31.160 -05:00 [DBG] Heartbeat CASEBLADE
2026-07-30 02:03:31.160 -05:00 [DBG] Heartbeat PROX
2026-07-30 02:03:31.160 -05:00 [DBG] Heartbeat SENTINEL
2026-07-30 02:03:31.160 -05:00 [DBG] Heartbeat MARKETSCRYER
2026-07-30 02:03:31.160 -05:00 [DBG] Heartbeat SIGNALFORGE
2026-07-30 02:03:31.160 -05:00 [DBG] Heartbeat ORACLEVAULT
2026-07-30 02:03:31.160 -05:00 [DBG] Heartbeat RISKWARDEN
2026-07-30 02:04:05.085 -05:00 [INF] PC health: C: 77.4% used, 10 recent errors
2026-07-30 02:04:31.160 -05:00 [DBG] Heartbeat SYNAPSE
2026-07-30 02:04:31.160 -05:00 [DBG] Heartbeat TRADEWEAVER
2026-07-30 02:04:31.160 -05:00 [DBG] Heartbeat CASEBLADE
2026-07-30 02:04:31.160 -05:00 [DBG] Heartbeat PROX
2026-07-30 02:04:31.160 -05:00 [DBG] Heartbeat SENTINEL
2026-07-30 02:04:31.160 -05:00 [DBG] Heartbeat MARKETSCRYER
2026-07-30 02:04:31.160 -05:00 [DBG] Heartbeat SIGNALFORGE
2026-07-30 02:04:31.160 -05:00 [DBG] Heartbeat ORACLEVAULT
2026-07-30 02:04:31.160 -05:00 [DBG] Heartbeat RISKWARDEN
2026-07-30 02:05:31.159 -05:00 [DBG] Heartbeat SYNAPSE
2026-07-30 02:05:31.159 -05:00 [DBG] Heartbeat TRADEWEAVER
2026-07-30 02:05:31.160 -05:00 [DBG] Heartbeat CASEBLADE
2026-07-30 02:05:31.160 -05:00 [DBG] Heartbeat PROX
2026-07-30 02:05:31.160 -05:00 [DBG] Heartbeat SENTINEL
2026-07-30 02:05:31.160 -05:00 [DBG] Heartbeat MARKETSCRYER
2026-07-30 02:05:31.160 -05:00 [DBG] Heartbeat SIGNALFORGE
2026-07-30 02:05:31.160 -05:00 [DBG] Heartbeat ORACLEVAULT
2026-07-30 02:05:31.160 -05:00 [DBG] Heartbeat RISKWARDEN
2026-07-30 02:06:31.159 -05:00 [DBG] Heartbeat SYNAPSE
2026-07-30 02:06:31.159 -05:00 [DBG] Heartbeat TRADEWEAVER
2026-07-30 02:06:31.159 -05:00 [DBG] Heartbeat CASEBLADE
2026-07-30 02:06:31.159 -05:00 [DBG] Heartbeat PROX
2026-07-30 02:06:31.159 -05:00 [DBG] Heartbeat SENTINEL
2026-07-30 02:06:31.159 -05:00 [DBG] Heartbeat MARKETSCRYER
2026-07-30 02:06:31.159 -05:00 [DBG] Heartbeat SIGNALFORGE
2026-07-30 02:06:31.159 -05:00 [DBG] Heartbeat ORACLEVAULT
2026-07-30 02:06:31.159 -05:00 [DBG] Heartbeat RISKWARDEN
2026-07-30 02:07:31.159 -05:00 [DBG] Heartbeat SYNAPSE
2026-07-30 02:07:31.159 -05:00 [DBG] Heartbeat TRADEWEAVER
2026-07-30 02:07:31.159 -05:00 [DBG] Heartbeat CASEBLADE
2026-07-30 02:07:31.159 -05:00 [DBG] Heartbeat PROX
2026-07-30 02:07:31.159 -05:00 [DBG] Heartbeat SENTINEL
2026-07-30 02:07:31.159 -05:00 [DBG] Heartbeat MARKETSCRYER
2026-07-30 02:07:31.159 -05:00 [DBG] Heartbeat SIGNALFORGE
2026-07-30 02:07:31.159 -05:00 [DBG] Heartbeat ORACLEVAULT
2026-07-30 02:07:31.159 -05:00 [DBG] Heartbeat RISKWARDEN
2026-07-30 02:08:31.158 -05:00 [DBG] Heartbeat SYNAPSE
2026-07-30 02:08:31.158 -05:00 [DBG] Heartbeat TRADEWEAVER
2026-07-30 02:08:31.158 -05:00 [DBG] Heartbeat CASEBLADE
2026-07-30 02:08:31.158 -05:00 [DBG] Heartbeat PROX
2026-07-30 02:08:31.158 -05:00 [DBG] Heartbeat SENTINEL
2026-07-30 02:08:31.158 -05:00 [DBG] Heartbeat MARKETSCRYER
2026-07-30 02:08:31.158 -05:00 [DBG] Heartbeat SIGNALFORGE
2026-07-30 02:08:31.158 -05:00 [DBG] Heartbeat ORACLEVAULT
2026-07-30 02:08:31.158 -05:00 [DBG] Heartbeat RISKWARDEN
2026-07-30 02:09:18.450 -05:00 [INF] PC health: C: 77.4% used, 10 recent errors
2026-07-30 02:09:31.157 -05:00 [DBG] Heartbeat SYNAPSE
2026-07-30 02:09:31.157 -05:00 [DBG] Heartbeat TRADEWEAVER
2026-07-30 02:09:31.157 -05:00 [DBG] Heartbeat CASEBLADE
2026-07-30 02:09:31.157 -05:00 [DBG] Heartbeat PROX
2026-07-30 02:09:31.157 -05:00 [DBG] Heartbeat SENTINEL
2026-07-30 02:09:31.157 -05:00 [DBG] Heartbeat MARKETSCRYER
2026-07-30 02:09:31.157 -05:00 [DBG] Heartbeat SIGNALFORGE
2026-07-30 02:09:31.157 -05:00 [DBG] Heartbeat ORACLEVAULT
2026-07-30 02:09:31.157 -05:00 [DBG] Heartbeat RISKWARDEN
2026-07-30 02:10:31.157 -05:00 [DBG] Heartbeat SYNAPSE
2026-07-30 02:10:31.157 -05:00 [DBG] Heartbeat TRADEWEAVER
2026-07-30 02:10:31.157 -05:00 [DBG] Heartbeat CASEBLADE
2026-07-30 02:10:31.157 -05:00 [DBG] Heartbeat PROX
2026-07-30 02:10:31.157 -05:00 [DBG] Heartbeat SENTINEL
2026-07-30 02:10:31.157 -05:00 [DBG] Heartbeat MARKETSCRYER
2026-07-30 02:10:31.157 -05:00 [DBG] Heartbeat SIGNALFORGE
2026-07-30 02:10:31.157 -05:00 [DBG] Heartbeat ORACLEVAULT
2026-07-30 02:10:31.157 -05:00 [DBG] Heartbeat RISKWARDEN
2026-07-30 02:11:31.157 -05:00 [DBG] Heartbeat SYNAPSE
2026-07-30 02:11:31.157 -05:00 [DBG] Heartbeat TRADEWEAVER
2026-07-30 02:11:31.157 -05:00 [DBG] Heartbeat CASEBLADE
2026-07-30 02:11:31.157 -05:00 [DBG] Heartbeat PROX
2026-07-30 02:11:31.157 -05:00 [DBG] Heartbeat SENTINEL
2026-07-30 02:11:31.157 -05:00 [DBG] Heartbeat MARKETSCRYER
2026-07-30 02:11:31.157 -05:00 [DBG] Heartbeat SIGNALFORGE
2026-07-30 02:11:31.157 -05:00 [DBG] Heartbeat ORACLEVAULT
2026-07-30 02:11:31.157 -05:00 [DBG] Heartbeat RISKWARDEN
2026-07-30 02:12:31.156 -05:00 [DBG] Heartbeat SYNAPSE
2026-07-30 02:12:31.156 -05:00 [DBG] Heartbeat TRADEWEAVER
2026-07-30 02:12:31.156 -05:00 [DBG] Heartbeat CASEBLADE
2026-07-30 02:12:31.156 -05:00 [DBG] Heartbeat PROX
2026-07-30 02:12:31.156 -05:00 [DBG] Heartbeat SENTINEL
2026-07-30 02:12:31.156 -05:00 [DBG] Heartbeat MARKETSCRYER
2026-07-30 02:12:31.156 -05:00 [DBG] Heartbeat SIGNALFORGE
2026-07-30 02:12:31.156 -05:00 [DBG] Heartbeat ORACLEVAULT
2026-07-30 02:12:31.156 -05:00 [DBG] Heartbeat RISKWARDEN
2026-07-30 02:13:31.156 -05:00 [DBG] Heartbeat SYNAPSE
2026-07-30 02:13:31.156 -05:00 [DBG] Heartbeat TRADEWEAVER
2026-07-30 02:13:31.156 -05:00 [DBG] Heartbeat CASEBLADE
2026-07-30 02:13:31.156 -05:00 [DBG] Heartbeat PROX
2026-07-30 02:13:31.156 -05:00 [DBG] Heartbeat SENTINEL
2026-07-30 02:13:31.156 -05:00 [DBG] Heartbeat MARKETSCRYER
2026-07-30 02:13:31.156 -05:00 [DBG] Heartbeat SIGNALFORGE
2026-07-30 02:13:31.156 -05:00 [DBG] Heartbeat ORACLEVAULT
2026-07-30 02:13:31.156 -05:00 [DBG] Heartbeat RISKWARDEN
2026-07-30 02:14:31.155 -05:00 [DBG] Heartbeat SYNAPSE
2026-07-30 02:14:31.155 -05:00 [DBG] Heartbeat TRADEWEAVER
2026-07-30 02:14:31.155 -05:00 [DBG] Heartbeat CASEBLADE
2026-07-30 02:14:31.155 -05:00 [DBG] Heartbeat PROX
2026-07-30 02:14:31.155 -05:00 [DBG] Heartbeat SENTINEL
2026-07-30 02:14:31.155 -05:00 [DBG] Heartbeat MARKETSCRYER
2026-07-30 02:14:31.155 -05:00 [DBG] Heartbeat SIGNALFORGE
2026-07-30 02:14:31.155 -05:00 [DBG] Heartbeat ORACLEVAULT
2026-07-30 02:14:31.155 -05:00 [DBG] Heartbeat RISKWARDEN
2026-07-30 02:14:31.783 -05:00 [INF] PC health: C: 77.4% used, 10 recent errors
2026-07-30 02:15:31.155 -05:00 [DBG] Heartbeat SYNAPSE
2026-07-30 02:15:31.155 -05:00 [DBG] Heartbeat TRADEWEAVER
2026-07-30 02:15:31.155 -05:00 [DBG] Heartbeat CASEBLADE
2026-07-30 02:15:31.155 -05:00 [DBG] Heartbeat PROX
2026-07-30 02:15:31.155 -05:00 [DBG] Heartbeat SENTINEL
2026-07-30 02:15:31.155 -05:00 [DBG] Heartbeat MARKETSCRYER
2026-07-30 02:15:31.155 -05:00 [DBG] Heartbeat SIGNALFORGE
2026-07-30 02:15:31.155 -05:00 [DBG] Heartbeat ORACLEVAULT
2026-07-30 02:15:31.155 -05:00 [DBG] Heartbeat RISKWARDEN
2026-07-30 02:16:31.155 -05:00 [DBG] Heartbeat SYNAPSE
2026-07-30 02:16:31.155 -05:00 [DBG] Heartbeat TRADEWEAVER
2026-07-30 02:16:31.155 -05:00 [DBG] Heartbeat CASEBLADE
2026-07-30 02:16:31.155 -05:00 [DBG] Heartbeat PROX
2026-07-30 02:16:31.155 -05:00 [DBG] Heartbeat SENTINEL
2026-07-30 02:16:31.155 -05:00 [DBG] Heartbeat MARKETSCRYER
2026-07-30 02:16:31.155 -05:00 [DBG] Heartbeat SIGNALFORGE
2026-07-30 02:16:31.155 -05:00 [DBG] Heartbeat ORACLEVAULT
2026-07-30 02:16:31.155 -05:00 [DBG] Heartbeat RISKWARDEN
2026-07-30 02:17:31.155 -05:00 [DBG] Heartbeat SYNAPSE
2026-07-30 02:17:31.155 -05:00 [DBG] Heartbeat TRADEWEAVER
2026-07-30 02:17:31.155 -05:00 [DBG] Heartbeat CASEBLADE
2026-07-30 02:17:31.155 -05:00 [DBG] Heartbeat PROX
2026-07-30 02:17:31.155 -05:00 [DBG] Heartbeat SENTINEL
2026-07-30 02:17:31.155 -05:00 [DBG] Heartbeat MARKETSCRYER
2026-07-30 02:17:31.155 -05:00 [DBG] Heartbeat SIGNALFORGE
2026-07-30 02:17:31.155 -05:00 [DBG] Heartbeat ORACLEVAULT
2026-07-30 02:17:31.155 -05:00 [DBG] Heartbeat RISKWARDEN
2026-07-30 02:18:31.154 -05:00 [DBG] Heartbeat SYNAPSE
2026-07-30 02:18:31.154 -05:00 [DBG] Heartbeat TRADEWEAVER
2026-07-30 02:18:31.154 -05:00 [DBG] Heartbeat CASEBLADE
2026-07-30 02:18:31.154 -05:00 [DBG] Heartbeat PROX
2026-07-30 02:18:31.154 -05:00 [DBG] Heartbeat SENTINEL
2026-07-30 02:18:31.154 -05:00 [DBG] Heartbeat MARKETSCRYER
2026-07-30 02:18:31.154 -05:00 [DBG] Heartbeat SIGNALFORGE
2026-07-30 02:18:31.154 -05:00 [DBG] Heartbeat ORACLEVAULT
2026-07-30 02:18:31.154 -05:00 [DBG] Heartbeat RISKWARDEN
2026-07-30 02:19:31.154 -05:00 [DBG] Heartbeat SYNAPSE
2026-07-30 02:19:31.154 -05:00 [DBG] Heartbeat TRADEWEAVER
2026-07-30 02:19:31.154 -05:00 [DBG] Heartbeat CASEBLADE
2026-07-30 02:19:31.154 -05:00 [DBG] Heartbeat PROX
2026-07-30 02:19:31.154 -05:00 [DBG] Heartbeat SENTINEL
2026-07-30 02:19:31.154 -05:00 [DBG] Heartbeat MARKETSCRYER
2026-07-30 02:19:31.154 -05:00 [DBG] Heartbeat SIGNALFORGE
2026-07-30 02:19:31.154 -05:00 [DBG] Heartbeat ORACLEVAULT
2026-07-30 02:19:31.154 -05:00 [DBG] Heartbeat RISKWARDEN
2026-07-30 02:19:45.053 -05:00 [INF] PC health: C: 77.4% used, 10 recent errors
2026-07-30 02:20:31.153 -05:00 [DBG] Heartbeat SYNAPSE
2026-07-30 02:20:31.153 -05:00 [DBG] Heartbeat TRADEWEAVER
2026-07-30 02:20:31.153 -05:00 [DBG] Heartbeat CASEBLADE
2026-07-30 02:20:31.153 -05:00 [DBG] Heartbeat PROX
2026-07-30 02:20:31.153 -05:00 [DBG] Heartbeat SENTINEL
2026-07-30 02:20:31.153 -05:00 [DBG] Heartbeat MARKETSCRYER
2026-07-30 02:20:31.153 -05:00 [DBG] Heartbeat SIGNALFORGE
2026-07-30 02:20:31.153 -05:00 [DBG] Heartbeat ORACLEVAULT
2026-07-30 02:20:31.153 -05:00 [DBG] Heartbeat RISKWARDEN
2026-07-30 02:21:31.153 -05:00 [DBG] Heartbeat SYNAPSE
2026-07-30 02:21:31.153 -05:00 [DBG] Heartbeat TRADEWEAVER
2026-07-30 02:21:31.153 -05:00 [DBG] Heartbeat CASEBLADE
2026-07-30 02:21:31.153 -05:00 [DBG] Heartbeat PROX
2026-07-30 02:21:31.153 -05:00 [DBG] Heartbeat SENTINEL
2026-07-30 02:21:31.153 -05:00 [DBG] Heartbeat MARKETSCRYER
2026-07-30 02:21:31.153 -05:00 [DBG] Heartbeat SIGNALFORGE
2026-07-30 02:21:31.153 -05:00 [DBG] Heartbeat ORACLEVAULT
2026-07-30 02:21:31.153 -05:00 [DBG] Heartbeat RISKWARDEN
2026-07-30 02:22:31.152 -05:00 [DBG] Heartbeat SYNAPSE
2026-07-30 02:22:31.152 -05:00 [DBG] Heartbeat TRADEWEAVER
2026-07-30 02:22:31.152 -05:00 [DBG] Heartbeat CASEBLADE
2026-07-30 02:22:31.152 -05:00 [DBG] Heartbeat PROX
2026-07-30 02:22:31.152 -05:00 [DBG] Heartbeat SENTINEL
2026-07-30 02:22:31.152 -05:00 [DBG] Heartbeat MARKETSCRYER
2026-07-30 02:22:31.152 -05:00 [DBG] Heartbeat SIGNALFORGE
2026-07-30 02:22:31.152 -05:00 [DBG] Heartbeat ORACLEVAULT
2026-07-30 02:22:31.152 -05:00 [DBG] Heartbeat RISKWARDEN
2026-07-30 02:23:31.151 -05:00 [DBG] Heartbeat SYNAPSE
2026-07-30 02:23:31.152 -05:00 [DBG] Heartbeat TRADEWEAVER
2026-07-30 02:23:31.152 -05:00 [DBG] Heartbeat CASEBLADE
2026-07-30 02:23:31.152 -05:00 [DBG] Heartbeat PROX
2026-07-30 02:23:31.152 -05:00 [DBG] Heartbeat SENTINEL
2026-07-30 02:23:31.152 -05:00 [DBG] Heartbeat MARKETSCRYER
2026-07-30 02:23:31.152 -05:00 [DBG] Heartbeat SIGNALFORGE
2026-07-30 02:23:31.152 -05:00 [DBG] Heartbeat ORACLEVAULT
2026-07-30 02:23:31.152 -05:00 [DBG] Heartbeat RISKWARDEN
2026-07-30 02:24:31.151 -05:00 [DBG] Heartbeat SYNAPSE
2026-07-30 02:24:31.151 -05:00 [DBG] Heartbeat TRADEWEAVER
2026-07-30 02:24:31.151 -05:00 [DBG] Heartbeat CASEBLADE
2026-07-30 02:24:31.151 -05:00 [DBG] Heartbeat PROX
2026-07-30 02:24:31.151 -05:00 [DBG] Heartbeat SENTINEL
2026-07-30 02:24:31.151 -05:00 [DBG] Heartbeat MARKETSCRYER
2026-07-30 02:24:31.151 -05:00 [DBG] Heartbeat SIGNALFORGE
2026-07-30 02:24:31.151 -05:00 [DBG] Heartbeat ORACLEVAULT
2026-07-30 02:24:31.151 -05:00 [DBG] Heartbeat RISKWARDEN
2026-07-30 02:24:58.452 -05:00 [INF] PC health: C: 77.4% used, 10 recent errors
2026-07-30 02:25:31.151 -05:00 [DBG] Heartbeat SYNAPSE
2026-07-30 02:25:31.152 -05:00 [DBG] Heartbeat TRADEWEAVER
2026-07-30 02:25:31.152 -05:00 [DBG] Heartbeat CASEBLADE
2026-07-30 02:25:31.152 -05:00 [DBG] Heartbeat PROX
2026-07-30 02:25:31.152 -05:00 [DBG] Heartbeat SENTINEL
2026-07-30 02:25:31.152 -05:00 [DBG] Heartbeat MARKETSCRYER
2026-07-30 02:25:31.152 -05:00 [DBG] Heartbeat SIGNALFORGE
2026-07-30 02:25:31.152 -05:00 [DBG] Heartbeat ORACLEVAULT
2026-07-30 02:25:31.152 -05:00 [DBG] Heartbeat RISKWARDEN
2026-07-30 02:26:31.151 -05:00 [DBG] Heartbeat SYNAPSE
2026-07-30 02:26:31.151 -05:00 [DBG] Heartbeat TRADEWEAVER
2026-07-30 02:26:31.151 -05:00 [DBG] Heartbeat CASEBLADE
2026-07-30 02:26:31.151 -05:00 [DBG] Heartbeat PROX
2026-07-30 02:26:31.151 -05:00 [DBG] Heartbeat SENTINEL
2026-07-30 02:26:31.151 -05:00 [DBG] Heartbeat MARKETSCRYER
2026-07-30 02:26:31.151 -05:00 [DBG] Heartbeat SIGNALFORGE
2026-07-30 02:26:31.151 -05:00 [DBG] Heartbeat ORACLEVAULT
2026-07-30 02:26:31.151 -05:00 [DBG] Heartbeat RISKWARDEN
2026-07-30 02:27:31.151 -05:00 [DBG] Heartbeat SYNAPSE
2026-07-30 02:27:31.151 -05:00 [DBG] Heartbeat TRADEWEAVER
2026-07-30 02:27:31.151 -05:00 [DBG] Heartbeat CASEBLADE
2026-07-30 02:27:31.151 -05:00 [DBG] Heartbeat PROX
2026-07-30 02:27:31.151 -05:00 [DBG] Heartbeat SENTINEL
2026-07-30 02:27:31.151 -05:00 [DBG] Heartbeat MARKETSCRYER
2026-07-30 02:27:31.151 -05:00 [DBG] Heartbeat SIGNALFORGE
2026-07-30 02:27:31.151 -05:00 [DBG] Heartbeat ORACLEVAULT
2026-07-30 02:27:31.151 -05:00 [DBG] Heartbeat RISKWARDEN
2026-07-30 02:28:31.151 -05:00 [DBG] Heartbeat SYNAPSE
2026-07-30 02:28:31.151 -05:00 [DBG] Heartbeat TRADEWEAVER
2026-07-30 02:28:31.151 -05:00 [DBG] Heartbeat CASEBLADE
2026-07-30 02:28:31.151 -05:00 [DBG] Heartbeat PROX
2026-07-30 02:28:31.151 -05:00 [DBG] Heartbeat SENTINEL
2026-07-30 02:28:31.151 -05:00 [DBG] Heartbeat MARKETSCRYER
2026-07-30 02:28:31.151 -05:00 [DBG] Heartbeat SIGNALFORGE
2026-07-30 02:28:31.151 -05:00 [DBG] Heartbeat ORACLEVAULT
2026-07-30 02:28:31.151 -05:00 [DBG] Heartbeat RISKWARDEN
2026-07-30 02:29:31.151 -05:00 [DBG] Heartbeat SYNAPSE
2026-07-30 02:29:31.151 -05:00 [DBG] Heartbeat TRADEWEAVER
2026-07-30 02:29:31.151 -05:00 [DBG] Heartbeat CASEBLADE
2026-07-30 02:29:31.151 -05:00 [DBG] Heartbeat PROX
2026-07-30 02:29:31.151 -05:00 [DBG] Heartbeat SENTINEL
2026-07-30 02:29:31.151 -05:00 [DBG] Heartbeat MARKETSCRYER
2026-07-30 02:29:31.151 -05:00 [DBG] Heartbeat SIGNALFORGE
2026-07-30 02:29:31.151 -05:00 [DBG] Heartbeat ORACLEVAULT
2026-07-30 02:29:31.151 -05:00 [DBG] Heartbeat RISKWARDEN
2026-07-30 02:30:11.727 -05:00 [INF] PC health: C: 77.4% used, 10 recent errors
2026-07-30 02:30:31.152 -05:00 [DBG] Heartbeat SYNAPSE
2026-07-30 02:30:31.152 -05:00 [DBG] Heartbeat TRADEWEAVER
2026-07-30 02:30:31.152 -05:00 [DBG] Heartbeat CASEBLADE
2026-07-30 02:30:31.152 -05:00 [DBG] Heartbeat PROX
2026-07-30 02:30:31.152 -05:00 [DBG] Heartbeat SENTINEL
2026-07-30 02:30:31.152 -05:00 [DBG] Heartbeat MARKETSCRYER
2026-07-30 02:30:31.152 -05:00 [DBG] Heartbeat SIGNALFORGE
2026-07-30 02:30:31.152 -05:00 [DBG] Heartbeat ORACLEVAULT
2026-07-30 02:30:31.152 -05:00 [DBG] Heartbeat RISKWARDEN
2026-07-30 02:31:31.152 -05:00 [DBG] Heartbeat SYNAPSE
2026-07-30 02:31:31.152 -05:00 [DBG] Heartbeat TRADEWEAVER
2026-07-30 02:31:31.152 -05:00 [DBG] Heartbeat CASEBLADE
2026-07-30 02:31:31.152 -05:00 [DBG] Heartbeat PROX
2026-07-30 02:31:31.152 -05:00 [DBG] Heartbeat SENTINEL
2026-07-30 02:31:31.152 -05:00 [DBG] Heartbeat MARKETSCRYER
2026-07-30 02:31:31.152 -05:00 [DBG] Heartbeat SIGNALFORGE
2026-07-30 02:31:31.152 -05:00 [DBG] Heartbeat ORACLEVAULT
2026-07-30 02:31:31.152 -05:00 [DBG] Heartbeat RISKWARDEN
2026-07-30 02:32:31.151 -05:00 [DBG] Heartbeat SYNAPSE
2026-07-30 02:32:31.151 -05:00 [DBG] Heartbeat TRADEWEAVER
2026-07-30 02:32:31.151 -05:00 [DBG] Heartbeat CASEBLADE
2026-07-30 02:32:31.151 -05:00 [DBG] Heartbeat PROX
2026-07-30 02:32:31.151 -05:00 [DBG] Heartbeat SENTINEL
2026-07-30 02:32:31.151 -05:00 [DBG] Heartbeat MARKETSCRYER
2026-07-30 02:32:31.151 -05:00 [DBG] Heartbeat SIGNALFORGE
2026-07-30 02:32:31.151 -05:00 [DBG] Heartbeat ORACLEVAULT
2026-07-30 02:32:31.151 -05:00 [DBG] Heartbeat RISKWARDEN
2026-07-30 02:33:31.151 -05:00 [DBG] Heartbeat SYNAPSE
2026-07-30 02:33:31.151 -05:00 [DBG] Heartbeat TRADEWEAVER
2026-07-30 02:33:31.151 -05:00 [DBG] Heartbeat CASEBLADE
2026-07-30 02:33:31.151 -05:00 [DBG] Heartbeat PROX
2026-07-30 02:33:31.151 -05:00 [DBG] Heartbeat SENTINEL
2026-07-30 02:33:31.151 -05:00 [DBG] Heartbeat MARKETSCRYER
2026-07-30 02:33:31.151 -05:00 [DBG] Heartbeat SIGNALFORGE
2026-07-30 02:33:31.151 -05:00 [DBG] Heartbeat ORACLEVAULT
2026-07-30 02:33:31.151 -05:00 [DBG] Heartbeat RISKWARDEN
2026-07-30 02:34:31.151 -05:00 [DBG] Heartbeat SYNAPSE
2026-07-30 02:34:31.151 -05:00 [DBG] Heartbeat TRADEWEAVER
2026-07-30 02:34:31.151 -05:00 [DBG] Heartbeat CASEBLADE
2026-07-30 02:34:31.151 -05:00 [DBG] Heartbeat PROX
2026-07-30 02:34:31.151 -05:00 [DBG] Heartbeat SENTINEL
2026-07-30 02:34:31.151 -05:00 [DBG] Heartbeat MARKETSCRYER
2026-07-30 02:34:31.151 -05:00 [DBG] Heartbeat SIGNALFORGE
2026-07-30 02:34:31.151 -05:00 [DBG] Heartbeat ORACLEVAULT
2026-07-30 02:34:31.151 -05:00 [DBG] Heartbeat RISKWARDEN
2026-07-30 02:35:25.060 -05:00 [INF] PC health: C: 77.4% used, 10 recent errors
2026-07-30 02:35:31.151 -05:00 [DBG] Heartbeat SYNAPSE
2026-07-30 02:35:31.151 -05:00 [DBG] Heartbeat TRADEWEAVER
2026-07-30 02:35:31.151 -05:00 [DBG] Heartbeat CASEBLADE
2026-07-30 02:35:31.151 -05:00 [DBG] Heartbeat PROX
2026-07-30 02:35:31.151 -05:00 [DBG] Heartbeat SENTINEL
2026-07-30 02:35:31.151 -05:00 [DBG] Heartbeat MARKETSCRYER
2026-07-30 02:35:31.151 -05:00 [DBG] Heartbeat SIGNALFORGE
2026-07-30 02:35:31.151 -05:00 [DBG] Heartbeat ORACLEVAULT
2026-07-30 02:35:31.151 -05:00 [DBG] Heartbeat RISKWARDEN
2026-07-30 02:36:31.151 -05:00 [DBG] Heartbeat SYNAPSE
2026-07-30 02:36:31.151 -05:00 [DBG] Heartbeat TRADEWEAVER
2026-07-30 02:36:31.151 -05:00 [DBG] Heartbeat CASEBLADE
2026-07-30 02:36:31.151 -05:00 [DBG] Heartbeat PROX
2026-07-30 02:36:31.151 -05:00 [DBG] Heartbeat SENTINEL
2026-07-30 02:36:31.151 -05:00 [DBG] Heartbeat MARKETSCRYER
2026-07-30 02:36:31.151 -05:00 [DBG] Heartbeat SIGNALFORGE
2026-07-30 02:36:31.151 -05:00 [DBG] Heartbeat ORACLEVAULT
2026-07-30 02:36:31.151 -05:00 [DBG] Heartbeat RISKWARDEN
2026-07-30 02:37:31.150 -05:00 [DBG] Heartbeat SYNAPSE
2026-07-30 02:37:31.150 -05:00 [DBG] Heartbeat TRADEWEAVER
2026-07-30 02:37:31.150 -05:00 [DBG] Heartbeat CASEBLADE
2026-07-30 02:37:31.150 -05:00 [DBG] Heartbeat PROX
2026-07-30 02:37:31.150 -05:00 [DBG] Heartbeat SENTINEL
2026-07-30 02:37:31.150 -05:00 [DBG] Heartbeat MARKETSCRYER
2026-07-30 02:37:31.150 -05:00 [DBG] Heartbeat SIGNALFORGE
2026-07-30 02:37:31.151 -05:00 [DBG] Heartbeat ORACLEVAULT
2026-07-30 02:37:31.151 -05:00 [DBG] Heartbeat RISKWARDEN
2026-07-30 02:38:31.150 -05:00 [DBG] Heartbeat SYNAPSE
2026-07-30 02:38:31.150 -05:00 [DBG] Heartbeat TRADEWEAVER
2026-07-30 02:38:31.150 -05:00 [DBG] Heartbeat CASEBLADE
2026-07-30 02:38:31.150 -05:00 [DBG] Heartbeat PROX
2026-07-30 02:38:31.150 -05:00 [DBG] Heartbeat SENTINEL
2026-07-30 02:38:31.150 -05:00 [DBG] Heartbeat MARKETSCRYER
2026-07-30 02:38:31.150 -05:00 [DBG] Heartbeat SIGNALFORGE
2026-07-30 02:38:31.150 -05:00 [DBG] Heartbeat ORACLEVAULT
2026-07-30 02:38:31.150 -05:00 [DBG] Heartbeat RISKWARDEN
2026-07-30 02:39:31.150 -05:00 [DBG] Heartbeat SYNAPSE
2026-07-30 02:39:31.150 -05:00 [DBG] Heartbeat TRADEWEAVER
2026-07-30 02:39:31.150 -05:00 [DBG] Heartbeat CASEBLADE
2026-07-30 02:39:31.150 -05:00 [DBG] Heartbeat PROX
2026-07-30 02:39:31.150 -05:00 [DBG] Heartbeat SENTINEL
2026-07-30 02:39:31.150 -05:00 [DBG] Heartbeat MARKETSCRYER
2026-07-30 02:39:31.150 -05:00 [DBG] Heartbeat SIGNALFORGE
2026-07-30 02:39:31.150 -05:00 [DBG] Heartbeat ORACLEVAULT
2026-07-30 02:39:31.150 -05:00 [DBG] Heartbeat RISKWARDEN
2026-07-30 02:40:31.150 -05:00 [DBG] Heartbeat SYNAPSE
2026-07-30 02:40:31.150 -05:00 [DBG] Heartbeat TRADEWEAVER
2026-07-30 02:40:31.150 -05:00 [DBG] Heartbeat CASEBLADE
2026-07-30 02:40:31.150 -05:00 [DBG] Heartbeat PROX
2026-07-30 02:40:31.150 -05:00 [DBG] Heartbeat SENTINEL
2026-07-30 02:40:31.150 -05:00 [DBG] Heartbeat MARKETSCRYER
2026-07-30 02:40:31.150 -05:00 [DBG] Heartbeat SIGNALFORGE
2026-07-30 02:40:31.150 -05:00 [DBG] Heartbeat ORACLEVAULT
2026-07-30 02:40:31.150 -05:00 [DBG] Heartbeat RISKWARDEN
2026-07-30 02:40:38.330 -05:00 [INF] PC health: C: 77.4% used, 10 recent errors
2026-07-30 02:41:31.149 -05:00 [DBG] Heartbeat SYNAPSE
2026-07-30 02:41:31.149 -05:00 [DBG] Heartbeat TRADEWEAVER
2026-07-30 02:41:31.149 -05:00 [DBG] Heartbeat CASEBLADE
2026-07-30 02:41:31.149 -05:00 [DBG] Heartbeat PROX
2026-07-30 02:41:31.149 -05:00 [DBG] Heartbeat SENTINEL
2026-07-30 02:41:31.149 -05:00 [DBG] Heartbeat MARKETSCRYER
2026-07-30 02:41:31.149 -05:00 [DBG] Heartbeat SIGNALFORGE
2026-07-30 02:41:31.149 -05:00 [DBG] Heartbeat ORACLEVAULT
2026-07-30 02:41:31.149 -05:00 [DBG] Heartbeat RISKWARDEN
2026-07-30 02:42:31.149 -05:00 [DBG] Heartbeat SYNAPSE
2026-07-30 02:42:31.149 -05:00 [DBG] Heartbeat TRADEWEAVER
2026-07-30 02:42:31.149 -05:00 [DBG] Heartbeat CASEBLADE
2026-07-30 02:42:31.149 -05:00 [DBG] Heartbeat PROX
2026-07-30 02:42:31.149 -05:00 [DBG] Heartbeat SENTINEL
2026-07-30 02:42:31.149 -05:00 [DBG] Heartbeat MARKETSCRYER
2026-07-30 02:42:31.149 -05:00 [DBG] Heartbeat SIGNALFORGE
2026-07-30 02:42:31.149 -05:00 [DBG] Heartbeat ORACLEVAULT
2026-07-30 02:42:31.149 -05:00 [DBG] Heartbeat RISKWARDEN
2026-07-30 02:43:31.150 -05:00 [DBG] Heartbeat SYNAPSE
2026-07-30 02:43:31.150 -05:00 [DBG] Heartbeat TRADEWEAVER
2026-07-30 02:43:31.150 -05:00 [DBG] Heartbeat CASEBLADE
2026-07-30 02:43:31.150 -05:00 [DBG] Heartbeat PROX
2026-07-30 02:43:31.150 -05:00 [DBG] Heartbeat SENTINEL
2026-07-30 02:43:31.150 -05:00 [DBG] Heartbeat MARKETSCRYER
2026-07-30 02:43:31.150 -05:00 [DBG] Heartbeat SIGNALFORGE
2026-07-30 02:43:31.150 -05:00 [DBG] Heartbeat ORACLEVAULT
2026-07-30 02:43:31.150 -05:00 [DBG] Heartbeat RISKWARDEN
2026-07-30 02:44:31.149 -05:00 [DBG] Heartbeat SYNAPSE
2026-07-30 02:44:31.150 -05:00 [DBG] Heartbeat TRADEWEAVER
2026-07-30 02:44:31.150 -05:00 [DBG] Heartbeat CASEBLADE
2026-07-30 02:44:31.150 -05:00 [DBG] Heartbeat PROX
2026-07-30 02:44:31.150 -05:00 [DBG] Heartbeat SENTINEL
2026-07-30 02:44:31.150 -05:00 [DBG] Heartbeat MARKETSCRYER
2026-07-30 02:44:31.150 -05:00 [DBG] Heartbeat SIGNALFORGE
2026-07-30 02:44:31.150 -05:00 [DBG] Heartbeat ORACLEVAULT
2026-07-30 02:44:31.150 -05:00 [DBG] Heartbeat RISKWARDEN
2026-07-30 02:45:31.149 -05:00 [DBG] Heartbeat SYNAPSE
2026-07-30 02:45:31.149 -05:00 [DBG] Heartbeat TRADEWEAVER
2026-07-30 02:45:31.149 -05:00 [DBG] Heartbeat CASEBLADE
2026-07-30 02:45:31.149 -05:00 [DBG] Heartbeat PROX
2026-07-30 02:45:31.149 -05:00 [DBG] Heartbeat SENTINEL
2026-07-30 02:45:31.149 -05:00 [DBG] Heartbeat MARKETSCRYER
2026-07-30 02:45:31.149 -05:00 [DBG] Heartbeat SIGNALFORGE
2026-07-30 02:45:31.149 -05:00 [DBG] Heartbeat ORACLEVAULT
2026-07-30 02:45:31.149 -05:00 [DBG] Heartbeat RISKWARDEN
2026-07-30 02:45:51.698 -05:00 [INF] PC health: C: 77.4% used, 10 recent errors
2026-07-30 02:46:31.150 -05:00 [DBG] Heartbeat SYNAPSE
2026-07-30 02:46:31.150 -05:00 [DBG] Heartbeat TRADEWEAVER
2026-07-30 02:46:31.150 -05:00 [DBG] Heartbeat CASEBLADE
2026-07-30 02:46:31.150 -05:00 [DBG] Heartbeat PROX
2026-07-30 02:46:31.150 -05:00 [DBG] Heartbeat SENTINEL
2026-07-30 02:46:31.150 -05:00 [DBG] Heartbeat MARKETSCRYER
2026-07-30 02:46:31.150 -05:00 [DBG] Heartbeat SIGNALFORGE
2026-07-30 02:46:31.150 -05:00 [DBG] Heartbeat ORACLEVAULT
2026-07-30 02:46:31.150 -05:00 [DBG] Heartbeat RISKWARDEN
2026-07-30 02:47:31.150 -05:00 [DBG] Heartbeat SYNAPSE
2026-07-30 02:47:31.150 -05:00 [DBG] Heartbeat TRADEWEAVER
2026-07-30 02:47:31.150 -05:00 [DBG] Heartbeat CASEBLADE
2026-07-30 02:47:31.150 -05:00 [DBG] Heartbeat PROX
2026-07-30 02:47:31.150 -05:00 [DBG] Heartbeat SENTINEL
2026-07-30 02:47:31.150 -05:00 [DBG] Heartbeat MARKETSCRYER
2026-07-30 02:47:31.150 -05:00 [DBG] Heartbeat SIGNALFORGE
2026-07-30 02:47:31.150 -05:00 [DBG] Heartbeat ORACLEVAULT
2026-07-30 02:47:31.150 -05:00 [DBG] Heartbeat RISKWARDEN
2026-07-30 02:48:31.150 -05:00 [DBG] Heartbeat SYNAPSE
2026-07-30 02:48:31.150 -05:00 [DBG] Heartbeat TRADEWEAVER
2026-07-30 02:48:31.150 -05:00 [DBG] Heartbeat CASEBLADE
2026-07-30 02:48:31.150 -05:00 [DBG] Heartbeat PROX
2026-07-30 02:48:31.150 -05:00 [DBG] Heartbeat SENTINEL
2026-07-30 02:48:31.150 -05:00 [DBG] Heartbeat MARKETSCRYER
2026-07-30 02:48:31.150 -05:00 [DBG] Heartbeat SIGNALFORGE
2026-07-30 02:48:31.150 -05:00 [DBG] Heartbeat ORACLEVAULT
2026-07-30 02:48:31.150 -05:00 [DBG] Heartbeat RISKWARDEN
2026-07-30 02:49:31.150 -05:00 [DBG] Heartbeat SYNAPSE
2026-07-30 02:49:31.150 -05:00 [DBG] Heartbeat TRADEWEAVER
2026-07-30 02:49:31.150 -05:00 [DBG] Heartbeat CASEBLADE
2026-07-30 02:49:31.150 -05:00 [DBG] Heartbeat PROX
2026-07-30 02:49:31.150 -05:00 [DBG] Heartbeat SENTINEL
2026-07-30 02:49:31.150 -05:00 [DBG] Heartbeat MARKETSCRYER
2026-07-30 02:49:31.150 -05:00 [DBG] Heartbeat SIGNALFORGE
2026-07-30 02:49:31.150 -05:00 [DBG] Heartbeat ORACLEVAULT
2026-07-30 02:49:31.150 -05:00 [DBG] Heartbeat RISKWARDEN
2026-07-30 02:50:31.149 -05:00 [DBG] Heartbeat SYNAPSE
2026-07-30 02:50:31.149 -05:00 [DBG] Heartbeat TRADEWEAVER
2026-07-30 02:50:31.149 -05:00 [DBG] Heartbeat CASEBLADE
2026-07-30 02:50:31.149 -05:00 [DBG] Heartbeat PROX
2026-07-30 02:50:31.150 -05:00 [DBG] Heartbeat SENTINEL
2026-07-30 02:50:31.150 -05:00 [DBG] Heartbeat MARKETSCRYER
2026-07-30 02:50:31.150 -05:00 [DBG] Heartbeat SIGNALFORGE
2026-07-30 02:50:31.150 -05:00 [DBG] Heartbeat ORACLEVAULT
2026-07-30 02:50:31.150 -05:00 [DBG] Heartbeat RISKWARDEN
2026-07-30 02:51:05.003 -05:00 [INF] PC health: C: 77.4% used, 10 recent errors
2026-07-30 02:51:31.148 -05:00 [DBG] Heartbeat SYNAPSE
2026-07-30 02:51:31.148 -05:00 [DBG] Heartbeat TRADEWEAVER
2026-07-30 02:51:31.148 -05:00 [DBG] Heartbeat CASEBLADE
2026-07-30 02:51:31.148 -05:00 [DBG] Heartbeat PROX
2026-07-30 02:51:31.148 -05:00 [DBG] Heartbeat SENTINEL
2026-07-30 02:51:31.148 -05:00 [DBG] Heartbeat MARKETSCRYER
2026-07-30 02:51:31.148 -05:00 [DBG] Heartbeat SIGNALFORGE
2026-07-30 02:51:31.149 -05:00 [DBG] Heartbeat ORACLEVAULT
2026-07-30 02:51:31.149 -05:00 [DBG] Heartbeat RISKWARDEN
2026-07-30 02:52:31.148 -05:00 [DBG] Heartbeat SYNAPSE
2026-07-30 02:52:31.148 -05:00 [DBG] Heartbeat TRADEWEAVER
2026-07-30 02:52:31.148 -05:00 [DBG] Heartbeat CASEBLADE
2026-07-30 02:52:31.148 -05:00 [DBG] Heartbeat PROX
2026-07-30 02:52:31.148 -05:00 [DBG] Heartbeat SENTINEL
2026-07-30 02:52:31.148 -05:00 [DBG] Heartbeat MARKETSCRYER
2026-07-30 02:52:31.148 -05:00 [DBG] Heartbeat SIGNALFORGE
2026-07-30 02:52:31.148 -05:00 [DBG] Heartbeat ORACLEVAULT
2026-07-30 02:52:31.148 -05:00 [DBG] Heartbeat RISKWARDEN
2026-07-30 02:53:31.148 -05:00 [DBG] Heartbeat SYNAPSE
2026-07-30 02:53:31.148 -05:00 [DBG] Heartbeat TRADEWEAVER
2026-07-30 02:53:31.148 -05:00 [DBG] Heartbeat CASEBLADE
2026-07-30 02:53:31.148 -05:00 [DBG] Heartbeat PROX
2026-07-30 02:53:31.148 -05:00 [DBG] Heartbeat SENTINEL
2026-07-30 02:53:31.148 -05:00 [DBG] Heartbeat MARKETSCRYER
2026-07-30 02:53:31.148 -05:00 [DBG] Heartbeat SIGNALFORGE
2026-07-30 02:53:31.148 -05:00 [DBG] Heartbeat ORACLEVAULT
2026-07-30 02:53:31.148 -05:00 [DBG] Heartbeat RISKWARDEN
2026-07-30 02:54:31.148 -05:00 [DBG] Heartbeat SYNAPSE
2026-07-30 02:54:31.148 -05:00 [DBG] Heartbeat TRADEWEAVER
2026-07-30 02:54:31.148 -05:00 [DBG] Heartbeat CASEBLADE
2026-07-30 02:54:31.148 -05:00 [DBG] Heartbeat PROX
2026-07-30 02:54:31.148 -05:00 [DBG] Heartbeat SENTINEL
2026-07-30 02:54:31.148 -05:00 [DBG] Heartbeat MARKETSCRYER
2026-07-30 02:54:31.148 -05:00 [DBG] Heartbeat SIGNALFORGE
2026-07-30 02:54:31.148 -05:00 [DBG] Heartbeat ORACLEVAULT
2026-07-30 02:54:31.148 -05:00 [DBG] Heartbeat RISKWARDEN
2026-07-30 02:55:31.147 -05:00 [DBG] Heartbeat SYNAPSE
2026-07-30 02:55:31.147 -05:00 [DBG] Heartbeat TRADEWEAVER
2026-07-30 02:55:31.147 -05:00 [DBG] Heartbeat CASEBLADE
2026-07-30 02:55:31.147 -05:00 [DBG] Heartbeat PROX
2026-07-30 02:55:31.147 -05:00 [DBG] Heartbeat SENTINEL
2026-07-30 02:55:31.147 -05:00 [DBG] Heartbeat MARKETSCRYER
2026-07-30 02:55:31.147 -05:00 [DBG] Heartbeat SIGNALFORGE
2026-07-30 02:55:31.147 -05:00 [DBG] Heartbeat ORACLEVAULT
2026-07-30 02:55:31.147 -05:00 [DBG] Heartbeat RISKWARDEN
2026-07-30 02:56:18.204 -05:00 [INF] PC health: C: 77.4% used, 10 recent errors
2026-07-30 02:56:31.147 -05:00 [DBG] Heartbeat SYNAPSE
2026-07-30 02:56:31.147 -05:00 [DBG] Heartbeat TRADEWEAVER
2026-07-30 02:56:31.147 -05:00 [DBG] Heartbeat CASEBLADE
2026-07-30 02:56:31.147 -05:00 [DBG] Heartbeat PROX
2026-07-30 02:56:31.147 -05:00 [DBG] Heartbeat SENTINEL
2026-07-30 02:56:31.147 -05:00 [DBG] Heartbeat MARKETSCRYER
2026-07-30 02:56:31.147 -05:00 [DBG] Heartbeat SIGNALFORGE
2026-07-30 02:56:31.147 -05:00 [DBG] Heartbeat ORACLEVAULT
2026-07-30 02:56:31.147 -05:00 [DBG] Heartbeat RISKWARDEN
2026-07-30 02:57:31.146 -05:00 [DBG] Heartbeat SYNAPSE
2026-07-30 02:57:31.146 -05:00 [DBG] Heartbeat TRADEWEAVER
2026-07-30 02:57:31.146 -05:00 [DBG] Heartbeat CASEBLADE
2026-07-30 02:57:31.146 -05:00 [DBG] Heartbeat PROX
2026-07-30 02:57:31.146 -05:00 [DBG] Heartbeat SENTINEL
2026-07-30 02:57:31.146 -05:00 [DBG] Heartbeat MARKETSCRYER
2026-07-30 02:57:31.146 -05:00 [DBG] Heartbeat SIGNALFORGE
2026-07-30 02:57:31.146 -05:00 [DBG] Heartbeat ORACLEVAULT
2026-07-30 02:57:31.146 -05:00 [DBG] Heartbeat RISKWARDEN
2026-07-30 02:58:31.147 -05:00 [DBG] Heartbeat SYNAPSE
2026-07-30 02:58:31.147 -05:00 [DBG] Heartbeat TRADEWEAVER
2026-07-30 02:58:31.147 -05:00 [DBG] Heartbeat CASEBLADE
2026-07-30 02:58:31.147 -05:00 [DBG] Heartbeat PROX
2026-07-30 02:58:31.147 -05:00 [DBG] Heartbeat SENTINEL
2026-07-30 02:58:31.147 -05:00 [DBG] Heartbeat MARKETSCRYER
2026-07-30 02:58:31.147 -05:00 [DBG] Heartbeat SIGNALFORGE
2026-07-30 02:58:31.147 -05:00 [DBG] Heartbeat ORACLEVAULT
2026-07-30 02:58:31.147 -05:00 [DBG] Heartbeat RISKWARDEN
2026-07-30 02:59:31.147 -05:00 [DBG] Heartbeat SYNAPSE
2026-07-30 02:59:31.147 -05:00 [DBG] Heartbeat TRADEWEAVER
2026-07-30 02:59:31.147 -05:00 [DBG] Heartbeat CASEBLADE
2026-07-30 02:59:31.147 -05:00 [DBG] Heartbeat PROX
2026-07-30 02:59:31.147 -05:00 [DBG] Heartbeat SENTINEL
2026-07-30 02:59:31.147 -05:00 [DBG] Heartbeat MARKETSCRYER
2026-07-30 02:59:31.147 -05:00 [DBG] Heartbeat SIGNALFORGE
2026-07-30 02:59:31.147 -05:00 [DBG] Heartbeat ORACLEVAULT
2026-07-30 02:59:31.147 -05:00 [DBG] Heartbeat RISKWARDEN
2026-07-30 03:00:31.147 -05:00 [DBG] Heartbeat SYNAPSE
2026-07-30 03:00:31.147 -05:00 [DBG] Heartbeat TRADEWEAVER
2026-07-30 03:00:31.147 -05:00 [DBG] Heartbeat CASEBLADE
2026-07-30 03:00:31.147 -05:00 [DBG] Heartbeat PROX
2026-07-30 03:00:31.147 -05:00 [DBG] Heartbeat SENTINEL
2026-07-30 03:00:31.147 -05:00 [DBG] Heartbeat MARKETSCRYER
2026-07-30 03:00:31.147 -05:00 [DBG] Heartbeat SIGNALFORGE
2026-07-30 03:00:31.147 -05:00 [DBG] Heartbeat ORACLEVAULT
2026-07-30 03:00:31.147 -05:00 [DBG] Heartbeat RISKWARDEN
2026-07-30 03:01:31.147 -05:00 [DBG] Heartbeat SYNAPSE
2026-07-30 03:01:31.147 -05:00 [DBG] Heartbeat TRADEWEAVER
2026-07-30 03:01:31.147 -05:00 [DBG] Heartbeat CASEBLADE
2026-07-30 03:01:31.147 -05:00 [DBG] Heartbeat PROX
2026-07-30 03:01:31.147 -05:00 [DBG] Heartbeat SENTINEL
2026-07-30 03:01:31.147 -05:00 [DBG] Heartbeat MARKETSCRYER
2026-07-30 03:01:31.147 -05:00 [DBG] Heartbeat SIGNALFORGE
2026-07-30 03:01:31.147 -05:00 [DBG] Heartbeat ORACLEVAULT
2026-07-30 03:01:31.147 -05:00 [DBG] Heartbeat RISKWARDEN
2026-07-30 03:01:31.623 -05:00 [INF] PC health: C: 77.4% used, 10 recent errors
2026-07-30 03:02:31.147 -05:00 [DBG] Heartbeat SYNAPSE
2026-07-30 03:02:31.147 -05:00 [DBG] Heartbeat TRADEWEAVER
2026-07-30 03:02:31.147 -05:00 [DBG] Heartbeat CASEBLADE
2026-07-30 03:02:31.147 -05:00 [DBG] Heartbeat PROX
2026-07-30 03:02:31.147 -05:00 [DBG] Heartbeat SENTINEL
2026-07-30 03:02:31.147 -05:00 [DBG] Heartbeat MARKETSCRYER
2026-07-30 03:02:31.147 -05:00 [DBG] Heartbeat SIGNALFORGE
2026-07-30 03:02:31.147 -05:00 [DBG] Heartbeat ORACLEVAULT
2026-07-30 03:02:31.147 -05:00 [DBG] Heartbeat RISKWARDEN
2026-07-30 03:03:31.147 -05:00 [DBG] Heartbeat SYNAPSE
2026-07-30 03:03:31.147 -05:00 [DBG] Heartbeat TRADEWEAVER
2026-07-30 03:03:31.147 -05:00 [DBG] Heartbeat CASEBLADE
2026-07-30 03:03:31.147 -05:00 [DBG] Heartbeat PROX
2026-07-30 03:03:31.147 -05:00 [DBG] Heartbeat SENTINEL
2026-07-30 03:03:31.147 -05:00 [DBG] Heartbeat MARKETSCRYER
2026-07-30 03:03:31.147 -05:00 [DBG] Heartbeat SIGNALFORGE
2026-07-30 03:03:31.147 -05:00 [DBG] Heartbeat ORACLEVAULT
2026-07-30 03:03:31.147 -05:00 [DBG] Heartbeat RISKWARDEN
2026-07-30 03:04:31.147 -05:00 [DBG] Heartbeat SYNAPSE
2026-07-30 03:04:31.147 -05:00 [DBG] Heartbeat TRADEWEAVER
2026-07-30 03:04:31.147 -05:00 [DBG] Heartbeat CASEBLADE
2026-07-30 03:04:31.147 -05:00 [DBG] Heartbeat PROX
2026-07-30 03:04:31.147 -05:00 [DBG] Heartbeat SENTINEL
2026-07-30 03:04:31.147 -05:00 [DBG] Heartbeat MARKETSCRYER
2026-07-30 03:04:31.147 -05:00 [DBG] Heartbeat SIGNALFORGE
2026-07-30 03:04:31.147 -05:00 [DBG] Heartbeat ORACLEVAULT
2026-07-30 03:04:31.147 -05:00 [DBG] Heartbeat RISKWARDEN
2026-07-30 03:05:31.147 -05:00 [DBG] Heartbeat SYNAPSE
2026-07-30 03:05:31.147 -05:00 [DBG] Heartbeat TRADEWEAVER
2026-07-30 03:05:31.147 -05:00 [DBG] Heartbeat CASEBLADE
2026-07-30 03:05:31.147 -05:00 [DBG] Heartbeat PROX
2026-07-30 03:05:31.147 -05:00 [DBG] Heartbeat SENTINEL
2026-07-30 03:05:31.147 -05:00 [DBG] Heartbeat MARKETSCRYER
2026-07-30 03:05:31.147 -05:00 [DBG] Heartbeat SIGNALFORGE
2026-07-30 03:05:31.147 -05:00 [DBG] Heartbeat ORACLEVAULT
2026-07-30 03:05:31.147 -05:00 [DBG] Heartbeat RISKWARDEN
2026-07-30 03:06:31.147 -05:00 [DBG] Heartbeat SYNAPSE
2026-07-30 03:06:31.147 -05:00 [DBG] Heartbeat TRADEWEAVER
2026-07-30 03:06:31.147 -05:00 [DBG] Heartbeat CASEBLADE
2026-07-30 03:06:31.147 -05:00 [DBG] Heartbeat PROX
2026-07-30 03:06:31.147 -05:00 [DBG] Heartbeat SENTINEL
2026-07-30 03:06:31.147 -05:00 [DBG] Heartbeat MARKETSCRYER
2026-07-30 03:06:31.147 -05:00 [DBG] Heartbeat SIGNALFORGE
2026-07-30 03:06:31.147 -05:00 [DBG] Heartbeat ORACLEVAULT
2026-07-30 03:06:31.147 -05:00 [DBG] Heartbeat RISKWARDEN
2026-07-30 03:06:44.943 -05:00 [INF] PC health: C: 77.4% used, 10 recent errors
2026-07-30 03:07:31.147 -05:00 [DBG] Heartbeat SYNAPSE
2026-07-30 03:07:31.147 -05:00 [DBG] Heartbeat TRADEWEAVER
2026-07-30 03:07:31.147 -05:00 [DBG] Heartbeat CASEBLADE
2026-07-30 03:07:31.147 -05:00 [DBG] Heartbeat PROX
2026-07-30 03:07:31.147 -05:00 [DBG] Heartbeat SENTINEL
2026-07-30 03:07:31.147 -05:00 [DBG] Heartbeat MARKETSCRYER
2026-07-30 03:07:31.147 -05:00 [DBG] Heartbeat SIGNALFORGE
2026-07-30 03:07:31.147 -05:00 [DBG] Heartbeat ORACLEVAULT
2026-07-30 03:07:31.147 -05:00 [DBG] Heartbeat RISKWARDEN
2026-07-30 03:08:31.146 -05:00 [DBG] Heartbeat SYNAPSE
2026-07-30 03:08:31.147 -05:00 [DBG] Heartbeat TRADEWEAVER
2026-07-30 03:08:31.147 -05:00 [DBG] Heartbeat CASEBLADE
2026-07-30 03:08:31.147 -05:00 [DBG] Heartbeat PROX
2026-07-30 03:08:31.147 -05:00 [DBG] Heartbeat SENTINEL
2026-07-30 03:08:31.147 -05:00 [DBG] Heartbeat MARKETSCRYER
2026-07-30 03:08:31.147 -05:00 [DBG] Heartbeat SIGNALFORGE
2026-07-30 03:08:31.147 -05:00 [DBG] Heartbeat ORACLEVAULT
2026-07-30 03:08:31.147 -05:00 [DBG] Heartbeat RISKWARDEN
2026-07-30 03:09:31.147 -05:00 [DBG] Heartbeat SYNAPSE
2026-07-30 03:09:31.147 -05:00 [DBG] Heartbeat TRADEWEAVER
2026-07-30 03:09:31.147 -05:00 [DBG] Heartbeat CASEBLADE
2026-07-30 03:09:31.147 -05:00 [DBG] Heartbeat PROX
2026-07-30 03:09:31.147 -05:00 [DBG] Heartbeat SENTINEL
2026-07-30 03:09:31.147 -05:00 [DBG] Heartbeat MARKETSCRYER
2026-07-30 03:09:31.148 -05:00 [DBG] Heartbeat SIGNALFORGE
2026-07-30 03:09:31.148 -05:00 [DBG] Heartbeat ORACLEVAULT
2026-07-30 03:09:31.148 -05:00 [DBG] Heartbeat RISKWARDEN
2026-07-30 03:10:31.147 -05:00 [DBG] Heartbeat SYNAPSE
2026-07-30 03:10:31.147 -05:00 [DBG] Heartbeat TRADEWEAVER
2026-07-30 03:10:31.147 -05:00 [DBG] Heartbeat CASEBLADE
2026-07-30 03:10:31.147 -05:00 [DBG] Heartbeat PROX
2026-07-30 03:10:31.147 -05:00 [DBG] Heartbeat SENTINEL
2026-07-30 03:10:31.147 -05:00 [DBG] Heartbeat MARKETSCRYER
2026-07-30 03:10:31.147 -05:00 [DBG] Heartbeat SIGNALFORGE
2026-07-30 03:10:31.147 -05:00 [DBG] Heartbeat ORACLEVAULT
2026-07-30 03:10:31.147 -05:00 [DBG] Heartbeat RISKWARDEN
2026-07-30 03:11:31.148 -05:00 [DBG] Heartbeat SYNAPSE
2026-07-30 03:11:31.148 -05:00 [DBG] Heartbeat TRADEWEAVER
2026-07-30 03:11:31.148 -05:00 [DBG] Heartbeat CASEBLADE
2026-07-30 03:11:31.148 -05:00 [DBG] Heartbeat PROX
2026-07-30 03:11:31.148 -05:00 [DBG] Heartbeat SENTINEL
2026-07-30 03:11:31.148 -05:00 [DBG] Heartbeat MARKETSCRYER
2026-07-30 03:11:31.148 -05:00 [DBG] Heartbeat SIGNALFORGE
2026-07-30 03:11:31.148 -05:00 [DBG] Heartbeat ORACLEVAULT
2026-07-30 03:11:31.148 -05:00 [DBG] Heartbeat RISKWARDEN
2026-07-30 03:11:58.371 -05:00 [INF] PC health: C: 77.4% used, 10 recent errors
2026-07-30 03:12:31.147 -05:00 [DBG] Heartbeat SYNAPSE
2026-07-30 03:12:31.147 -05:00 [DBG] Heartbeat TRADEWEAVER
2026-07-30 03:12:31.147 -05:00 [DBG] Heartbeat CASEBLADE
2026-07-30 03:12:31.147 -05:00 [DBG] Heartbeat PROX
2026-07-30 03:12:31.147 -05:00 [DBG] Heartbeat SENTINEL
2026-07-30 03:12:31.147 -05:00 [DBG] Heartbeat MARKETSCRYER
2026-07-30 03:12:31.147 -05:00 [DBG] Heartbeat SIGNALFORGE
2026-07-30 03:12:31.147 -05:00 [DBG] Heartbeat ORACLEVAULT
2026-07-30 03:12:31.147 -05:00 [DBG] Heartbeat RISKWARDEN
2026-07-30 03:13:31.147 -05:00 [DBG] Heartbeat SYNAPSE
2026-07-30 03:13:31.147 -05:00 [DBG] Heartbeat TRADEWEAVER
2026-07-30 03:13:31.147 -05:00 [DBG] Heartbeat CASEBLADE
2026-07-30 03:13:31.147 -05:00 [DBG] Heartbeat PROX
2026-07-30 03:13:31.147 -05:00 [DBG] Heartbeat SENTINEL
2026-07-30 03:13:31.147 -05:00 [DBG] Heartbeat MARKETSCRYER
2026-07-30 03:13:31.147 -05:00 [DBG] Heartbeat SIGNALFORGE
2026-07-30 03:13:31.147 -05:00 [DBG] Heartbeat ORACLEVAULT
2026-07-30 03:13:31.147 -05:00 [DBG] Heartbeat RISKWARDEN
2026-07-30 03:14:31.147 -05:00 [DBG] Heartbeat SYNAPSE
2026-07-30 03:14:31.147 -05:00 [DBG] Heartbeat TRADEWEAVER
2026-07-30 03:14:31.147 -05:00 [DBG] Heartbeat CASEBLADE
2026-07-30 03:14:31.147 -05:00 [DBG] Heartbeat PROX
2026-07-30 03:14:31.147 -05:00 [DBG] Heartbeat SENTINEL
2026-07-30 03:14:31.147 -05:00 [DBG] Heartbeat MARKETSCRYER
2026-07-30 03:14:31.147 -05:00 [DBG] Heartbeat SIGNALFORGE
2026-07-30 03:14:31.147 -05:00 [DBG] Heartbeat ORACLEVAULT
2026-07-30 03:14:31.147 -05:00 [DBG] Heartbeat RISKWARDEN
2026-07-30 03:15:31.146 -05:00 [DBG] Heartbeat SYNAPSE
2026-07-30 03:15:31.146 -05:00 [DBG] Heartbeat TRADEWEAVER
2026-07-30 03:15:31.146 -05:00 [DBG] Heartbeat CASEBLADE
2026-07-30 03:15:31.146 -05:00 [DBG] Heartbeat PROX
2026-07-30 03:15:31.146 -05:00 [DBG] Heartbeat SENTINEL
2026-07-30 03:15:31.146 -05:00 [DBG] Heartbeat MARKETSCRYER
2026-07-30 03:15:31.146 -05:00 [DBG] Heartbeat SIGNALFORGE
2026-07-30 03:15:31.146 -05:00 [DBG] Heartbeat ORACLEVAULT
2026-07-30 03:15:31.146 -05:00 [DBG] Heartbeat RISKWARDEN
2026-07-30 03:16:31.147 -05:00 [DBG] Heartbeat SYNAPSE
2026-07-30 03:16:31.147 -05:00 [DBG] Heartbeat TRADEWEAVER
2026-07-30 03:16:31.147 -05:00 [DBG] Heartbeat CASEBLADE
2026-07-30 03:16:31.147 -05:00 [DBG] Heartbeat PROX
2026-07-30 03:16:31.147 -05:00 [DBG] Heartbeat SENTINEL
2026-07-30 03:16:31.147 -05:00 [DBG] Heartbeat MARKETSCRYER
2026-07-30 03:16:31.147 -05:00 [DBG] Heartbeat SIGNALFORGE
2026-07-30 03:16:31.147 -05:00 [DBG] Heartbeat ORACLEVAULT
2026-07-30 03:16:31.147 -05:00 [DBG] Heartbeat RISKWARDEN
2026-07-30 03:17:11.595 -05:00 [INF] PC health: C: 77.4% used, 10 recent errors
2026-07-30 03:17:31.147 -05:00 [DBG] Heartbeat SYNAPSE
2026-07-30 03:17:31.147 -05:00 [DBG] Heartbeat TRADEWEAVER
2026-07-30 03:17:31.147 -05:00 [DBG] Heartbeat CASEBLADE
2026-07-30 03:17:31.147 -05:00 [DBG] Heartbeat PROX
2026-07-30 03:17:31.147 -05:00 [DBG] Heartbeat SENTINEL
2026-07-30 03:17:31.147 -05:00 [DBG] Heartbeat MARKETSCRYER
2026-07-30 03:17:31.147 -05:00 [DBG] Heartbeat SIGNALFORGE
2026-07-30 03:17:31.147 -05:00 [DBG] Heartbeat ORACLEVAULT
2026-07-30 03:17:31.147 -05:00 [DBG] Heartbeat RISKWARDEN
2026-07-30 03:18:31.147 -05:00 [DBG] Heartbeat SYNAPSE
2026-07-30 03:18:31.147 -05:00 [DBG] Heartbeat TRADEWEAVER
2026-07-30 03:18:31.147 -05:00 [DBG] Heartbeat CASEBLADE
2026-07-30 03:18:31.147 -05:00 [DBG] Heartbeat PROX
2026-07-30 03:18:31.147 -05:00 [DBG] Heartbeat SENTINEL
2026-07-30 03:18:31.147 -05:00 [DBG] Heartbeat MARKETSCRYER
2026-07-30 03:18:31.147 -05:00 [DBG] Heartbeat SIGNALFORGE
2026-07-30 03:18:31.147 -05:00 [DBG] Heartbeat ORACLEVAULT
2026-07-30 03:18:31.147 -05:00 [DBG] Heartbeat RISKWARDEN
2026-07-30 03:19:31.146 -05:00 [DBG] Heartbeat SYNAPSE
2026-07-30 03:19:31.146 -05:00 [DBG] Heartbeat TRADEWEAVER
2026-07-30 03:19:31.147 -05:00 [DBG] Heartbeat CASEBLADE
2026-07-30 03:19:31.147 -05:00 [DBG] Heartbeat PROX
2026-07-30 03:19:31.147 -05:00 [DBG] Heartbeat SENTINEL
2026-07-30 03:19:31.147 -05:00 [DBG] Heartbeat MARKETSCRYER
2026-07-30 03:19:31.147 -05:00 [DBG] Heartbeat SIGNALFORGE
2026-07-30 03:19:31.147 -05:00 [DBG] Heartbeat ORACLEVAULT
2026-07-30 03:19:31.147 -05:00 [DBG] Heartbeat RISKWARDEN
2026-07-30 03:20:31.146 -05:00 [DBG] Heartbeat SYNAPSE
2026-07-30 03:20:31.146 -05:00 [DBG] Heartbeat TRADEWEAVER
2026-07-30 03:20:31.146 -05:00 [DBG] Heartbeat CASEBLADE
2026-07-30 03:20:31.146 -05:00 [DBG] Heartbeat PROX
2026-07-30 03:20:31.146 -05:00 [DBG] Heartbeat SENTINEL
2026-07-30 03:20:31.146 -05:00 [DBG] Heartbeat MARKETSCRYER
2026-07-30 03:20:31.146 -05:00 [DBG] Heartbeat SIGNALFORGE
2026-07-30 03:20:31.146 -05:00 [DBG] Heartbeat ORACLEVAULT
2026-07-30 03:20:31.146 -05:00 [DBG] Heartbeat RISKWARDEN
2026-07-30 03:21:31.146 -05:00 [DBG] Heartbeat SYNAPSE
2026-07-30 03:21:31.146 -05:00 [DBG] Heartbeat TRADEWEAVER
2026-07-30 03:21:31.146 -05:00 [DBG] Heartbeat CASEBLADE
2026-07-30 03:21:31.146 -05:00 [DBG] Heartbeat PROX
2026-07-30 03:21:31.146 -05:00 [DBG] Heartbeat SENTINEL
2026-07-30 03:21:31.146 -05:00 [DBG] Heartbeat MARKETSCRYER
2026-07-30 03:21:31.146 -05:00 [DBG] Heartbeat SIGNALFORGE
2026-07-30 03:21:31.146 -05:00 [DBG] Heartbeat ORACLEVAULT
2026-07-30 03:21:31.146 -05:00 [DBG] Heartbeat RISKWARDEN
2026-07-30 03:22:24.928 -05:00 [INF] PC health: C: 77.4% used, 10 recent errors
2026-07-30 03:22:31.146 -05:00 [DBG] Heartbeat SYNAPSE
2026-07-30 03:22:31.146 -05:00 [DBG] Heartbeat TRADEWEAVER
2026-07-30 03:22:31.146 -05:00 [DBG] Heartbeat CASEBLADE
2026-07-30 03:22:31.146 -05:00 [DBG] Heartbeat PROX
2026-07-30 03:22:31.146 -05:00 [DBG] Heartbeat SENTINEL
2026-07-30 03:22:31.146 -05:00 [DBG] Heartbeat MARKETSCRYER
2026-07-30 03:22:31.146 -05:00 [DBG] Heartbeat SIGNALFORGE
2026-07-30 03:22:31.146 -05:00 [DBG] Heartbeat ORACLEVAULT
2026-07-30 03:22:31.146 -05:00 [DBG] Heartbeat RISKWARDEN
2026-07-30 03:23:31.146 -05:00 [DBG] Heartbeat SYNAPSE
2026-07-30 03:23:31.146 -05:00 [DBG] Heartbeat TRADEWEAVER
2026-07-30 03:23:31.146 -05:00 [DBG] Heartbeat CASEBLADE
2026-07-30 03:23:31.146 -05:00 [DBG] Heartbeat PROX
2026-07-30 03:23:31.146 -05:00 [DBG] Heartbeat SENTINEL
2026-07-30 03:23:31.146 -05:00 [DBG] Heartbeat MARKETSCRYER
2026-07-30 03:23:31.146 -05:00 [DBG] Heartbeat SIGNALFORGE
2026-07-30 03:23:31.146 -05:00 [DBG] Heartbeat ORACLEVAULT
2026-07-30 03:23:31.146 -05:00 [DBG] Heartbeat RISKWARDEN
2026-07-30 03:24:31.146 -05:00 [DBG] Heartbeat SYNAPSE
2026-07-30 03:24:31.146 -05:00 [DBG] Heartbeat TRADEWEAVER
2026-07-30 03:24:31.146 -05:00 [DBG] Heartbeat CASEBLADE
2026-07-30 03:24:31.146 -05:00 [DBG] Heartbeat PROX
2026-07-30 03:24:31.146 -05:00 [DBG] Heartbeat SENTINEL
2026-07-30 03:24:31.146 -05:00 [DBG] Heartbeat MARKETSCRYER
2026-07-30 03:24:31.146 -05:00 [DBG] Heartbeat SIGNALFORGE
2026-07-30 03:24:31.146 -05:00 [DBG] Heartbeat ORACLEVAULT
2026-07-30 03:24:31.146 -05:00 [DBG] Heartbeat RISKWARDEN
2026-07-30 03:25:31.146 -05:00 [DBG] Heartbeat SYNAPSE
2026-07-30 03:25:31.146 -05:00 [DBG] Heartbeat TRADEWEAVER
2026-07-30 03:25:31.146 -05:00 [DBG] Heartbeat CASEBLADE
2026-07-30 03:25:31.146 -05:00 [DBG] Heartbeat PROX
2026-07-30 03:25:31.146 -05:00 [DBG] Heartbeat SENTINEL
2026-07-30 03:25:31.146 -05:00 [DBG] Heartbeat MARKETSCRYER
2026-07-30 03:25:31.146 -05:00 [DBG] Heartbeat SIGNALFORGE
2026-07-30 03:25:31.146 -05:00 [DBG] Heartbeat ORACLEVAULT
2026-07-30 03:25:31.146 -05:00 [DBG] Heartbeat RISKWARDEN
2026-07-30 03:26:31.147 -05:00 [DBG] Heartbeat SYNAPSE
2026-07-30 03:26:31.147 -05:00 [DBG] Heartbeat TRADEWEAVER
2026-07-30 03:26:31.147 -05:00 [DBG] Heartbeat CASEBLADE
2026-07-30 03:26:31.147 -05:00 [DBG] Heartbeat PROX
2026-07-30 03:26:31.147 -05:00 [DBG] Heartbeat SENTINEL
2026-07-30 03:26:31.147 -05:00 [DBG] Heartbeat MARKETSCRYER
2026-07-30 03:26:31.147 -05:00 [DBG] Heartbeat SIGNALFORGE
2026-07-30 03:26:31.147 -05:00 [DBG] Heartbeat ORACLEVAULT
2026-07-30 03:26:31.147 -05:00 [DBG] Heartbeat RISKWARDEN
2026-07-30 03:27:31.146 -05:00 [DBG] Heartbeat SYNAPSE
2026-07-30 03:27:31.146 -05:00 [DBG] Heartbeat TRADEWEAVER
2026-07-30 03:27:31.146 -05:00 [DBG] Heartbeat CASEBLADE
2026-07-30 03:27:31.146 -05:00 [DBG] Heartbeat PROX
2026-07-30 03:27:31.146 -05:00 [DBG] Heartbeat SENTINEL
2026-07-30 03:27:31.146 -05:00 [DBG] Heartbeat MARKETSCRYER
2026-07-30 03:27:31.146 -05:00 [DBG] Heartbeat SIGNALFORGE
2026-07-30 03:27:31.146 -05:00 [DBG] Heartbeat ORACLEVAULT
2026-07-30 03:27:31.146 -05:00 [DBG] Heartbeat RISKWARDEN
2026-07-30 03:27:38.325 -05:00 [INF] PC health: C: 77.4% used, 10 recent errors
2026-07-30 03:28:31.146 -05:00 [DBG] Heartbeat SYNAPSE
2026-07-30 03:28:31.146 -05:00 [DBG] Heartbeat TRADEWEAVER
2026-07-30 03:28:31.146 -05:00 [DBG] Heartbeat CASEBLADE
2026-07-30 03:28:31.146 -05:00 [DBG] Heartbeat PROX
2026-07-30 03:28:31.146 -05:00 [DBG] Heartbeat SENTINEL
2026-07-30 03:28:31.146 -05:00 [DBG] Heartbeat MARKETSCRYER
2026-07-30 03:28:31.146 -05:00 [DBG] Heartbeat SIGNALFORGE
2026-07-30 03:28:31.146 -05:00 [DBG] Heartbeat ORACLEVAULT
2026-07-30 03:28:31.146 -05:00 [DBG] Heartbeat RISKWARDEN
2026-07-30 03:29:31.147 -05:00 [DBG] Heartbeat SYNAPSE
2026-07-30 03:29:31.147 -05:00 [DBG] Heartbeat TRADEWEAVER
2026-07-30 03:29:31.147 -05:00 [DBG] Heartbeat CASEBLADE
2026-07-30 03:29:31.147 -05:00 [DBG] Heartbeat PROX
2026-07-30 03:29:31.147 -05:00 [DBG] Heartbeat SENTINEL
2026-07-30 03:29:31.147 -05:00 [DBG] Heartbeat MARKETSCRYER
2026-07-30 03:29:31.147 -05:00 [DBG] Heartbeat SIGNALFORGE
2026-07-30 03:29:31.147 -05:00 [DBG] Heartbeat ORACLEVAULT
2026-07-30 03:29:31.147 -05:00 [DBG] Heartbeat RISKWARDEN
2026-07-30 03:30:31.147 -05:00 [DBG] Heartbeat SYNAPSE
2026-07-30 03:30:31.147 -05:00 [DBG] Heartbeat TRADEWEAVER
2026-07-30 03:30:31.147 -05:00 [DBG] Heartbeat CASEBLADE
2026-07-30 03:30:31.147 -05:00 [DBG] Heartbeat PROX
2026-07-30 03:30:31.147 -05:00 [DBG] Heartbeat SENTINEL
2026-07-30 03:30:31.147 -05:00 [DBG] Heartbeat MARKETSCRYER
2026-07-30 03:30:31.147 -05:00 [DBG] Heartbeat SIGNALFORGE
2026-07-30 03:30:31.147 -05:00 [DBG] Heartbeat ORACLEVAULT
2026-07-30 03:30:31.147 -05:00 [DBG] Heartbeat RISKWARDEN
2026-07-30 03:31:31.148 -05:00 [DBG] Heartbeat SYNAPSE
2026-07-30 03:31:31.148 -05:00 [DBG] Heartbeat TRADEWEAVER
2026-07-30 03:31:31.148 -05:00 [DBG] Heartbeat CASEBLADE
2026-07-30 03:31:31.148 -05:00 [DBG] Heartbeat PROX
2026-07-30 03:31:31.148 -05:00 [DBG] Heartbeat SENTINEL
2026-07-30 03:31:31.148 -05:00 [DBG] Heartbeat MARKETSCRYER
2026-07-30 03:31:31.148 -05:00 [DBG] Heartbeat SIGNALFORGE
2026-07-30 03:31:31.148 -05:00 [DBG] Heartbeat ORACLEVAULT
2026-07-30 03:31:31.148 -05:00 [DBG] Heartbeat RISKWARDEN
2026-07-30 03:32:31.148 -05:00 [DBG] Heartbeat SYNAPSE
2026-07-30 03:32:31.148 -05:00 [DBG] Heartbeat TRADEWEAVER
2026-07-30 03:32:31.148 -05:00 [DBG] Heartbeat CASEBLADE
2026-07-30 03:32:31.148 -05:00 [DBG] Heartbeat PROX
2026-07-30 03:32:31.148 -05:00 [DBG] Heartbeat SENTINEL
2026-07-30 03:32:31.148 -05:00 [DBG] Heartbeat MARKETSCRYER
2026-07-30 03:32:31.148 -05:00 [DBG] Heartbeat SIGNALFORGE
2026-07-30 03:32:31.148 -05:00 [DBG] Heartbeat ORACLEVAULT
2026-07-30 03:32:31.148 -05:00 [DBG] Heartbeat RISKWARDEN
2026-07-30 03:32:51.734 -05:00 [INF] PC health: C: 77.4% used, 10 recent errors
2026-07-30 03:33:31.149 -05:00 [DBG] Heartbeat SYNAPSE
2026-07-30 03:33:31.149 -05:00 [DBG] Heartbeat TRADEWEAVER
2026-07-30 03:33:31.149 -05:00 [DBG] Heartbeat CASEBLADE
2026-07-30 03:33:31.149 -05:00 [DBG] Heartbeat PROX
2026-07-30 03:33:31.149 -05:00 [DBG] Heartbeat SENTINEL
2026-07-30 03:33:31.149 -05:00 [DBG] Heartbeat MARKETSCRYER
2026-07-30 03:33:31.149 -05:00 [DBG] Heartbeat SIGNALFORGE
2026-07-30 03:33:31.149 -05:00 [DBG] Heartbeat ORACLEVAULT
2026-07-30 03:33:31.149 -05:00 [DBG] Heartbeat RISKWARDEN
2026-07-30 03:34:31.150 -05:00 [DBG] Heartbeat SYNAPSE
2026-07-30 03:34:31.150 -05:00 [DBG] Heartbeat TRADEWEAVER
2026-07-30 03:34:31.150 -05:00 [DBG] Heartbeat CASEBLADE
2026-07-30 03:34:31.150 -05:00 [DBG] Heartbeat PROX
2026-07-30 03:34:31.150 -05:00 [DBG] Heartbeat SENTINEL
2026-07-30 03:34:31.150 -05:00 [DBG] Heartbeat MARKETSCRYER
2026-07-30 03:34:31.150 -05:00 [DBG] Heartbeat SIGNALFORGE
2026-07-30 03:34:31.150 -05:00 [DBG] Heartbeat ORACLEVAULT
2026-07-30 03:34:31.150 -05:00 [DBG] Heartbeat RISKWARDEN
2026-07-30 03:35:31.150 -05:00 [DBG] Heartbeat SYNAPSE
2026-07-30 03:35:31.150 -05:00 [DBG] Heartbeat TRADEWEAVER
2026-07-30 03:35:31.150 -05:00 [DBG] Heartbeat CASEBLADE
2026-07-30 03:35:31.150 -05:00 [DBG] Heartbeat PROX
2026-07-30 03:35:31.150 -05:00 [DBG] Heartbeat SENTINEL
2026-07-30 03:35:31.150 -05:00 [DBG] Heartbeat MARKETSCRYER
2026-07-30 03:35:31.150 -05:00 [DBG] Heartbeat SIGNALFORGE
2026-07-30 03:35:31.150 -05:00 [DBG] Heartbeat ORACLEVAULT
2026-07-30 03:35:31.150 -05:00 [DBG] Heartbeat RISKWARDEN
2026-07-30 03:36:31.150 -05:00 [DBG] Heartbeat SYNAPSE
2026-07-30 03:36:31.150 -05:00 [DBG] Heartbeat TRADEWEAVER
2026-07-30 03:36:31.150 -05:00 [DBG] Heartbeat CASEBLADE
2026-07-30 03:36:31.150 -05:00 [DBG] Heartbeat PROX
2026-07-30 03:36:31.150 -05:00 [DBG] Heartbeat SENTINEL
2026-07-30 03:36:31.150 -05:00 [DBG] Heartbeat MARKETSCRYER
2026-07-30 03:36:31.150 -05:00 [DBG] Heartbeat SIGNALFORGE
2026-07-30 03:36:31.150 -05:00 [DBG] Heartbeat ORACLEVAULT
2026-07-30 03:36:31.150 -05:00 [DBG] Heartbeat RISKWARDEN
2026-07-30 03:37:31.150 -05:00 [DBG] Heartbeat SYNAPSE
2026-07-30 03:37:31.150 -05:00 [DBG] Heartbeat TRADEWEAVER
2026-07-30 03:37:31.150 -05:00 [DBG] Heartbeat CASEBLADE
2026-07-30 03:37:31.150 -05:00 [DBG] Heartbeat PROX
2026-07-30 03:37:31.150 -05:00 [DBG] Heartbeat SENTINEL
2026-07-30 03:37:31.150 -05:00 [DBG] Heartbeat MARKETSCRYER
2026-07-30 03:37:31.150 -05:00 [DBG] Heartbeat SIGNALFORGE
2026-07-30 03:37:31.150 -05:00 [DBG] Heartbeat ORACLEVAULT
2026-07-30 03:37:31.150 -05:00 [DBG] Heartbeat RISKWARDEN
2026-07-30 03:38:05.143 -05:00 [INF] PC health: C: 77.4% used, 10 recent errors
2026-07-30 03:38:31.151 -05:00 [DBG] Heartbeat SYNAPSE
2026-07-30 03:38:31.151 -05:00 [DBG] Heartbeat TRADEWEAVER
2026-07-30 03:38:31.151 -05:00 [DBG] Heartbeat CASEBLADE
2026-07-30 03:38:31.151 -05:00 [DBG] Heartbeat PROX
2026-07-30 03:38:31.151 -05:00 [DBG] Heartbeat SENTINEL
2026-07-30 03:38:31.151 -05:00 [DBG] Heartbeat MARKETSCRYER
2026-07-30 03:38:31.151 -05:00 [DBG] Heartbeat SIGNALFORGE
2026-07-30 03:38:31.151 -05:00 [DBG] Heartbeat ORACLEVAULT
2026-07-30 03:38:31.151 -05:00 [DBG] Heartbeat RISKWARDEN
2026-07-30 03:39:31.152 -05:00 [DBG] Heartbeat SYNAPSE
2026-07-30 03:39:31.152 -05:00 [DBG] Heartbeat TRADEWEAVER
2026-07-30 03:39:31.152 -05:00 [DBG] Heartbeat CASEBLADE
2026-07-30 03:39:31.152 -05:00 [DBG] Heartbeat PROX
2026-07-30 03:39:31.152 -05:00 [DBG] Heartbeat SENTINEL
2026-07-30 03:39:31.152 -05:00 [DBG] Heartbeat MARKETSCRYER
2026-07-30 03:39:31.152 -05:00 [DBG] Heartbeat SIGNALFORGE
2026-07-30 03:39:31.152 -05:00 [DBG] Heartbeat ORACLEVAULT
2026-07-30 03:39:31.152 -05:00 [DBG] Heartbeat RISKWARDEN
2026-07-30 03:40:31.151 -05:00 [DBG] Heartbeat SYNAPSE
2026-07-30 03:40:31.151 -05:00 [DBG] Heartbeat TRADEWEAVER
2026-07-30 03:40:31.151 -05:00 [DBG] Heartbeat CASEBLADE
2026-07-30 03:40:31.151 -05:00 [DBG] Heartbeat PROX
2026-07-30 03:40:31.151 -05:00 [DBG] Heartbeat SENTINEL
2026-07-30 03:40:31.151 -05:00 [DBG] Heartbeat MARKETSCRYER
2026-07-30 03:40:31.151 -05:00 [DBG] Heartbeat SIGNALFORGE
2026-07-30 03:40:31.151 -05:00 [DBG] Heartbeat ORACLEVAULT
2026-07-30 03:40:31.151 -05:00 [DBG] Heartbeat RISKWARDEN
2026-07-30 03:41:31.152 -05:00 [DBG] Heartbeat SYNAPSE
2026-07-30 03:41:31.152 -05:00 [DBG] Heartbeat TRADEWEAVER
2026-07-30 03:41:31.152 -05:00 [DBG] Heartbeat CASEBLADE
2026-07-30 03:41:31.152 -05:00 [DBG] Heartbeat PROX
2026-07-30 03:41:31.152 -05:00 [DBG] Heartbeat SENTINEL
2026-07-30 03:41:31.152 -05:00 [DBG] Heartbeat MARKETSCRYER
2026-07-30 03:41:31.152 -05:00 [DBG] Heartbeat SIGNALFORGE
2026-07-30 03:41:31.152 -05:00 [DBG] Heartbeat ORACLEVAULT
2026-07-30 03:41:31.152 -05:00 [DBG] Heartbeat RISKWARDEN
2026-07-30 03:42:31.152 -05:00 [DBG] Heartbeat SYNAPSE
2026-07-30 03:42:31.152 -05:00 [DBG] Heartbeat TRADEWEAVER
2026-07-30 03:42:31.152 -05:00 [DBG] Heartbeat CASEBLADE
2026-07-30 03:42:31.152 -05:00 [DBG] Heartbeat PROX
2026-07-30 03:42:31.152 -05:00 [DBG] Heartbeat SENTINEL
2026-07-30 03:42:31.152 -05:00 [DBG] Heartbeat MARKETSCRYER
2026-07-30 03:42:31.152 -05:00 [DBG] Heartbeat SIGNALFORGE
2026-07-30 03:42:31.152 -05:00 [DBG] Heartbeat ORACLEVAULT
2026-07-30 03:42:31.152 -05:00 [DBG] Heartbeat RISKWARDEN
2026-07-30 03:43:18.396 -05:00 [INF] PC health: C: 77.4% used, 10 recent errors
2026-07-30 03:43:31.152 -05:00 [DBG] Heartbeat SYNAPSE
2026-07-30 03:43:31.152 -05:00 [DBG] Heartbeat TRADEWEAVER
2026-07-30 03:43:31.152 -05:00 [DBG] Heartbeat CASEBLADE
2026-07-30 03:43:31.152 -05:00 [DBG] Heartbeat PROX
2026-07-30 03:43:31.152 -05:00 [DBG] Heartbeat SENTINEL
2026-07-30 03:43:31.152 -05:00 [DBG] Heartbeat MARKETSCRYER
2026-07-30 03:43:31.152 -05:00 [DBG] Heartbeat SIGNALFORGE
2026-07-30 03:43:31.152 -05:00 [DBG] Heartbeat ORACLEVAULT
2026-07-30 03:43:31.152 -05:00 [DBG] Heartbeat RISKWARDEN
2026-07-30 03:44:31.153 -05:00 [DBG] Heartbeat SYNAPSE
2026-07-30 03:44:31.153 -05:00 [DBG] Heartbeat TRADEWEAVER
2026-07-30 03:44:31.153 -05:00 [DBG] Heartbeat CASEBLADE
2026-07-30 03:44:31.153 -05:00 [DBG] Heartbeat PROX
2026-07-30 03:44:31.153 -05:00 [DBG] Heartbeat SENTINEL
2026-07-30 03:44:31.153 -05:00 [DBG] Heartbeat MARKETSCRYER
2026-07-30 03:44:31.153 -05:00 [DBG] Heartbeat SIGNALFORGE
2026-07-30 03:44:31.153 -05:00 [DBG] Heartbeat ORACLEVAULT
2026-07-30 03:44:31.153 -05:00 [DBG] Heartbeat RISKWARDEN
2026-07-30 03:45:31.153 -05:00 [DBG] Heartbeat SYNAPSE
2026-07-30 03:45:31.153 -05:00 [DBG] Heartbeat TRADEWEAVER
2026-07-30 03:45:31.153 -05:00 [DBG] Heartbeat CASEBLADE
2026-07-30 03:45:31.153 -05:00 [DBG] Heartbeat PROX
2026-07-30 03:45:31.153 -05:00 [DBG] Heartbeat SENTINEL
2026-07-30 03:45:31.153 -05:00 [DBG] Heartbeat MARKETSCRYER
2026-07-30 03:45:31.153 -05:00 [DBG] Heartbeat SIGNALFORGE
2026-07-30 03:45:31.153 -05:00 [DBG] Heartbeat ORACLEVAULT
2026-07-30 03:45:31.153 -05:00 [DBG] Heartbeat RISKWARDEN
2026-07-30 03:46:31.153 -05:00 [DBG] Heartbeat SYNAPSE
2026-07-30 03:46:31.154 -05:00 [DBG] Heartbeat TRADEWEAVER
2026-07-30 03:46:31.154 -05:00 [DBG] Heartbeat CASEBLADE
2026-07-30 03:46:31.154 -05:00 [DBG] Heartbeat PROX
2026-07-30 03:46:31.154 -05:00 [DBG] Heartbeat SENTINEL
2026-07-30 03:46:31.154 -05:00 [DBG] Heartbeat MARKETSCRYER
2026-07-30 03:46:31.154 -05:00 [DBG] Heartbeat SIGNALFORGE
2026-07-30 03:46:31.154 -05:00 [DBG] Heartbeat ORACLEVAULT
2026-07-30 03:46:31.154 -05:00 [DBG] Heartbeat RISKWARDEN
2026-07-30 03:47:31.154 -05:00 [DBG] Heartbeat SYNAPSE
2026-07-30 03:47:31.154 -05:00 [DBG] Heartbeat TRADEWEAVER
2026-07-30 03:47:31.154 -05:00 [DBG] Heartbeat CASEBLADE
2026-07-30 03:47:31.154 -05:00 [DBG] Heartbeat PROX
2026-07-30 03:47:31.154 -05:00 [DBG] Heartbeat SENTINEL
2026-07-30 03:47:31.154 -05:00 [DBG] Heartbeat MARKETSCRYER
2026-07-30 03:47:31.154 -05:00 [DBG] Heartbeat SIGNALFORGE
2026-07-30 03:47:31.154 -05:00 [DBG] Heartbeat ORACLEVAULT
2026-07-30 03:47:31.154 -05:00 [DBG] Heartbeat RISKWARDEN
2026-07-30 03:48:31.154 -05:00 [DBG] Heartbeat SYNAPSE
2026-07-30 03:48:31.154 -05:00 [DBG] Heartbeat TRADEWEAVER
2026-07-30 03:48:31.154 -05:00 [DBG] Heartbeat CASEBLADE
2026-07-30 03:48:31.154 -05:00 [DBG] Heartbeat PROX
2026-07-30 03:48:31.154 -05:00 [DBG] Heartbeat SENTINEL
2026-07-30 03:48:31.154 -05:00 [DBG] Heartbeat MARKETSCRYER
2026-07-30 03:48:31.154 -05:00 [DBG] Heartbeat SIGNALFORGE
2026-07-30 03:48:31.154 -05:00 [DBG] Heartbeat ORACLEVAULT
2026-07-30 03:48:31.154 -05:00 [DBG] Heartbeat RISKWARDEN
2026-07-30 03:48:32.150 -05:00 [INF] PC health: C: 77.4% used, 10 recent errors
2026-07-30 03:49:31.154 -05:00 [DBG] Heartbeat SYNAPSE
2026-07-30 03:49:31.154 -05:00 [DBG] Heartbeat TRADEWEAVER
2026-07-30 03:49:31.154 -05:00 [DBG] Heartbeat CASEBLADE
2026-07-30 03:49:31.154 -05:00 [DBG] Heartbeat PROX
2026-07-30 03:49:31.154 -05:00 [DBG] Heartbeat SENTINEL
2026-07-30 03:49:31.154 -05:00 [DBG] Heartbeat MARKETSCRYER
2026-07-30 03:49:31.154 -05:00 [DBG] Heartbeat SIGNALFORGE
2026-07-30 03:49:31.154 -05:00 [DBG] Heartbeat ORACLEVAULT
2026-07-30 03:49:31.154 -05:00 [DBG] Heartbeat RISKWARDEN
2026-07-30 03:50:31.153 -05:00 [DBG] Heartbeat SYNAPSE
2026-07-30 03:50:31.153 -05:00 [DBG] Heartbeat TRADEWEAVER
2026-07-30 03:50:31.153 -05:00 [DBG] Heartbeat CASEBLADE
2026-07-30 03:50:31.153 -05:00 [DBG] Heartbeat PROX
2026-07-30 03:50:31.153 -05:00 [DBG] Heartbeat SENTINEL
2026-07-30 03:50:31.153 -05:00 [DBG] Heartbeat MARKETSCRYER
2026-07-30 03:50:31.153 -05:00 [DBG] Heartbeat SIGNALFORGE
2026-07-30 03:50:31.153 -05:00 [DBG] Heartbeat ORACLEVAULT
2026-07-30 03:50:31.153 -05:00 [DBG] Heartbeat RISKWARDEN
2026-07-30 03:51:31.153 -05:00 [DBG] Heartbeat SYNAPSE
2026-07-30 03:51:31.153 -05:00 [DBG] Heartbeat TRADEWEAVER
2026-07-30 03:51:31.153 -05:00 [DBG] Heartbeat CASEBLADE
2026-07-30 03:51:31.153 -05:00 [DBG] Heartbeat PROX
2026-07-30 03:51:31.153 -05:00 [DBG] Heartbeat SENTINEL
2026-07-30 03:51:31.153 -05:00 [DBG] Heartbeat MARKETSCRYER
2026-07-30 03:51:31.153 -05:00 [DBG] Heartbeat SIGNALFORGE
2026-07-30 03:51:31.153 -05:00 [DBG] Heartbeat ORACLEVAULT
2026-07-30 03:51:31.153 -05:00 [DBG] Heartbeat RISKWARDEN
2026-07-30 03:52:31.153 -05:00 [DBG] Heartbeat SYNAPSE
2026-07-30 03:52:31.153 -05:00 [DBG] Heartbeat TRADEWEAVER
2026-07-30 03:52:31.153 -05:00 [DBG] Heartbeat CASEBLADE
2026-07-30 03:52:31.153 -05:00 [DBG] Heartbeat PROX
2026-07-30 03:52:31.153 -05:00 [DBG] Heartbeat SENTINEL
2026-07-30 03:52:31.153 -05:00 [DBG] Heartbeat MARKETSCRYER
2026-07-30 03:52:31.153 -05:00 [DBG] Heartbeat SIGNALFORGE
2026-07-30 03:52:31.153 -05:00 [DBG] Heartbeat ORACLEVAULT
2026-07-30 03:52:31.153 -05:00 [DBG] Heartbeat RISKWARDEN
2026-07-30 03:53:31.154 -05:00 [DBG] Heartbeat SYNAPSE
2026-07-30 03:53:31.154 -05:00 [DBG] Heartbeat TRADEWEAVER
2026-07-30 03:53:31.154 -05:00 [DBG] Heartbeat CASEBLADE
2026-07-30 03:53:31.154 -05:00 [DBG] Heartbeat PROX
2026-07-30 03:53:31.154 -05:00 [DBG] Heartbeat SENTINEL
2026-07-30 03:53:31.154 -05:00 [DBG] Heartbeat MARKETSCRYER
2026-07-30 03:53:31.154 -05:00 [DBG] Heartbeat SIGNALFORGE
2026-07-30 03:53:31.154 -05:00 [DBG] Heartbeat ORACLEVAULT
2026-07-30 03:53:31.154 -05:00 [DBG] Heartbeat RISKWARDEN
2026-07-30 03:53:45.512 -05:00 [INF] PC health: C: 77.4% used, 10 recent errors
2026-07-30 03:54:31.154 -05:00 [DBG] Heartbeat SYNAPSE
2026-07-30 03:54:31.154 -05:00 [DBG] Heartbeat TRADEWEAVER
2026-07-30 03:54:31.154 -05:00 [DBG] Heartbeat CASEBLADE
2026-07-30 03:54:31.154 -05:00 [DBG] Heartbeat PROX
2026-07-30 03:54:31.154 -05:00 [DBG] Heartbeat SENTINEL
2026-07-30 03:54:31.154 -05:00 [DBG] Heartbeat MARKETSCRYER
2026-07-30 03:54:31.154 -05:00 [DBG] Heartbeat SIGNALFORGE
2026-07-30 03:54:31.154 -05:00 [DBG] Heartbeat ORACLEVAULT
2026-07-30 03:54:31.154 -05:00 [DBG] Heartbeat RISKWARDEN
2026-07-30 03:55:31.154 -05:00 [DBG] Heartbeat SYNAPSE
2026-07-30 03:55:31.154 -05:00 [DBG] Heartbeat TRADEWEAVER
2026-07-30 03:55:31.154 -05:00 [DBG] Heartbeat CASEBLADE
2026-07-30 03:55:31.154 -05:00 [DBG] Heartbeat PROX
2026-07-30 03:55:31.154 -05:00 [DBG] Heartbeat SENTINEL
2026-07-30 03:55:31.154 -05:00 [DBG] Heartbeat MARKETSCRYER
2026-07-30 03:55:31.154 -05:00 [DBG] Heartbeat SIGNALFORGE
2026-07-30 03:55:31.154 -05:00 [DBG] Heartbeat ORACLEVAULT
2026-07-30 03:55:31.154 -05:00 [DBG] Heartbeat RISKWARDEN
2026-07-30 03:56:31.154 -05:00 [DBG] Heartbeat SYNAPSE
2026-07-30 03:56:31.154 -05:00 [DBG] Heartbeat TRADEWEAVER
2026-07-30 03:56:31.154 -05:00 [DBG] Heartbeat CASEBLADE
2026-07-30 03:56:31.154 -05:00 [DBG] Heartbeat PROX
2026-07-30 03:56:31.154 -05:00 [DBG] Heartbeat SENTINEL
2026-07-30 03:56:31.154 -05:00 [DBG] Heartbeat MARKETSCRYER
2026-07-30 03:56:31.154 -05:00 [DBG] Heartbeat SIGNALFORGE
2026-07-30 03:56:31.154 -05:00 [DBG] Heartbeat ORACLEVAULT
2026-07-30 03:56:31.154 -05:00 [DBG] Heartbeat RISKWARDEN
2026-07-30 03:57:31.155 -05:00 [DBG] Heartbeat SYNAPSE
2026-07-30 03:57:31.155 -05:00 [DBG] Heartbeat TRADEWEAVER
2026-07-30 03:57:31.155 -05:00 [DBG] Heartbeat CASEBLADE
2026-07-30 03:57:31.155 -05:00 [DBG] Heartbeat PROX
2026-07-30 03:57:31.155 -05:00 [DBG] Heartbeat SENTINEL
2026-07-30 03:57:31.155 -05:00 [DBG] Heartbeat MARKETSCRYER
2026-07-30 03:57:31.155 -05:00 [DBG] Heartbeat SIGNALFORGE
2026-07-30 03:57:31.155 -05:00 [DBG] Heartbeat ORACLEVAULT
2026-07-30 03:57:31.155 -05:00 [DBG] Heartbeat RISKWARDEN
2026-07-30 03:58:31.154 -05:00 [DBG] Heartbeat SYNAPSE
2026-07-30 03:58:31.154 -05:00 [DBG] Heartbeat TRADEWEAVER
2026-07-30 03:58:31.154 -05:00 [DBG] Heartbeat CASEBLADE
2026-07-30 03:58:31.154 -05:00 [DBG] Heartbeat PROX
2026-07-30 03:58:31.154 -05:00 [DBG] Heartbeat SENTINEL
2026-07-30 03:58:31.154 -05:00 [DBG] Heartbeat MARKETSCRYER
2026-07-30 03:58:31.154 -05:00 [DBG] Heartbeat SIGNALFORGE
2026-07-30 03:58:31.154 -05:00 [DBG] Heartbeat ORACLEVAULT
2026-07-30 03:58:31.154 -05:00 [DBG] Heartbeat RISKWARDEN
2026-07-30 03:58:58.890 -05:00 [INF] PC health: C: 77.4% used, 10 recent errors
2026-07-30 03:59:31.153 -05:00 [DBG] Heartbeat SYNAPSE
2026-07-30 03:59:31.154 -05:00 [DBG] Heartbeat TRADEWEAVER
2026-07-30 03:59:31.154 -05:00 [DBG] Heartbeat CASEBLADE
2026-07-30 03:59:31.154 -05:00 [DBG] Heartbeat PROX
2026-07-30 03:59:31.154 -05:00 [DBG] Heartbeat SENTINEL
2026-07-30 03:59:31.154 -05:00 [DBG] Heartbeat MARKETSCRYER
2026-07-30 03:59:31.154 -05:00 [DBG] Heartbeat SIGNALFORGE
2026-07-30 03:59:31.154 -05:00 [DBG] Heartbeat ORACLEVAULT
2026-07-30 03:59:31.154 -05:00 [DBG] Heartbeat RISKWARDEN
2026-07-30 04:00:31.154 -05:00 [DBG] Heartbeat SYNAPSE
2026-07-30 04:00:31.154 -05:00 [DBG] Heartbeat TRADEWEAVER
2026-07-30 04:00:31.154 -05:00 [DBG] Heartbeat CASEBLADE
2026-07-30 04:00:31.154 -05:00 [DBG] Heartbeat PROX
2026-07-30 04:00:31.154 -05:00 [DBG] Heartbeat SENTINEL
2026-07-30 04:00:31.154 -05:00 [DBG] Heartbeat MARKETSCRYER
2026-07-30 04:00:31.154 -05:00 [DBG] Heartbeat SIGNALFORGE
2026-07-30 04:00:31.154 -05:00 [DBG] Heartbeat ORACLEVAULT
2026-07-30 04:00:31.154 -05:00 [DBG] Heartbeat RISKWARDEN
2026-07-30 04:01:31.153 -05:00 [DBG] Heartbeat SYNAPSE
2026-07-30 04:01:31.153 -05:00 [DBG] Heartbeat TRADEWEAVER
2026-07-30 04:01:31.153 -05:00 [DBG] Heartbeat CASEBLADE
2026-07-30 04:01:31.153 -05:00 [DBG] Heartbeat PROX
2026-07-30 04:01:31.153 -05:00 [DBG] Heartbeat SENTINEL
2026-07-30 04:01:31.153 -05:00 [DBG] Heartbeat MARKETSCRYER
2026-07-30 04:01:31.153 -05:00 [DBG] Heartbeat SIGNALFORGE
2026-07-30 04:01:31.153 -05:00 [DBG] Heartbeat ORACLEVAULT
2026-07-30 04:01:31.153 -05:00 [DBG] Heartbeat RISKWARDEN
2026-07-30 04:02:31.153 -05:00 [DBG] Heartbeat SYNAPSE
2026-07-30 04:02:31.154 -05:00 [DBG] Heartbeat TRADEWEAVER
2026-07-30 04:02:31.154 -05:00 [DBG] Heartbeat CASEBLADE
2026-07-30 04:02:31.154 -05:00 [DBG] Heartbeat PROX
2026-07-30 04:02:31.154 -05:00 [DBG] Heartbeat SENTINEL
2026-07-30 04:02:31.154 -05:00 [DBG] Heartbeat MARKETSCRYER
2026-07-30 04:02:31.154 -05:00 [DBG] Heartbeat SIGNALFORGE
2026-07-30 04:02:31.154 -05:00 [DBG] Heartbeat ORACLEVAULT
2026-07-30 04:02:31.154 -05:00 [DBG] Heartbeat RISKWARDEN
2026-07-30 04:03:31.154 -05:00 [DBG] Heartbeat SYNAPSE
2026-07-30 04:03:31.154 -05:00 [DBG] Heartbeat TRADEWEAVER
2026-07-30 04:03:31.154 -05:00 [DBG] Heartbeat CASEBLADE
2026-07-30 04:03:31.154 -05:00 [DBG] Heartbeat PROX
2026-07-30 04:03:31.154 -05:00 [DBG] Heartbeat SENTINEL
2026-07-30 04:03:31.154 -05:00 [DBG] Heartbeat MARKETSCRYER
2026-07-30 04:03:31.154 -05:00 [DBG] Heartbeat SIGNALFORGE
2026-07-30 04:03:31.154 -05:00 [DBG] Heartbeat ORACLEVAULT
2026-07-30 04:03:31.154 -05:00 [DBG] Heartbeat RISKWARDEN
2026-07-30 04:04:12.155 -05:00 [INF] PC health: C: 77.4% used, 10 recent errors
2026-07-30 04:04:31.154 -05:00 [DBG] Heartbeat SYNAPSE
2026-07-30 04:04:31.154 -05:00 [DBG] Heartbeat TRADEWEAVER
2026-07-30 04:04:31.154 -05:00 [DBG] Heartbeat CASEBLADE
2026-07-30 04:04:31.154 -05:00 [DBG] Heartbeat PROX
2026-07-30 04:04:31.154 -05:00 [DBG] Heartbeat SENTINEL
2026-07-30 04:04:31.154 -05:00 [DBG] Heartbeat MARKETSCRYER
2026-07-30 04:04:31.154 -05:00 [DBG] Heartbeat SIGNALFORGE
2026-07-30 04:04:31.154 -05:00 [DBG] Heartbeat ORACLEVAULT
2026-07-30 04:04:31.154 -05:00 [DBG] Heartbeat RISKWARDEN
2026-07-30 04:05:31.153 -05:00 [DBG] Heartbeat SYNAPSE
2026-07-30 04:05:31.153 -05:00 [DBG] Heartbeat TRADEWEAVER
2026-07-30 04:05:31.153 -05:00 [DBG] Heartbeat CASEBLADE
2026-07-30 04:05:31.153 -05:00 [DBG] Heartbeat PROX
2026-07-30 04:05:31.153 -05:00 [DBG] Heartbeat SENTINEL
2026-07-30 04:05:31.153 -05:00 [DBG] Heartbeat MARKETSCRYER
2026-07-30 04:05:31.153 -05:00 [DBG] Heartbeat SIGNALFORGE
2026-07-30 04:05:31.153 -05:00 [DBG] Heartbeat ORACLEVAULT
2026-07-30 04:05:31.153 -05:00 [DBG] Heartbeat RISKWARDEN
2026-07-30 04:06:31.154 -05:00 [DBG] Heartbeat SYNAPSE
2026-07-30 04:06:31.154 -05:00 [DBG] Heartbeat TRADEWEAVER
2026-07-30 04:06:31.154 -05:00 [DBG] Heartbeat CASEBLADE
2026-07-30 04:06:31.154 -05:00 [DBG] Heartbeat PROX
2026-07-30 04:06:31.154 -05:00 [DBG] Heartbeat SENTINEL
2026-07-30 04:06:31.154 -05:00 [DBG] Heartbeat MARKETSCRYER
2026-07-30 04:06:31.154 -05:00 [DBG] Heartbeat SIGNALFORGE
2026-07-30 04:06:31.154 -05:00 [DBG] Heartbeat ORACLEVAULT
2026-07-30 04:06:31.154 -05:00 [DBG] Heartbeat RISKWARDEN
2026-07-30 04:07:31.154 -05:00 [DBG] Heartbeat SYNAPSE
2026-07-30 04:07:31.154 -05:00 [DBG] Heartbeat TRADEWEAVER
2026-07-30 04:07:31.154 -05:00 [DBG] Heartbeat CASEBLADE
2026-07-30 04:07:31.154 -05:00 [DBG] Heartbeat PROX
2026-07-30 04:07:31.154 -05:00 [DBG] Heartbeat SENTINEL
2026-07-30 04:07:31.154 -05:00 [DBG] Heartbeat MARKETSCRYER
2026-07-30 04:07:31.154 -05:00 [DBG] Heartbeat SIGNALFORGE
2026-07-30 04:07:31.154 -05:00 [DBG] Heartbeat ORACLEVAULT
2026-07-30 04:07:31.154 -05:00 [DBG] Heartbeat RISKWARDEN
2026-07-30 04:08:31.153 -05:00 [DBG] Heartbeat SYNAPSE
2026-07-30 04:08:31.153 -05:00 [DBG] Heartbeat TRADEWEAVER
2026-07-30 04:08:31.153 -05:00 [DBG] Heartbeat CASEBLADE
2026-07-30 04:08:31.153 -05:00 [DBG] Heartbeat PROX
2026-07-30 04:08:31.153 -05:00 [DBG] Heartbeat SENTINEL
2026-07-30 04:08:31.153 -05:00 [DBG] Heartbeat MARKETSCRYER
2026-07-30 04:08:31.153 -05:00 [DBG] Heartbeat SIGNALFORGE
2026-07-30 04:08:31.153 -05:00 [DBG] Heartbeat ORACLEVAULT
2026-07-30 04:08:31.153 -05:00 [DBG] Heartbeat RISKWARDEN
2026-07-30 04:09:25.624 -05:00 [INF] PC health: C: 77.4% used, 10 recent errors
2026-07-30 04:09:31.153 -05:00 [DBG] Heartbeat SYNAPSE
2026-07-30 04:09:31.153 -05:00 [DBG] Heartbeat TRADEWEAVER
2026-07-30 04:09:31.153 -05:00 [DBG] Heartbeat CASEBLADE
2026-07-30 04:09:31.153 -05:00 [DBG] Heartbeat PROX
2026-07-30 04:09:31.153 -05:00 [DBG] Heartbeat SENTINEL
2026-07-30 04:09:31.153 -05:00 [DBG] Heartbeat MARKETSCRYER
2026-07-30 04:09:31.153 -05:00 [DBG] Heartbeat SIGNALFORGE
2026-07-30 04:09:31.153 -05:00 [DBG] Heartbeat ORACLEVAULT
2026-07-30 04:09:31.153 -05:00 [DBG] Heartbeat RISKWARDEN
2026-07-30 04:10:31.153 -05:00 [DBG] Heartbeat SYNAPSE
2026-07-30 04:10:31.153 -05:00 [DBG] Heartbeat TRADEWEAVER
2026-07-30 04:10:31.153 -05:00 [DBG] Heartbeat CASEBLADE
2026-07-30 04:10:31.153 -05:00 [DBG] Heartbeat PROX
2026-07-30 04:10:31.153 -05:00 [DBG] Heartbeat SENTINEL
2026-07-30 04:10:31.153 -05:00 [DBG] Heartbeat MARKETSCRYER
2026-07-30 04:10:31.153 -05:00 [DBG] Heartbeat SIGNALFORGE
2026-07-30 04:10:31.153 -05:00 [DBG] Heartbeat ORACLEVAULT
2026-07-30 04:10:31.153 -05:00 [DBG] Heartbeat RISKWARDEN
2026-07-30 04:11:31.153 -05:00 [DBG] Heartbeat SYNAPSE
2026-07-30 04:11:31.153 -05:00 [DBG] Heartbeat TRADEWEAVER
2026-07-30 04:11:31.153 -05:00 [DBG] Heartbeat CASEBLADE
2026-07-30 04:11:31.153 -05:00 [DBG] Heartbeat PROX
2026-07-30 04:11:31.153 -05:00 [DBG] Heartbeat SENTINEL
2026-07-30 04:11:31.153 -05:00 [DBG] Heartbeat MARKETSCRYER
2026-07-30 04:11:31.153 -05:00 [DBG] Heartbeat SIGNALFORGE
2026-07-30 04:11:31.153 -05:00 [DBG] Heartbeat ORACLEVAULT
2026-07-30 04:11:31.153 -05:00 [DBG] Heartbeat RISKWARDEN
2026-07-30 04:12:31.153 -05:00 [DBG] Heartbeat SYNAPSE
2026-07-30 04:12:31.153 -05:00 [DBG] Heartbeat TRADEWEAVER
2026-07-30 04:12:31.153 -05:00 [DBG] Heartbeat CASEBLADE
2026-07-30 04:12:31.153 -05:00 [DBG] Heartbeat PROX
2026-07-30 04:12:31.153 -05:00 [DBG] Heartbeat SENTINEL
2026-07-30 04:12:31.153 -05:00 [DBG] Heartbeat MARKETSCRYER
2026-07-30 04:12:31.153 -05:00 [DBG] Heartbeat SIGNALFORGE
2026-07-30 04:12:31.153 -05:00 [DBG] Heartbeat ORACLEVAULT
2026-07-30 04:12:31.153 -05:00 [DBG] Heartbeat RISKWARDEN
2026-07-30 04:13:31.153 -05:00 [DBG] Heartbeat SYNAPSE
2026-07-30 04:13:31.153 -05:00 [DBG] Heartbeat TRADEWEAVER
2026-07-30 04:13:31.153 -05:00 [DBG] Heartbeat CASEBLADE
2026-07-30 04:13:31.153 -05:00 [DBG] Heartbeat PROX
2026-07-30 04:13:31.153 -05:00 [DBG] Heartbeat SENTINEL
2026-07-30 04:13:31.153 -05:00 [DBG] Heartbeat MARKETSCRYER
2026-07-30 04:13:31.153 -05:00 [DBG] Heartbeat SIGNALFORGE
2026-07-30 04:13:31.153 -05:00 [DBG] Heartbeat ORACLEVAULT
2026-07-30 04:13:31.153 -05:00 [DBG] Heartbeat RISKWARDEN
2026-07-30 04:14:31.153 -05:00 [DBG] Heartbeat SYNAPSE
2026-07-30 04:14:31.153 -05:00 [DBG] Heartbeat TRADEWEAVER
2026-07-30 04:14:31.153 -05:00 [DBG] Heartbeat CASEBLADE
2026-07-30 04:14:31.153 -05:00 [DBG] Heartbeat PROX
2026-07-30 04:14:31.153 -05:00 [DBG] Heartbeat SENTINEL
2026-07-30 04:14:31.153 -05:00 [DBG] Heartbeat MARKETSCRYER
2026-07-30 04:14:31.153 -05:00 [DBG] Heartbeat SIGNALFORGE
2026-07-30 04:14:31.153 -05:00 [DBG] Heartbeat ORACLEVAULT
2026-07-30 04:14:31.153 -05:00 [DBG] Heartbeat RISKWARDEN
2026-07-30 04:14:38.973 -05:00 [INF] PC health: C: 77.4% used, 7 recent errors
2026-07-30 04:15:31.153 -05:00 [DBG] Heartbeat SYNAPSE
2026-07-30 04:15:31.154 -05:00 [DBG] Heartbeat TRADEWEAVER
2026-07-30 04:15:31.154 -05:00 [DBG] Heartbeat CASEBLADE
2026-07-30 04:15:31.154 -05:00 [DBG] Heartbeat PROX
2026-07-30 04:15:31.154 -05:00 [DBG] Heartbeat SENTINEL
2026-07-30 04:15:31.154 -05:00 [DBG] Heartbeat MARKETSCRYER
2026-07-30 04:15:31.154 -05:00 [DBG] Heartbeat SIGNALFORGE
2026-07-30 04:15:31.154 -05:00 [DBG] Heartbeat ORACLEVAULT
2026-07-30 04:15:31.154 -05:00 [DBG] Heartbeat RISKWARDEN
2026-07-30 04:16:31.154 -05:00 [DBG] Heartbeat SYNAPSE
2026-07-30 04:16:31.154 -05:00 [DBG] Heartbeat TRADEWEAVER
2026-07-30 04:16:31.154 -05:00 [DBG] Heartbeat CASEBLADE
2026-07-30 04:16:31.154 -05:00 [DBG] Heartbeat PROX
2026-07-30 04:16:31.154 -05:00 [DBG] Heartbeat SENTINEL
2026-07-30 04:16:31.154 -05:00 [DBG] Heartbeat MARKETSCRYER
2026-07-30 04:16:31.154 -05:00 [DBG] Heartbeat SIGNALFORGE
2026-07-30 04:16:31.154 -05:00 [DBG] Heartbeat ORACLEVAULT
2026-07-30 04:16:31.154 -05:00 [DBG] Heartbeat RISKWARDEN
2026-07-30 04:17:31.154 -05:00 [DBG] Heartbeat SYNAPSE
2026-07-30 04:17:31.154 -05:00 [DBG] Heartbeat TRADEWEAVER
2026-07-30 04:17:31.154 -05:00 [DBG] Heartbeat CASEBLADE
2026-07-30 04:17:31.154 -05:00 [DBG] Heartbeat PROX
2026-07-30 04:17:31.154 -05:00 [DBG] Heartbeat SENTINEL
2026-07-30 04:17:31.154 -05:00 [DBG] Heartbeat MARKETSCRYER
2026-07-30 04:17:31.154 -05:00 [DBG] Heartbeat SIGNALFORGE
2026-07-30 04:17:31.154 -05:00 [DBG] Heartbeat ORACLEVAULT
2026-07-30 04:17:31.154 -05:00 [DBG] Heartbeat RISKWARDEN
2026-07-30 04:18:31.154 -05:00 [DBG] Heartbeat SYNAPSE
2026-07-30 04:18:31.154 -05:00 [DBG] Heartbeat TRADEWEAVER
2026-07-30 04:18:31.154 -05:00 [DBG] Heartbeat CASEBLADE
2026-07-30 04:18:31.154 -05:00 [DBG] Heartbeat PROX
2026-07-30 04:18:31.154 -05:00 [DBG] Heartbeat SENTINEL
2026-07-30 04:18:31.154 -05:00 [DBG] Heartbeat MARKETSCRYER
2026-07-30 04:18:31.154 -05:00 [DBG] Heartbeat SIGNALFORGE
2026-07-30 04:18:31.154 -05:00 [DBG] Heartbeat ORACLEVAULT
2026-07-30 04:18:31.154 -05:00 [DBG] Heartbeat RISKWARDEN
2026-07-30 04:19:31.154 -05:00 [DBG] Heartbeat SYNAPSE
2026-07-30 04:19:31.154 -05:00 [DBG] Heartbeat TRADEWEAVER
2026-07-30 04:19:31.154 -05:00 [DBG] Heartbeat CASEBLADE
2026-07-30 04:19:31.154 -05:00 [DBG] Heartbeat PROX
2026-07-30 04:19:31.154 -05:00 [DBG] Heartbeat SENTINEL
2026-07-30 04:19:31.154 -05:00 [DBG] Heartbeat MARKETSCRYER
2026-07-30 04:19:31.154 -05:00 [DBG] Heartbeat SIGNALFORGE
2026-07-30 04:19:31.154 -05:00 [DBG] Heartbeat ORACLEVAULT
2026-07-30 04:19:31.154 -05:00 [DBG] Heartbeat RISKWARDEN
2026-07-30 04:19:52.304 -05:00 [INF] PC health: C: 77.4% used, 5 recent errors
2026-07-30 04:20:31.154 -05:00 [DBG] Heartbeat SYNAPSE
2026-07-30 04:20:31.154 -05:00 [DBG] Heartbeat TRADEWEAVER
2026-07-30 04:20:31.154 -05:00 [DBG] Heartbeat CASEBLADE
2026-07-30 04:20:31.154 -05:00 [DBG] Heartbeat PROX
2026-07-30 04:20:31.154 -05:00 [DBG] Heartbeat SENTINEL
2026-07-30 04:20:31.154 -05:00 [DBG] Heartbeat MARKETSCRYER
2026-07-30 04:20:31.154 -05:00 [DBG] Heartbeat SIGNALFORGE
2026-07-30 04:20:31.154 -05:00 [DBG] Heartbeat ORACLEVAULT
2026-07-30 04:20:31.154 -05:00 [DBG] Heartbeat RISKWARDEN
2026-07-30 04:21:31.154 -05:00 [DBG] Heartbeat SYNAPSE
2026-07-30 04:21:31.154 -05:00 [DBG] Heartbeat TRADEWEAVER
2026-07-30 04:21:31.154 -05:00 [DBG] Heartbeat CASEBLADE
2026-07-30 04:21:31.154 -05:00 [DBG] Heartbeat PROX
2026-07-30 04:21:31.154 -05:00 [DBG] Heartbeat SENTINEL
2026-07-30 04:21:31.154 -05:00 [DBG] Heartbeat MARKETSCRYER
2026-07-30 04:21:31.154 -05:00 [DBG] Heartbeat SIGNALFORGE
2026-07-30 04:21:31.154 -05:00 [DBG] Heartbeat ORACLEVAULT
2026-07-30 04:21:31.154 -05:00 [DBG] Heartbeat RISKWARDEN
2026-07-30 04:22:31.154 -05:00 [DBG] Heartbeat SYNAPSE
2026-07-30 04:22:31.154 -05:00 [DBG] Heartbeat TRADEWEAVER
2026-07-30 04:22:31.154 -05:00 [DBG] Heartbeat CASEBLADE
2026-07-30 04:22:31.154 -05:00 [DBG] Heartbeat PROX
2026-07-30 04:22:31.154 -05:00 [DBG] Heartbeat SENTINEL
2026-07-30 04:22:31.154 -05:00 [DBG] Heartbeat MARKETSCRYER
2026-07-30 04:22:31.154 -05:00 [DBG] Heartbeat SIGNALFORGE
2026-07-30 04:22:31.154 -05:00 [DBG] Heartbeat ORACLEVAULT
2026-07-30 04:22:31.154 -05:00 [DBG] Heartbeat RISKWARDEN
2026-07-30 04:23:31.154 -05:00 [DBG] Heartbeat SYNAPSE
2026-07-30 04:23:31.154 -05:00 [DBG] Heartbeat TRADEWEAVER
2026-07-30 04:23:31.154 -05:00 [DBG] Heartbeat CASEBLADE
2026-07-30 04:23:31.154 -05:00 [DBG] Heartbeat PROX
2026-07-30 04:23:31.154 -05:00 [DBG] Heartbeat SENTINEL
2026-07-30 04:23:31.154 -05:00 [DBG] Heartbeat MARKETSCRYER
2026-07-30 04:23:31.154 -05:00 [DBG] Heartbeat SIGNALFORGE
2026-07-30 04:23:31.154 -05:00 [DBG] Heartbeat ORACLEVAULT
2026-07-30 04:23:31.154 -05:00 [DBG] Heartbeat RISKWARDEN
2026-07-30 04:24:31.154 -05:00 [DBG] Heartbeat SYNAPSE
2026-07-30 04:24:31.154 -05:00 [DBG] Heartbeat TRADEWEAVER
2026-07-30 04:24:31.154 -05:00 [DBG] Heartbeat CASEBLADE
2026-07-30 04:24:31.154 -05:00 [DBG] Heartbeat PROX
2026-07-30 04:24:31.154 -05:00 [DBG] Heartbeat SENTINEL
2026-07-30 04:24:31.154 -05:00 [DBG] Heartbeat MARKETSCRYER
2026-07-30 04:24:31.154 -05:00 [DBG] Heartbeat SIGNALFORGE
2026-07-30 04:24:31.154 -05:00 [DBG] Heartbeat ORACLEVAULT
2026-07-30 04:24:31.154 -05:00 [DBG] Heartbeat RISKWARDEN
2026-07-30 04:25:05.526 -05:00 [INF] PC health: C: 77.4% used, 5 recent errors
2026-07-30 04:25:31.154 -05:00 [DBG] Heartbeat SYNAPSE
2026-07-30 04:25:31.154 -05:00 [DBG] Heartbeat TRADEWEAVER
2026-07-30 04:25:31.154 -05:00 [DBG] Heartbeat CASEBLADE
2026-07-30 04:25:31.154 -05:00 [DBG] Heartbeat PROX
2026-07-30 04:25:31.154 -05:00 [DBG] Heartbeat SENTINEL
2026-07-30 04:25:31.154 -05:00 [DBG] Heartbeat MARKETSCRYER
2026-07-30 04:25:31.154 -05:00 [DBG] Heartbeat SIGNALFORGE
2026-07-30 04:25:31.154 -05:00 [DBG] Heartbeat ORACLEVAULT
2026-07-30 04:25:31.154 -05:00 [DBG] Heartbeat RISKWARDEN
2026-07-30 04:26:31.154 -05:00 [DBG] Heartbeat SYNAPSE
2026-07-30 04:26:31.154 -05:00 [DBG] Heartbeat TRADEWEAVER
2026-07-30 04:26:31.154 -05:00 [DBG] Heartbeat CASEBLADE
2026-07-30 04:26:31.154 -05:00 [DBG] Heartbeat PROX
2026-07-30 04:26:31.154 -05:00 [DBG] Heartbeat SENTINEL
2026-07-30 04:26:31.154 -05:00 [DBG] Heartbeat MARKETSCRYER
2026-07-30 04:26:31.154 -05:00 [DBG] Heartbeat SIGNALFORGE
2026-07-30 04:26:31.154 -05:00 [DBG] Heartbeat ORACLEVAULT
2026-07-30 04:26:31.154 -05:00 [DBG] Heartbeat RISKWARDEN
2026-07-30 04:27:31.154 -05:00 [DBG] Heartbeat SYNAPSE
2026-07-30 04:27:31.154 -05:00 [DBG] Heartbeat TRADEWEAVER
2026-07-30 04:27:31.154 -05:00 [DBG] Heartbeat CASEBLADE
2026-07-30 04:27:31.154 -05:00 [DBG] Heartbeat PROX
2026-07-30 04:27:31.154 -05:00 [DBG] Heartbeat SENTINEL
2026-07-30 04:27:31.154 -05:00 [DBG] Heartbeat MARKETSCRYER
2026-07-30 04:27:31.154 -05:00 [DBG] Heartbeat SIGNALFORGE
2026-07-30 04:27:31.154 -05:00 [DBG] Heartbeat ORACLEVAULT
2026-07-30 04:27:31.154 -05:00 [DBG] Heartbeat RISKWARDEN
2026-07-30 04:28:31.154 -05:00 [DBG] Heartbeat SYNAPSE
2026-07-30 04:28:31.154 -05:00 [DBG] Heartbeat TRADEWEAVER
2026-07-30 04:28:31.154 -05:00 [DBG] Heartbeat CASEBLADE
2026-07-30 04:28:31.154 -05:00 [DBG] Heartbeat PROX
2026-07-30 04:28:31.154 -05:00 [DBG] Heartbeat SENTINEL
2026-07-30 04:28:31.154 -05:00 [DBG] Heartbeat MARKETSCRYER
2026-07-30 04:28:31.154 -05:00 [DBG] Heartbeat SIGNALFORGE
2026-07-30 04:28:31.154 -05:00 [DBG] Heartbeat ORACLEVAULT
2026-07-30 04:28:31.154 -05:00 [DBG] Heartbeat RISKWARDEN
2026-07-30 04:29:31.154 -05:00 [DBG] Heartbeat SYNAPSE
2026-07-30 04:29:31.154 -05:00 [DBG] Heartbeat TRADEWEAVER
2026-07-30 04:29:31.154 -05:00 [DBG] Heartbeat CASEBLADE
2026-07-30 04:29:31.154 -05:00 [DBG] Heartbeat PROX
2026-07-30 04:29:31.154 -05:00 [DBG] Heartbeat SENTINEL
2026-07-30 04:29:31.154 -05:00 [DBG] Heartbeat MARKETSCRYER
2026-07-30 04:29:31.154 -05:00 [DBG] Heartbeat SIGNALFORGE
2026-07-30 04:29:31.154 -05:00 [DBG] Heartbeat ORACLEVAULT
2026-07-30 04:29:31.154 -05:00 [DBG] Heartbeat RISKWARDEN
2026-07-30 04:30:18.863 -05:00 [INF] PC health: C: 77.4% used, 5 recent errors
2026-07-30 04:30:31.154 -05:00 [DBG] Heartbeat SYNAPSE
2026-07-30 04:30:31.154 -05:00 [DBG] Heartbeat TRADEWEAVER
2026-07-30 04:30:31.154 -05:00 [DBG] Heartbeat CASEBLADE
2026-07-30 04:30:31.154 -05:00 [DBG] Heartbeat PROX
2026-07-30 04:30:31.154 -05:00 [DBG] Heartbeat SENTINEL
2026-07-30 04:30:31.154 -05:00 [DBG] Heartbeat MARKETSCRYER
2026-07-30 04:30:31.154 -05:00 [DBG] Heartbeat SIGNALFORGE
2026-07-30 04:30:31.154 -05:00 [DBG] Heartbeat ORACLEVAULT
2026-07-30 04:30:31.154 -05:00 [DBG] Heartbeat RISKWARDEN
2026-07-30 04:31:31.155 -05:00 [DBG] Heartbeat SYNAPSE
2026-07-30 04:31:31.155 -05:00 [DBG] Heartbeat TRADEWEAVER
2026-07-30 04:31:31.155 -05:00 [DBG] Heartbeat CASEBLADE
2026-07-30 04:31:31.155 -05:00 [DBG] Heartbeat PROX
2026-07-30 04:31:31.155 -05:00 [DBG] Heartbeat SENTINEL
2026-07-30 04:31:31.155 -05:00 [DBG] Heartbeat MARKETSCRYER
2026-07-30 04:31:31.155 -05:00 [DBG] Heartbeat SIGNALFORGE
2026-07-30 04:31:31.155 -05:00 [DBG] Heartbeat ORACLEVAULT
2026-07-30 04:31:31.155 -05:00 [DBG] Heartbeat RISKWARDEN
2026-07-30 04:32:31.155 -05:00 [DBG] Heartbeat SYNAPSE
2026-07-30 04:32:31.155 -05:00 [DBG] Heartbeat TRADEWEAVER
2026-07-30 04:32:31.155 -05:00 [DBG] Heartbeat CASEBLADE
2026-07-30 04:32:31.155 -05:00 [DBG] Heartbeat PROX
2026-07-30 04:32:31.155 -05:00 [DBG] Heartbeat SENTINEL
2026-07-30 04:32:31.155 -05:00 [DBG] Heartbeat MARKETSCRYER
2026-07-30 04:32:31.155 -05:00 [DBG] Heartbeat SIGNALFORGE
2026-07-30 04:32:31.155 -05:00 [DBG] Heartbeat ORACLEVAULT
2026-07-30 04:32:31.155 -05:00 [DBG] Heartbeat RISKWARDEN
2026-07-30 04:33:31.155 -05:00 [DBG] Heartbeat SYNAPSE
2026-07-30 04:33:31.155 -05:00 [DBG] Heartbeat TRADEWEAVER
2026-07-30 04:33:31.155 -05:00 [DBG] Heartbeat CASEBLADE
2026-07-30 04:33:31.155 -05:00 [DBG] Heartbeat PROX
2026-07-30 04:33:31.155 -05:00 [DBG] Heartbeat SENTINEL
2026-07-30 04:33:31.155 -05:00 [DBG] Heartbeat MARKETSCRYER
2026-07-30 04:33:31.155 -05:00 [DBG] Heartbeat SIGNALFORGE
2026-07-30 04:33:31.155 -05:00 [DBG] Heartbeat ORACLEVAULT
2026-07-30 04:33:31.155 -05:00 [DBG] Heartbeat RISKWARDEN
2026-07-30 04:34:31.155 -05:00 [DBG] Heartbeat SYNAPSE
2026-07-30 04:34:31.155 -05:00 [DBG] Heartbeat TRADEWEAVER
2026-07-30 04:34:31.155 -05:00 [DBG] Heartbeat CASEBLADE
2026-07-30 04:34:31.155 -05:00 [DBG] Heartbeat PROX
2026-07-30 04:34:31.155 -05:00 [DBG] Heartbeat SENTINEL
2026-07-30 04:34:31.155 -05:00 [DBG] Heartbeat MARKETSCRYER
2026-07-30 04:34:31.155 -05:00 [DBG] Heartbeat SIGNALFORGE
2026-07-30 04:34:31.155 -05:00 [DBG] Heartbeat ORACLEVAULT
2026-07-30 04:34:31.155 -05:00 [DBG] Heartbeat RISKWARDEN
2026-07-30 04:35:31.155 -05:00 [DBG] Heartbeat SYNAPSE
2026-07-30 04:35:31.155 -05:00 [DBG] Heartbeat TRADEWEAVER
2026-07-30 04:35:31.155 -05:00 [DBG] Heartbeat CASEBLADE
2026-07-30 04:35:31.155 -05:00 [DBG] Heartbeat PROX
2026-07-30 04:35:31.155 -05:00 [DBG] Heartbeat SENTINEL
2026-07-30 04:35:31.155 -05:00 [DBG] Heartbeat MARKETSCRYER
2026-07-30 04:35:31.155 -05:00 [DBG] Heartbeat SIGNALFORGE
2026-07-30 04:35:31.155 -05:00 [DBG] Heartbeat ORACLEVAULT
2026-07-30 04:35:31.155 -05:00 [DBG] Heartbeat RISKWARDEN
2026-07-30 04:35:32.203 -05:00 [INF] PC health: C: 77.4% used, 5 recent errors
2026-07-30 04:36:31.155 -05:00 [DBG] Heartbeat SYNAPSE
2026-07-30 04:36:31.155 -05:00 [DBG] Heartbeat TRADEWEAVER
2026-07-30 04:36:31.155 -05:00 [DBG] Heartbeat CASEBLADE
2026-07-30 04:36:31.155 -05:00 [DBG] Heartbeat PROX
2026-07-30 04:36:31.155 -05:00 [DBG] Heartbeat SENTINEL
2026-07-30 04:36:31.155 -05:00 [DBG] Heartbeat MARKETSCRYER
2026-07-30 04:36:31.155 -05:00 [DBG] Heartbeat SIGNALFORGE
2026-07-30 04:36:31.155 -05:00 [DBG] Heartbeat ORACLEVAULT
2026-07-30 04:36:31.155 -05:00 [DBG] Heartbeat RISKWARDEN
2026-07-30 04:37:31.156 -05:00 [DBG] Heartbeat SYNAPSE
2026-07-30 04:37:31.156 -05:00 [DBG] Heartbeat TRADEWEAVER
2026-07-30 04:37:31.156 -05:00 [DBG] Heartbeat CASEBLADE
2026-07-30 04:37:31.156 -05:00 [DBG] Heartbeat PROX
2026-07-30 04:37:31.156 -05:00 [DBG] Heartbeat SENTINEL
2026-07-30 04:37:31.156 -05:00 [DBG] Heartbeat MARKETSCRYER
2026-07-30 04:37:31.156 -05:00 [DBG] Heartbeat SIGNALFORGE
2026-07-30 04:37:31.156 -05:00 [DBG] Heartbeat ORACLEVAULT
2026-07-30 04:37:31.156 -05:00 [DBG] Heartbeat RISKWARDEN
2026-07-30 04:38:31.156 -05:00 [DBG] Heartbeat SYNAPSE
2026-07-30 04:38:31.156 -05:00 [DBG] Heartbeat TRADEWEAVER
2026-07-30 04:38:31.156 -05:00 [DBG] Heartbeat CASEBLADE
2026-07-30 04:38:31.156 -05:00 [DBG] Heartbeat PROX
2026-07-30 04:38:31.156 -05:00 [DBG] Heartbeat SENTINEL
2026-07-30 04:38:31.156 -05:00 [DBG] Heartbeat MARKETSCRYER
2026-07-30 04:38:31.156 -05:00 [DBG] Heartbeat SIGNALFORGE
2026-07-30 04:38:31.156 -05:00 [DBG] Heartbeat ORACLEVAULT
2026-07-30 04:38:31.156 -05:00 [DBG] Heartbeat RISKWARDEN
2026-07-30 04:39:31.156 -05:00 [DBG] Heartbeat SYNAPSE
2026-07-30 04:39:31.156 -05:00 [DBG] Heartbeat TRADEWEAVER
2026-07-30 04:39:31.156 -05:00 [DBG] Heartbeat CASEBLADE
2026-07-30 04:39:31.156 -05:00 [DBG] Heartbeat PROX
2026-07-30 04:39:31.156 -05:00 [DBG] Heartbeat SENTINEL
2026-07-30 04:39:31.156 -05:00 [DBG] Heartbeat MARKETSCRYER
2026-07-30 04:39:31.156 -05:00 [DBG] Heartbeat SIGNALFORGE
2026-07-30 04:39:31.156 -05:00 [DBG] Heartbeat ORACLEVAULT
2026-07-30 04:39:31.156 -05:00 [DBG] Heartbeat RISKWARDEN
2026-07-30 04:40:31.156 -05:00 [DBG] Heartbeat SYNAPSE
2026-07-30 04:40:31.156 -05:00 [DBG] Heartbeat TRADEWEAVER
2026-07-30 04:40:31.156 -05:00 [DBG] Heartbeat CASEBLADE
2026-07-30 04:40:31.156 -05:00 [DBG] Heartbeat PROX
2026-07-30 04:40:31.156 -05:00 [DBG] Heartbeat SENTINEL
2026-07-30 04:40:31.156 -05:00 [DBG] Heartbeat MARKETSCRYER
2026-07-30 04:40:31.156 -05:00 [DBG] Heartbeat SIGNALFORGE
2026-07-30 04:40:31.156 -05:00 [DBG] Heartbeat ORACLEVAULT
2026-07-30 04:40:31.156 -05:00 [DBG] Heartbeat RISKWARDEN
2026-07-30 04:40:45.537 -05:00 [INF] PC health: C: 77.4% used, 5 recent errors
2026-07-30 04:41:31.156 -05:00 [DBG] Heartbeat SYNAPSE
2026-07-30 04:41:31.156 -05:00 [DBG] Heartbeat TRADEWEAVER
2026-07-30 04:41:31.156 -05:00 [DBG] Heartbeat CASEBLADE
2026-07-30 04:41:31.156 -05:00 [DBG] Heartbeat PROX
2026-07-30 04:41:31.156 -05:00 [DBG] Heartbeat SENTINEL
2026-07-30 04:41:31.156 -05:00 [DBG] Heartbeat MARKETSCRYER
2026-07-30 04:41:31.156 -05:00 [DBG] Heartbeat SIGNALFORGE
2026-07-30 04:41:31.156 -05:00 [DBG] Heartbeat ORACLEVAULT
2026-07-30 04:41:31.156 -05:00 [DBG] Heartbeat RISKWARDEN
2026-07-30 04:42:31.157 -05:00 [DBG] Heartbeat SYNAPSE
2026-07-30 04:42:31.157 -05:00 [DBG] Heartbeat TRADEWEAVER
2026-07-30 04:42:31.157 -05:00 [DBG] Heartbeat CASEBLADE
2026-07-30 04:42:31.157 -05:00 [DBG] Heartbeat PROX
2026-07-30 04:42:31.157 -05:00 [DBG] Heartbeat SENTINEL
2026-07-30 04:42:31.157 -05:00 [DBG] Heartbeat MARKETSCRYER
2026-07-30 04:42:31.157 -05:00 [DBG] Heartbeat SIGNALFORGE
2026-07-30 04:42:31.157 -05:00 [DBG] Heartbeat ORACLEVAULT
2026-07-30 04:42:31.157 -05:00 [DBG] Heartbeat RISKWARDEN
2026-07-30 04:43:31.157 -05:00 [DBG] Heartbeat SYNAPSE
2026-07-30 04:43:31.157 -05:00 [DBG] Heartbeat TRADEWEAVER
2026-07-30 04:43:31.157 -05:00 [DBG] Heartbeat CASEBLADE
2026-07-30 04:43:31.157 -05:00 [DBG] Heartbeat PROX
2026-07-30 04:43:31.157 -05:00 [DBG] Heartbeat SENTINEL
2026-07-30 04:43:31.157 -05:00 [DBG] Heartbeat MARKETSCRYER
2026-07-30 04:43:31.157 -05:00 [DBG] Heartbeat SIGNALFORGE
2026-07-30 04:43:31.157 -05:00 [DBG] Heartbeat ORACLEVAULT
2026-07-30 04:43:31.157 -05:00 [DBG] Heartbeat RISKWARDEN
2026-07-30 04:44:31.157 -05:00 [DBG] Heartbeat SYNAPSE
2026-07-30 04:44:31.157 -05:00 [DBG] Heartbeat TRADEWEAVER
2026-07-30 04:44:31.157 -05:00 [DBG] Heartbeat CASEBLADE
2026-07-30 04:44:31.157 -05:00 [DBG] Heartbeat PROX
2026-07-30 04:44:31.157 -05:00 [DBG] Heartbeat SENTINEL
2026-07-30 04:44:31.157 -05:00 [DBG] Heartbeat MARKETSCRYER
2026-07-30 04:44:31.157 -05:00 [DBG] Heartbeat SIGNALFORGE
2026-07-30 04:44:31.157 -05:00 [DBG] Heartbeat ORACLEVAULT
2026-07-30 04:44:31.157 -05:00 [DBG] Heartbeat RISKWARDEN
2026-07-30 04:45:31.158 -05:00 [DBG] Heartbeat SYNAPSE
2026-07-30 04:45:31.158 -05:00 [DBG] Heartbeat TRADEWEAVER
2026-07-30 04:45:31.158 -05:00 [DBG] Heartbeat CASEBLADE
2026-07-30 04:45:31.158 -05:00 [DBG] Heartbeat PROX
2026-07-30 04:45:31.158 -05:00 [DBG] Heartbeat SENTINEL
2026-07-30 04:45:31.158 -05:00 [DBG] Heartbeat MARKETSCRYER
2026-07-30 04:45:31.158 -05:00 [DBG] Heartbeat SIGNALFORGE
2026-07-30 04:45:31.158 -05:00 [DBG] Heartbeat ORACLEVAULT
2026-07-30 04:45:31.158 -05:00 [DBG] Heartbeat RISKWARDEN
2026-07-30 04:45:58.913 -05:00 [INF] PC health: C: 77.4% used, 5 recent errors
2026-07-30 04:46:31.157 -05:00 [DBG] Heartbeat SYNAPSE
2026-07-30 04:46:31.157 -05:00 [DBG] Heartbeat TRADEWEAVER
2026-07-30 04:46:31.157 -05:00 [DBG] Heartbeat CASEBLADE
2026-07-30 04:46:31.157 -05:00 [DBG] Heartbeat PROX
2026-07-30 04:46:31.157 -05:00 [DBG] Heartbeat SENTINEL
2026-07-30 04:46:31.157 -05:00 [DBG] Heartbeat MARKETSCRYER
2026-07-30 04:46:31.157 -05:00 [DBG] Heartbeat SIGNALFORGE
2026-07-30 04:46:31.157 -05:00 [DBG] Heartbeat ORACLEVAULT
2026-07-30 04:46:31.157 -05:00 [DBG] Heartbeat RISKWARDEN
2026-07-30 04:47:31.157 -05:00 [DBG] Heartbeat SYNAPSE
2026-07-30 04:47:31.157 -05:00 [DBG] Heartbeat TRADEWEAVER
2026-07-30 04:47:31.157 -05:00 [DBG] Heartbeat CASEBLADE
2026-07-30 04:47:31.157 -05:00 [DBG] Heartbeat PROX
2026-07-30 04:47:31.157 -05:00 [DBG] Heartbeat SENTINEL
2026-07-30 04:47:31.157 -05:00 [DBG] Heartbeat MARKETSCRYER
2026-07-30 04:47:31.157 -05:00 [DBG] Heartbeat SIGNALFORGE
2026-07-30 04:47:31.157 -05:00 [DBG] Heartbeat ORACLEVAULT
2026-07-30 04:47:31.157 -05:00 [DBG] Heartbeat RISKWARDEN
2026-07-30 04:48:31.158 -05:00 [DBG] Heartbeat SYNAPSE
2026-07-30 04:48:31.158 -05:00 [DBG] Heartbeat TRADEWEAVER
2026-07-30 04:48:31.158 -05:00 [DBG] Heartbeat CASEBLADE
2026-07-30 04:48:31.158 -05:00 [DBG] Heartbeat PROX
2026-07-30 04:48:31.158 -05:00 [DBG] Heartbeat SENTINEL
2026-07-30 04:48:31.158 -05:00 [DBG] Heartbeat MARKETSCRYER
2026-07-30 04:48:31.158 -05:00 [DBG] Heartbeat SIGNALFORGE
2026-07-30 04:48:31.158 -05:00 [DBG] Heartbeat ORACLEVAULT
2026-07-30 04:48:31.158 -05:00 [DBG] Heartbeat RISKWARDEN
2026-07-30 04:49:31.158 -05:00 [DBG] Heartbeat SYNAPSE
2026-07-30 04:49:31.158 -05:00 [DBG] Heartbeat TRADEWEAVER
2026-07-30 04:49:31.158 -05:00 [DBG] Heartbeat CASEBLADE
2026-07-30 04:49:31.158 -05:00 [DBG] Heartbeat PROX
2026-07-30 04:49:31.158 -05:00 [DBG] Heartbeat SENTINEL
2026-07-30 04:49:31.158 -05:00 [DBG] Heartbeat MARKETSCRYER
2026-07-30 04:49:31.158 -05:00 [DBG] Heartbeat SIGNALFORGE
2026-07-30 04:49:31.158 -05:00 [DBG] Heartbeat ORACLEVAULT
2026-07-30 04:49:31.158 -05:00 [DBG] Heartbeat RISKWARDEN
2026-07-30 04:50:31.158 -05:00 [DBG] Heartbeat SYNAPSE
2026-07-30 04:50:31.158 -05:00 [DBG] Heartbeat TRADEWEAVER
2026-07-30 04:50:31.158 -05:00 [DBG] Heartbeat CASEBLADE
2026-07-30 04:50:31.158 -05:00 [DBG] Heartbeat PROX
2026-07-30 04:50:31.158 -05:00 [DBG] Heartbeat SENTINEL
2026-07-30 04:50:31.158 -05:00 [DBG] Heartbeat MARKETSCRYER
2026-07-30 04:50:31.158 -05:00 [DBG] Heartbeat SIGNALFORGE
2026-07-30 04:50:31.158 -05:00 [DBG] Heartbeat ORACLEVAULT
2026-07-30 04:50:31.158 -05:00 [DBG] Heartbeat RISKWARDEN
2026-07-30 04:51:12.178 -05:00 [INF] PC health: C: 77.4% used, 5 recent errors
2026-07-30 04:51:31.158 -05:00 [DBG] Heartbeat SYNAPSE
2026-07-30 04:51:31.158 -05:00 [DBG] Heartbeat TRADEWEAVER
2026-07-30 04:51:31.158 -05:00 [DBG] Heartbeat CASEBLADE
2026-07-30 04:51:31.158 -05:00 [DBG] Heartbeat PROX
2026-07-30 04:51:31.158 -05:00 [DBG] Heartbeat SENTINEL
2026-07-30 04:51:31.158 -05:00 [DBG] Heartbeat MARKETSCRYER
2026-07-30 04:51:31.158 -05:00 [DBG] Heartbeat SIGNALFORGE
2026-07-30 04:51:31.158 -05:00 [DBG] Heartbeat ORACLEVAULT
2026-07-30 04:51:31.158 -05:00 [DBG] Heartbeat RISKWARDEN
2026-07-30 04:52:31.157 -05:00 [DBG] Heartbeat SYNAPSE
2026-07-30 04:52:31.158 -05:00 [DBG] Heartbeat TRADEWEAVER
2026-07-30 04:52:31.158 -05:00 [DBG] Heartbeat CASEBLADE
2026-07-30 04:52:31.158 -05:00 [DBG] Heartbeat PROX
2026-07-30 04:52:31.158 -05:00 [DBG] Heartbeat SENTINEL
2026-07-30 04:52:31.158 -05:00 [DBG] Heartbeat MARKETSCRYER
2026-07-30 04:52:31.158 -05:00 [DBG] Heartbeat SIGNALFORGE
2026-07-30 04:52:31.158 -05:00 [DBG] Heartbeat ORACLEVAULT
2026-07-30 04:52:31.158 -05:00 [DBG] Heartbeat RISKWARDEN
2026-07-30 04:53:31.157 -05:00 [DBG] Heartbeat SYNAPSE
2026-07-30 04:53:31.157 -05:00 [DBG] Heartbeat TRADEWEAVER
2026-07-30 04:53:31.157 -05:00 [DBG] Heartbeat CASEBLADE
2026-07-30 04:53:31.157 -05:00 [DBG] Heartbeat PROX
2026-07-30 04:53:31.157 -05:00 [DBG] Heartbeat SENTINEL
2026-07-30 04:53:31.157 -05:00 [DBG] Heartbeat MARKETSCRYER
2026-07-30 04:53:31.157 -05:00 [DBG] Heartbeat SIGNALFORGE
2026-07-30 04:53:31.157 -05:00 [DBG] Heartbeat ORACLEVAULT
2026-07-30 04:53:31.157 -05:00 [DBG] Heartbeat RISKWARDEN
2026-07-30 04:54:31.157 -05:00 [DBG] Heartbeat SYNAPSE
2026-07-30 04:54:31.157 -05:00 [DBG] Heartbeat TRADEWEAVER
2026-07-30 04:54:31.157 -05:00 [DBG] Heartbeat CASEBLADE
2026-07-30 04:54:31.157 -05:00 [DBG] Heartbeat PROX
2026-07-30 04:54:31.157 -05:00 [DBG] Heartbeat SENTINEL
2026-07-30 04:54:31.157 -05:00 [DBG] Heartbeat MARKETSCRYER
2026-07-30 04:54:31.157 -05:00 [DBG] Heartbeat SIGNALFORGE
2026-07-30 04:54:31.157 -05:00 [DBG] Heartbeat ORACLEVAULT
2026-07-30 04:54:31.157 -05:00 [DBG] Heartbeat RISKWARDEN
2026-07-30 04:55:31.157 -05:00 [DBG] Heartbeat SYNAPSE
2026-07-30 04:55:31.157 -05:00 [DBG] Heartbeat TRADEWEAVER
2026-07-30 04:55:31.157 -05:00 [DBG] Heartbeat CASEBLADE
2026-07-30 04:55:31.157 -05:00 [DBG] Heartbeat PROX
2026-07-30 04:55:31.157 -05:00 [DBG] Heartbeat SENTINEL
2026-07-30 04:55:31.157 -05:00 [DBG] Heartbeat MARKETSCRYER
2026-07-30 04:55:31.157 -05:00 [DBG] Heartbeat SIGNALFORGE
2026-07-30 04:55:31.157 -05:00 [DBG] Heartbeat ORACLEVAULT
2026-07-30 04:55:31.157 -05:00 [DBG] Heartbeat RISKWARDEN
2026-07-30 04:56:25.608 -05:00 [INF] PC health: C: 77.4% used, 5 recent errors
2026-07-30 04:56:31.159 -05:00 [DBG] Heartbeat SYNAPSE
2026-07-30 04:56:31.159 -05:00 [DBG] Heartbeat TRADEWEAVER
2026-07-30 04:56:31.159 -05:00 [DBG] Heartbeat CASEBLADE
2026-07-30 04:56:31.159 -05:00 [DBG] Heartbeat PROX
2026-07-30 04:56:31.159 -05:00 [DBG] Heartbeat SENTINEL
2026-07-30 04:56:31.159 -05:00 [DBG] Heartbeat MARKETSCRYER
2026-07-30 04:56:31.159 -05:00 [DBG] Heartbeat SIGNALFORGE
2026-07-30 04:56:31.159 -05:00 [DBG] Heartbeat ORACLEVAULT
2026-07-30 04:56:31.159 -05:00 [DBG] Heartbeat RISKWARDEN
2026-07-30 04:57:31.158 -05:00 [DBG] Heartbeat SYNAPSE
2026-07-30 04:57:31.158 -05:00 [DBG] Heartbeat TRADEWEAVER
2026-07-30 04:57:31.158 -05:00 [DBG] Heartbeat CASEBLADE
2026-07-30 04:57:31.158 -05:00 [DBG] Heartbeat PROX
2026-07-30 04:57:31.158 -05:00 [DBG] Heartbeat SENTINEL
2026-07-30 04:57:31.158 -05:00 [DBG] Heartbeat MARKETSCRYER
2026-07-30 04:57:31.159 -05:00 [DBG] Heartbeat SIGNALFORGE
2026-07-30 04:57:31.159 -05:00 [DBG] Heartbeat ORACLEVAULT
2026-07-30 04:57:31.159 -05:00 [DBG] Heartbeat RISKWARDEN
2026-07-30 04:58:31.158 -05:00 [DBG] Heartbeat SYNAPSE
2026-07-30 04:58:31.158 -05:00 [DBG] Heartbeat TRADEWEAVER
2026-07-30 04:58:31.158 -05:00 [DBG] Heartbeat CASEBLADE
2026-07-30 04:58:31.158 -05:00 [DBG] Heartbeat PROX
2026-07-30 04:58:31.158 -05:00 [DBG] Heartbeat SENTINEL
2026-07-30 04:58:31.158 -05:00 [DBG] Heartbeat MARKETSCRYER
2026-07-30 04:58:31.158 -05:00 [DBG] Heartbeat SIGNALFORGE
2026-07-30 04:58:31.158 -05:00 [DBG] Heartbeat ORACLEVAULT
2026-07-30 04:58:31.158 -05:00 [DBG] Heartbeat RISKWARDEN
2026-07-30 04:59:31.159 -05:00 [DBG] Heartbeat SYNAPSE
2026-07-30 04:59:31.159 -05:00 [DBG] Heartbeat TRADEWEAVER
2026-07-30 04:59:31.159 -05:00 [DBG] Heartbeat CASEBLADE
2026-07-30 04:59:31.159 -05:00 [DBG] Heartbeat PROX
2026-07-30 04:59:31.159 -05:00 [DBG] Heartbeat SENTINEL
2026-07-30 04:59:31.159 -05:00 [DBG] Heartbeat MARKETSCRYER
2026-07-30 04:59:31.159 -05:00 [DBG] Heartbeat SIGNALFORGE
2026-07-30 04:59:31.159 -05:00 [DBG] Heartbeat ORACLEVAULT
2026-07-30 04:59:31.159 -05:00 [DBG] Heartbeat RISKWARDEN
2026-07-30 05:00:31.158 -05:00 [DBG] Heartbeat SYNAPSE
2026-07-30 05:00:31.158 -05:00 [DBG] Heartbeat TRADEWEAVER
2026-07-30 05:00:31.158 -05:00 [DBG] Heartbeat CASEBLADE
2026-07-30 05:00:31.158 -05:00 [DBG] Heartbeat PROX
2026-07-30 05:00:31.158 -05:00 [DBG] Heartbeat SENTINEL
2026-07-30 05:00:31.158 -05:00 [DBG] Heartbeat MARKETSCRYER
2026-07-30 05:00:31.158 -05:00 [DBG] Heartbeat SIGNALFORGE
2026-07-30 05:00:31.158 -05:00 [DBG] Heartbeat ORACLEVAULT
2026-07-30 05:00:31.158 -05:00 [DBG] Heartbeat RISKWARDEN
2026-07-30 05:01:31.158 -05:00 [DBG] Heartbeat SYNAPSE
2026-07-30 05:01:31.158 -05:00 [DBG] Heartbeat TRADEWEAVER
2026-07-30 05:01:31.159 -05:00 [DBG] Heartbeat CASEBLADE
2026-07-30 05:01:31.159 -05:00 [DBG] Heartbeat PROX
2026-07-30 05:01:31.159 -05:00 [DBG] Heartbeat SENTINEL
2026-07-30 05:01:31.159 -05:00 [DBG] Heartbeat MARKETSCRYER
2026-07-30 05:01:31.159 -05:00 [DBG] Heartbeat SIGNALFORGE
2026-07-30 05:01:31.159 -05:00 [DBG] Heartbeat ORACLEVAULT
2026-07-30 05:01:31.159 -05:00 [DBG] Heartbeat RISKWARDEN
2026-07-30 05:01:38.978 -05:00 [INF] PC health: C: 77.4% used, 5 recent errors
2026-07-30 05:02:31.158 -05:00 [DBG] Heartbeat SYNAPSE
2026-07-30 05:02:31.158 -05:00 [DBG] Heartbeat TRADEWEAVER
2026-07-30 05:02:31.158 -05:00 [DBG] Heartbeat CASEBLADE
2026-07-30 05:02:31.158 -05:00 [DBG] Heartbeat PROX
2026-07-30 05:02:31.158 -05:00 [DBG] Heartbeat SENTINEL
2026-07-30 05:02:31.158 -05:00 [DBG] Heartbeat MARKETSCRYER
2026-07-30 05:02:31.158 -05:00 [DBG] Heartbeat SIGNALFORGE
2026-07-30 05:02:31.158 -05:00 [DBG] Heartbeat ORACLEVAULT
2026-07-30 05:02:31.158 -05:00 [DBG] Heartbeat RISKWARDEN
2026-07-30 05:03:31.159 -05:00 [DBG] Heartbeat SYNAPSE
2026-07-30 05:03:31.159 -05:00 [DBG] Heartbeat TRADEWEAVER
2026-07-30 05:03:31.159 -05:00 [DBG] Heartbeat CASEBLADE
2026-07-30 05:03:31.159 -05:00 [DBG] Heartbeat PROX
2026-07-30 05:03:31.159 -05:00 [DBG] Heartbeat SENTINEL
2026-07-30 05:03:31.159 -05:00 [DBG] Heartbeat MARKETSCRYER
2026-07-30 05:03:31.159 -05:00 [DBG] Heartbeat SIGNALFORGE
2026-07-30 05:03:31.159 -05:00 [DBG] Heartbeat ORACLEVAULT
2026-07-30 05:03:31.159 -05:00 [DBG] Heartbeat RISKWARDEN
2026-07-30 05:04:31.159 -05:00 [DBG] Heartbeat SYNAPSE
2026-07-30 05:04:31.159 -05:00 [DBG] Heartbeat TRADEWEAVER
2026-07-30 05:04:31.159 -05:00 [DBG] Heartbeat CASEBLADE
2026-07-30 05:04:31.159 -05:00 [DBG] Heartbeat PROX
2026-07-30 05:04:31.159 -05:00 [DBG] Heartbeat SENTINEL
2026-07-30 05:04:31.159 -05:00 [DBG] Heartbeat MARKETSCRYER
2026-07-30 05:04:31.159 -05:00 [DBG] Heartbeat SIGNALFORGE
2026-07-30 05:04:31.159 -05:00 [DBG] Heartbeat ORACLEVAULT
2026-07-30 05:04:31.159 -05:00 [DBG] Heartbeat RISKWARDEN
2026-07-30 05:05:31.159 -05:00 [DBG] Heartbeat SYNAPSE
2026-07-30 05:05:31.159 -05:00 [DBG] Heartbeat TRADEWEAVER
2026-07-30 05:05:31.159 -05:00 [DBG] Heartbeat CASEBLADE
2026-07-30 05:05:31.159 -05:00 [DBG] Heartbeat PROX
2026-07-30 05:05:31.159 -05:00 [DBG] Heartbeat SENTINEL
2026-07-30 05:05:31.159 -05:00 [DBG] Heartbeat MARKETSCRYER
2026-07-30 05:05:31.159 -05:00 [DBG] Heartbeat SIGNALFORGE
2026-07-30 05:05:31.159 -05:00 [DBG] Heartbeat ORACLEVAULT
2026-07-30 05:05:31.159 -05:00 [DBG] Heartbeat RISKWARDEN
2026-07-30 05:06:31.159 -05:00 [DBG] Heartbeat SYNAPSE
2026-07-30 05:06:31.159 -05:00 [DBG] Heartbeat TRADEWEAVER
2026-07-30 05:06:31.159 -05:00 [DBG] Heartbeat CASEBLADE
2026-07-30 05:06:31.159 -05:00 [DBG] Heartbeat PROX
2026-07-30 05:06:31.159 -05:00 [DBG] Heartbeat SENTINEL
2026-07-30 05:06:31.159 -05:00 [DBG] Heartbeat MARKETSCRYER
2026-07-30 05:06:31.159 -05:00 [DBG] Heartbeat SIGNALFORGE
2026-07-30 05:06:31.159 -05:00 [DBG] Heartbeat ORACLEVAULT
2026-07-30 05:06:31.159 -05:00 [DBG] Heartbeat RISKWARDEN
2026-07-30 05:06:52.410 -05:00 [INF] PC health: C: 77.4% used, 5 recent errors
2026-07-30 05:07:31.160 -05:00 [DBG] Heartbeat SYNAPSE
2026-07-30 05:07:31.160 -05:00 [DBG] Heartbeat TRADEWEAVER
2026-07-30 05:07:31.160 -05:00 [DBG] Heartbeat CASEBLADE
2026-07-30 05:07:31.160 -05:00 [DBG] Heartbeat PROX
2026-07-30 05:07:31.160 -05:00 [DBG] Heartbeat SENTINEL
2026-07-30 05:07:31.160 -05:00 [DBG] Heartbeat MARKETSCRYER
2026-07-30 05:07:31.160 -05:00 [DBG] Heartbeat SIGNALFORGE
2026-07-30 05:07:31.160 -05:00 [DBG] Heartbeat ORACLEVAULT
2026-07-30 05:07:31.160 -05:00 [DBG] Heartbeat RISKWARDEN
2026-07-30 05:08:31.160 -05:00 [DBG] Heartbeat SYNAPSE
2026-07-30 05:08:31.160 -05:00 [DBG] Heartbeat TRADEWEAVER
2026-07-30 05:08:31.160 -05:00 [DBG] Heartbeat CASEBLADE
2026-07-30 05:08:31.160 -05:00 [DBG] Heartbeat PROX
2026-07-30 05:08:31.160 -05:00 [DBG] Heartbeat SENTINEL
2026-07-30 05:08:31.160 -05:00 [DBG] Heartbeat MARKETSCRYER
2026-07-30 05:08:31.160 -05:00 [DBG] Heartbeat SIGNALFORGE
2026-07-30 05:08:31.160 -05:00 [DBG] Heartbeat ORACLEVAULT
2026-07-30 05:08:31.160 -05:00 [DBG] Heartbeat RISKWARDEN
2026-07-30 05:09:31.160 -05:00 [DBG] Heartbeat SYNAPSE
2026-07-30 05:09:31.160 -05:00 [DBG] Heartbeat TRADEWEAVER
2026-07-30 05:09:31.160 -05:00 [DBG] Heartbeat CASEBLADE
2026-07-30 05:09:31.160 -05:00 [DBG] Heartbeat PROX
2026-07-30 05:09:31.160 -05:00 [DBG] Heartbeat SENTINEL
2026-07-30 05:09:31.160 -05:00 [DBG] Heartbeat MARKETSCRYER
2026-07-30 05:09:31.160 -05:00 [DBG] Heartbeat SIGNALFORGE
2026-07-30 05:09:31.160 -05:00 [DBG] Heartbeat ORACLEVAULT
2026-07-30 05:09:31.160 -05:00 [DBG] Heartbeat RISKWARDEN
2026-07-30 05:10:31.160 -05:00 [DBG] Heartbeat SYNAPSE
2026-07-30 05:10:31.160 -05:00 [DBG] Heartbeat TRADEWEAVER
2026-07-30 05:10:31.160 -05:00 [DBG] Heartbeat CASEBLADE
2026-07-30 05:10:31.160 -05:00 [DBG] Heartbeat PROX
2026-07-30 05:10:31.160 -05:00 [DBG] Heartbeat SENTINEL
2026-07-30 05:10:31.160 -05:00 [DBG] Heartbeat MARKETSCRYER
2026-07-30 05:10:31.160 -05:00 [DBG] Heartbeat SIGNALFORGE
2026-07-30 05:10:31.160 -05:00 [DBG] Heartbeat ORACLEVAULT
2026-07-30 05:10:31.160 -05:00 [DBG] Heartbeat RISKWARDEN
2026-07-30 05:11:31.160 -05:00 [DBG] Heartbeat SYNAPSE
2026-07-30 05:11:31.160 -05:00 [DBG] Heartbeat TRADEWEAVER
2026-07-30 05:11:31.160 -05:00 [DBG] Heartbeat CASEBLADE
2026-07-30 05:11:31.160 -05:00 [DBG] Heartbeat PROX
2026-07-30 05:11:31.160 -05:00 [DBG] Heartbeat SENTINEL
2026-07-30 05:11:31.160 -05:00 [DBG] Heartbeat MARKETSCRYER
2026-07-30 05:11:31.160 -05:00 [DBG] Heartbeat SIGNALFORGE
2026-07-30 05:11:31.160 -05:00 [DBG] Heartbeat ORACLEVAULT
2026-07-30 05:11:31.160 -05:00 [DBG] Heartbeat RISKWARDEN
2026-07-30 05:12:05.720 -05:00 [INF] PC health: C: 77.4% used, 5 recent errors
2026-07-30 05:12:31.159 -05:00 [DBG] Heartbeat SYNAPSE
2026-07-30 05:12:31.159 -05:00 [DBG] Heartbeat TRADEWEAVER
2026-07-30 05:12:31.159 -05:00 [DBG] Heartbeat CASEBLADE
2026-07-30 05:12:31.159 -05:00 [DBG] Heartbeat PROX
2026-07-30 05:12:31.159 -05:00 [DBG] Heartbeat SENTINEL
2026-07-30 05:12:31.159 -05:00 [DBG] Heartbeat MARKETSCRYER
2026-07-30 05:12:31.159 -05:00 [DBG] Heartbeat SIGNALFORGE
2026-07-30 05:12:31.159 -05:00 [DBG] Heartbeat ORACLEVAULT
2026-07-30 05:12:31.159 -05:00 [DBG] Heartbeat RISKWARDEN
2026-07-30 05:13:31.160 -05:00 [DBG] Heartbeat SYNAPSE
2026-07-30 05:13:31.160 -05:00 [DBG] Heartbeat TRADEWEAVER
2026-07-30 05:13:31.160 -05:00 [DBG] Heartbeat CASEBLADE
2026-07-30 05:13:31.160 -05:00 [DBG] Heartbeat PROX
2026-07-30 05:13:31.160 -05:00 [DBG] Heartbeat SENTINEL
2026-07-30 05:13:31.160 -05:00 [DBG] Heartbeat MARKETSCRYER
2026-07-30 05:13:31.160 -05:00 [DBG] Heartbeat SIGNALFORGE
2026-07-30 05:13:31.160 -05:00 [DBG] Heartbeat ORACLEVAULT
2026-07-30 05:13:31.160 -05:00 [DBG] Heartbeat RISKWARDEN
2026-07-30 05:14:31.160 -05:00 [DBG] Heartbeat SYNAPSE
2026-07-30 05:14:31.160 -05:00 [DBG] Heartbeat TRADEWEAVER
2026-07-30 05:14:31.160 -05:00 [DBG] Heartbeat CASEBLADE
2026-07-30 05:14:31.160 -05:00 [DBG] Heartbeat PROX
2026-07-30 05:14:31.160 -05:00 [DBG] Heartbeat SENTINEL
2026-07-30 05:14:31.160 -05:00 [DBG] Heartbeat MARKETSCRYER
2026-07-30 05:14:31.160 -05:00 [DBG] Heartbeat SIGNALFORGE
2026-07-30 05:14:31.160 -05:00 [DBG] Heartbeat ORACLEVAULT
2026-07-30 05:14:31.160 -05:00 [DBG] Heartbeat RISKWARDEN
2026-07-30 05:15:31.160 -05:00 [DBG] Heartbeat SYNAPSE
2026-07-30 05:15:31.161 -05:00 [DBG] Heartbeat TRADEWEAVER
2026-07-30 05:15:31.161 -05:00 [DBG] Heartbeat CASEBLADE
2026-07-30 05:15:31.161 -05:00 [DBG] Heartbeat PROX
2026-07-30 05:15:31.161 -05:00 [DBG] Heartbeat SENTINEL
2026-07-30 05:15:31.161 -05:00 [DBG] Heartbeat MARKETSCRYER
2026-07-30 05:15:31.161 -05:00 [DBG] Heartbeat SIGNALFORGE
2026-07-30 05:15:31.161 -05:00 [DBG] Heartbeat ORACLEVAULT
2026-07-30 05:15:31.161 -05:00 [DBG] Heartbeat RISKWARDEN
2026-07-30 05:16:31.160 -05:00 [DBG] Heartbeat SYNAPSE
2026-07-30 05:16:31.161 -05:00 [DBG] Heartbeat TRADEWEAVER
2026-07-30 05:16:31.161 -05:00 [DBG] Heartbeat CASEBLADE
2026-07-30 05:16:31.161 -05:00 [DBG] Heartbeat PROX
2026-07-30 05:16:31.161 -05:00 [DBG] Heartbeat SENTINEL
2026-07-30 05:16:31.161 -05:00 [DBG] Heartbeat MARKETSCRYER
2026-07-30 05:16:31.161 -05:00 [DBG] Heartbeat SIGNALFORGE
2026-07-30 05:16:31.161 -05:00 [DBG] Heartbeat ORACLEVAULT
2026-07-30 05:16:31.161 -05:00 [DBG] Heartbeat RISKWARDEN
2026-07-30 05:17:19.062 -05:00 [INF] PC health: C: 77.4% used, 5 recent errors
2026-07-30 05:17:31.161 -05:00 [DBG] Heartbeat SYNAPSE
2026-07-30 05:17:31.161 -05:00 [DBG] Heartbeat TRADEWEAVER
2026-07-30 05:17:31.161 -05:00 [DBG] Heartbeat CASEBLADE
2026-07-30 05:17:31.161 -05:00 [DBG] Heartbeat PROX
2026-07-30 05:17:31.161 -05:00 [DBG] Heartbeat SENTINEL
2026-07-30 05:17:31.161 -05:00 [DBG] Heartbeat MARKETSCRYER
2026-07-30 05:17:31.161 -05:00 [DBG] Heartbeat SIGNALFORGE
2026-07-30 05:17:31.161 -05:00 [DBG] Heartbeat ORACLEVAULT
2026-07-30 05:17:31.161 -05:00 [DBG] Heartbeat RISKWARDEN
2026-07-30 05:18:31.161 -05:00 [DBG] Heartbeat SYNAPSE
2026-07-30 05:18:31.161 -05:00 [DBG] Heartbeat TRADEWEAVER
2026-07-30 05:18:31.161 -05:00 [DBG] Heartbeat CASEBLADE
2026-07-30 05:18:31.161 -05:00 [DBG] Heartbeat PROX
2026-07-30 05:18:31.161 -05:00 [DBG] Heartbeat SENTINEL
2026-07-30 05:18:31.161 -05:00 [DBG] Heartbeat MARKETSCRYER
2026-07-30 05:18:31.161 -05:00 [DBG] Heartbeat SIGNALFORGE
2026-07-30 05:18:31.161 -05:00 [DBG] Heartbeat ORACLEVAULT
2026-07-30 05:18:31.161 -05:00 [DBG] Heartbeat RISKWARDEN
2026-07-30 05:19:31.160 -05:00 [DBG] Heartbeat SYNAPSE
2026-07-30 05:19:31.160 -05:00 [DBG] Heartbeat TRADEWEAVER
2026-07-30 05:19:31.160 -05:00 [DBG] Heartbeat CASEBLADE
2026-07-30 05:19:31.160 -05:00 [DBG] Heartbeat PROX
2026-07-30 05:19:31.160 -05:00 [DBG] Heartbeat SENTINEL
2026-07-30 05:19:31.160 -05:00 [DBG] Heartbeat MARKETSCRYER
2026-07-30 05:19:31.160 -05:00 [DBG] Heartbeat SIGNALFORGE
2026-07-30 05:19:31.160 -05:00 [DBG] Heartbeat ORACLEVAULT
2026-07-30 05:19:31.160 -05:00 [DBG] Heartbeat RISKWARDEN
2026-07-30 05:20:31.160 -05:00 [DBG] Heartbeat SYNAPSE
2026-07-30 05:20:31.160 -05:00 [DBG] Heartbeat TRADEWEAVER
2026-07-30 05:20:31.160 -05:00 [DBG] Heartbeat CASEBLADE
2026-07-30 05:20:31.160 -05:00 [DBG] Heartbeat PROX
2026-07-30 05:20:31.160 -05:00 [DBG] Heartbeat SENTINEL
2026-07-30 05:20:31.160 -05:00 [DBG] Heartbeat MARKETSCRYER
2026-07-30 05:20:31.160 -05:00 [DBG] Heartbeat SIGNALFORGE
2026-07-30 05:20:31.160 -05:00 [DBG] Heartbeat ORACLEVAULT
2026-07-30 05:20:31.160 -05:00 [DBG] Heartbeat RISKWARDEN
2026-07-30 05:21:31.160 -05:00 [DBG] Heartbeat SYNAPSE
2026-07-30 05:21:31.160 -05:00 [DBG] Heartbeat TRADEWEAVER
2026-07-30 05:21:31.160 -05:00 [DBG] Heartbeat CASEBLADE
2026-07-30 05:21:31.160 -05:00 [DBG] Heartbeat PROX
2026-07-30 05:21:31.160 -05:00 [DBG] Heartbeat SENTINEL
2026-07-30 05:21:31.161 -05:00 [DBG] Heartbeat MARKETSCRYER
2026-07-30 05:21:31.161 -05:00 [DBG] Heartbeat SIGNALFORGE
2026-07-30 05:21:31.161 -05:00 [DBG] Heartbeat ORACLEVAULT
2026-07-30 05:21:31.161 -05:00 [DBG] Heartbeat RISKWARDEN
2026-07-30 05:22:31.161 -05:00 [DBG] Heartbeat SYNAPSE
2026-07-30 05:22:31.161 -05:00 [DBG] Heartbeat TRADEWEAVER
2026-07-30 05:22:31.161 -05:00 [DBG] Heartbeat CASEBLADE
2026-07-30 05:22:31.161 -05:00 [DBG] Heartbeat PROX
2026-07-30 05:22:31.161 -05:00 [DBG] Heartbeat SENTINEL
2026-07-30 05:22:31.161 -05:00 [DBG] Heartbeat MARKETSCRYER
2026-07-30 05:22:31.161 -05:00 [DBG] Heartbeat SIGNALFORGE
2026-07-30 05:22:31.161 -05:00 [DBG] Heartbeat ORACLEVAULT
2026-07-30 05:22:31.161 -05:00 [DBG] Heartbeat RISKWARDEN
2026-07-30 05:22:32.427 -05:00 [INF] PC health: C: 77.4% used, 5 recent errors
2026-07-30 05:23:31.160 -05:00 [DBG] Heartbeat SYNAPSE
2026-07-30 05:23:31.160 -05:00 [DBG] Heartbeat TRADEWEAVER
2026-07-30 05:23:31.160 -05:00 [DBG] Heartbeat CASEBLADE
2026-07-30 05:23:31.160 -05:00 [DBG] Heartbeat PROX
2026-07-30 05:23:31.160 -05:00 [DBG] Heartbeat SENTINEL
2026-07-30 05:23:31.161 -05:00 [DBG] Heartbeat MARKETSCRYER
2026-07-30 05:23:31.161 -05:00 [DBG] Heartbeat SIGNALFORGE
2026-07-30 05:23:31.161 -05:00 [DBG] Heartbeat ORACLEVAULT
2026-07-30 05:23:31.161 -05:00 [DBG] Heartbeat RISKWARDEN
2026-07-30 05:24:31.161 -05:00 [DBG] Heartbeat SYNAPSE
2026-07-30 05:24:31.161 -05:00 [DBG] Heartbeat TRADEWEAVER
2026-07-30 05:24:31.161 -05:00 [DBG] Heartbeat CASEBLADE
2026-07-30 05:24:31.161 -05:00 [DBG] Heartbeat PROX
2026-07-30 05:24:31.161 -05:00 [DBG] Heartbeat SENTINEL
2026-07-30 05:24:31.161 -05:00 [DBG] Heartbeat MARKETSCRYER
2026-07-30 05:24:31.161 -05:00 [DBG] Heartbeat SIGNALFORGE
2026-07-30 05:24:31.161 -05:00 [DBG] Heartbeat ORACLEVAULT
2026-07-30 05:24:31.161 -05:00 [DBG] Heartbeat RISKWARDEN
2026-07-30 05:25:31.161 -05:00 [DBG] Heartbeat SYNAPSE
2026-07-30 05:25:31.161 -05:00 [DBG] Heartbeat TRADEWEAVER
2026-07-30 05:25:31.161 -05:00 [DBG] Heartbeat CASEBLADE
2026-07-30 05:25:31.161 -05:00 [DBG] Heartbeat PROX
2026-07-30 05:25:31.161 -05:00 [DBG] Heartbeat SENTINEL
2026-07-30 05:25:31.161 -05:00 [DBG] Heartbeat MARKETSCRYER
2026-07-30 05:25:31.161 -05:00 [DBG] Heartbeat SIGNALFORGE
2026-07-30 05:25:31.161 -05:00 [DBG] Heartbeat ORACLEVAULT
2026-07-30 05:25:31.161 -05:00 [DBG] Heartbeat RISKWARDEN
2026-07-30 05:26:31.161 -05:00 [DBG] Heartbeat SYNAPSE
2026-07-30 05:26:31.161 -05:00 [DBG] Heartbeat TRADEWEAVER
2026-07-30 05:26:31.161 -05:00 [DBG] Heartbeat CASEBLADE
2026-07-30 05:26:31.161 -05:00 [DBG] Heartbeat PROX
2026-07-30 05:26:31.161 -05:00 [DBG] Heartbeat SENTINEL
2026-07-30 05:26:31.161 -05:00 [DBG] Heartbeat MARKETSCRYER
2026-07-30 05:26:31.161 -05:00 [DBG] Heartbeat SIGNALFORGE
2026-07-30 05:26:31.161 -05:00 [DBG] Heartbeat ORACLEVAULT
2026-07-30 05:26:31.161 -05:00 [DBG] Heartbeat RISKWARDEN
2026-07-30 05:27:31.161 -05:00 [DBG] Heartbeat SYNAPSE
2026-07-30 05:27:31.161 -05:00 [DBG] Heartbeat TRADEWEAVER
2026-07-30 05:27:31.161 -05:00 [DBG] Heartbeat CASEBLADE
2026-07-30 05:27:31.161 -05:00 [DBG] Heartbeat PROX
2026-07-30 05:27:31.161 -05:00 [DBG] Heartbeat SENTINEL
2026-07-30 05:27:31.161 -05:00 [DBG] Heartbeat MARKETSCRYER
2026-07-30 05:27:31.161 -05:00 [DBG] Heartbeat SIGNALFORGE
2026-07-30 05:27:31.161 -05:00 [DBG] Heartbeat ORACLEVAULT
2026-07-30 05:27:31.161 -05:00 [DBG] Heartbeat RISKWARDEN
2026-07-30 05:27:45.832 -05:00 [INF] PC health: C: 77.4% used, 5 recent errors
2026-07-30 05:28:31.161 -05:00 [DBG] Heartbeat SYNAPSE
2026-07-30 05:28:31.161 -05:00 [DBG] Heartbeat TRADEWEAVER
2026-07-30 05:28:31.161 -05:00 [DBG] Heartbeat CASEBLADE
2026-07-30 05:28:31.161 -05:00 [DBG] Heartbeat PROX
2026-07-30 05:28:31.161 -05:00 [DBG] Heartbeat SENTINEL
2026-07-30 05:28:31.161 -05:00 [DBG] Heartbeat MARKETSCRYER
2026-07-30 05:28:31.161 -05:00 [DBG] Heartbeat SIGNALFORGE
2026-07-30 05:28:31.161 -05:00 [DBG] Heartbeat ORACLEVAULT
2026-07-30 05:28:31.161 -05:00 [DBG] Heartbeat RISKWARDEN
2026-07-30 05:29:31.161 -05:00 [DBG] Heartbeat SYNAPSE
2026-07-30 05:29:31.161 -05:00 [DBG] Heartbeat TRADEWEAVER
2026-07-30 05:29:31.161 -05:00 [DBG] Heartbeat CASEBLADE
2026-07-30 05:29:31.161 -05:00 [DBG] Heartbeat PROX
2026-07-30 05:29:31.161 -05:00 [DBG] Heartbeat SENTINEL
2026-07-30 05:29:31.161 -05:00 [DBG] Heartbeat MARKETSCRYER
2026-07-30 05:29:31.161 -05:00 [DBG] Heartbeat SIGNALFORGE
2026-07-30 05:29:31.161 -05:00 [DBG] Heartbeat ORACLEVAULT
2026-07-30 05:29:31.161 -05:00 [DBG] Heartbeat RISKWARDEN
2026-07-30 05:30:31.161 -05:00 [DBG] Heartbeat SYNAPSE
2026-07-30 05:30:31.161 -05:00 [DBG] Heartbeat TRADEWEAVER
2026-07-30 05:30:31.161 -05:00 [DBG] Heartbeat CASEBLADE
2026-07-30 05:30:31.161 -05:00 [DBG] Heartbeat PROX
2026-07-30 05:30:31.161 -05:00 [DBG] Heartbeat SENTINEL
2026-07-30 05:30:31.161 -05:00 [DBG] Heartbeat MARKETSCRYER
2026-07-30 05:30:31.161 -05:00 [DBG] Heartbeat SIGNALFORGE
2026-07-30 05:30:31.161 -05:00 [DBG] Heartbeat ORACLEVAULT
2026-07-30 05:30:31.161 -05:00 [DBG] Heartbeat RISKWARDEN
2026-07-30 05:31:31.161 -05:00 [DBG] Heartbeat SYNAPSE
2026-07-30 05:31:31.162 -05:00 [DBG] Heartbeat TRADEWEAVER
2026-07-30 05:31:31.162 -05:00 [DBG] Heartbeat CASEBLADE
2026-07-30 05:31:31.162 -05:00 [DBG] Heartbeat PROX
2026-07-30 05:31:31.162 -05:00 [DBG] Heartbeat SENTINEL
2026-07-30 05:31:31.162 -05:00 [DBG] Heartbeat MARKETSCRYER
2026-07-30 05:31:31.162 -05:00 [DBG] Heartbeat SIGNALFORGE
2026-07-30 05:31:31.162 -05:00 [DBG] Heartbeat ORACLEVAULT
2026-07-30 05:31:31.162 -05:00 [DBG] Heartbeat RISKWARDEN
2026-07-30 05:32:31.161 -05:00 [DBG] Heartbeat SYNAPSE
2026-07-30 05:32:31.161 -05:00 [DBG] Heartbeat TRADEWEAVER
2026-07-30 05:32:31.161 -05:00 [DBG] Heartbeat CASEBLADE
2026-07-30 05:32:31.161 -05:00 [DBG] Heartbeat PROX
2026-07-30 05:32:31.161 -05:00 [DBG] Heartbeat SENTINEL
2026-07-30 05:32:31.161 -05:00 [DBG] Heartbeat MARKETSCRYER
2026-07-30 05:32:31.161 -05:00 [DBG] Heartbeat SIGNALFORGE
2026-07-30 05:32:31.161 -05:00 [DBG] Heartbeat ORACLEVAULT
2026-07-30 05:32:31.161 -05:00 [DBG] Heartbeat RISKWARDEN
2026-07-30 05:32:59.269 -05:00 [INF] PC health: C: 77.4% used, 5 recent errors
2026-07-30 05:33:31.161 -05:00 [DBG] Heartbeat SYNAPSE
2026-07-30 05:33:31.161 -05:00 [DBG] Heartbeat TRADEWEAVER
2026-07-30 05:33:31.161 -05:00 [DBG] Heartbeat CASEBLADE
2026-07-30 05:33:31.161 -05:00 [DBG] Heartbeat PROX
2026-07-30 05:33:31.161 -05:00 [DBG] Heartbeat SENTINEL
2026-07-30 05:33:31.161 -05:00 [DBG] Heartbeat MARKETSCRYER
2026-07-30 05:33:31.161 -05:00 [DBG] Heartbeat SIGNALFORGE
2026-07-30 05:33:31.161 -05:00 [DBG] Heartbeat ORACLEVAULT
2026-07-30 05:33:31.161 -05:00 [DBG] Heartbeat RISKWARDEN
2026-07-30 05:34:31.161 -05:00 [DBG] Heartbeat SYNAPSE
2026-07-30 05:34:31.161 -05:00 [DBG] Heartbeat TRADEWEAVER
2026-07-30 05:34:31.161 -05:00 [DBG] Heartbeat CASEBLADE
2026-07-30 05:34:31.161 -05:00 [DBG] Heartbeat PROX
2026-07-30 05:34:31.161 -05:00 [DBG] Heartbeat SENTINEL
2026-07-30 05:34:31.161 -05:00 [DBG] Heartbeat MARKETSCRYER
2026-07-30 05:34:31.161 -05:00 [DBG] Heartbeat SIGNALFORGE
2026-07-30 05:34:31.161 -05:00 [DBG] Heartbeat ORACLEVAULT
2026-07-30 05:34:31.161 -05:00 [DBG] Heartbeat RISKWARDEN
2026-07-30 05:35:31.161 -05:00 [DBG] Heartbeat SYNAPSE
2026-07-30 05:35:31.161 -05:00 [DBG] Heartbeat TRADEWEAVER
2026-07-30 05:35:31.161 -05:00 [DBG] Heartbeat CASEBLADE
2026-07-30 05:35:31.161 -05:00 [DBG] Heartbeat PROX
2026-07-30 05:35:31.161 -05:00 [DBG] Heartbeat SENTINEL
2026-07-30 05:35:31.161 -05:00 [DBG] Heartbeat MARKETSCRYER
2026-07-30 05:35:31.161 -05:00 [DBG] Heartbeat SIGNALFORGE
2026-07-30 05:35:31.161 -05:00 [DBG] Heartbeat ORACLEVAULT
2026-07-30 05:35:31.161 -05:00 [DBG] Heartbeat RISKWARDEN
2026-07-30 05:36:31.161 -05:00 [DBG] Heartbeat SYNAPSE
2026-07-30 05:36:31.161 -05:00 [DBG] Heartbeat TRADEWEAVER
2026-07-30 05:36:31.161 -05:00 [DBG] Heartbeat CASEBLADE
2026-07-30 05:36:31.161 -05:00 [DBG] Heartbeat PROX
2026-07-30 05:36:31.161 -05:00 [DBG] Heartbeat SENTINEL
2026-07-30 05:36:31.161 -05:00 [DBG] Heartbeat MARKETSCRYER
2026-07-30 05:36:31.161 -05:00 [DBG] Heartbeat SIGNALFORGE
2026-07-30 05:36:31.161 -05:00 [DBG] Heartbeat ORACLEVAULT
2026-07-30 05:36:31.161 -05:00 [DBG] Heartbeat RISKWARDEN
2026-07-30 05:37:31.160 -05:00 [DBG] Heartbeat SYNAPSE
2026-07-30 05:37:31.160 -05:00 [DBG] Heartbeat TRADEWEAVER
2026-07-30 05:37:31.160 -05:00 [DBG] Heartbeat CASEBLADE
2026-07-30 05:37:31.160 -05:00 [DBG] Heartbeat PROX
2026-07-30 05:37:31.160 -05:00 [DBG] Heartbeat SENTINEL
2026-07-30 05:37:31.160 -05:00 [DBG] Heartbeat MARKETSCRYER
2026-07-30 05:37:31.160 -05:00 [DBG] Heartbeat SIGNALFORGE
2026-07-30 05:37:31.160 -05:00 [DBG] Heartbeat ORACLEVAULT
2026-07-30 05:37:31.160 -05:00 [DBG] Heartbeat RISKWARDEN
2026-07-30 05:38:12.667 -05:00 [INF] PC health: C: 77.4% used, 5 recent errors
2026-07-30 05:38:31.160 -05:00 [DBG] Heartbeat SYNAPSE
2026-07-30 05:38:31.160 -05:00 [DBG] Heartbeat TRADEWEAVER
2026-07-30 05:38:31.160 -05:00 [DBG] Heartbeat CASEBLADE
2026-07-30 05:38:31.160 -05:00 [DBG] Heartbeat PROX
2026-07-30 05:38:31.160 -05:00 [DBG] Heartbeat SENTINEL
2026-07-30 05:38:31.160 -05:00 [DBG] Heartbeat MARKETSCRYER
2026-07-30 05:38:31.160 -05:00 [DBG] Heartbeat SIGNALFORGE
2026-07-30 05:38:31.160 -05:00 [DBG] Heartbeat ORACLEVAULT
2026-07-30 05:38:31.160 -05:00 [DBG] Heartbeat RISKWARDEN
2026-07-30 05:39:31.160 -05:00 [DBG] Heartbeat SYNAPSE
2026-07-30 05:39:31.160 -05:00 [DBG] Heartbeat TRADEWEAVER
2026-07-30 05:39:31.160 -05:00 [DBG] Heartbeat CASEBLADE
2026-07-30 05:39:31.160 -05:00 [DBG] Heartbeat PROX
2026-07-30 05:39:31.160 -05:00 [DBG] Heartbeat SENTINEL
2026-07-30 05:39:31.160 -05:00 [DBG] Heartbeat MARKETSCRYER
2026-07-30 05:39:31.160 -05:00 [DBG] Heartbeat SIGNALFORGE
2026-07-30 05:39:31.160 -05:00 [DBG] Heartbeat ORACLEVAULT
2026-07-30 05:39:31.160 -05:00 [DBG] Heartbeat RISKWARDEN
2026-07-30 05:40:31.161 -05:00 [DBG] Heartbeat SYNAPSE
2026-07-30 05:40:31.161 -05:00 [DBG] Heartbeat TRADEWEAVER
2026-07-30 05:40:31.161 -05:00 [DBG] Heartbeat CASEBLADE
2026-07-30 05:40:31.161 -05:00 [DBG] Heartbeat PROX
2026-07-30 05:40:31.161 -05:00 [DBG] Heartbeat SENTINEL
2026-07-30 05:40:31.161 -05:00 [DBG] Heartbeat MARKETSCRYER
2026-07-30 05:40:31.161 -05:00 [DBG] Heartbeat SIGNALFORGE
2026-07-30 05:40:31.161 -05:00 [DBG] Heartbeat ORACLEVAULT
2026-07-30 05:40:31.161 -05:00 [DBG] Heartbeat RISKWARDEN
2026-07-30 05:41:31.161 -05:00 [DBG] Heartbeat SYNAPSE
2026-07-30 05:41:31.161 -05:00 [DBG] Heartbeat TRADEWEAVER
2026-07-30 05:41:31.161 -05:00 [DBG] Heartbeat CASEBLADE
2026-07-30 05:41:31.161 -05:00 [DBG] Heartbeat PROX
2026-07-30 05:41:31.161 -05:00 [DBG] Heartbeat SENTINEL
2026-07-30 05:41:31.161 -05:00 [DBG] Heartbeat MARKETSCRYER
2026-07-30 05:41:31.161 -05:00 [DBG] Heartbeat SIGNALFORGE
2026-07-30 05:41:31.161 -05:00 [DBG] Heartbeat ORACLEVAULT
2026-07-30 05:41:31.161 -05:00 [DBG] Heartbeat RISKWARDEN
2026-07-30 05:42:31.161 -05:00 [DBG] Heartbeat SYNAPSE
2026-07-30 05:42:31.161 -05:00 [DBG] Heartbeat TRADEWEAVER
2026-07-30 05:42:31.161 -05:00 [DBG] Heartbeat CASEBLADE
2026-07-30 05:42:31.161 -05:00 [DBG] Heartbeat PROX
2026-07-30 05:42:31.161 -05:00 [DBG] Heartbeat SENTINEL
2026-07-30 05:42:31.161 -05:00 [DBG] Heartbeat MARKETSCRYER
2026-07-30 05:42:31.161 -05:00 [DBG] Heartbeat SIGNALFORGE
2026-07-30 05:42:31.161 -05:00 [DBG] Heartbeat ORACLEVAULT
2026-07-30 05:42:31.161 -05:00 [DBG] Heartbeat RISKWARDEN
2026-07-30 05:43:26.202 -05:00 [INF] PC health: C: 77.4% used, 5 recent errors
2026-07-30 05:43:31.160 -05:00 [DBG] Heartbeat SYNAPSE
2026-07-30 05:43:31.160 -05:00 [DBG] Heartbeat TRADEWEAVER
2026-07-30 05:43:31.160 -05:00 [DBG] Heartbeat CASEBLADE
2026-07-30 05:43:31.160 -05:00 [DBG] Heartbeat PROX
2026-07-30 05:43:31.160 -05:00 [DBG] Heartbeat SENTINEL
2026-07-30 05:43:31.160 -05:00 [DBG] Heartbeat MARKETSCRYER
2026-07-30 05:43:31.160 -05:00 [DBG] Heartbeat SIGNALFORGE
2026-07-30 05:43:31.160 -05:00 [DBG] Heartbeat ORACLEVAULT
2026-07-30 05:43:31.160 -05:00 [DBG] Heartbeat RISKWARDEN
2026-07-30 05:44:31.161 -05:00 [DBG] Heartbeat SYNAPSE
2026-07-30 05:44:31.161 -05:00 [DBG] Heartbeat TRADEWEAVER
2026-07-30 05:44:31.161 -05:00 [DBG] Heartbeat CASEBLADE
2026-07-30 05:44:31.161 -05:00 [DBG] Heartbeat PROX
2026-07-30 05:44:31.161 -05:00 [DBG] Heartbeat SENTINEL
2026-07-30 05:44:31.161 -05:00 [DBG] Heartbeat MARKETSCRYER
2026-07-30 05:44:31.161 -05:00 [DBG] Heartbeat SIGNALFORGE
2026-07-30 05:44:31.161 -05:00 [DBG] Heartbeat ORACLEVAULT
2026-07-30 05:44:31.161 -05:00 [DBG] Heartbeat RISKWARDEN
2026-07-30 05:45:31.162 -05:00 [DBG] Heartbeat SYNAPSE
2026-07-30 05:45:31.162 -05:00 [DBG] Heartbeat TRADEWEAVER
2026-07-30 05:45:31.162 -05:00 [DBG] Heartbeat CASEBLADE
2026-07-30 05:45:31.162 -05:00 [DBG] Heartbeat PROX
2026-07-30 05:45:31.162 -05:00 [DBG] Heartbeat SENTINEL
2026-07-30 05:45:31.162 -05:00 [DBG] Heartbeat MARKETSCRYER
2026-07-30 05:45:31.162 -05:00 [DBG] Heartbeat SIGNALFORGE
2026-07-30 05:45:31.162 -05:00 [DBG] Heartbeat ORACLEVAULT
2026-07-30 05:45:31.162 -05:00 [DBG] Heartbeat RISKWARDEN
2026-07-30 05:46:31.162 -05:00 [DBG] Heartbeat SYNAPSE
2026-07-30 05:46:31.162 -05:00 [DBG] Heartbeat TRADEWEAVER
2026-07-30 05:46:31.162 -05:00 [DBG] Heartbeat CASEBLADE
2026-07-30 05:46:31.162 -05:00 [DBG] Heartbeat PROX
2026-07-30 05:46:31.162 -05:00 [DBG] Heartbeat SENTINEL
2026-07-30 05:46:31.162 -05:00 [DBG] Heartbeat MARKETSCRYER
2026-07-30 05:46:31.162 -05:00 [DBG] Heartbeat SIGNALFORGE
2026-07-30 05:46:31.162 -05:00 [DBG] Heartbeat ORACLEVAULT
2026-07-30 05:46:31.162 -05:00 [DBG] Heartbeat RISKWARDEN
2026-07-30 05:47:31.162 -05:00 [DBG] Heartbeat SYNAPSE
2026-07-30 05:47:31.162 -05:00 [DBG] Heartbeat TRADEWEAVER
2026-07-30 05:47:31.162 -05:00 [DBG] Heartbeat CASEBLADE
2026-07-30 05:47:31.162 -05:00 [DBG] Heartbeat PROX
2026-07-30 05:47:31.162 -05:00 [DBG] Heartbeat SENTINEL
2026-07-30 05:47:31.162 -05:00 [DBG] Heartbeat MARKETSCRYER
2026-07-30 05:47:31.162 -05:00 [DBG] Heartbeat SIGNALFORGE
2026-07-30 05:47:31.162 -05:00 [DBG] Heartbeat ORACLEVAULT
2026-07-30 05:47:31.162 -05:00 [DBG] Heartbeat RISKWARDEN
2026-07-30 05:48:31.161 -05:00 [DBG] Heartbeat SYNAPSE
2026-07-30 05:48:31.161 -05:00 [DBG] Heartbeat TRADEWEAVER
2026-07-30 05:48:31.161 -05:00 [DBG] Heartbeat CASEBLADE
2026-07-30 05:48:31.161 -05:00 [DBG] Heartbeat PROX
2026-07-30 05:48:31.161 -05:00 [DBG] Heartbeat SENTINEL
2026-07-30 05:48:31.161 -05:00 [DBG] Heartbeat MARKETSCRYER
2026-07-30 05:48:31.161 -05:00 [DBG] Heartbeat SIGNALFORGE
2026-07-30 05:48:31.161 -05:00 [DBG] Heartbeat ORACLEVAULT
2026-07-30 05:48:31.161 -05:00 [DBG] Heartbeat RISKWARDEN
2026-07-30 05:48:39.573 -05:00 [INF] PC health: C: 77.4% used, 5 recent errors
2026-07-30 05:49:31.160 -05:00 [DBG] Heartbeat SYNAPSE
2026-07-30 05:49:31.160 -05:00 [DBG] Heartbeat TRADEWEAVER
2026-07-30 05:49:31.160 -05:00 [DBG] Heartbeat CASEBLADE
2026-07-30 05:49:31.160 -05:00 [DBG] Heartbeat PROX
2026-07-30 05:49:31.161 -05:00 [DBG] Heartbeat SENTINEL
2026-07-30 05:49:31.161 -05:00 [DBG] Heartbeat MARKETSCRYER
2026-07-30 05:49:31.161 -05:00 [DBG] Heartbeat SIGNALFORGE
2026-07-30 05:49:31.161 -05:00 [DBG] Heartbeat ORACLEVAULT
2026-07-30 05:49:31.161 -05:00 [DBG] Heartbeat RISKWARDEN
2026-07-30 05:50:31.159 -05:00 [DBG] Heartbeat SYNAPSE
2026-07-30 05:50:31.159 -05:00 [DBG] Heartbeat TRADEWEAVER
2026-07-30 05:50:31.159 -05:00 [DBG] Heartbeat CASEBLADE
2026-07-30 05:50:31.159 -05:00 [DBG] Heartbeat PROX
2026-07-30 05:50:31.159 -05:00 [DBG] Heartbeat SENTINEL
2026-07-30 05:50:31.159 -05:00 [DBG] Heartbeat MARKETSCRYER
2026-07-30 05:50:31.159 -05:00 [DBG] Heartbeat SIGNALFORGE
2026-07-30 05:50:31.159 -05:00 [DBG] Heartbeat ORACLEVAULT
2026-07-30 05:50:31.159 -05:00 [DBG] Heartbeat RISKWARDEN
2026-07-30 05:51:31.159 -05:00 [DBG] Heartbeat SYNAPSE
2026-07-30 05:51:31.159 -05:00 [DBG] Heartbeat TRADEWEAVER
2026-07-30 05:51:31.159 -05:00 [DBG] Heartbeat CASEBLADE
2026-07-30 05:51:31.159 -05:00 [DBG] Heartbeat PROX
2026-07-30 05:51:31.159 -05:00 [DBG] Heartbeat SENTINEL
2026-07-30 05:51:31.159 -05:00 [DBG] Heartbeat MARKETSCRYER
2026-07-30 05:51:31.159 -05:00 [DBG] Heartbeat SIGNALFORGE
2026-07-30 05:51:31.159 -05:00 [DBG] Heartbeat ORACLEVAULT
2026-07-30 05:51:31.159 -05:00 [DBG] Heartbeat RISKWARDEN
2026-07-30 05:52:31.157 -05:00 [DBG] Heartbeat SYNAPSE
2026-07-30 05:52:31.157 -05:00 [DBG] Heartbeat TRADEWEAVER
2026-07-30 05:52:31.157 -05:00 [DBG] Heartbeat CASEBLADE
2026-07-30 05:52:31.157 -05:00 [DBG] Heartbeat PROX
2026-07-30 05:52:31.157 -05:00 [DBG] Heartbeat SENTINEL
2026-07-30 05:52:31.157 -05:00 [DBG] Heartbeat MARKETSCRYER
2026-07-30 05:52:31.157 -05:00 [DBG] Heartbeat SIGNALFORGE
2026-07-30 05:52:31.157 -05:00 [DBG] Heartbeat ORACLEVAULT
2026-07-30 05:52:31.157 -05:00 [DBG] Heartbeat RISKWARDEN
2026-07-30 05:53:31.156 -05:00 [DBG] Heartbeat SYNAPSE
2026-07-30 05:53:31.156 -05:00 [DBG] Heartbeat TRADEWEAVER
2026-07-30 05:53:31.156 -05:00 [DBG] Heartbeat CASEBLADE
2026-07-30 05:53:31.156 -05:00 [DBG] Heartbeat PROX
2026-07-30 05:53:31.156 -05:00 [DBG] Heartbeat SENTINEL
2026-07-30 05:53:31.156 -05:00 [DBG] Heartbeat MARKETSCRYER
2026-07-30 05:53:31.156 -05:00 [DBG] Heartbeat SIGNALFORGE
2026-07-30 05:53:31.156 -05:00 [DBG] Heartbeat ORACLEVAULT
2026-07-30 05:53:31.156 -05:00 [DBG] Heartbeat RISKWARDEN
2026-07-30 05:53:53.000 -05:00 [INF] PC health: C: 77.4% used, 5 recent errors
2026-07-30 05:54:31.155 -05:00 [DBG] Heartbeat SYNAPSE
2026-07-30 05:54:31.155 -05:00 [DBG] Heartbeat TRADEWEAVER
2026-07-30 05:54:31.155 -05:00 [DBG] Heartbeat CASEBLADE
2026-07-30 05:54:31.155 -05:00 [DBG] Heartbeat PROX
2026-07-30 05:54:31.155 -05:00 [DBG] Heartbeat SENTINEL
2026-07-30 05:54:31.155 -05:00 [DBG] Heartbeat MARKETSCRYER
2026-07-30 05:54:31.155 -05:00 [DBG] Heartbeat SIGNALFORGE
2026-07-30 05:54:31.155 -05:00 [DBG] Heartbeat ORACLEVAULT
2026-07-30 05:54:31.155 -05:00 [DBG] Heartbeat RISKWARDEN
2026-07-30 05:55:31.155 -05:00 [DBG] Heartbeat SYNAPSE
2026-07-30 05:55:31.155 -05:00 [DBG] Heartbeat TRADEWEAVER
2026-07-30 05:55:31.155 -05:00 [DBG] Heartbeat CASEBLADE
2026-07-30 05:55:31.155 -05:00 [DBG] Heartbeat PROX
2026-07-30 05:55:31.155 -05:00 [DBG] Heartbeat SENTINEL
2026-07-30 05:55:31.155 -05:00 [DBG] Heartbeat MARKETSCRYER
2026-07-30 05:55:31.155 -05:00 [DBG] Heartbeat SIGNALFORGE
2026-07-30 05:55:31.155 -05:00 [DBG] Heartbeat ORACLEVAULT
2026-07-30 05:55:31.155 -05:00 [DBG] Heartbeat RISKWARDEN
2026-07-30 05:56:31.154 -05:00 [DBG] Heartbeat SYNAPSE
2026-07-30 05:56:31.154 -05:00 [DBG] Heartbeat TRADEWEAVER
2026-07-30 05:56:31.154 -05:00 [DBG] Heartbeat CASEBLADE
2026-07-30 05:56:31.154 -05:00 [DBG] Heartbeat PROX
2026-07-30 05:56:31.154 -05:00 [DBG] Heartbeat SENTINEL
2026-07-30 05:56:31.154 -05:00 [DBG] Heartbeat MARKETSCRYER
2026-07-30 05:56:31.154 -05:00 [DBG] Heartbeat SIGNALFORGE
2026-07-30 05:56:31.154 -05:00 [DBG] Heartbeat ORACLEVAULT
2026-07-30 05:56:31.154 -05:00 [DBG] Heartbeat RISKWARDEN
2026-07-30 05:57:31.153 -05:00 [DBG] Heartbeat SYNAPSE
2026-07-30 05:57:31.153 -05:00 [DBG] Heartbeat TRADEWEAVER
2026-07-30 05:57:31.153 -05:00 [DBG] Heartbeat CASEBLADE
2026-07-30 05:57:31.153 -05:00 [DBG] Heartbeat PROX
2026-07-30 05:57:31.153 -05:00 [DBG] Heartbeat SENTINEL
2026-07-30 05:57:31.153 -05:00 [DBG] Heartbeat MARKETSCRYER
2026-07-30 05:57:31.153 -05:00 [DBG] Heartbeat SIGNALFORGE
2026-07-30 05:57:31.153 -05:00 [DBG] Heartbeat ORACLEVAULT
2026-07-30 05:57:31.153 -05:00 [DBG] Heartbeat RISKWARDEN
2026-07-30 05:58:31.152 -05:00 [DBG] Heartbeat SYNAPSE
2026-07-30 05:58:31.153 -05:00 [DBG] Heartbeat TRADEWEAVER
2026-07-30 05:58:31.153 -05:00 [DBG] Heartbeat CASEBLADE
2026-07-30 05:58:31.153 -05:00 [DBG] Heartbeat PROX
2026-07-30 05:58:31.153 -05:00 [DBG] Heartbeat SENTINEL
2026-07-30 05:58:31.153 -05:00 [DBG] Heartbeat MARKETSCRYER
2026-07-30 05:58:31.153 -05:00 [DBG] Heartbeat SIGNALFORGE
2026-07-30 05:58:31.153 -05:00 [DBG] Heartbeat ORACLEVAULT
2026-07-30 05:58:31.153 -05:00 [DBG] Heartbeat RISKWARDEN
2026-07-30 05:59:06.327 -05:00 [INF] PC health: C: 77.4% used, 5 recent errors
2026-07-30 05:59:31.152 -05:00 [DBG] Heartbeat SYNAPSE
2026-07-30 05:59:31.152 -05:00 [DBG] Heartbeat TRADEWEAVER
2026-07-30 05:59:31.152 -05:00 [DBG] Heartbeat CASEBLADE
2026-07-30 05:59:31.152 -05:00 [DBG] Heartbeat PROX
2026-07-30 05:59:31.152 -05:00 [DBG] Heartbeat SENTINEL
2026-07-30 05:59:31.152 -05:00 [DBG] Heartbeat MARKETSCRYER
2026-07-30 05:59:31.152 -05:00 [DBG] Heartbeat SIGNALFORGE
2026-07-30 05:59:31.152 -05:00 [DBG] Heartbeat ORACLEVAULT
2026-07-30 05:59:31.152 -05:00 [DBG] Heartbeat RISKWARDEN
2026-07-30 06:00:31.151 -05:00 [DBG] Heartbeat SYNAPSE
2026-07-30 06:00:31.151 -05:00 [DBG] Heartbeat TRADEWEAVER
2026-07-30 06:00:31.151 -05:00 [DBG] Heartbeat CASEBLADE
2026-07-30 06:00:31.151 -05:00 [DBG] Heartbeat PROX
2026-07-30 06:00:31.151 -05:00 [DBG] Heartbeat SENTINEL
2026-07-30 06:00:31.151 -05:00 [DBG] Heartbeat MARKETSCRYER
2026-07-30 06:00:31.151 -05:00 [DBG] Heartbeat SIGNALFORGE
2026-07-30 06:00:31.151 -05:00 [DBG] Heartbeat ORACLEVAULT
2026-07-30 06:00:31.151 -05:00 [DBG] Heartbeat RISKWARDEN
2026-07-30 06:01:31.150 -05:00 [DBG] Heartbeat SYNAPSE
2026-07-30 06:01:31.150 -05:00 [DBG] Heartbeat TRADEWEAVER
2026-07-30 06:01:31.150 -05:00 [DBG] Heartbeat CASEBLADE
2026-07-30 06:01:31.150 -05:00 [DBG] Heartbeat PROX
2026-07-30 06:01:31.150 -05:00 [DBG] Heartbeat SENTINEL
2026-07-30 06:01:31.150 -05:00 [DBG] Heartbeat MARKETSCRYER
2026-07-30 06:01:31.150 -05:00 [DBG] Heartbeat SIGNALFORGE
2026-07-30 06:01:31.150 -05:00 [DBG] Heartbeat ORACLEVAULT
2026-07-30 06:01:31.150 -05:00 [DBG] Heartbeat RISKWARDEN
2026-07-30 06:02:31.149 -05:00 [DBG] Heartbeat SYNAPSE
2026-07-30 06:02:31.149 -05:00 [DBG] Heartbeat TRADEWEAVER
2026-07-30 06:02:31.149 -05:00 [DBG] Heartbeat CASEBLADE
2026-07-30 06:02:31.149 -05:00 [DBG] Heartbeat PROX
2026-07-30 06:02:31.149 -05:00 [DBG] Heartbeat SENTINEL
2026-07-30 06:02:31.149 -05:00 [DBG] Heartbeat MARKETSCRYER
2026-07-30 06:02:31.149 -05:00 [DBG] Heartbeat SIGNALFORGE
2026-07-30 06:02:31.149 -05:00 [DBG] Heartbeat ORACLEVAULT
2026-07-30 06:02:31.149 -05:00 [DBG] Heartbeat RISKWARDEN
2026-07-30 06:03:31.148 -05:00 [DBG] Heartbeat SYNAPSE
2026-07-30 06:03:31.148 -05:00 [DBG] Heartbeat TRADEWEAVER
2026-07-30 06:03:31.148 -05:00 [DBG] Heartbeat CASEBLADE
2026-07-30 06:03:31.148 -05:00 [DBG] Heartbeat PROX
2026-07-30 06:03:31.148 -05:00 [DBG] Heartbeat SENTINEL
2026-07-30 06:03:31.148 -05:00 [DBG] Heartbeat MARKETSCRYER
2026-07-30 06:03:31.148 -05:00 [DBG] Heartbeat SIGNALFORGE
2026-07-30 06:03:31.148 -05:00 [DBG] Heartbeat ORACLEVAULT
2026-07-30 06:03:31.148 -05:00 [DBG] Heartbeat RISKWARDEN
2026-07-30 06:04:19.697 -05:00 [INF] PC health: C: 77.4% used, 5 recent errors
2026-07-30 06:04:31.147 -05:00 [DBG] Heartbeat SYNAPSE
2026-07-30 06:04:31.147 -05:00 [DBG] Heartbeat TRADEWEAVER
2026-07-30 06:04:31.147 -05:00 [DBG] Heartbeat CASEBLADE
2026-07-30 06:04:31.147 -05:00 [DBG] Heartbeat PROX
2026-07-30 06:04:31.147 -05:00 [DBG] Heartbeat SENTINEL
2026-07-30 06:04:31.147 -05:00 [DBG] Heartbeat MARKETSCRYER
2026-07-30 06:04:31.147 -05:00 [DBG] Heartbeat SIGNALFORGE
2026-07-30 06:04:31.147 -05:00 [DBG] Heartbeat ORACLEVAULT
2026-07-30 06:04:31.147 -05:00 [DBG] Heartbeat RISKWARDEN
2026-07-30 06:05:31.147 -05:00 [DBG] Heartbeat SYNAPSE
2026-07-30 06:05:31.147 -05:00 [DBG] Heartbeat TRADEWEAVER
2026-07-30 06:05:31.147 -05:00 [DBG] Heartbeat CASEBLADE
2026-07-30 06:05:31.147 -05:00 [DBG] Heartbeat PROX
2026-07-30 06:05:31.147 -05:00 [DBG] Heartbeat SENTINEL
2026-07-30 06:05:31.147 -05:00 [DBG] Heartbeat MARKETSCRYER
2026-07-30 06:05:31.147 -05:00 [DBG] Heartbeat SIGNALFORGE
2026-07-30 06:05:31.147 -05:00 [DBG] Heartbeat ORACLEVAULT
2026-07-30 06:05:31.147 -05:00 [DBG] Heartbeat RISKWARDEN
2026-07-30 06:06:31.146 -05:00 [DBG] Heartbeat SYNAPSE
2026-07-30 06:06:31.146 -05:00 [DBG] Heartbeat TRADEWEAVER
2026-07-30 06:06:31.146 -05:00 [DBG] Heartbeat CASEBLADE
2026-07-30 06:06:31.146 -05:00 [DBG] Heartbeat PROX
2026-07-30 06:06:31.146 -05:00 [DBG] Heartbeat SENTINEL
2026-07-30 06:06:31.146 -05:00 [DBG] Heartbeat MARKETSCRYER
2026-07-30 06:06:31.146 -05:00 [DBG] Heartbeat SIGNALFORGE
2026-07-30 06:06:31.146 -05:00 [DBG] Heartbeat ORACLEVAULT
2026-07-30 06:06:31.146 -05:00 [DBG] Heartbeat RISKWARDEN
2026-07-30 06:07:31.145 -05:00 [DBG] Heartbeat SYNAPSE
2026-07-30 06:07:31.145 -05:00 [DBG] Heartbeat TRADEWEAVER
2026-07-30 06:07:31.145 -05:00 [DBG] Heartbeat CASEBLADE
2026-07-30 06:07:31.145 -05:00 [DBG] Heartbeat PROX
2026-07-30 06:07:31.145 -05:00 [DBG] Heartbeat SENTINEL
2026-07-30 06:07:31.145 -05:00 [DBG] Heartbeat MARKETSCRYER
2026-07-30 06:07:31.145 -05:00 [DBG] Heartbeat SIGNALFORGE
2026-07-30 06:07:31.145 -05:00 [DBG] Heartbeat ORACLEVAULT
2026-07-30 06:07:31.145 -05:00 [DBG] Heartbeat RISKWARDEN
2026-07-30 06:08:31.144 -05:00 [DBG] Heartbeat SYNAPSE
2026-07-30 06:08:31.144 -05:00 [DBG] Heartbeat TRADEWEAVER
2026-07-30 06:08:31.144 -05:00 [DBG] Heartbeat CASEBLADE
2026-07-30 06:08:31.144 -05:00 [DBG] Heartbeat PROX
2026-07-30 06:08:31.144 -05:00 [DBG] Heartbeat SENTINEL
2026-07-30 06:08:31.144 -05:00 [DBG] Heartbeat MARKETSCRYER
2026-07-30 06:08:31.144 -05:00 [DBG] Heartbeat SIGNALFORGE
2026-07-30 06:08:31.144 -05:00 [DBG] Heartbeat ORACLEVAULT
2026-07-30 06:08:31.144 -05:00 [DBG] Heartbeat RISKWARDEN
2026-07-30 06:09:31.143 -05:00 [DBG] Heartbeat SYNAPSE
2026-07-30 06:09:31.143 -05:00 [DBG] Heartbeat TRADEWEAVER
2026-07-30 06:09:31.143 -05:00 [DBG] Heartbeat CASEBLADE
2026-07-30 06:09:31.143 -05:00 [DBG] Heartbeat PROX
2026-07-30 06:09:31.143 -05:00 [DBG] Heartbeat SENTINEL
2026-07-30 06:09:31.143 -05:00 [DBG] Heartbeat MARKETSCRYER
2026-07-30 06:09:31.143 -05:00 [DBG] Heartbeat SIGNALFORGE
2026-07-30 06:09:31.143 -05:00 [DBG] Heartbeat ORACLEVAULT
2026-07-30 06:09:31.143 -05:00 [DBG] Heartbeat RISKWARDEN
2026-07-30 06:09:33.235 -05:00 [INF] PC health: C: 77.4% used, 5 recent errors
2026-07-30 06:10:31.142 -05:00 [DBG] Heartbeat SYNAPSE
2026-07-30 06:10:31.142 -05:00 [DBG] Heartbeat TRADEWEAVER
2026-07-30 06:10:31.142 -05:00 [DBG] Heartbeat CASEBLADE
2026-07-30 06:10:31.142 -05:00 [DBG] Heartbeat PROX
2026-07-30 06:10:31.142 -05:00 [DBG] Heartbeat SENTINEL
2026-07-30 06:10:31.142 -05:00 [DBG] Heartbeat MARKETSCRYER
2026-07-30 06:10:31.142 -05:00 [DBG] Heartbeat SIGNALFORGE
2026-07-30 06:10:31.142 -05:00 [DBG] Heartbeat ORACLEVAULT
2026-07-30 06:10:31.142 -05:00 [DBG] Heartbeat RISKWARDEN
2026-07-30 06:11:31.141 -05:00 [DBG] Heartbeat SYNAPSE
2026-07-30 06:11:31.141 -05:00 [DBG] Heartbeat TRADEWEAVER
2026-07-30 06:11:31.141 -05:00 [DBG] Heartbeat CASEBLADE
2026-07-30 06:11:31.141 -05:00 [DBG] Heartbeat PROX
2026-07-30 06:11:31.141 -05:00 [DBG] Heartbeat SENTINEL
2026-07-30 06:11:31.141 -05:00 [DBG] Heartbeat MARKETSCRYER
2026-07-30 06:11:31.141 -05:00 [DBG] Heartbeat SIGNALFORGE
2026-07-30 06:11:31.141 -05:00 [DBG] Heartbeat ORACLEVAULT
2026-07-30 06:11:31.142 -05:00 [DBG] Heartbeat RISKWARDEN
2026-07-30 06:12:31.142 -05:00 [DBG] Heartbeat SYNAPSE
2026-07-30 06:12:31.142 -05:00 [DBG] Heartbeat TRADEWEAVER
2026-07-30 06:12:31.142 -05:00 [DBG] Heartbeat CASEBLADE
2026-07-30 06:12:31.142 -05:00 [DBG] Heartbeat PROX
2026-07-30 06:12:31.142 -05:00 [DBG] Heartbeat SENTINEL
2026-07-30 06:12:31.142 -05:00 [DBG] Heartbeat MARKETSCRYER
2026-07-30 06:12:31.142 -05:00 [DBG] Heartbeat SIGNALFORGE
2026-07-30 06:12:31.142 -05:00 [DBG] Heartbeat ORACLEVAULT
2026-07-30 06:12:31.142 -05:00 [DBG] Heartbeat RISKWARDEN
2026-07-30 06:13:31.140 -05:00 [DBG] Heartbeat SYNAPSE
2026-07-30 06:13:31.140 -05:00 [DBG] Heartbeat TRADEWEAVER
2026-07-30 06:13:31.140 -05:00 [DBG] Heartbeat CASEBLADE
2026-07-30 06:13:31.140 -05:00 [DBG] Heartbeat PROX
2026-07-30 06:13:31.140 -05:00 [DBG] Heartbeat SENTINEL
2026-07-30 06:13:31.140 -05:00 [DBG] Heartbeat MARKETSCRYER
2026-07-30 06:13:31.140 -05:00 [DBG] Heartbeat SIGNALFORGE
2026-07-30 06:13:31.141 -05:00 [DBG] Heartbeat ORACLEVAULT
2026-07-30 06:13:31.141 -05:00 [DBG] Heartbeat RISKWARDEN
2026-07-30 06:14:31.140 -05:00 [DBG] Heartbeat SYNAPSE
2026-07-30 06:14:31.140 -05:00 [DBG] Heartbeat TRADEWEAVER
2026-07-30 06:14:31.140 -05:00 [DBG] Heartbeat CASEBLADE
2026-07-30 06:14:31.140 -05:00 [DBG] Heartbeat PROX
2026-07-30 06:14:31.140 -05:00 [DBG] Heartbeat SENTINEL
2026-07-30 06:14:31.140 -05:00 [DBG] Heartbeat MARKETSCRYER
2026-07-30 06:14:31.140 -05:00 [DBG] Heartbeat SIGNALFORGE
2026-07-30 06:14:31.140 -05:00 [DBG] Heartbeat ORACLEVAULT
2026-07-30 06:14:31.140 -05:00 [DBG] Heartbeat RISKWARDEN
2026-07-30 06:14:46.674 -05:00 [INF] PC health: C: 77.4% used, 5 recent errors
2026-07-30 06:15:31.138 -05:00 [DBG] Heartbeat SYNAPSE
2026-07-30 06:15:31.138 -05:00 [DBG] Heartbeat TRADEWEAVER
2026-07-30 06:15:31.138 -05:00 [DBG] Heartbeat CASEBLADE
2026-07-30 06:15:31.138 -05:00 [DBG] Heartbeat PROX
2026-07-30 06:15:31.138 -05:00 [DBG] Heartbeat SENTINEL
2026-07-30 06:15:31.138 -05:00 [DBG] Heartbeat MARKETSCRYER
2026-07-30 06:15:31.138 -05:00 [DBG] Heartbeat SIGNALFORGE
2026-07-30 06:15:31.138 -05:00 [DBG] Heartbeat ORACLEVAULT
2026-07-30 06:15:31.138 -05:00 [DBG] Heartbeat RISKWARDEN
2026-07-30 06:16:31.137 -05:00 [DBG] Heartbeat SYNAPSE
2026-07-30 06:16:31.137 -05:00 [DBG] Heartbeat TRADEWEAVER
2026-07-30 06:16:31.137 -05:00 [DBG] Heartbeat CASEBLADE
2026-07-30 06:16:31.137 -05:00 [DBG] Heartbeat PROX
2026-07-30 06:16:31.137 -05:00 [DBG] Heartbeat SENTINEL
2026-07-30 06:16:31.137 -05:00 [DBG] Heartbeat MARKETSCRYER
2026-07-30 06:16:31.137 -05:00 [DBG] Heartbeat SIGNALFORGE
2026-07-30 06:16:31.137 -05:00 [DBG] Heartbeat ORACLEVAULT
2026-07-30 06:16:31.137 -05:00 [DBG] Heartbeat RISKWARDEN
2026-07-30 06:17:31.136 -05:00 [DBG] Heartbeat SYNAPSE
2026-07-30 06:17:31.136 -05:00 [DBG] Heartbeat TRADEWEAVER
2026-07-30 06:17:31.136 -05:00 [DBG] Heartbeat CASEBLADE
2026-07-30 06:17:31.136 -05:00 [DBG] Heartbeat PROX
2026-07-30 06:17:31.136 -05:00 [DBG] Heartbeat SENTINEL
2026-07-30 06:17:31.136 -05:00 [DBG] Heartbeat MARKETSCRYER
2026-07-30 06:17:31.136 -05:00 [DBG] Heartbeat SIGNALFORGE
2026-07-30 06:17:31.136 -05:00 [DBG] Heartbeat ORACLEVAULT
2026-07-30 06:17:31.136 -05:00 [DBG] Heartbeat RISKWARDEN
2026-07-30 06:18:31.135 -05:00 [DBG] Heartbeat SYNAPSE
2026-07-30 06:18:31.135 -05:00 [DBG] Heartbeat TRADEWEAVER
2026-07-30 06:18:31.135 -05:00 [DBG] Heartbeat CASEBLADE
2026-07-30 06:18:31.135 -05:00 [DBG] Heartbeat PROX
2026-07-30 06:18:31.135 -05:00 [DBG] Heartbeat SENTINEL
2026-07-30 06:18:31.135 -05:00 [DBG] Heartbeat MARKETSCRYER
2026-07-30 06:18:31.135 -05:00 [DBG] Heartbeat SIGNALFORGE
2026-07-30 06:18:31.135 -05:00 [DBG] Heartbeat ORACLEVAULT
2026-07-30 06:18:31.135 -05:00 [DBG] Heartbeat RISKWARDEN
2026-07-30 06:19:31.134 -05:00 [DBG] Heartbeat SYNAPSE
2026-07-30 06:19:31.134 -05:00 [DBG] Heartbeat TRADEWEAVER
2026-07-30 06:19:31.134 -05:00 [DBG] Heartbeat CASEBLADE
2026-07-30 06:19:31.134 -05:00 [DBG] Heartbeat PROX
2026-07-30 06:19:31.134 -05:00 [DBG] Heartbeat SENTINEL
2026-07-30 06:19:31.134 -05:00 [DBG] Heartbeat MARKETSCRYER
2026-07-30 06:19:31.134 -05:00 [DBG] Heartbeat SIGNALFORGE
2026-07-30 06:19:31.134 -05:00 [DBG] Heartbeat ORACLEVAULT
2026-07-30 06:19:31.134 -05:00 [DBG] Heartbeat RISKWARDEN
2026-07-30 06:20:00.183 -05:00 [INF] PC health: C: 77.4% used, 5 recent errors
2026-07-30 06:20:31.133 -05:00 [DBG] Heartbeat SYNAPSE
2026-07-30 06:20:31.133 -05:00 [DBG] Heartbeat TRADEWEAVER
2026-07-30 06:20:31.133 -05:00 [DBG] Heartbeat CASEBLADE
2026-07-30 06:20:31.133 -05:00 [DBG] Heartbeat PROX
2026-07-30 06:20:31.133 -05:00 [DBG] Heartbeat SENTINEL
2026-07-30 06:20:31.133 -05:00 [DBG] Heartbeat MARKETSCRYER
2026-07-30 06:20:31.133 -05:00 [DBG] Heartbeat SIGNALFORGE
2026-07-30 06:20:31.133 -05:00 [DBG] Heartbeat ORACLEVAULT
2026-07-30 06:20:31.133 -05:00 [DBG] Heartbeat RISKWARDEN
2026-07-30 06:21:31.132 -05:00 [DBG] Heartbeat SYNAPSE
2026-07-30 06:21:31.132 -05:00 [DBG] Heartbeat TRADEWEAVER
2026-07-30 06:21:31.132 -05:00 [DBG] Heartbeat CASEBLADE
2026-07-30 06:21:31.132 -05:00 [DBG] Heartbeat PROX
2026-07-30 06:21:31.132 -05:00 [DBG] Heartbeat SENTINEL
2026-07-30 06:21:31.132 -05:00 [DBG] Heartbeat MARKETSCRYER
2026-07-30 06:21:31.132 -05:00 [DBG] Heartbeat SIGNALFORGE
2026-07-30 06:21:31.132 -05:00 [DBG] Heartbeat ORACLEVAULT
2026-07-30 06:21:31.133 -05:00 [DBG] Heartbeat RISKWARDEN
2026-07-30 06:22:31.132 -05:00 [DBG] Heartbeat SYNAPSE
2026-07-30 06:22:31.132 -05:00 [DBG] Heartbeat TRADEWEAVER
2026-07-30 06:22:31.132 -05:00 [DBG] Heartbeat CASEBLADE
2026-07-30 06:22:31.132 -05:00 [DBG] Heartbeat PROX
2026-07-30 06:22:31.132 -05:00 [DBG] Heartbeat SENTINEL
2026-07-30 06:22:31.132 -05:00 [DBG] Heartbeat MARKETSCRYER
2026-07-30 06:22:31.132 -05:00 [DBG] Heartbeat SIGNALFORGE
2026-07-30 06:22:31.132 -05:00 [DBG] Heartbeat ORACLEVAULT
2026-07-30 06:22:31.132 -05:00 [DBG] Heartbeat RISKWARDEN
2026-07-30 06:23:31.131 -05:00 [DBG] Heartbeat SYNAPSE
2026-07-30 06:23:31.131 -05:00 [DBG] Heartbeat TRADEWEAVER
2026-07-30 06:23:31.131 -05:00 [DBG] Heartbeat CASEBLADE
2026-07-30 06:23:31.131 -05:00 [DBG] Heartbeat PROX
2026-07-30 06:23:31.131 -05:00 [DBG] Heartbeat SENTINEL
2026-07-30 06:23:31.131 -05:00 [DBG] Heartbeat MARKETSCRYER
2026-07-30 06:23:31.131 -05:00 [DBG] Heartbeat SIGNALFORGE
2026-07-30 06:23:31.131 -05:00 [DBG] Heartbeat ORACLEVAULT
2026-07-30 06:23:31.131 -05:00 [DBG] Heartbeat RISKWARDEN
2026-07-30 06:24:31.131 -05:00 [DBG] Heartbeat SYNAPSE
2026-07-30 06:24:31.131 -05:00 [DBG] Heartbeat TRADEWEAVER
2026-07-30 06:24:31.131 -05:00 [DBG] Heartbeat CASEBLADE
2026-07-30 06:24:31.131 -05:00 [DBG] Heartbeat PROX
2026-07-30 06:24:31.131 -05:00 [DBG] Heartbeat SENTINEL
2026-07-30 06:24:31.131 -05:00 [DBG] Heartbeat MARKETSCRYER
2026-07-30 06:24:31.131 -05:00 [DBG] Heartbeat SIGNALFORGE
2026-07-30 06:24:31.131 -05:00 [DBG] Heartbeat ORACLEVAULT
2026-07-30 06:24:31.131 -05:00 [DBG] Heartbeat RISKWARDEN
2026-07-30 06:25:13.649 -05:00 [INF] PC health: C: 77.4% used, 5 recent errors
2026-07-30 06:25:31.129 -05:00 [DBG] Heartbeat SYNAPSE
2026-07-30 06:25:31.129 -05:00 [DBG] Heartbeat TRADEWEAVER
2026-07-30 06:25:31.129 -05:00 [DBG] Heartbeat CASEBLADE
2026-07-30 06:25:31.129 -05:00 [DBG] Heartbeat PROX
2026-07-30 06:25:31.129 -05:00 [DBG] Heartbeat SENTINEL
2026-07-30 06:25:31.129 -05:00 [DBG] Heartbeat MARKETSCRYER
2026-07-30 06:25:31.129 -05:00 [DBG] Heartbeat SIGNALFORGE
2026-07-30 06:25:31.129 -05:00 [DBG] Heartbeat ORACLEVAULT
2026-07-30 06:25:31.129 -05:00 [DBG] Heartbeat RISKWARDEN
2026-07-30 06:26:31.129 -05:00 [DBG] Heartbeat SYNAPSE
2026-07-30 06:26:31.129 -05:00 [DBG] Heartbeat TRADEWEAVER
2026-07-30 06:26:31.129 -05:00 [DBG] Heartbeat CASEBLADE
2026-07-30 06:26:31.129 -05:00 [DBG] Heartbeat PROX
2026-07-30 06:26:31.129 -05:00 [DBG] Heartbeat SENTINEL
2026-07-30 06:26:31.129 -05:00 [DBG] Heartbeat MARKETSCRYER
2026-07-30 06:26:31.129 -05:00 [DBG] Heartbeat SIGNALFORGE
2026-07-30 06:26:31.129 -05:00 [DBG] Heartbeat ORACLEVAULT
2026-07-30 06:26:31.129 -05:00 [DBG] Heartbeat RISKWARDEN
2026-07-30 06:27:31.129 -05:00 [DBG] Heartbeat SYNAPSE
2026-07-30 06:27:31.129 -05:00 [DBG] Heartbeat TRADEWEAVER
2026-07-30 06:27:31.129 -05:00 [DBG] Heartbeat CASEBLADE
2026-07-30 06:27:31.129 -05:00 [DBG] Heartbeat PROX
2026-07-30 06:27:31.129 -05:00 [DBG] Heartbeat SENTINEL
2026-07-30 06:27:31.129 -05:00 [DBG] Heartbeat MARKETSCRYER
2026-07-30 06:27:31.129 -05:00 [DBG] Heartbeat SIGNALFORGE
2026-07-30 06:27:31.129 -05:00 [DBG] Heartbeat ORACLEVAULT
2026-07-30 06:27:31.129 -05:00 [DBG] Heartbeat RISKWARDEN
2026-07-30 06:28:31.129 -05:00 [DBG] Heartbeat SYNAPSE
2026-07-30 06:28:31.129 -05:00 [DBG] Heartbeat TRADEWEAVER
2026-07-30 06:28:31.129 -05:00 [DBG] Heartbeat CASEBLADE
2026-07-30 06:28:31.129 -05:00 [DBG] Heartbeat PROX
2026-07-30 06:28:31.129 -05:00 [DBG] Heartbeat SENTINEL
2026-07-30 06:28:31.129 -05:00 [DBG] Heartbeat MARKETSCRYER
2026-07-30 06:28:31.129 -05:00 [DBG] Heartbeat SIGNALFORGE
2026-07-30 06:28:31.129 -05:00 [DBG] Heartbeat ORACLEVAULT
2026-07-30 06:28:31.129 -05:00 [DBG] Heartbeat RISKWARDEN
2026-07-30 06:29:31.128 -05:00 [DBG] Heartbeat SYNAPSE
2026-07-30 06:29:31.128 -05:00 [DBG] Heartbeat TRADEWEAVER
2026-07-30 06:29:31.128 -05:00 [DBG] Heartbeat CASEBLADE
2026-07-30 06:29:31.128 -05:00 [DBG] Heartbeat PROX
2026-07-30 06:29:31.128 -05:00 [DBG] Heartbeat SENTINEL
2026-07-30 06:29:31.128 -05:00 [DBG] Heartbeat MARKETSCRYER
2026-07-30 06:29:31.128 -05:00 [DBG] Heartbeat SIGNALFORGE
2026-07-30 06:29:31.128 -05:00 [DBG] Heartbeat ORACLEVAULT
2026-07-30 06:29:31.128 -05:00 [DBG] Heartbeat RISKWARDEN
2026-07-30 06:30:27.179 -05:00 [INF] PC health: C: 77.4% used, 5 recent errors
2026-07-30 06:30:31.127 -05:00 [DBG] Heartbeat SYNAPSE
2026-07-30 06:30:31.128 -05:00 [DBG] Heartbeat TRADEWEAVER
2026-07-30 06:30:31.128 -05:00 [DBG] Heartbeat CASEBLADE
2026-07-30 06:30:31.128 -05:00 [DBG] Heartbeat PROX
2026-07-30 06:30:31.128 -05:00 [DBG] Heartbeat SENTINEL
2026-07-30 06:30:31.128 -05:00 [DBG] Heartbeat MARKETSCRYER
2026-07-30 06:30:31.128 -05:00 [DBG] Heartbeat SIGNALFORGE
2026-07-30 06:30:31.128 -05:00 [DBG] Heartbeat ORACLEVAULT
2026-07-30 06:30:31.128 -05:00 [DBG] Heartbeat RISKWARDEN
2026-07-30 06:31:31.127 -05:00 [DBG] Heartbeat SYNAPSE
2026-07-30 06:31:31.127 -05:00 [DBG] Heartbeat TRADEWEAVER
2026-07-30 06:31:31.127 -05:00 [DBG] Heartbeat CASEBLADE
2026-07-30 06:31:31.127 -05:00 [DBG] Heartbeat PROX
2026-07-30 06:31:31.127 -05:00 [DBG] Heartbeat SENTINEL
2026-07-30 06:31:31.127 -05:00 [DBG] Heartbeat MARKETSCRYER
2026-07-30 06:31:31.127 -05:00 [DBG] Heartbeat SIGNALFORGE
2026-07-30 06:31:31.127 -05:00 [DBG] Heartbeat ORACLEVAULT
2026-07-30 06:31:31.127 -05:00 [DBG] Heartbeat RISKWARDEN
2026-07-30 06:32:31.126 -05:00 [DBG] Heartbeat SYNAPSE
2026-07-30 06:32:31.126 -05:00 [DBG] Heartbeat TRADEWEAVER
2026-07-30 06:32:31.126 -05:00 [DBG] Heartbeat CASEBLADE
2026-07-30 06:32:31.126 -05:00 [DBG] Heartbeat PROX
2026-07-30 06:32:31.126 -05:00 [DBG] Heartbeat SENTINEL
2026-07-30 06:32:31.126 -05:00 [DBG] Heartbeat MARKETSCRYER
2026-07-30 06:32:31.126 -05:00 [DBG] Heartbeat SIGNALFORGE
2026-07-30 06:32:31.126 -05:00 [DBG] Heartbeat ORACLEVAULT
2026-07-30 06:32:31.126 -05:00 [DBG] Heartbeat RISKWARDEN
2026-07-30 06:33:31.125 -05:00 [DBG] Heartbeat SYNAPSE
2026-07-30 06:33:31.125 -05:00 [DBG] Heartbeat TRADEWEAVER
2026-07-30 06:33:31.125 -05:00 [DBG] Heartbeat CASEBLADE
2026-07-30 06:33:31.125 -05:00 [DBG] Heartbeat PROX
2026-07-30 06:33:31.125 -05:00 [DBG] Heartbeat SENTINEL
2026-07-30 06:33:31.125 -05:00 [DBG] Heartbeat MARKETSCRYER
2026-07-30 06:33:31.125 -05:00 [DBG] Heartbeat SIGNALFORGE
2026-07-30 06:33:31.125 -05:00 [DBG] Heartbeat ORACLEVAULT
2026-07-30 06:33:31.125 -05:00 [DBG] Heartbeat RISKWARDEN
2026-07-30 06:34:31.125 -05:00 [DBG] Heartbeat SYNAPSE
2026-07-30 06:34:31.125 -05:00 [DBG] Heartbeat TRADEWEAVER
2026-07-30 06:34:31.125 -05:00 [DBG] Heartbeat CASEBLADE
2026-07-30 06:34:31.125 -05:00 [DBG] Heartbeat PROX
2026-07-30 06:34:31.125 -05:00 [DBG] Heartbeat SENTINEL
2026-07-30 06:34:31.125 -05:00 [DBG] Heartbeat MARKETSCRYER
2026-07-30 06:34:31.125 -05:00 [DBG] Heartbeat SIGNALFORGE
2026-07-30 06:34:31.125 -05:00 [DBG] Heartbeat ORACLEVAULT
2026-07-30 06:34:31.125 -05:00 [DBG] Heartbeat RISKWARDEN
2026-07-30 06:35:31.124 -05:00 [DBG] Heartbeat SYNAPSE
2026-07-30 06:35:31.124 -05:00 [DBG] Heartbeat TRADEWEAVER
2026-07-30 06:35:31.124 -05:00 [DBG] Heartbeat CASEBLADE
2026-07-30 06:35:31.124 -05:00 [DBG] Heartbeat PROX
2026-07-30 06:35:31.124 -05:00 [DBG] Heartbeat SENTINEL
2026-07-30 06:35:31.124 -05:00 [DBG] Heartbeat MARKETSCRYER
2026-07-30 06:35:31.124 -05:00 [DBG] Heartbeat SIGNALFORGE
2026-07-30 06:35:31.124 -05:00 [DBG] Heartbeat ORACLEVAULT
2026-07-30 06:35:31.124 -05:00 [DBG] Heartbeat RISKWARDEN
2026-07-30 06:35:40.598 -05:00 [INF] PC health: C: 77.4% used, 5 recent errors
2026-07-30 06:36:31.123 -05:00 [DBG] Heartbeat SYNAPSE
2026-07-30 06:36:31.123 -05:00 [DBG] Heartbeat TRADEWEAVER
2026-07-30 06:36:31.123 -05:00 [DBG] Heartbeat CASEBLADE
2026-07-30 06:36:31.123 -05:00 [DBG] Heartbeat PROX
2026-07-30 06:36:31.123 -05:00 [DBG] Heartbeat SENTINEL
2026-07-30 06:36:31.123 -05:00 [DBG] Heartbeat MARKETSCRYER
2026-07-30 06:36:31.123 -05:00 [DBG] Heartbeat SIGNALFORGE
2026-07-30 06:36:31.123 -05:00 [DBG] Heartbeat ORACLEVAULT
2026-07-30 06:36:31.123 -05:00 [DBG] Heartbeat RISKWARDEN
2026-07-30 06:37:31.123 -05:00 [DBG] Heartbeat SYNAPSE
2026-07-30 06:37:31.123 -05:00 [DBG] Heartbeat TRADEWEAVER
2026-07-30 06:37:31.123 -05:00 [DBG] Heartbeat CASEBLADE
2026-07-30 06:37:31.123 -05:00 [DBG] Heartbeat PROX
2026-07-30 06:37:31.123 -05:00 [DBG] Heartbeat SENTINEL
2026-07-30 06:37:31.123 -05:00 [DBG] Heartbeat MARKETSCRYER
2026-07-30 06:37:31.123 -05:00 [DBG] Heartbeat SIGNALFORGE
2026-07-30 06:37:31.123 -05:00 [DBG] Heartbeat ORACLEVAULT
2026-07-30 06:37:31.123 -05:00 [DBG] Heartbeat RISKWARDEN
2026-07-30 06:38:31.123 -05:00 [DBG] Heartbeat SYNAPSE
2026-07-30 06:38:31.123 -05:00 [DBG] Heartbeat TRADEWEAVER
2026-07-30 06:38:31.123 -05:00 [DBG] Heartbeat CASEBLADE
2026-07-30 06:38:31.123 -05:00 [DBG] Heartbeat PROX
2026-07-30 06:38:31.123 -05:00 [DBG] Heartbeat SENTINEL
2026-07-30 06:38:31.123 -05:00 [DBG] Heartbeat MARKETSCRYER
2026-07-30 06:38:31.123 -05:00 [DBG] Heartbeat SIGNALFORGE
2026-07-30 06:38:31.123 -05:00 [DBG] Heartbeat ORACLEVAULT
2026-07-30 06:38:31.123 -05:00 [DBG] Heartbeat RISKWARDEN
2026-07-30 06:39:31.122 -05:00 [DBG] Heartbeat SYNAPSE
2026-07-30 06:39:31.122 -05:00 [DBG] Heartbeat TRADEWEAVER
2026-07-30 06:39:31.122 -05:00 [DBG] Heartbeat CASEBLADE
2026-07-30 06:39:31.122 -05:00 [DBG] Heartbeat PROX
2026-07-30 06:39:31.122 -05:00 [DBG] Heartbeat SENTINEL
2026-07-30 06:39:31.122 -05:00 [DBG] Heartbeat MARKETSCRYER
2026-07-30 06:39:31.122 -05:00 [DBG] Heartbeat SIGNALFORGE
2026-07-30 06:39:31.122 -05:00 [DBG] Heartbeat ORACLEVAULT
2026-07-30 06:39:31.122 -05:00 [DBG] Heartbeat RISKWARDEN
2026-07-30 06:40:31.122 -05:00 [DBG] Heartbeat SYNAPSE
2026-07-30 06:40:31.122 -05:00 [DBG] Heartbeat TRADEWEAVER
2026-07-30 06:40:31.122 -05:00 [DBG] Heartbeat CASEBLADE
2026-07-30 06:40:31.122 -05:00 [DBG] Heartbeat PROX
2026-07-30 06:40:31.122 -05:00 [DBG] Heartbeat SENTINEL
2026-07-30 06:40:31.122 -05:00 [DBG] Heartbeat MARKETSCRYER
2026-07-30 06:40:31.122 -05:00 [DBG] Heartbeat SIGNALFORGE
2026-07-30 06:40:31.122 -05:00 [DBG] Heartbeat ORACLEVAULT
2026-07-30 06:40:31.122 -05:00 [DBG] Heartbeat RISKWARDEN
2026-07-30 06:40:53.587 -05:00 [INF] PC health: C: 77.4% used, 5 recent errors
2026-07-30 06:41:31.121 -05:00 [DBG] Heartbeat SYNAPSE
2026-07-30 06:41:31.121 -05:00 [DBG] Heartbeat TRADEWEAVER
2026-07-30 06:41:31.121 -05:00 [DBG] Heartbeat CASEBLADE
2026-07-30 06:41:31.121 -05:00 [DBG] Heartbeat PROX
2026-07-30 06:41:31.121 -05:00 [DBG] Heartbeat SENTINEL
2026-07-30 06:41:31.121 -05:00 [DBG] Heartbeat MARKETSCRYER
2026-07-30 06:41:31.121 -05:00 [DBG] Heartbeat SIGNALFORGE
2026-07-30 06:41:31.121 -05:00 [DBG] Heartbeat ORACLEVAULT
2026-07-30 06:41:31.121 -05:00 [DBG] Heartbeat RISKWARDEN
2026-07-30 06:42:31.121 -05:00 [DBG] Heartbeat SYNAPSE
2026-07-30 06:42:31.121 -05:00 [DBG] Heartbeat TRADEWEAVER
2026-07-30 06:42:31.121 -05:00 [DBG] Heartbeat CASEBLADE
2026-07-30 06:42:31.121 -05:00 [DBG] Heartbeat PROX
2026-07-30 06:42:31.121 -05:00 [DBG] Heartbeat SENTINEL
2026-07-30 06:42:31.121 -05:00 [DBG] Heartbeat MARKETSCRYER
2026-07-30 06:42:31.121 -05:00 [DBG] Heartbeat SIGNALFORGE
2026-07-30 06:42:31.121 -05:00 [DBG] Heartbeat ORACLEVAULT
2026-07-30 06:42:31.121 -05:00 [DBG] Heartbeat RISKWARDEN
2026-07-30 06:43:31.120 -05:00 [DBG] Heartbeat SYNAPSE
2026-07-30 06:43:31.120 -05:00 [DBG] Heartbeat TRADEWEAVER
2026-07-30 06:43:31.120 -05:00 [DBG] Heartbeat CASEBLADE
2026-07-30 06:43:31.120 -05:00 [DBG] Heartbeat PROX
2026-07-30 06:43:31.120 -05:00 [DBG] Heartbeat SENTINEL
2026-07-30 06:43:31.120 -05:00 [DBG] Heartbeat MARKETSCRYER
2026-07-30 06:43:31.120 -05:00 [DBG] Heartbeat SIGNALFORGE
2026-07-30 06:43:31.120 -05:00 [DBG] Heartbeat ORACLEVAULT
2026-07-30 06:43:31.120 -05:00 [DBG] Heartbeat RISKWARDEN
2026-07-30 06:44:31.120 -05:00 [DBG] Heartbeat SYNAPSE
2026-07-30 06:44:31.120 -05:00 [DBG] Heartbeat TRADEWEAVER
2026-07-30 06:44:31.120 -05:00 [DBG] Heartbeat CASEBLADE
2026-07-30 06:44:31.120 -05:00 [DBG] Heartbeat PROX
2026-07-30 06:44:31.120 -05:00 [DBG] Heartbeat SENTINEL
2026-07-30 06:44:31.120 -05:00 [DBG] Heartbeat MARKETSCRYER
2026-07-30 06:44:31.120 -05:00 [DBG] Heartbeat SIGNALFORGE
2026-07-30 06:44:31.120 -05:00 [DBG] Heartbeat ORACLEVAULT
2026-07-30 06:44:31.120 -05:00 [DBG] Heartbeat RISKWARDEN
2026-07-30 06:45:31.120 -05:00 [DBG] Heartbeat SYNAPSE
2026-07-30 06:45:31.120 -05:00 [DBG] Heartbeat TRADEWEAVER
2026-07-30 06:45:31.120 -05:00 [DBG] Heartbeat CASEBLADE
2026-07-30 06:45:31.120 -05:00 [DBG] Heartbeat PROX
2026-07-30 06:45:31.120 -05:00 [DBG] Heartbeat SENTINEL
2026-07-30 06:45:31.120 -05:00 [DBG] Heartbeat MARKETSCRYER
2026-07-30 06:45:31.120 -05:00 [DBG] Heartbeat SIGNALFORGE
2026-07-30 06:45:31.120 -05:00 [DBG] Heartbeat ORACLEVAULT
2026-07-30 06:45:31.120 -05:00 [DBG] Heartbeat RISKWARDEN
2026-07-30 06:46:07.381 -05:00 [INF] PC health: C: 77.4% used, 5 recent errors
2026-07-30 06:46:31.120 -05:00 [DBG] Heartbeat SYNAPSE
2026-07-30 06:46:31.120 -05:00 [DBG] Heartbeat TRADEWEAVER
2026-07-30 06:46:31.120 -05:00 [DBG] Heartbeat CASEBLADE
2026-07-30 06:46:31.120 -05:00 [DBG] Heartbeat PROX
2026-07-30 06:46:31.120 -05:00 [DBG] Heartbeat SENTINEL
2026-07-30 06:46:31.120 -05:00 [DBG] Heartbeat MARKETSCRYER
2026-07-30 06:46:31.120 -05:00 [DBG] Heartbeat SIGNALFORGE
2026-07-30 06:46:31.120 -05:00 [DBG] Heartbeat ORACLEVAULT
2026-07-30 06:46:31.120 -05:00 [DBG] Heartbeat RISKWARDEN
2026-07-30 06:47:31.119 -05:00 [DBG] Heartbeat SYNAPSE
2026-07-30 06:47:31.119 -05:00 [DBG] Heartbeat TRADEWEAVER
2026-07-30 06:47:31.119 -05:00 [DBG] Heartbeat CASEBLADE
2026-07-30 06:47:31.119 -05:00 [DBG] Heartbeat PROX
2026-07-30 06:47:31.119 -05:00 [DBG] Heartbeat SENTINEL
2026-07-30 06:47:31.119 -05:00 [DBG] Heartbeat MARKETSCRYER
2026-07-30 06:47:31.119 -05:00 [DBG] Heartbeat SIGNALFORGE
2026-07-30 06:47:31.119 -05:00 [DBG] Heartbeat ORACLEVAULT
2026-07-30 06:47:31.119 -05:00 [DBG] Heartbeat RISKWARDEN
2026-07-30 06:48:31.118 -05:00 [DBG] Heartbeat SYNAPSE
2026-07-30 06:48:31.118 -05:00 [DBG] Heartbeat TRADEWEAVER
2026-07-30 06:48:31.118 -05:00 [DBG] Heartbeat CASEBLADE
2026-07-30 06:48:31.118 -05:00 [DBG] Heartbeat PROX
2026-07-30 06:48:31.118 -05:00 [DBG] Heartbeat SENTINEL
2026-07-30 06:48:31.118 -05:00 [DBG] Heartbeat MARKETSCRYER
2026-07-30 06:48:31.118 -05:00 [DBG] Heartbeat SIGNALFORGE
2026-07-30 06:48:31.118 -05:00 [DBG] Heartbeat ORACLEVAULT
2026-07-30 06:48:31.118 -05:00 [DBG] Heartbeat RISKWARDEN
2026-07-30 06:49:31.118 -05:00 [DBG] Heartbeat SYNAPSE
2026-07-30 06:49:31.118 -05:00 [DBG] Heartbeat TRADEWEAVER
2026-07-30 06:49:31.118 -05:00 [DBG] Heartbeat CASEBLADE
2026-07-30 06:49:31.118 -05:00 [DBG] Heartbeat PROX
2026-07-30 06:49:31.118 -05:00 [DBG] Heartbeat SENTINEL
2026-07-30 06:49:31.118 -05:00 [DBG] Heartbeat MARKETSCRYER
2026-07-30 06:49:31.118 -05:00 [DBG] Heartbeat SIGNALFORGE
2026-07-30 06:49:31.118 -05:00 [DBG] Heartbeat ORACLEVAULT
2026-07-30 06:49:31.118 -05:00 [DBG] Heartbeat RISKWARDEN
2026-07-30 06:50:31.118 -05:00 [DBG] Heartbeat SYNAPSE
2026-07-30 06:50:31.118 -05:00 [DBG] Heartbeat TRADEWEAVER
2026-07-30 06:50:31.118 -05:00 [DBG] Heartbeat CASEBLADE
2026-07-30 06:50:31.118 -05:00 [DBG] Heartbeat PROX
2026-07-30 06:50:31.118 -05:00 [DBG] Heartbeat SENTINEL
2026-07-30 06:50:31.118 -05:00 [DBG] Heartbeat MARKETSCRYER
2026-07-30 06:50:31.118 -05:00 [DBG] Heartbeat SIGNALFORGE
2026-07-30 06:50:31.118 -05:00 [DBG] Heartbeat ORACLEVAULT
2026-07-30 06:50:31.118 -05:00 [DBG] Heartbeat RISKWARDEN
2026-07-30 06:51:20.857 -05:00 [INF] PC health: C: 77.4% used, 5 recent errors
2026-07-30 06:51:31.117 -05:00 [DBG] Heartbeat SYNAPSE
2026-07-30 06:51:31.117 -05:00 [DBG] Heartbeat TRADEWEAVER
2026-07-30 06:51:31.118 -05:00 [DBG] Heartbeat CASEBLADE
2026-07-30 06:51:31.118 -05:00 [DBG] Heartbeat PROX
2026-07-30 06:51:31.118 -05:00 [DBG] Heartbeat SENTINEL
2026-07-30 06:51:31.118 -05:00 [DBG] Heartbeat MARKETSCRYER
2026-07-30 06:51:31.118 -05:00 [DBG] Heartbeat SIGNALFORGE
2026-07-30 06:51:31.118 -05:00 [DBG] Heartbeat ORACLEVAULT
2026-07-30 06:51:31.118 -05:00 [DBG] Heartbeat RISKWARDEN
2026-07-30 06:52:31.117 -05:00 [DBG] Heartbeat SYNAPSE
2026-07-30 06:52:31.118 -05:00 [DBG] Heartbeat TRADEWEAVER
2026-07-30 06:52:31.118 -05:00 [DBG] Heartbeat CASEBLADE
2026-07-30 06:52:31.118 -05:00 [DBG] Heartbeat PROX
2026-07-30 06:52:31.118 -05:00 [DBG] Heartbeat SENTINEL
2026-07-30 06:52:31.118 -05:00 [DBG] Heartbeat MARKETSCRYER
2026-07-30 06:52:31.118 -05:00 [DBG] Heartbeat SIGNALFORGE
2026-07-30 06:52:31.118 -05:00 [DBG] Heartbeat ORACLEVAULT
2026-07-30 06:52:31.118 -05:00 [DBG] Heartbeat RISKWARDEN
2026-07-30 06:53:31.117 -05:00 [DBG] Heartbeat SYNAPSE
2026-07-30 06:53:31.117 -05:00 [DBG] Heartbeat TRADEWEAVER
2026-07-30 06:53:31.117 -05:00 [DBG] Heartbeat CASEBLADE
2026-07-30 06:53:31.117 -05:00 [DBG] Heartbeat PROX
2026-07-30 06:53:31.117 -05:00 [DBG] Heartbeat SENTINEL
2026-07-30 06:53:31.117 -05:00 [DBG] Heartbeat MARKETSCRYER
2026-07-30 06:53:31.117 -05:00 [DBG] Heartbeat SIGNALFORGE
2026-07-30 06:53:31.117 -05:00 [DBG] Heartbeat ORACLEVAULT
2026-07-30 06:53:31.117 -05:00 [DBG] Heartbeat RISKWARDEN
2026-07-30 06:54:31.117 -05:00 [DBG] Heartbeat SYNAPSE
2026-07-30 06:54:31.117 -05:00 [DBG] Heartbeat TRADEWEAVER
2026-07-30 06:54:31.117 -05:00 [DBG] Heartbeat CASEBLADE
2026-07-30 06:54:31.117 -05:00 [DBG] Heartbeat PROX
2026-07-30 06:54:31.117 -05:00 [DBG] Heartbeat SENTINEL
2026-07-30 06:54:31.117 -05:00 [DBG] Heartbeat MARKETSCRYER
2026-07-30 06:54:31.117 -05:00 [DBG] Heartbeat SIGNALFORGE
2026-07-30 06:54:31.117 -05:00 [DBG] Heartbeat ORACLEVAULT
2026-07-30 06:54:31.117 -05:00 [DBG] Heartbeat RISKWARDEN
2026-07-30 06:55:31.117 -05:00 [DBG] Heartbeat SYNAPSE
2026-07-30 06:55:31.117 -05:00 [DBG] Heartbeat TRADEWEAVER
2026-07-30 06:55:31.117 -05:00 [DBG] Heartbeat CASEBLADE
2026-07-30 06:55:31.117 -05:00 [DBG] Heartbeat PROX
2026-07-30 06:55:31.117 -05:00 [DBG] Heartbeat SENTINEL
2026-07-30 06:55:31.117 -05:00 [DBG] Heartbeat MARKETSCRYER
2026-07-30 06:55:31.117 -05:00 [DBG] Heartbeat SIGNALFORGE
2026-07-30 06:55:31.117 -05:00 [DBG] Heartbeat ORACLEVAULT
2026-07-30 06:55:31.117 -05:00 [DBG] Heartbeat RISKWARDEN
2026-07-30 06:56:31.117 -05:00 [DBG] Heartbeat SYNAPSE
2026-07-30 06:56:31.117 -05:00 [DBG] Heartbeat TRADEWEAVER
2026-07-30 06:56:31.117 -05:00 [DBG] Heartbeat CASEBLADE
2026-07-30 06:56:31.117 -05:00 [DBG] Heartbeat PROX
2026-07-30 06:56:31.117 -05:00 [DBG] Heartbeat SENTINEL
2026-07-30 06:56:31.117 -05:00 [DBG] Heartbeat MARKETSCRYER
2026-07-30 06:56:31.117 -05:00 [DBG] Heartbeat SIGNALFORGE
2026-07-30 06:56:31.117 -05:00 [DBG] Heartbeat ORACLEVAULT
2026-07-30 06:56:31.117 -05:00 [DBG] Heartbeat RISKWARDEN
2026-07-30 06:56:34.295 -05:00 [INF] PC health: C: 77.4% used, 5 recent errors
2026-07-30 06:57:31.117 -05:00 [DBG] Heartbeat SYNAPSE
2026-07-30 06:57:31.117 -05:00 [DBG] Heartbeat TRADEWEAVER
2026-07-30 06:57:31.117 -05:00 [DBG] Heartbeat CASEBLADE
2026-07-30 06:57:31.117 -05:00 [DBG] Heartbeat PROX
2026-07-30 06:57:31.117 -05:00 [DBG] Heartbeat SENTINEL
2026-07-30 06:57:31.117 -05:00 [DBG] Heartbeat MARKETSCRYER
2026-07-30 06:57:31.117 -05:00 [DBG] Heartbeat SIGNALFORGE
2026-07-30 06:57:31.118 -05:00 [DBG] Heartbeat ORACLEVAULT
2026-07-30 06:57:31.118 -05:00 [DBG] Heartbeat RISKWARDEN
2026-07-30 06:58:31.117 -05:00 [DBG] Heartbeat SYNAPSE
2026-07-30 06:58:31.117 -05:00 [DBG] Heartbeat TRADEWEAVER
2026-07-30 06:58:31.117 -05:00 [DBG] Heartbeat CASEBLADE
2026-07-30 06:58:31.117 -05:00 [DBG] Heartbeat PROX
2026-07-30 06:58:31.117 -05:00 [DBG] Heartbeat SENTINEL
2026-07-30 06:58:31.117 -05:00 [DBG] Heartbeat MARKETSCRYER
2026-07-30 06:58:31.117 -05:00 [DBG] Heartbeat SIGNALFORGE
2026-07-30 06:58:31.117 -05:00 [DBG] Heartbeat ORACLEVAULT
2026-07-30 06:58:31.117 -05:00 [DBG] Heartbeat RISKWARDEN
2026-07-30 06:59:31.117 -05:00 [DBG] Heartbeat SYNAPSE
2026-07-30 06:59:31.117 -05:00 [DBG] Heartbeat TRADEWEAVER
2026-07-30 06:59:31.117 -05:00 [DBG] Heartbeat CASEBLADE
2026-07-30 06:59:31.117 -05:00 [DBG] Heartbeat PROX
2026-07-30 06:59:31.117 -05:00 [DBG] Heartbeat SENTINEL
2026-07-30 06:59:31.117 -05:00 [DBG] Heartbeat MARKETSCRYER
2026-07-30 06:59:31.117 -05:00 [DBG] Heartbeat SIGNALFORGE
2026-07-30 06:59:31.117 -05:00 [DBG] Heartbeat ORACLEVAULT
2026-07-30 06:59:31.117 -05:00 [DBG] Heartbeat RISKWARDEN
2026-07-30 07:00:31.117 -05:00 [DBG] Heartbeat SYNAPSE
2026-07-30 07:00:31.117 -05:00 [DBG] Heartbeat TRADEWEAVER
2026-07-30 07:00:31.117 -05:00 [DBG] Heartbeat CASEBLADE
2026-07-30 07:00:31.117 -05:00 [DBG] Heartbeat PROX
2026-07-30 07:00:31.117 -05:00 [DBG] Heartbeat SENTINEL
2026-07-30 07:00:31.117 -05:00 [DBG] Heartbeat MARKETSCRYER
2026-07-30 07:00:31.117 -05:00 [DBG] Heartbeat SIGNALFORGE
2026-07-30 07:00:31.117 -05:00 [DBG] Heartbeat ORACLEVAULT
2026-07-30 07:00:31.117 -05:00 [DBG] Heartbeat RISKWARDEN
2026-07-30 07:01:31.117 -05:00 [DBG] Heartbeat SYNAPSE
2026-07-30 07:01:31.117 -05:00 [DBG] Heartbeat TRADEWEAVER
2026-07-30 07:01:31.117 -05:00 [DBG] Heartbeat CASEBLADE
2026-07-30 07:01:31.117 -05:00 [DBG] Heartbeat PROX
2026-07-30 07:01:31.117 -05:00 [DBG] Heartbeat SENTINEL
2026-07-30 07:01:31.117 -05:00 [DBG] Heartbeat MARKETSCRYER
2026-07-30 07:01:31.117 -05:00 [DBG] Heartbeat SIGNALFORGE
2026-07-30 07:01:31.117 -05:00 [DBG] Heartbeat ORACLEVAULT
2026-07-30 07:01:31.117 -05:00 [DBG] Heartbeat RISKWARDEN
2026-07-30 07:01:47.758 -05:00 [INF] PC health: C: 77.4% used, 5 recent errors
2026-07-30 07:02:31.118 -05:00 [DBG] Heartbeat SYNAPSE
2026-07-30 07:02:31.118 -05:00 [DBG] Heartbeat TRADEWEAVER
2026-07-30 07:02:31.118 -05:00 [DBG] Heartbeat CASEBLADE
2026-07-30 07:02:31.118 -05:00 [DBG] Heartbeat PROX
2026-07-30 07:02:31.118 -05:00 [DBG] Heartbeat SENTINEL
2026-07-30 07:02:31.118 -05:00 [DBG] Heartbeat MARKETSCRYER
2026-07-30 07:02:31.118 -05:00 [DBG] Heartbeat SIGNALFORGE
2026-07-30 07:02:31.118 -05:00 [DBG] Heartbeat ORACLEVAULT
2026-07-30 07:02:31.118 -05:00 [DBG] Heartbeat RISKWARDEN
2026-07-30 07:03:31.118 -05:00 [DBG] Heartbeat SYNAPSE
2026-07-30 07:03:31.118 -05:00 [DBG] Heartbeat TRADEWEAVER
2026-07-30 07:03:31.118 -05:00 [DBG] Heartbeat CASEBLADE
2026-07-30 07:03:31.118 -05:00 [DBG] Heartbeat PROX
2026-07-30 07:03:31.118 -05:00 [DBG] Heartbeat SENTINEL
2026-07-30 07:03:31.118 -05:00 [DBG] Heartbeat MARKETSCRYER
2026-07-30 07:03:31.118 -05:00 [DBG] Heartbeat SIGNALFORGE
2026-07-30 07:03:31.118 -05:00 [DBG] Heartbeat ORACLEVAULT
2026-07-30 07:03:31.118 -05:00 [DBG] Heartbeat RISKWARDEN
2026-07-30 07:04:31.118 -05:00 [DBG] Heartbeat SYNAPSE
2026-07-30 07:04:31.118 -05:00 [DBG] Heartbeat TRADEWEAVER
2026-07-30 07:04:31.118 -05:00 [DBG] Heartbeat CASEBLADE
2026-07-30 07:04:31.118 -05:00 [DBG] Heartbeat PROX
2026-07-30 07:04:31.118 -05:00 [DBG] Heartbeat SENTINEL
2026-07-30 07:04:31.118 -05:00 [DBG] Heartbeat MARKETSCRYER
2026-07-30 07:04:31.118 -05:00 [DBG] Heartbeat SIGNALFORGE
2026-07-30 07:04:31.118 -05:00 [DBG] Heartbeat ORACLEVAULT
2026-07-30 07:04:31.118 -05:00 [DBG] Heartbeat RISKWARDEN
2026-07-30 07:05:31.119 -05:00 [DBG] Heartbeat SYNAPSE
2026-07-30 07:05:31.119 -05:00 [DBG] Heartbeat TRADEWEAVER
2026-07-30 07:05:31.119 -05:00 [DBG] Heartbeat CASEBLADE
2026-07-30 07:05:31.119 -05:00 [DBG] Heartbeat PROX
2026-07-30 07:05:31.119 -05:00 [DBG] Heartbeat SENTINEL
2026-07-30 07:05:31.119 -05:00 [DBG] Heartbeat MARKETSCRYER
2026-07-30 07:05:31.119 -05:00 [DBG] Heartbeat SIGNALFORGE
2026-07-30 07:05:31.119 -05:00 [DBG] Heartbeat ORACLEVAULT
2026-07-30 07:05:31.119 -05:00 [DBG] Heartbeat RISKWARDEN
2026-07-30 07:06:31.119 -05:00 [DBG] Heartbeat SYNAPSE
2026-07-30 07:06:31.119 -05:00 [DBG] Heartbeat TRADEWEAVER
2026-07-30 07:06:31.119 -05:00 [DBG] Heartbeat CASEBLADE
2026-07-30 07:06:31.119 -05:00 [DBG] Heartbeat PROX
2026-07-30 07:06:31.119 -05:00 [DBG] Heartbeat SENTINEL
2026-07-30 07:06:31.119 -05:00 [DBG] Heartbeat MARKETSCRYER
2026-07-30 07:06:31.119 -05:00 [DBG] Heartbeat SIGNALFORGE
2026-07-30 07:06:31.119 -05:00 [DBG] Heartbeat ORACLEVAULT
2026-07-30 07:06:31.119 -05:00 [DBG] Heartbeat RISKWARDEN
2026-07-30 07:07:01.181 -05:00 [INF] PC health: C: 77.4% used, 5 recent errors
2026-07-30 07:07:31.119 -05:00 [DBG] Heartbeat SYNAPSE
2026-07-30 07:07:31.119 -05:00 [DBG] Heartbeat TRADEWEAVER
2026-07-30 07:07:31.119 -05:00 [DBG] Heartbeat CASEBLADE
2026-07-30 07:07:31.119 -05:00 [DBG] Heartbeat PROX
2026-07-30 07:07:31.119 -05:00 [DBG] Heartbeat SENTINEL
2026-07-30 07:07:31.119 -05:00 [DBG] Heartbeat MARKETSCRYER
2026-07-30 07:07:31.119 -05:00 [DBG] Heartbeat SIGNALFORGE
2026-07-30 07:07:31.119 -05:00 [DBG] Heartbeat ORACLEVAULT
2026-07-30 07:07:31.119 -05:00 [DBG] Heartbeat RISKWARDEN
2026-07-30 07:08:31.119 -05:00 [DBG] Heartbeat SYNAPSE
2026-07-30 07:08:31.119 -05:00 [DBG] Heartbeat TRADEWEAVER
2026-07-30 07:08:31.119 -05:00 [DBG] Heartbeat CASEBLADE
2026-07-30 07:08:31.119 -05:00 [DBG] Heartbeat PROX
2026-07-30 07:08:31.119 -05:00 [DBG] Heartbeat SENTINEL
2026-07-30 07:08:31.119 -05:00 [DBG] Heartbeat MARKETSCRYER
2026-07-30 07:08:31.119 -05:00 [DBG] Heartbeat SIGNALFORGE
2026-07-30 07:08:31.119 -05:00 [DBG] Heartbeat ORACLEVAULT
2026-07-30 07:08:31.119 -05:00 [DBG] Heartbeat RISKWARDEN
2026-07-30 07:09:31.119 -05:00 [DBG] Heartbeat SYNAPSE
2026-07-30 07:09:31.119 -05:00 [DBG] Heartbeat TRADEWEAVER
2026-07-30 07:09:31.119 -05:00 [DBG] Heartbeat CASEBLADE
2026-07-30 07:09:31.119 -05:00 [DBG] Heartbeat PROX
2026-07-30 07:09:31.119 -05:00 [DBG] Heartbeat SENTINEL
2026-07-30 07:09:31.119 -05:00 [DBG] Heartbeat MARKETSCRYER
2026-07-30 07:09:31.119 -05:00 [DBG] Heartbeat SIGNALFORGE
2026-07-30 07:09:31.119 -05:00 [DBG] Heartbeat ORACLEVAULT
2026-07-30 07:09:31.119 -05:00 [DBG] Heartbeat RISKWARDEN
2026-07-30 07:10:31.119 -05:00 [DBG] Heartbeat SYNAPSE
2026-07-30 07:10:31.119 -05:00 [DBG] Heartbeat TRADEWEAVER
2026-07-30 07:10:31.119 -05:00 [DBG] Heartbeat CASEBLADE
2026-07-30 07:10:31.119 -05:00 [DBG] Heartbeat PROX
2026-07-30 07:10:31.119 -05:00 [DBG] Heartbeat SENTINEL
2026-07-30 07:10:31.119 -05:00 [DBG] Heartbeat MARKETSCRYER
2026-07-30 07:10:31.119 -05:00 [DBG] Heartbeat SIGNALFORGE
2026-07-30 07:10:31.119 -05:00 [DBG] Heartbeat ORACLEVAULT
2026-07-30 07:10:31.119 -05:00 [DBG] Heartbeat RISKWARDEN
2026-07-30 07:11:31.119 -05:00 [DBG] Heartbeat SYNAPSE
2026-07-30 07:11:31.119 -05:00 [DBG] Heartbeat TRADEWEAVER
2026-07-30 07:11:31.119 -05:00 [DBG] Heartbeat CASEBLADE
2026-07-30 07:11:31.119 -05:00 [DBG] Heartbeat PROX
2026-07-30 07:11:31.119 -05:00 [DBG] Heartbeat SENTINEL
2026-07-30 07:11:31.119 -05:00 [DBG] Heartbeat MARKETSCRYER
2026-07-30 07:11:31.119 -05:00 [DBG] Heartbeat SIGNALFORGE
2026-07-30 07:11:31.119 -05:00 [DBG] Heartbeat ORACLEVAULT
2026-07-30 07:11:31.119 -05:00 [DBG] Heartbeat RISKWARDEN
2026-07-30 07:12:14.699 -05:00 [INF] PC health: C: 77.4% used, 5 recent errors
2026-07-30 07:12:31.119 -05:00 [DBG] Heartbeat SYNAPSE
2026-07-30 07:12:31.119 -05:00 [DBG] Heartbeat TRADEWEAVER
2026-07-30 07:12:31.119 -05:00 [DBG] Heartbeat CASEBLADE
2026-07-30 07:12:31.119 -05:00 [DBG] Heartbeat PROX
2026-07-30 07:12:31.119 -05:00 [DBG] Heartbeat SENTINEL
2026-07-30 07:12:31.119 -05:00 [DBG] Heartbeat MARKETSCRYER
2026-07-30 07:12:31.119 -05:00 [DBG] Heartbeat SIGNALFORGE
2026-07-30 07:12:31.119 -05:00 [DBG] Heartbeat ORACLEVAULT
2026-07-30 07:12:31.119 -05:00 [DBG] Heartbeat RISKWARDEN
2026-07-30 07:13:31.119 -05:00 [DBG] Heartbeat SYNAPSE
2026-07-30 07:13:31.119 -05:00 [DBG] Heartbeat TRADEWEAVER
2026-07-30 07:13:31.119 -05:00 [DBG] Heartbeat CASEBLADE
2026-07-30 07:13:31.119 -05:00 [DBG] Heartbeat PROX
2026-07-30 07:13:31.119 -05:00 [DBG] Heartbeat SENTINEL
2026-07-30 07:13:31.119 -05:00 [DBG] Heartbeat MARKETSCRYER
2026-07-30 07:13:31.119 -05:00 [DBG] Heartbeat SIGNALFORGE
2026-07-30 07:13:31.119 -05:00 [DBG] Heartbeat ORACLEVAULT
2026-07-30 07:13:31.119 -05:00 [DBG] Heartbeat RISKWARDEN
2026-07-30 07:14:31.119 -05:00 [DBG] Heartbeat SYNAPSE
2026-07-30 07:14:31.119 -05:00 [DBG] Heartbeat TRADEWEAVER
2026-07-30 07:14:31.119 -05:00 [DBG] Heartbeat CASEBLADE
2026-07-30 07:14:31.119 -05:00 [DBG] Heartbeat PROX
2026-07-30 07:14:31.119 -05:00 [DBG] Heartbeat SENTINEL
2026-07-30 07:14:31.119 -05:00 [DBG] Heartbeat MARKETSCRYER
2026-07-30 07:14:31.119 -05:00 [DBG] Heartbeat SIGNALFORGE
2026-07-30 07:14:31.119 -05:00 [DBG] Heartbeat ORACLEVAULT
2026-07-30 07:14:31.119 -05:00 [DBG] Heartbeat RISKWARDEN
2026-07-30 07:15:31.119 -05:00 [DBG] Heartbeat SYNAPSE
2026-07-30 07:15:31.119 -05:00 [DBG] Heartbeat TRADEWEAVER
2026-07-30 07:15:31.119 -05:00 [DBG] Heartbeat CASEBLADE
2026-07-30 07:15:31.119 -05:00 [DBG] Heartbeat PROX
2026-07-30 07:15:31.119 -05:00 [DBG] Heartbeat SENTINEL
2026-07-30 07:15:31.119 -05:00 [DBG] Heartbeat MARKETSCRYER
2026-07-30 07:15:31.119 -05:00 [DBG] Heartbeat SIGNALFORGE
2026-07-30 07:15:31.119 -05:00 [DBG] Heartbeat ORACLEVAULT
2026-07-30 07:15:31.119 -05:00 [DBG] Heartbeat RISKWARDEN
2026-07-30 07:16:31.119 -05:00 [DBG] Heartbeat SYNAPSE
2026-07-30 07:16:31.119 -05:00 [DBG] Heartbeat TRADEWEAVER
2026-07-30 07:16:31.119 -05:00 [DBG] Heartbeat CASEBLADE
2026-07-30 07:16:31.119 -05:00 [DBG] Heartbeat PROX
2026-07-30 07:16:31.119 -05:00 [DBG] Heartbeat SENTINEL
2026-07-30 07:16:31.119 -05:00 [DBG] Heartbeat MARKETSCRYER
2026-07-30 07:16:31.119 -05:00 [DBG] Heartbeat SIGNALFORGE
2026-07-30 07:16:31.119 -05:00 [DBG] Heartbeat ORACLEVAULT
2026-07-30 07:16:31.119 -05:00 [DBG] Heartbeat RISKWARDEN
2026-07-30 07:17:28.244 -05:00 [INF] PC health: C: 77.4% used, 5 recent errors
2026-07-30 07:17:31.118 -05:00 [DBG] Heartbeat SYNAPSE
2026-07-30 07:17:31.118 -05:00 [DBG] Heartbeat TRADEWEAVER
2026-07-30 07:17:31.119 -05:00 [DBG] Heartbeat CASEBLADE
2026-07-30 07:17:31.119 -05:00 [DBG] Heartbeat PROX
2026-07-30 07:17:31.119 -05:00 [DBG] Heartbeat SENTINEL
2026-07-30 07:17:31.119 -05:00 [DBG] Heartbeat MARKETSCRYER
2026-07-30 07:17:31.119 -05:00 [DBG] Heartbeat SIGNALFORGE
2026-07-30 07:17:31.119 -05:00 [DBG] Heartbeat ORACLEVAULT
2026-07-30 07:17:31.119 -05:00 [DBG] Heartbeat RISKWARDEN
2026-07-30 07:18:31.118 -05:00 [DBG] Heartbeat SYNAPSE
2026-07-30 07:18:31.118 -05:00 [DBG] Heartbeat TRADEWEAVER
2026-07-30 07:18:31.118 -05:00 [DBG] Heartbeat CASEBLADE
2026-07-30 07:18:31.118 -05:00 [DBG] Heartbeat PROX
2026-07-30 07:18:31.118 -05:00 [DBG] Heartbeat SENTINEL
2026-07-30 07:18:31.118 -05:00 [DBG] Heartbeat MARKETSCRYER
2026-07-30 07:18:31.118 -05:00 [DBG] Heartbeat SIGNALFORGE
2026-07-30 07:18:31.118 -05:00 [DBG] Heartbeat ORACLEVAULT
2026-07-30 07:18:31.118 -05:00 [DBG] Heartbeat RISKWARDEN
2026-07-30 07:19:31.118 -05:00 [DBG] Heartbeat SYNAPSE
2026-07-30 07:19:31.118 -05:00 [DBG] Heartbeat TRADEWEAVER
2026-07-30 07:19:31.118 -05:00 [DBG] Heartbeat CASEBLADE
2026-07-30 07:19:31.118 -05:00 [DBG] Heartbeat PROX
2026-07-30 07:19:31.118 -05:00 [DBG] Heartbeat SENTINEL
2026-07-30 07:19:31.118 -05:00 [DBG] Heartbeat MARKETSCRYER
2026-07-30 07:19:31.118 -05:00 [DBG] Heartbeat SIGNALFORGE
2026-07-30 07:19:31.118 -05:00 [DBG] Heartbeat ORACLEVAULT
2026-07-30 07:19:31.118 -05:00 [DBG] Heartbeat RISKWARDEN
2026-07-30 07:20:31.118 -05:00 [DBG] Heartbeat SYNAPSE
2026-07-30 07:20:31.118 -05:00 [DBG] Heartbeat TRADEWEAVER
2026-07-30 07:20:31.118 -05:00 [DBG] Heartbeat CASEBLADE
2026-07-30 07:20:31.118 -05:00 [DBG] Heartbeat PROX
2026-07-30 07:20:31.118 -05:00 [DBG] Heartbeat SENTINEL
2026-07-30 07:20:31.118 -05:00 [DBG] Heartbeat MARKETSCRYER
2026-07-30 07:20:31.118 -05:00 [DBG] Heartbeat SIGNALFORGE
2026-07-30 07:20:31.118 -05:00 [DBG] Heartbeat ORACLEVAULT
2026-07-30 07:20:31.118 -05:00 [DBG] Heartbeat RISKWARDEN
2026-07-30 07:21:31.118 -05:00 [DBG] Heartbeat SYNAPSE
2026-07-30 07:21:31.118 -05:00 [DBG] Heartbeat TRADEWEAVER
2026-07-30 07:21:31.118 -05:00 [DBG] Heartbeat CASEBLADE
2026-07-30 07:21:31.118 -05:00 [DBG] Heartbeat PROX
2026-07-30 07:21:31.118 -05:00 [DBG] Heartbeat SENTINEL
2026-07-30 07:21:31.118 -05:00 [DBG] Heartbeat MARKETSCRYER
2026-07-30 07:21:31.118 -05:00 [DBG] Heartbeat SIGNALFORGE
2026-07-30 07:21:31.118 -05:00 [DBG] Heartbeat ORACLEVAULT
2026-07-30 07:21:31.118 -05:00 [DBG] Heartbeat RISKWARDEN
2026-07-30 07:22:31.118 -05:00 [DBG] Heartbeat SYNAPSE
2026-07-30 07:22:31.118 -05:00 [DBG] Heartbeat TRADEWEAVER
2026-07-30 07:22:31.118 -05:00 [DBG] Heartbeat CASEBLADE
2026-07-30 07:22:31.118 -05:00 [DBG] Heartbeat PROX
2026-07-30 07:22:31.118 -05:00 [DBG] Heartbeat SENTINEL
2026-07-30 07:22:31.118 -05:00 [DBG] Heartbeat MARKETSCRYER
2026-07-30 07:22:31.118 -05:00 [DBG] Heartbeat SIGNALFORGE
2026-07-30 07:22:31.118 -05:00 [DBG] Heartbeat ORACLEVAULT
2026-07-30 07:22:31.118 -05:00 [DBG] Heartbeat RISKWARDEN
2026-07-30 07:22:41.787 -05:00 [INF] PC health: C: 77.4% used, 5 recent errors
2026-07-30 07:23:31.118 -05:00 [DBG] Heartbeat SYNAPSE
2026-07-30 07:23:31.118 -05:00 [DBG] Heartbeat TRADEWEAVER
2026-07-30 07:23:31.118 -05:00 [DBG] Heartbeat CASEBLADE
2026-07-30 07:23:31.118 -05:00 [DBG] Heartbeat PROX
2026-07-30 07:23:31.118 -05:00 [DBG] Heartbeat SENTINEL
2026-07-30 07:23:31.118 -05:00 [DBG] Heartbeat MARKETSCRYER
2026-07-30 07:23:31.118 -05:00 [DBG] Heartbeat SIGNALFORGE
2026-07-30 07:23:31.118 -05:00 [DBG] Heartbeat ORACLEVAULT
2026-07-30 07:23:31.118 -05:00 [DBG] Heartbeat RISKWARDEN
2026-07-30 07:24:31.118 -05:00 [DBG] Heartbeat SYNAPSE
2026-07-30 07:24:31.118 -05:00 [DBG] Heartbeat TRADEWEAVER
2026-07-30 07:24:31.118 -05:00 [DBG] Heartbeat CASEBLADE
2026-07-30 07:24:31.118 -05:00 [DBG] Heartbeat PROX
2026-07-30 07:24:31.118 -05:00 [DBG] Heartbeat SENTINEL
2026-07-30 07:24:31.118 -05:00 [DBG] Heartbeat MARKETSCRYER
2026-07-30 07:24:31.118 -05:00 [DBG] Heartbeat SIGNALFORGE
2026-07-30 07:24:31.118 -05:00 [DBG] Heartbeat ORACLEVAULT
2026-07-30 07:24:31.118 -05:00 [DBG] Heartbeat RISKWARDEN
2026-07-30 07:25:31.119 -05:00 [DBG] Heartbeat SYNAPSE
2026-07-30 07:25:31.119 -05:00 [DBG] Heartbeat TRADEWEAVER
2026-07-30 07:25:31.119 -05:00 [DBG] Heartbeat CASEBLADE
2026-07-30 07:25:31.119 -05:00 [DBG] Heartbeat PROX
2026-07-30 07:25:31.119 -05:00 [DBG] Heartbeat SENTINEL
2026-07-30 07:25:31.119 -05:00 [DBG] Heartbeat MARKETSCRYER
2026-07-30 07:25:31.119 -05:00 [DBG] Heartbeat SIGNALFORGE
2026-07-30 07:25:31.119 -05:00 [DBG] Heartbeat ORACLEVAULT
2026-07-30 07:25:31.119 -05:00 [DBG] Heartbeat RISKWARDEN
2026-07-30 07:26:31.118 -05:00 [DBG] Heartbeat SYNAPSE
2026-07-30 07:26:31.119 -05:00 [DBG] Heartbeat TRADEWEAVER
2026-07-30 07:26:31.119 -05:00 [DBG] Heartbeat CASEBLADE
2026-07-30 07:26:31.119 -05:00 [DBG] Heartbeat PROX
2026-07-30 07:26:31.119 -05:00 [DBG] Heartbeat SENTINEL
2026-07-30 07:26:31.119 -05:00 [DBG] Heartbeat MARKETSCRYER
2026-07-30 07:26:31.119 -05:00 [DBG] Heartbeat SIGNALFORGE
2026-07-30 07:26:31.119 -05:00 [DBG] Heartbeat ORACLEVAULT
2026-07-30 07:26:31.119 -05:00 [DBG] Heartbeat RISKWARDEN
2026-07-30 07:27:31.118 -05:00 [DBG] Heartbeat SYNAPSE
2026-07-30 07:27:31.118 -05:00 [DBG] Heartbeat TRADEWEAVER
2026-07-30 07:27:31.118 -05:00 [DBG] Heartbeat CASEBLADE
2026-07-30 07:27:31.118 -05:00 [DBG] Heartbeat PROX
2026-07-30 07:27:31.118 -05:00 [DBG] Heartbeat SENTINEL
2026-07-30 07:27:31.118 -05:00 [DBG] Heartbeat MARKETSCRYER
2026-07-30 07:27:31.118 -05:00 [DBG] Heartbeat SIGNALFORGE
2026-07-30 07:27:31.118 -05:00 [DBG] Heartbeat ORACLEVAULT
2026-07-30 07:27:31.118 -05:00 [DBG] Heartbeat RISKWARDEN
2026-07-30 07:27:55.201 -05:00 [INF] PC health: C: 77.4% used, 5 recent errors
2026-07-30 07:28:31.118 -05:00 [DBG] Heartbeat SYNAPSE
2026-07-30 07:28:31.118 -05:00 [DBG] Heartbeat TRADEWEAVER
2026-07-30 07:28:31.118 -05:00 [DBG] Heartbeat CASEBLADE
2026-07-30 07:28:31.118 -05:00 [DBG] Heartbeat PROX
2026-07-30 07:28:31.118 -05:00 [DBG] Heartbeat SENTINEL
2026-07-30 07:28:31.118 -05:00 [DBG] Heartbeat MARKETSCRYER
2026-07-30 07:28:31.118 -05:00 [DBG] Heartbeat SIGNALFORGE
2026-07-30 07:28:31.118 -05:00 [DBG] Heartbeat ORACLEVAULT
2026-07-30 07:28:31.118 -05:00 [DBG] Heartbeat RISKWARDEN
2026-07-30 07:29:31.118 -05:00 [DBG] Heartbeat SYNAPSE
2026-07-30 07:29:31.118 -05:00 [DBG] Heartbeat TRADEWEAVER
2026-07-30 07:29:31.118 -05:00 [DBG] Heartbeat CASEBLADE
2026-07-30 07:29:31.118 -05:00 [DBG] Heartbeat PROX
2026-07-30 07:29:31.118 -05:00 [DBG] Heartbeat SENTINEL
2026-07-30 07:29:31.118 -05:00 [DBG] Heartbeat MARKETSCRYER
2026-07-30 07:29:31.118 -05:00 [DBG] Heartbeat SIGNALFORGE
2026-07-30 07:29:31.118 -05:00 [DBG] Heartbeat ORACLEVAULT
2026-07-30 07:29:31.118 -05:00 [DBG] Heartbeat RISKWARDEN
2026-07-30 07:30:31.118 -05:00 [DBG] Heartbeat SYNAPSE
2026-07-30 07:30:31.118 -05:00 [DBG] Heartbeat TRADEWEAVER
2026-07-30 07:30:31.118 -05:00 [DBG] Heartbeat CASEBLADE
2026-07-30 07:30:31.118 -05:00 [DBG] Heartbeat PROX
2026-07-30 07:30:31.118 -05:00 [DBG] Heartbeat SENTINEL
2026-07-30 07:30:31.118 -05:00 [DBG] Heartbeat MARKETSCRYER
2026-07-30 07:30:31.118 -05:00 [DBG] Heartbeat SIGNALFORGE
2026-07-30 07:30:31.118 -05:00 [DBG] Heartbeat ORACLEVAULT
2026-07-30 07:30:31.118 -05:00 [DBG] Heartbeat RISKWARDEN
2026-07-30 07:31:31.118 -05:00 [DBG] Heartbeat SYNAPSE
2026-07-30 07:31:31.118 -05:00 [DBG] Heartbeat TRADEWEAVER
2026-07-30 07:31:31.118 -05:00 [DBG] Heartbeat CASEBLADE
2026-07-30 07:31:31.118 -05:00 [DBG] Heartbeat PROX
2026-07-30 07:31:31.118 -05:00 [DBG] Heartbeat SENTINEL
2026-07-30 07:31:31.118 -05:00 [DBG] Heartbeat MARKETSCRYER
2026-07-30 07:31:31.118 -05:00 [DBG] Heartbeat SIGNALFORGE
2026-07-30 07:31:31.118 -05:00 [DBG] Heartbeat ORACLEVAULT
2026-07-30 07:31:31.118 -05:00 [DBG] Heartbeat RISKWARDEN
2026-07-30 07:32:31.117 -05:00 [DBG] Heartbeat SYNAPSE
2026-07-30 07:32:31.117 -05:00 [DBG] Heartbeat TRADEWEAVER
2026-07-30 07:32:31.117 -05:00 [DBG] Heartbeat CASEBLADE
2026-07-30 07:32:31.117 -05:00 [DBG] Heartbeat PROX
2026-07-30 07:32:31.117 -05:00 [DBG] Heartbeat SENTINEL
2026-07-30 07:32:31.117 -05:00 [DBG] Heartbeat MARKETSCRYER
2026-07-30 07:32:31.117 -05:00 [DBG] Heartbeat SIGNALFORGE
2026-07-30 07:32:31.117 -05:00 [DBG] Heartbeat ORACLEVAULT
2026-07-30 07:32:31.117 -05:00 [DBG] Heartbeat RISKWARDEN
2026-07-30 07:33:08.632 -05:00 [INF] PC health: C: 77.4% used, 5 recent errors
2026-07-30 07:33:31.117 -05:00 [DBG] Heartbeat SYNAPSE
2026-07-30 07:33:31.117 -05:00 [DBG] Heartbeat TRADEWEAVER
2026-07-30 07:33:31.117 -05:00 [DBG] Heartbeat CASEBLADE
2026-07-30 07:33:31.117 -05:00 [DBG] Heartbeat PROX
2026-07-30 07:33:31.117 -05:00 [DBG] Heartbeat SENTINEL
2026-07-30 07:33:31.117 -05:00 [DBG] Heartbeat MARKETSCRYER
2026-07-30 07:33:31.117 -05:00 [DBG] Heartbeat SIGNALFORGE
2026-07-30 07:33:31.117 -05:00 [DBG] Heartbeat ORACLEVAULT
2026-07-30 07:33:31.117 -05:00 [DBG] Heartbeat RISKWARDEN
2026-07-30 07:34:31.117 -05:00 [DBG] Heartbeat SYNAPSE
2026-07-30 07:34:31.117 -05:00 [DBG] Heartbeat TRADEWEAVER
2026-07-30 07:34:31.117 -05:00 [DBG] Heartbeat CASEBLADE
2026-07-30 07:34:31.117 -05:00 [DBG] Heartbeat PROX
2026-07-30 07:34:31.117 -05:00 [DBG] Heartbeat SENTINEL
2026-07-30 07:34:31.117 -05:00 [DBG] Heartbeat MARKETSCRYER
2026-07-30 07:34:31.117 -05:00 [DBG] Heartbeat SIGNALFORGE
2026-07-30 07:34:31.117 -05:00 [DBG] Heartbeat ORACLEVAULT
2026-07-30 07:34:31.117 -05:00 [DBG] Heartbeat RISKWARDEN
2026-07-30 07:35:31.117 -05:00 [DBG] Heartbeat SYNAPSE
2026-07-30 07:35:31.117 -05:00 [DBG] Heartbeat TRADEWEAVER
2026-07-30 07:35:31.117 -05:00 [DBG] Heartbeat CASEBLADE
2026-07-30 07:35:31.117 -05:00 [DBG] Heartbeat PROX
2026-07-30 07:35:31.117 -05:00 [DBG] Heartbeat SENTINEL
2026-07-30 07:35:31.117 -05:00 [DBG] Heartbeat MARKETSCRYER
2026-07-30 07:35:31.117 -05:00 [DBG] Heartbeat SIGNALFORGE
2026-07-30 07:35:31.117 -05:00 [DBG] Heartbeat ORACLEVAULT
2026-07-30 07:35:31.117 -05:00 [DBG] Heartbeat RISKWARDEN
2026-07-30 07:36:31.118 -05:00 [DBG] Heartbeat SYNAPSE
2026-07-30 07:36:31.118 -05:00 [DBG] Heartbeat TRADEWEAVER
2026-07-30 07:36:31.118 -05:00 [DBG] Heartbeat CASEBLADE
2026-07-30 07:36:31.118 -05:00 [DBG] Heartbeat PROX
2026-07-30 07:36:31.118 -05:00 [DBG] Heartbeat SENTINEL
2026-07-30 07:36:31.118 -05:00 [DBG] Heartbeat MARKETSCRYER
2026-07-30 07:36:31.118 -05:00 [DBG] Heartbeat SIGNALFORGE
2026-07-30 07:36:31.118 -05:00 [DBG] Heartbeat ORACLEVAULT
2026-07-30 07:36:31.118 -05:00 [DBG] Heartbeat RISKWARDEN
2026-07-30 07:37:31.117 -05:00 [DBG] Heartbeat SYNAPSE
2026-07-30 07:37:31.118 -05:00 [DBG] Heartbeat TRADEWEAVER
2026-07-30 07:37:31.118 -05:00 [DBG] Heartbeat CASEBLADE
2026-07-30 07:37:31.118 -05:00 [DBG] Heartbeat PROX
2026-07-30 07:37:31.118 -05:00 [DBG] Heartbeat SENTINEL
2026-07-30 07:37:31.118 -05:00 [DBG] Heartbeat MARKETSCRYER
2026-07-30 07:37:31.118 -05:00 [DBG] Heartbeat SIGNALFORGE
2026-07-30 07:37:31.118 -05:00 [DBG] Heartbeat ORACLEVAULT
2026-07-30 07:37:31.118 -05:00 [DBG] Heartbeat RISKWARDEN
2026-07-30 07:38:22.191 -05:00 [INF] PC health: C: 77.4% used, 5 recent errors
2026-07-30 07:38:31.117 -05:00 [DBG] Heartbeat SYNAPSE
2026-07-30 07:38:31.117 -05:00 [DBG] Heartbeat TRADEWEAVER
2026-07-30 07:38:31.117 -05:00 [DBG] Heartbeat CASEBLADE
2026-07-30 07:38:31.117 -05:00 [DBG] Heartbeat PROX
2026-07-30 07:38:31.117 -05:00 [DBG] Heartbeat SENTINEL
2026-07-30 07:38:31.117 -05:00 [DBG] Heartbeat MARKETSCRYER
2026-07-30 07:38:31.117 -05:00 [DBG] Heartbeat SIGNALFORGE
2026-07-30 07:38:31.117 -05:00 [DBG] Heartbeat ORACLEVAULT
2026-07-30 07:38:31.117 -05:00 [DBG] Heartbeat RISKWARDEN
2026-07-30 07:39:31.122 -05:00 [DBG] Heartbeat SYNAPSE
2026-07-30 07:39:31.122 -05:00 [DBG] Heartbeat TRADEWEAVER
2026-07-30 07:39:31.122 -05:00 [DBG] Heartbeat CASEBLADE
2026-07-30 07:39:31.122 -05:00 [DBG] Heartbeat PROX
2026-07-30 07:39:31.122 -05:00 [DBG] Heartbeat SENTINEL
2026-07-30 07:39:31.122 -05:00 [DBG] Heartbeat MARKETSCRYER
2026-07-30 07:39:31.122 -05:00 [DBG] Heartbeat SIGNALFORGE
2026-07-30 07:39:31.122 -05:00 [DBG] Heartbeat ORACLEVAULT
2026-07-30 07:39:31.122 -05:00 [DBG] Heartbeat RISKWARDEN
2026-07-30 07:40:31.123 -05:00 [DBG] Heartbeat SYNAPSE
2026-07-30 07:40:31.123 -05:00 [DBG] Heartbeat TRADEWEAVER
2026-07-30 07:40:31.123 -05:00 [DBG] Heartbeat CASEBLADE
2026-07-30 07:40:31.123 -05:00 [DBG] Heartbeat PROX
2026-07-30 07:40:31.123 -05:00 [DBG] Heartbeat SENTINEL
2026-07-30 07:40:31.123 -05:00 [DBG] Heartbeat MARKETSCRYER
2026-07-30 07:40:31.123 -05:00 [DBG] Heartbeat SIGNALFORGE
2026-07-30 07:40:31.123 -05:00 [DBG] Heartbeat ORACLEVAULT
2026-07-30 07:40:31.123 -05:00 [DBG] Heartbeat RISKWARDEN
2026-07-30 07:41:31.122 -05:00 [DBG] Heartbeat SYNAPSE
2026-07-30 07:41:31.122 -05:00 [DBG] Heartbeat TRADEWEAVER
2026-07-30 07:41:31.122 -05:00 [DBG] Heartbeat CASEBLADE
2026-07-30 07:41:31.122 -05:00 [DBG] Heartbeat PROX
2026-07-30 07:41:31.122 -05:00 [DBG] Heartbeat SENTINEL
2026-07-30 07:41:31.122 -05:00 [DBG] Heartbeat MARKETSCRYER
2026-07-30 07:41:31.122 -05:00 [DBG] Heartbeat SIGNALFORGE
2026-07-30 07:41:31.122 -05:00 [DBG] Heartbeat ORACLEVAULT
2026-07-30 07:41:31.122 -05:00 [DBG] Heartbeat RISKWARDEN
2026-07-30 07:42:31.122 -05:00 [DBG] Heartbeat SYNAPSE
2026-07-30 07:42:31.123 -05:00 [DBG] Heartbeat TRADEWEAVER
2026-07-30 07:42:31.123 -05:00 [DBG] Heartbeat CASEBLADE
2026-07-30 07:42:31.123 -05:00 [DBG] Heartbeat PROX
2026-07-30 07:42:31.123 -05:00 [DBG] Heartbeat SENTINEL
2026-07-30 07:42:31.123 -05:00 [DBG] Heartbeat MARKETSCRYER
2026-07-30 07:42:31.123 -05:00 [DBG] Heartbeat SIGNALFORGE
2026-07-30 07:42:31.123 -05:00 [DBG] Heartbeat ORACLEVAULT
2026-07-30 07:42:31.123 -05:00 [DBG] Heartbeat RISKWARDEN
2026-07-30 07:43:31.121 -05:00 [DBG] Heartbeat SYNAPSE
2026-07-30 07:43:31.121 -05:00 [DBG] Heartbeat TRADEWEAVER
2026-07-30 07:43:31.121 -05:00 [DBG] Heartbeat CASEBLADE
2026-07-30 07:43:31.121 -05:00 [DBG] Heartbeat PROX
2026-07-30 07:43:31.121 -05:00 [DBG] Heartbeat SENTINEL
2026-07-30 07:43:31.121 -05:00 [DBG] Heartbeat MARKETSCRYER
2026-07-30 07:43:31.121 -05:00 [DBG] Heartbeat SIGNALFORGE
2026-07-30 07:43:31.121 -05:00 [DBG] Heartbeat ORACLEVAULT
2026-07-30 07:43:31.121 -05:00 [DBG] Heartbeat RISKWARDEN
2026-07-30 07:43:35.804 -05:00 [INF] PC health: C: 77.4% used, 5 recent errors
2026-07-30 07:44:31.122 -05:00 [DBG] Heartbeat SYNAPSE
2026-07-30 07:44:31.122 -05:00 [DBG] Heartbeat TRADEWEAVER
2026-07-30 07:44:31.122 -05:00 [DBG] Heartbeat CASEBLADE
2026-07-30 07:44:31.122 -05:00 [DBG] Heartbeat PROX
2026-07-30 07:44:31.122 -05:00 [DBG] Heartbeat SENTINEL
2026-07-30 07:44:31.122 -05:00 [DBG] Heartbeat MARKETSCRYER
2026-07-30 07:44:31.122 -05:00 [DBG] Heartbeat SIGNALFORGE
2026-07-30 07:44:31.122 -05:00 [DBG] Heartbeat ORACLEVAULT
2026-07-30 07:44:31.122 -05:00 [DBG] Heartbeat RISKWARDEN
2026-07-30 07:45:31.122 -05:00 [DBG] Heartbeat SYNAPSE
2026-07-30 07:45:31.122 -05:00 [DBG] Heartbeat TRADEWEAVER
2026-07-30 07:45:31.122 -05:00 [DBG] Heartbeat CASEBLADE
2026-07-30 07:45:31.122 -05:00 [DBG] Heartbeat PROX
2026-07-30 07:45:31.122 -05:00 [DBG] Heartbeat SENTINEL
2026-07-30 07:45:31.122 -05:00 [DBG] Heartbeat MARKETSCRYER
2026-07-30 07:45:31.122 -05:00 [DBG] Heartbeat SIGNALFORGE
2026-07-30 07:45:31.122 -05:00 [DBG] Heartbeat ORACLEVAULT
2026-07-30 07:45:31.122 -05:00 [DBG] Heartbeat RISKWARDEN
2026-07-30 07:46:31.122 -05:00 [DBG] Heartbeat SYNAPSE
2026-07-30 07:46:31.122 -05:00 [DBG] Heartbeat TRADEWEAVER
2026-07-30 07:46:31.122 -05:00 [DBG] Heartbeat CASEBLADE
2026-07-30 07:46:31.122 -05:00 [DBG] Heartbeat PROX
2026-07-30 07:46:31.122 -05:00 [DBG] Heartbeat SENTINEL
2026-07-30 07:46:31.122 -05:00 [DBG] Heartbeat MARKETSCRYER
2026-07-30 07:46:31.122 -05:00 [DBG] Heartbeat SIGNALFORGE
2026-07-30 07:46:31.122 -05:00 [DBG] Heartbeat ORACLEVAULT
2026-07-30 07:46:31.122 -05:00 [DBG] Heartbeat RISKWARDEN
2026-07-30 07:47:31.122 -05:00 [DBG] Heartbeat SYNAPSE
2026-07-30 07:47:31.122 -05:00 [DBG] Heartbeat TRADEWEAVER
2026-07-30 07:47:31.122 -05:00 [DBG] Heartbeat CASEBLADE
2026-07-30 07:47:31.122 -05:00 [DBG] Heartbeat PROX
2026-07-30 07:47:31.122 -05:00 [DBG] Heartbeat SENTINEL
2026-07-30 07:47:31.122 -05:00 [DBG] Heartbeat MARKETSCRYER
2026-07-30 07:47:31.122 -05:00 [DBG] Heartbeat SIGNALFORGE
2026-07-30 07:47:31.122 -05:00 [DBG] Heartbeat ORACLEVAULT
2026-07-30 07:47:31.122 -05:00 [DBG] Heartbeat RISKWARDEN
2026-07-30 07:48:31.122 -05:00 [DBG] Heartbeat SYNAPSE
2026-07-30 07:48:31.122 -05:00 [DBG] Heartbeat TRADEWEAVER
2026-07-30 07:48:31.122 -05:00 [DBG] Heartbeat CASEBLADE
2026-07-30 07:48:31.122 -05:00 [DBG] Heartbeat PROX
2026-07-30 07:48:31.122 -05:00 [DBG] Heartbeat SENTINEL
2026-07-30 07:48:31.122 -05:00 [DBG] Heartbeat MARKETSCRYER
2026-07-30 07:48:31.122 -05:00 [DBG] Heartbeat SIGNALFORGE
2026-07-30 07:48:31.122 -05:00 [DBG] Heartbeat ORACLEVAULT
2026-07-30 07:48:31.122 -05:00 [DBG] Heartbeat RISKWARDEN
2026-07-30 07:48:49.388 -05:00 [INF] PC health: C: 77.4% used, 5 recent errors
2026-07-30 07:49:31.123 -05:00 [DBG] Heartbeat SYNAPSE
2026-07-30 07:49:31.123 -05:00 [DBG] Heartbeat TRADEWEAVER
2026-07-30 07:49:31.123 -05:00 [DBG] Heartbeat CASEBLADE
2026-07-30 07:49:31.123 -05:00 [DBG] Heartbeat PROX
2026-07-30 07:49:31.123 -05:00 [DBG] Heartbeat SENTINEL
2026-07-30 07:49:31.123 -05:00 [DBG] Heartbeat MARKETSCRYER
2026-07-30 07:49:31.123 -05:00 [DBG] Heartbeat SIGNALFORGE
2026-07-30 07:49:31.123 -05:00 [DBG] Heartbeat ORACLEVAULT
2026-07-30 07:49:31.123 -05:00 [DBG] Heartbeat RISKWARDEN
2026-07-30 07:50:31.123 -05:00 [DBG] Heartbeat SYNAPSE
2026-07-30 07:50:31.123 -05:00 [DBG] Heartbeat TRADEWEAVER
2026-07-30 07:50:31.123 -05:00 [DBG] Heartbeat CASEBLADE
2026-07-30 07:50:31.123 -05:00 [DBG] Heartbeat PROX
2026-07-30 07:50:31.123 -05:00 [DBG] Heartbeat SENTINEL
2026-07-30 07:50:31.123 -05:00 [DBG] Heartbeat MARKETSCRYER
2026-07-30 07:50:31.123 -05:00 [DBG] Heartbeat SIGNALFORGE
2026-07-30 07:50:31.123 -05:00 [DBG] Heartbeat ORACLEVAULT
2026-07-30 07:50:31.123 -05:00 [DBG] Heartbeat RISKWARDEN
2026-07-30 07:51:31.123 -05:00 [DBG] Heartbeat SYNAPSE
2026-07-30 07:51:31.123 -05:00 [DBG] Heartbeat TRADEWEAVER
2026-07-30 07:51:31.123 -05:00 [DBG] Heartbeat CASEBLADE
2026-07-30 07:51:31.123 -05:00 [DBG] Heartbeat PROX
2026-07-30 07:51:31.123 -05:00 [DBG] Heartbeat SENTINEL
2026-07-30 07:51:31.123 -05:00 [DBG] Heartbeat MARKETSCRYER
2026-07-30 07:51:31.123 -05:00 [DBG] Heartbeat SIGNALFORGE
2026-07-30 07:51:31.123 -05:00 [DBG] Heartbeat ORACLEVAULT
2026-07-30 07:51:31.123 -05:00 [DBG] Heartbeat RISKWARDEN
2026-07-30 07:52:31.123 -05:00 [DBG] Heartbeat SYNAPSE
2026-07-30 07:52:31.123 -05:00 [DBG] Heartbeat TRADEWEAVER
2026-07-30 07:52:31.123 -05:00 [DBG] Heartbeat CASEBLADE
2026-07-30 07:52:31.123 -05:00 [DBG] Heartbeat PROX
2026-07-30 07:52:31.123 -05:00 [DBG] Heartbeat SENTINEL
2026-07-30 07:52:31.123 -05:00 [DBG] Heartbeat MARKETSCRYER
2026-07-30 07:52:31.123 -05:00 [DBG] Heartbeat SIGNALFORGE
2026-07-30 07:52:31.123 -05:00 [DBG] Heartbeat ORACLEVAULT
2026-07-30 07:52:31.123 -05:00 [DBG] Heartbeat RISKWARDEN
2026-07-30 07:53:31.124 -05:00 [DBG] Heartbeat SYNAPSE
2026-07-30 07:53:31.124 -05:00 [DBG] Heartbeat TRADEWEAVER
2026-07-30 07:53:31.124 -05:00 [DBG] Heartbeat CASEBLADE
2026-07-30 07:53:31.124 -05:00 [DBG] Heartbeat PROX
2026-07-30 07:53:31.124 -05:00 [DBG] Heartbeat SENTINEL
2026-07-30 07:53:31.124 -05:00 [DBG] Heartbeat MARKETSCRYER
2026-07-30 07:53:31.124 -05:00 [DBG] Heartbeat SIGNALFORGE
2026-07-30 07:53:31.124 -05:00 [DBG] Heartbeat ORACLEVAULT
2026-07-30 07:53:31.124 -05:00 [DBG] Heartbeat RISKWARDEN
2026-07-30 07:54:02.858 -05:00 [INF] PC health: C: 77.4% used, 5 recent errors
2026-07-30 07:54:31.124 -05:00 [DBG] Heartbeat SYNAPSE
2026-07-30 07:54:31.124 -05:00 [DBG] Heartbeat TRADEWEAVER
2026-07-30 07:54:31.124 -05:00 [DBG] Heartbeat CASEBLADE
2026-07-30 07:54:31.124 -05:00 [DBG] Heartbeat PROX
2026-07-30 07:54:31.124 -05:00 [DBG] Heartbeat SENTINEL
2026-07-30 07:54:31.124 -05:00 [DBG] Heartbeat MARKETSCRYER
2026-07-30 07:54:31.124 -05:00 [DBG] Heartbeat SIGNALFORGE
2026-07-30 07:54:31.124 -05:00 [DBG] Heartbeat ORACLEVAULT
2026-07-30 07:54:31.124 -05:00 [DBG] Heartbeat RISKWARDEN
2026-07-30 07:55:31.124 -05:00 [DBG] Heartbeat SYNAPSE
2026-07-30 07:55:31.124 -05:00 [DBG] Heartbeat TRADEWEAVER
2026-07-30 07:55:31.124 -05:00 [DBG] Heartbeat CASEBLADE
2026-07-30 07:55:31.124 -05:00 [DBG] Heartbeat PROX
2026-07-30 07:55:31.124 -05:00 [DBG] Heartbeat SENTINEL
2026-07-30 07:55:31.124 -05:00 [DBG] Heartbeat MARKETSCRYER
2026-07-30 07:55:31.124 -05:00 [DBG] Heartbeat SIGNALFORGE
2026-07-30 07:55:31.124 -05:00 [DBG] Heartbeat ORACLEVAULT
2026-07-30 07:55:31.124 -05:00 [DBG] Heartbeat RISKWARDEN
2026-07-30 07:56:31.124 -05:00 [DBG] Heartbeat SYNAPSE
2026-07-30 07:56:31.124 -05:00 [DBG] Heartbeat TRADEWEAVER
2026-07-30 07:56:31.124 -05:00 [DBG] Heartbeat CASEBLADE
2026-07-30 07:56:31.124 -05:00 [DBG] Heartbeat PROX
2026-07-30 07:56:31.124 -05:00 [DBG] Heartbeat SENTINEL
2026-07-30 07:56:31.124 -05:00 [DBG] Heartbeat MARKETSCRYER
2026-07-30 07:56:31.124 -05:00 [DBG] Heartbeat SIGNALFORGE
2026-07-30 07:56:31.124 -05:00 [DBG] Heartbeat ORACLEVAULT
2026-07-30 07:56:31.124 -05:00 [DBG] Heartbeat RISKWARDEN
2026-07-30 07:57:31.124 -05:00 [DBG] Heartbeat SYNAPSE
2026-07-30 07:57:31.124 -05:00 [DBG] Heartbeat TRADEWEAVER
2026-07-30 07:57:31.124 -05:00 [DBG] Heartbeat CASEBLADE
2026-07-30 07:57:31.124 -05:00 [DBG] Heartbeat PROX
2026-07-30 07:57:31.124 -05:00 [DBG] Heartbeat SENTINEL
2026-07-30 07:57:31.124 -05:00 [DBG] Heartbeat MARKETSCRYER
2026-07-30 07:57:31.124 -05:00 [DBG] Heartbeat SIGNALFORGE
2026-07-30 07:57:31.124 -05:00 [DBG] Heartbeat ORACLEVAULT
2026-07-30 07:57:31.124 -05:00 [DBG] Heartbeat RISKWARDEN
2026-07-30 07:58:31.124 -05:00 [DBG] Heartbeat SYNAPSE
2026-07-30 07:58:31.124 -05:00 [DBG] Heartbeat TRADEWEAVER
2026-07-30 07:58:31.124 -05:00 [DBG] Heartbeat CASEBLADE
2026-07-30 07:58:31.124 -05:00 [DBG] Heartbeat PROX
2026-07-30 07:58:31.124 -05:00 [DBG] Heartbeat SENTINEL
2026-07-30 07:58:31.124 -05:00 [DBG] Heartbeat MARKETSCRYER
2026-07-30 07:58:31.124 -05:00 [DBG] Heartbeat SIGNALFORGE
2026-07-30 07:58:31.124 -05:00 [DBG] Heartbeat ORACLEVAULT
2026-07-30 07:58:31.124 -05:00 [DBG] Heartbeat RISKWARDEN
2026-07-30 07:59:16.311 -05:00 [INF] PC health: C: 77.4% used, 5 recent errors
2026-07-30 07:59:31.123 -05:00 [DBG] Heartbeat SYNAPSE
2026-07-30 07:59:31.124 -05:00 [DBG] Heartbeat TRADEWEAVER
2026-07-30 07:59:31.124 -05:00 [DBG] Heartbeat CASEBLADE
2026-07-30 07:59:31.124 -05:00 [DBG] Heartbeat PROX
2026-07-30 07:59:31.124 -05:00 [DBG] Heartbeat SENTINEL
2026-07-30 07:59:31.124 -05:00 [DBG] Heartbeat MARKETSCRYER
2026-07-30 07:59:31.124 -05:00 [DBG] Heartbeat SIGNALFORGE
2026-07-30 07:59:31.124 -05:00 [DBG] Heartbeat ORACLEVAULT
2026-07-30 07:59:31.124 -05:00 [DBG] Heartbeat RISKWARDEN
2026-07-30 08:00:31.124 -05:00 [DBG] Heartbeat SYNAPSE
2026-07-30 08:00:31.124 -05:00 [DBG] Heartbeat TRADEWEAVER
2026-07-30 08:00:31.124 -05:00 [DBG] Heartbeat CASEBLADE
2026-07-30 08:00:31.124 -05:00 [DBG] Heartbeat PROX
2026-07-30 08:00:31.124 -05:00 [DBG] Heartbeat SENTINEL
2026-07-30 08:00:31.124 -05:00 [DBG] Heartbeat MARKETSCRYER
2026-07-30 08:00:31.124 -05:00 [DBG] Heartbeat SIGNALFORGE
2026-07-30 08:00:31.124 -05:00 [DBG] Heartbeat ORACLEVAULT
2026-07-30 08:00:31.124 -05:00 [DBG] Heartbeat RISKWARDEN
2026-07-30 08:01:31.124 -05:00 [DBG] Heartbeat SYNAPSE
2026-07-30 08:01:31.124 -05:00 [DBG] Heartbeat TRADEWEAVER
2026-07-30 08:01:31.124 -05:00 [DBG] Heartbeat CASEBLADE
2026-07-30 08:01:31.124 -05:00 [DBG] Heartbeat PROX
2026-07-30 08:01:31.124 -05:00 [DBG] Heartbeat SENTINEL
2026-07-30 08:01:31.124 -05:00 [DBG] Heartbeat MARKETSCRYER
2026-07-30 08:01:31.124 -05:00 [DBG] Heartbeat SIGNALFORGE
2026-07-30 08:01:31.124 -05:00 [DBG] Heartbeat ORACLEVAULT
2026-07-30 08:01:31.124 -05:00 [DBG] Heartbeat RISKWARDEN
2026-07-30 08:02:31.124 -05:00 [DBG] Heartbeat SYNAPSE
2026-07-30 08:02:31.124 -05:00 [DBG] Heartbeat TRADEWEAVER
2026-07-30 08:02:31.124 -05:00 [DBG] Heartbeat CASEBLADE
2026-07-30 08:02:31.124 -05:00 [DBG] Heartbeat PROX
2026-07-30 08:02:31.124 -05:00 [DBG] Heartbeat SENTINEL
2026-07-30 08:02:31.124 -05:00 [DBG] Heartbeat MARKETSCRYER
2026-07-30 08:02:31.124 -05:00 [DBG] Heartbeat SIGNALFORGE
2026-07-30 08:02:31.124 -05:00 [DBG] Heartbeat ORACLEVAULT
2026-07-30 08:02:31.124 -05:00 [DBG] Heartbeat RISKWARDEN
2026-07-30 08:03:31.125 -05:00 [DBG] Heartbeat SYNAPSE
2026-07-30 08:03:31.125 -05:00 [DBG] Heartbeat TRADEWEAVER
2026-07-30 08:03:31.125 -05:00 [DBG] Heartbeat CASEBLADE
2026-07-30 08:03:31.125 -05:00 [DBG] Heartbeat PROX
2026-07-30 08:03:31.125 -05:00 [DBG] Heartbeat SENTINEL
2026-07-30 08:03:31.125 -05:00 [DBG] Heartbeat MARKETSCRYER
2026-07-30 08:03:31.125 -05:00 [DBG] Heartbeat SIGNALFORGE
2026-07-30 08:03:31.125 -05:00 [DBG] Heartbeat ORACLEVAULT
2026-07-30 08:03:31.125 -05:00 [DBG] Heartbeat RISKWARDEN
2026-07-30 08:04:29.817 -05:00 [INF] PC health: C: 77.4% used, 5 recent errors
2026-07-30 08:04:31.125 -05:00 [DBG] Heartbeat SYNAPSE
2026-07-30 08:04:31.125 -05:00 [DBG] Heartbeat TRADEWEAVER
2026-07-30 08:04:31.125 -05:00 [DBG] Heartbeat CASEBLADE
2026-07-30 08:04:31.125 -05:00 [DBG] Heartbeat PROX
2026-07-30 08:04:31.125 -05:00 [DBG] Heartbeat SENTINEL
2026-07-30 08:04:31.125 -05:00 [DBG] Heartbeat MARKETSCRYER
2026-07-30 08:04:31.125 -05:00 [DBG] Heartbeat SIGNALFORGE
2026-07-30 08:04:31.125 -05:00 [DBG] Heartbeat ORACLEVAULT
2026-07-30 08:04:31.125 -05:00 [DBG] Heartbeat RISKWARDEN
2026-07-30 08:05:31.125 -05:00 [DBG] Heartbeat SYNAPSE
2026-07-30 08:05:31.125 -05:00 [DBG] Heartbeat TRADEWEAVER
2026-07-30 08:05:31.125 -05:00 [DBG] Heartbeat CASEBLADE
2026-07-30 08:05:31.125 -05:00 [DBG] Heartbeat PROX
2026-07-30 08:05:31.125 -05:00 [DBG] Heartbeat SENTINEL
2026-07-30 08:05:31.125 -05:00 [DBG] Heartbeat MARKETSCRYER
2026-07-30 08:05:31.125 -05:00 [DBG] Heartbeat SIGNALFORGE
2026-07-30 08:05:31.125 -05:00 [DBG] Heartbeat ORACLEVAULT
2026-07-30 08:05:31.125 -05:00 [DBG] Heartbeat RISKWARDEN
2026-07-30 08:06:31.125 -05:00 [DBG] Heartbeat SYNAPSE
2026-07-30 08:06:31.125 -05:00 [DBG] Heartbeat TRADEWEAVER
2026-07-30 08:06:31.125 -05:00 [DBG] Heartbeat CASEBLADE
2026-07-30 08:06:31.125 -05:00 [DBG] Heartbeat PROX
2026-07-30 08:06:31.125 -05:00 [DBG] Heartbeat SENTINEL
2026-07-30 08:06:31.125 -05:00 [DBG] Heartbeat MARKETSCRYER
2026-07-30 08:06:31.125 -05:00 [DBG] Heartbeat SIGNALFORGE
2026-07-30 08:06:31.125 -05:00 [DBG] Heartbeat ORACLEVAULT
2026-07-30 08:06:31.125 -05:00 [DBG] Heartbeat RISKWARDEN
2026-07-30 08:07:31.125 -05:00 [DBG] Heartbeat SYNAPSE
2026-07-30 08:07:31.125 -05:00 [DBG] Heartbeat TRADEWEAVER
2026-07-30 08:07:31.125 -05:00 [DBG] Heartbeat CASEBLADE
2026-07-30 08:07:31.125 -05:00 [DBG] Heartbeat PROX
2026-07-30 08:07:31.125 -05:00 [DBG] Heartbeat SENTINEL
2026-07-30 08:07:31.125 -05:00 [DBG] Heartbeat MARKETSCRYER
2026-07-30 08:07:31.125 -05:00 [DBG] Heartbeat SIGNALFORGE
2026-07-30 08:07:31.125 -05:00 [DBG] Heartbeat ORACLEVAULT
2026-07-30 08:07:31.125 -05:00 [DBG] Heartbeat RISKWARDEN
2026-07-30 08:08:31.125 -05:00 [DBG] Heartbeat SYNAPSE
2026-07-30 08:08:31.125 -05:00 [DBG] Heartbeat TRADEWEAVER
2026-07-30 08:08:31.125 -05:00 [DBG] Heartbeat CASEBLADE
2026-07-30 08:08:31.125 -05:00 [DBG] Heartbeat PROX
2026-07-30 08:08:31.125 -05:00 [DBG] Heartbeat SENTINEL
2026-07-30 08:08:31.125 -05:00 [DBG] Heartbeat MARKETSCRYER
2026-07-30 08:08:31.125 -05:00 [DBG] Heartbeat SIGNALFORGE
2026-07-30 08:08:31.125 -05:00 [DBG] Heartbeat ORACLEVAULT
2026-07-30 08:08:31.125 -05:00 [DBG] Heartbeat RISKWARDEN
2026-07-30 08:09:31.125 -05:00 [DBG] Heartbeat SYNAPSE
2026-07-30 08:09:31.125 -05:00 [DBG] Heartbeat TRADEWEAVER
2026-07-30 08:09:31.125 -05:00 [DBG] Heartbeat CASEBLADE
2026-07-30 08:09:31.125 -05:00 [DBG] Heartbeat PROX
2026-07-30 08:09:31.125 -05:00 [DBG] Heartbeat SENTINEL
2026-07-30 08:09:31.125 -05:00 [DBG] Heartbeat MARKETSCRYER
2026-07-30 08:09:31.125 -05:00 [DBG] Heartbeat SIGNALFORGE
2026-07-30 08:09:31.125 -05:00 [DBG] Heartbeat ORACLEVAULT
2026-07-30 08:09:31.125 -05:00 [DBG] Heartbeat RISKWARDEN
2026-07-30 08:09:43.299 -05:00 [INF] PC health: C: 77.4% used, 5 recent errors
2026-07-30 08:10:31.125 -05:00 [DBG] Heartbeat SYNAPSE
2026-07-30 08:10:31.125 -05:00 [DBG] Heartbeat TRADEWEAVER
2026-07-30 08:10:31.125 -05:00 [DBG] Heartbeat CASEBLADE
2026-07-30 08:10:31.125 -05:00 [DBG] Heartbeat PROX
2026-07-30 08:10:31.125 -05:00 [DBG] Heartbeat SENTINEL
2026-07-30 08:10:31.125 -05:00 [DBG] Heartbeat MARKETSCRYER
2026-07-30 08:10:31.125 -05:00 [DBG] Heartbeat SIGNALFORGE
2026-07-30 08:10:31.125 -05:00 [DBG] Heartbeat ORACLEVAULT
2026-07-30 08:10:31.125 -05:00 [DBG] Heartbeat RISKWARDEN
2026-07-30 08:11:31.125 -05:00 [DBG] Heartbeat SYNAPSE
2026-07-30 08:11:31.125 -05:00 [DBG] Heartbeat TRADEWEAVER
2026-07-30 08:11:31.125 -05:00 [DBG] Heartbeat CASEBLADE
2026-07-30 08:11:31.125 -05:00 [DBG] Heartbeat PROX
2026-07-30 08:11:31.125 -05:00 [DBG] Heartbeat SENTINEL
2026-07-30 08:11:31.125 -05:00 [DBG] Heartbeat MARKETSCRYER
2026-07-30 08:11:31.125 -05:00 [DBG] Heartbeat SIGNALFORGE
2026-07-30 08:11:31.125 -05:00 [DBG] Heartbeat ORACLEVAULT
2026-07-30 08:11:31.125 -05:00 [DBG] Heartbeat RISKWARDEN
2026-07-30 08:12:31.124 -05:00 [DBG] Heartbeat SYNAPSE
2026-07-30 08:12:31.124 -05:00 [DBG] Heartbeat TRADEWEAVER
2026-07-30 08:12:31.124 -05:00 [DBG] Heartbeat CASEBLADE
2026-07-30 08:12:31.124 -05:00 [DBG] Heartbeat PROX
2026-07-30 08:12:31.124 -05:00 [DBG] Heartbeat SENTINEL
2026-07-30 08:12:31.124 -05:00 [DBG] Heartbeat MARKETSCRYER
2026-07-30 08:12:31.124 -05:00 [DBG] Heartbeat SIGNALFORGE
2026-07-30 08:12:31.124 -05:00 [DBG] Heartbeat ORACLEVAULT
2026-07-30 08:12:31.124 -05:00 [DBG] Heartbeat RISKWARDEN
2026-07-30 08:13:31.124 -05:00 [DBG] Heartbeat SYNAPSE
2026-07-30 08:13:31.124 -05:00 [DBG] Heartbeat TRADEWEAVER
2026-07-30 08:13:31.124 -05:00 [DBG] Heartbeat CASEBLADE
2026-07-30 08:13:31.124 -05:00 [DBG] Heartbeat PROX
2026-07-30 08:13:31.124 -05:00 [DBG] Heartbeat SENTINEL
2026-07-30 08:13:31.124 -05:00 [DBG] Heartbeat MARKETSCRYER
2026-07-30 08:13:31.124 -05:00 [DBG] Heartbeat SIGNALFORGE
2026-07-30 08:13:31.124 -05:00 [DBG] Heartbeat ORACLEVAULT
2026-07-30 08:13:31.124 -05:00 [DBG] Heartbeat RISKWARDEN
2026-07-30 08:14:31.124 -05:00 [DBG] Heartbeat SYNAPSE
2026-07-30 08:14:31.124 -05:00 [DBG] Heartbeat TRADEWEAVER
2026-07-30 08:14:31.124 -05:00 [DBG] Heartbeat CASEBLADE
2026-07-30 08:14:31.124 -05:00 [DBG] Heartbeat PROX
2026-07-30 08:14:31.124 -05:00 [DBG] Heartbeat SENTINEL
2026-07-30 08:14:31.124 -05:00 [DBG] Heartbeat MARKETSCRYER
2026-07-30 08:14:31.124 -05:00 [DBG] Heartbeat SIGNALFORGE
2026-07-30 08:14:31.124 -05:00 [DBG] Heartbeat ORACLEVAULT
2026-07-30 08:14:31.124 -05:00 [DBG] Heartbeat RISKWARDEN
2026-07-30 08:14:56.914 -05:00 [INF] PC health: C: 77.4% used, 5 recent errors
2026-07-30 08:15:31.124 -05:00 [DBG] Heartbeat SYNAPSE
2026-07-30 08:15:31.124 -05:00 [DBG] Heartbeat TRADEWEAVER
2026-07-30 08:15:31.124 -05:00 [DBG] Heartbeat CASEBLADE
2026-07-30 08:15:31.124 -05:00 [DBG] Heartbeat PROX
2026-07-30 08:15:31.124 -05:00 [DBG] Heartbeat SENTINEL
2026-07-30 08:15:31.124 -05:00 [DBG] Heartbeat MARKETSCRYER
2026-07-30 08:15:31.124 -05:00 [DBG] Heartbeat SIGNALFORGE
2026-07-30 08:15:31.124 -05:00 [DBG] Heartbeat ORACLEVAULT
2026-07-30 08:15:31.124 -05:00 [DBG] Heartbeat RISKWARDEN
2026-07-30 08:16:31.125 -05:00 [DBG] Heartbeat SYNAPSE
2026-07-30 08:16:31.125 -05:00 [DBG] Heartbeat TRADEWEAVER
2026-07-30 08:16:31.125 -05:00 [DBG] Heartbeat CASEBLADE
2026-07-30 08:16:31.125 -05:00 [DBG] Heartbeat PROX
2026-07-30 08:16:31.125 -05:00 [DBG] Heartbeat SENTINEL
2026-07-30 08:16:31.125 -05:00 [DBG] Heartbeat MARKETSCRYER
2026-07-30 08:16:31.125 -05:00 [DBG] Heartbeat SIGNALFORGE
2026-07-30 08:16:31.125 -05:00 [DBG] Heartbeat ORACLEVAULT
2026-07-30 08:16:31.125 -05:00 [DBG] Heartbeat RISKWARDEN
2026-07-30 08:17:31.125 -05:00 [DBG] Heartbeat SYNAPSE
2026-07-30 08:17:31.125 -05:00 [DBG] Heartbeat TRADEWEAVER
2026-07-30 08:17:31.125 -05:00 [DBG] Heartbeat CASEBLADE
2026-07-30 08:17:31.125 -05:00 [DBG] Heartbeat PROX
2026-07-30 08:17:31.125 -05:00 [DBG] Heartbeat SENTINEL
2026-07-30 08:17:31.126 -05:00 [DBG] Heartbeat MARKETSCRYER
2026-07-30 08:17:31.126 -05:00 [DBG] Heartbeat SIGNALFORGE
2026-07-30 08:17:31.126 -05:00 [DBG] Heartbeat ORACLEVAULT
2026-07-30 08:17:31.126 -05:00 [DBG] Heartbeat RISKWARDEN
2026-07-30 08:18:31.126 -05:00 [DBG] Heartbeat SYNAPSE
2026-07-30 08:18:31.126 -05:00 [DBG] Heartbeat TRADEWEAVER
2026-07-30 08:18:31.126 -05:00 [DBG] Heartbeat CASEBLADE
2026-07-30 08:18:31.126 -05:00 [DBG] Heartbeat PROX
2026-07-30 08:18:31.126 -05:00 [DBG] Heartbeat SENTINEL
2026-07-30 08:18:31.126 -05:00 [DBG] Heartbeat MARKETSCRYER
2026-07-30 08:18:31.126 -05:00 [DBG] Heartbeat SIGNALFORGE
2026-07-30 08:18:31.126 -05:00 [DBG] Heartbeat ORACLEVAULT
2026-07-30 08:18:31.126 -05:00 [DBG] Heartbeat RISKWARDEN
2026-07-30 08:19:31.125 -05:00 [DBG] Heartbeat SYNAPSE
2026-07-30 08:19:31.125 -05:00 [DBG] Heartbeat TRADEWEAVER
2026-07-30 08:19:31.125 -05:00 [DBG] Heartbeat CASEBLADE
2026-07-30 08:19:31.125 -05:00 [DBG] Heartbeat PROX
2026-07-30 08:19:31.125 -05:00 [DBG] Heartbeat SENTINEL
2026-07-30 08:19:31.125 -05:00 [DBG] Heartbeat MARKETSCRYER
2026-07-30 08:19:31.125 -05:00 [DBG] Heartbeat SIGNALFORGE
2026-07-30 08:19:31.125 -05:00 [DBG] Heartbeat ORACLEVAULT
2026-07-30 08:19:31.125 -05:00 [DBG] Heartbeat RISKWARDEN
2026-07-30 08:20:10.386 -05:00 [INF] PC health: C: 77.4% used, 5 recent errors
2026-07-30 08:20:31.126 -05:00 [DBG] Heartbeat SYNAPSE
2026-07-30 08:20:31.126 -05:00 [DBG] Heartbeat TRADEWEAVER
2026-07-30 08:20:31.126 -05:00 [DBG] Heartbeat CASEBLADE
2026-07-30 08:20:31.126 -05:00 [DBG] Heartbeat PROX
2026-07-30 08:20:31.126 -05:00 [DBG] Heartbeat SENTINEL
2026-07-30 08:20:31.126 -05:00 [DBG] Heartbeat MARKETSCRYER
2026-07-30 08:20:31.126 -05:00 [DBG] Heartbeat SIGNALFORGE
2026-07-30 08:20:31.126 -05:00 [DBG] Heartbeat ORACLEVAULT
2026-07-30 08:20:31.126 -05:00 [DBG] Heartbeat RISKWARDEN
2026-07-30 08:21:31.125 -05:00 [DBG] Heartbeat SYNAPSE
2026-07-30 08:21:31.125 -05:00 [DBG] Heartbeat TRADEWEAVER
2026-07-30 08:21:31.125 -05:00 [DBG] Heartbeat CASEBLADE
2026-07-30 08:21:31.125 -05:00 [DBG] Heartbeat PROX
2026-07-30 08:21:31.125 -05:00 [DBG] Heartbeat SENTINEL
2026-07-30 08:21:31.125 -05:00 [DBG] Heartbeat MARKETSCRYER
2026-07-30 08:21:31.125 -05:00 [DBG] Heartbeat SIGNALFORGE
2026-07-30 08:21:31.125 -05:00 [DBG] Heartbeat ORACLEVAULT
2026-07-30 08:21:31.125 -05:00 [DBG] Heartbeat RISKWARDEN
2026-07-30 08:22:31.126 -05:00 [DBG] Heartbeat SYNAPSE
2026-07-30 08:22:31.126 -05:00 [DBG] Heartbeat TRADEWEAVER
2026-07-30 08:22:31.126 -05:00 [DBG] Heartbeat CASEBLADE
2026-07-30 08:22:31.126 -05:00 [DBG] Heartbeat PROX
2026-07-30 08:22:31.126 -05:00 [DBG] Heartbeat SENTINEL
2026-07-30 08:22:31.126 -05:00 [DBG] Heartbeat MARKETSCRYER
2026-07-30 08:22:31.126 -05:00 [DBG] Heartbeat SIGNALFORGE
2026-07-30 08:22:31.126 -05:00 [DBG] Heartbeat ORACLEVAULT
2026-07-30 08:22:31.126 -05:00 [DBG] Heartbeat RISKWARDEN
2026-07-30 08:23:31.126 -05:00 [DBG] Heartbeat SYNAPSE
2026-07-30 08:23:31.126 -05:00 [DBG] Heartbeat TRADEWEAVER
2026-07-30 08:23:31.126 -05:00 [DBG] Heartbeat CASEBLADE
2026-07-30 08:23:31.126 -05:00 [DBG] Heartbeat PROX
2026-07-30 08:23:31.126 -05:00 [DBG] Heartbeat SENTINEL
2026-07-30 08:23:31.126 -05:00 [DBG] Heartbeat MARKETSCRYER
2026-07-30 08:23:31.126 -05:00 [DBG] Heartbeat SIGNALFORGE
2026-07-30 08:23:31.126 -05:00 [DBG] Heartbeat ORACLEVAULT
2026-07-30 08:23:31.126 -05:00 [DBG] Heartbeat RISKWARDEN
2026-07-30 08:24:31.127 -05:00 [DBG] Heartbeat SYNAPSE
2026-07-30 08:24:31.127 -05:00 [DBG] Heartbeat TRADEWEAVER
2026-07-30 08:24:31.127 -05:00 [DBG] Heartbeat CASEBLADE
2026-07-30 08:24:31.127 -05:00 [DBG] Heartbeat PROX
2026-07-30 08:24:31.127 -05:00 [DBG] Heartbeat SENTINEL
2026-07-30 08:24:31.127 -05:00 [DBG] Heartbeat MARKETSCRYER
2026-07-30 08:24:31.127 -05:00 [DBG] Heartbeat SIGNALFORGE
2026-07-30 08:24:31.127 -05:00 [DBG] Heartbeat ORACLEVAULT
2026-07-30 08:24:31.127 -05:00 [DBG] Heartbeat RISKWARDEN
2026-07-30 08:25:23.866 -05:00 [INF] PC health: C: 77.4% used, 5 recent errors
2026-07-30 08:25:31.127 -05:00 [DBG] Heartbeat SYNAPSE
2026-07-30 08:25:31.127 -05:00 [DBG] Heartbeat TRADEWEAVER
2026-07-30 08:25:31.127 -05:00 [DBG] Heartbeat CASEBLADE
2026-07-30 08:25:31.127 -05:00 [DBG] Heartbeat PROX
2026-07-30 08:25:31.127 -05:00 [DBG] Heartbeat SENTINEL
2026-07-30 08:25:31.127 -05:00 [DBG] Heartbeat MARKETSCRYER
2026-07-30 08:25:31.127 -05:00 [DBG] Heartbeat SIGNALFORGE
2026-07-30 08:25:31.127 -05:00 [DBG] Heartbeat ORACLEVAULT
2026-07-30 08:25:31.127 -05:00 [DBG] Heartbeat RISKWARDEN
2026-07-30 08:26:31.128 -05:00 [DBG] Heartbeat SYNAPSE
2026-07-30 08:26:31.128 -05:00 [DBG] Heartbeat TRADEWEAVER
2026-07-30 08:26:31.128 -05:00 [DBG] Heartbeat CASEBLADE
2026-07-30 08:26:31.128 -05:00 [DBG] Heartbeat PROX
2026-07-30 08:26:31.128 -05:00 [DBG] Heartbeat SENTINEL
2026-07-30 08:26:31.128 -05:00 [DBG] Heartbeat MARKETSCRYER
2026-07-30 08:26:31.128 -05:00 [DBG] Heartbeat SIGNALFORGE
2026-07-30 08:26:31.128 -05:00 [DBG] Heartbeat ORACLEVAULT
2026-07-30 08:26:31.128 -05:00 [DBG] Heartbeat RISKWARDEN
2026-07-30 08:27:31.127 -05:00 [DBG] Heartbeat SYNAPSE
2026-07-30 08:27:31.128 -05:00 [DBG] Heartbeat TRADEWEAVER
2026-07-30 08:27:31.128 -05:00 [DBG] Heartbeat CASEBLADE
2026-07-30 08:27:31.128 -05:00 [DBG] Heartbeat PROX
2026-07-30 08:27:31.128 -05:00 [DBG] Heartbeat SENTINEL
2026-07-30 08:27:31.128 -05:00 [DBG] Heartbeat MARKETSCRYER
2026-07-30 08:27:31.128 -05:00 [DBG] Heartbeat SIGNALFORGE
2026-07-30 08:27:31.128 -05:00 [DBG] Heartbeat ORACLEVAULT
2026-07-30 08:27:31.128 -05:00 [DBG] Heartbeat RISKWARDEN
2026-07-30 08:28:31.128 -05:00 [DBG] Heartbeat SYNAPSE
2026-07-30 08:28:31.128 -05:00 [DBG] Heartbeat TRADEWEAVER
2026-07-30 08:28:31.128 -05:00 [DBG] Heartbeat CASEBLADE
2026-07-30 08:28:31.128 -05:00 [DBG] Heartbeat PROX
2026-07-30 08:28:31.128 -05:00 [DBG] Heartbeat SENTINEL
2026-07-30 08:28:31.128 -05:00 [DBG] Heartbeat MARKETSCRYER
2026-07-30 08:28:31.128 -05:00 [DBG] Heartbeat SIGNALFORGE
2026-07-30 08:28:31.128 -05:00 [DBG] Heartbeat ORACLEVAULT
2026-07-30 08:28:31.128 -05:00 [DBG] Heartbeat RISKWARDEN
2026-07-30 08:29:31.127 -05:00 [DBG] Heartbeat SYNAPSE
2026-07-30 08:29:31.128 -05:00 [DBG] Heartbeat TRADEWEAVER
2026-07-30 08:29:31.128 -05:00 [DBG] Heartbeat CASEBLADE
2026-07-30 08:29:31.128 -05:00 [DBG] Heartbeat PROX
2026-07-30 08:29:31.128 -05:00 [DBG] Heartbeat SENTINEL
2026-07-30 08:29:31.128 -05:00 [DBG] Heartbeat MARKETSCRYER
2026-07-30 08:29:31.128 -05:00 [DBG] Heartbeat SIGNALFORGE
2026-07-30 08:29:31.128 -05:00 [DBG] Heartbeat ORACLEVAULT
2026-07-30 08:29:31.128 -05:00 [DBG] Heartbeat RISKWARDEN
2026-07-30 08:30:31.128 -05:00 [DBG] Heartbeat SYNAPSE
2026-07-30 08:30:31.128 -05:00 [DBG] Heartbeat TRADEWEAVER
2026-07-30 08:30:31.128 -05:00 [DBG] Heartbeat CASEBLADE
2026-07-30 08:30:31.128 -05:00 [DBG] Heartbeat PROX
2026-07-30 08:30:31.128 -05:00 [DBG] Heartbeat SENTINEL
2026-07-30 08:30:31.128 -05:00 [DBG] Heartbeat MARKETSCRYER
2026-07-30 08:30:31.128 -05:00 [DBG] Heartbeat SIGNALFORGE
2026-07-30 08:30:31.128 -05:00 [DBG] Heartbeat ORACLEVAULT
2026-07-30 08:30:31.128 -05:00 [DBG] Heartbeat RISKWARDEN
2026-07-30 08:30:37.448 -05:00 [INF] PC health: C: 77.4% used, 5 recent errors
2026-07-30 08:31:31.129 -05:00 [DBG] Heartbeat SYNAPSE
2026-07-30 08:31:31.129 -05:00 [DBG] Heartbeat TRADEWEAVER
2026-07-30 08:31:31.129 -05:00 [DBG] Heartbeat CASEBLADE
2026-07-30 08:31:31.129 -05:00 [DBG] Heartbeat PROX
2026-07-30 08:31:31.129 -05:00 [DBG] Heartbeat SENTINEL
2026-07-30 08:31:31.129 -05:00 [DBG] Heartbeat MARKETSCRYER
2026-07-30 08:31:31.129 -05:00 [DBG] Heartbeat SIGNALFORGE
2026-07-30 08:31:31.129 -05:00 [DBG] Heartbeat ORACLEVAULT
2026-07-30 08:31:31.129 -05:00 [DBG] Heartbeat RISKWARDEN
2026-07-30 08:32:31.128 -05:00 [DBG] Heartbeat SYNAPSE
2026-07-30 08:32:31.128 -05:00 [DBG] Heartbeat TRADEWEAVER
2026-07-30 08:32:31.128 -05:00 [DBG] Heartbeat CASEBLADE
2026-07-30 08:32:31.128 -05:00 [DBG] Heartbeat PROX
2026-07-30 08:32:31.128 -05:00 [DBG] Heartbeat SENTINEL
2026-07-30 08:32:31.128 -05:00 [DBG] Heartbeat MARKETSCRYER
2026-07-30 08:32:31.128 -05:00 [DBG] Heartbeat SIGNALFORGE
2026-07-30 08:32:31.128 -05:00 [DBG] Heartbeat ORACLEVAULT
2026-07-30 08:32:31.128 -05:00 [DBG] Heartbeat RISKWARDEN
2026-07-30 08:33:31.128 -05:00 [DBG] Heartbeat SYNAPSE
2026-07-30 08:33:31.128 -05:00 [DBG] Heartbeat TRADEWEAVER
2026-07-30 08:33:31.128 -05:00 [DBG] Heartbeat CASEBLADE
2026-07-30 08:33:31.128 -05:00 [DBG] Heartbeat PROX
2026-07-30 08:33:31.128 -05:00 [DBG] Heartbeat SENTINEL
2026-07-30 08:33:31.128 -05:00 [DBG] Heartbeat MARKETSCRYER
2026-07-30 08:33:31.128 -05:00 [DBG] Heartbeat SIGNALFORGE
2026-07-30 08:33:31.128 -05:00 [DBG] Heartbeat ORACLEVAULT
2026-07-30 08:33:31.128 -05:00 [DBG] Heartbeat RISKWARDEN
2026-07-30 08:34:31.128 -05:00 [DBG] Heartbeat SYNAPSE
2026-07-30 08:34:31.128 -05:00 [DBG] Heartbeat TRADEWEAVER
2026-07-30 08:34:31.128 -05:00 [DBG] Heartbeat CASEBLADE
2026-07-30 08:34:31.128 -05:00 [DBG] Heartbeat PROX
2026-07-30 08:34:31.128 -05:00 [DBG] Heartbeat SENTINEL
2026-07-30 08:34:31.128 -05:00 [DBG] Heartbeat MARKETSCRYER
2026-07-30 08:34:31.128 -05:00 [DBG] Heartbeat SIGNALFORGE
2026-07-30 08:34:31.128 -05:00 [DBG] Heartbeat ORACLEVAULT
2026-07-30 08:34:31.128 -05:00 [DBG] Heartbeat RISKWARDEN
2026-07-30 08:35:31.128 -05:00 [DBG] Heartbeat SYNAPSE
2026-07-30 08:35:31.128 -05:00 [DBG] Heartbeat TRADEWEAVER
2026-07-30 08:35:31.128 -05:00 [DBG] Heartbeat CASEBLADE
2026-07-30 08:35:31.128 -05:00 [DBG] Heartbeat PROX
2026-07-30 08:35:31.128 -05:00 [DBG] Heartbeat SENTINEL
2026-07-30 08:35:31.128 -05:00 [DBG] Heartbeat MARKETSCRYER
2026-07-30 08:35:31.128 -05:00 [DBG] Heartbeat SIGNALFORGE
2026-07-30 08:35:31.128 -05:00 [DBG] Heartbeat ORACLEVAULT
2026-07-30 08:35:31.128 -05:00 [DBG] Heartbeat RISKWARDEN
2026-07-30 08:35:50.867 -05:00 [INF] PC health: C: 77.4% used, 5 recent errors
2026-07-30 08:36:31.127 -05:00 [DBG] Heartbeat SYNAPSE
2026-07-30 08:36:31.127 -05:00 [DBG] Heartbeat TRADEWEAVER
2026-07-30 08:36:31.127 -05:00 [DBG] Heartbeat CASEBLADE
2026-07-30 08:36:31.127 -05:00 [DBG] Heartbeat PROX
2026-07-30 08:36:31.127 -05:00 [DBG] Heartbeat SENTINEL
2026-07-30 08:36:31.127 -05:00 [DBG] Heartbeat MARKETSCRYER
2026-07-30 08:36:31.127 -05:00 [DBG] Heartbeat SIGNALFORGE
2026-07-30 08:36:31.127 -05:00 [DBG] Heartbeat ORACLEVAULT
2026-07-30 08:36:31.127 -05:00 [DBG] Heartbeat RISKWARDEN
2026-07-30 08:37:31.127 -05:00 [DBG] Heartbeat SYNAPSE
2026-07-30 08:37:31.127 -05:00 [DBG] Heartbeat TRADEWEAVER
2026-07-30 08:37:31.127 -05:00 [DBG] Heartbeat CASEBLADE
2026-07-30 08:37:31.127 -05:00 [DBG] Heartbeat PROX
2026-07-30 08:37:31.127 -05:00 [DBG] Heartbeat SENTINEL
2026-07-30 08:37:31.127 -05:00 [DBG] Heartbeat MARKETSCRYER
2026-07-30 08:37:31.127 -05:00 [DBG] Heartbeat SIGNALFORGE
2026-07-30 08:37:31.127 -05:00 [DBG] Heartbeat ORACLEVAULT
2026-07-30 08:37:31.127 -05:00 [DBG] Heartbeat RISKWARDEN
2026-07-30 08:38:31.127 -05:00 [DBG] Heartbeat SYNAPSE
2026-07-30 08:38:31.127 -05:00 [DBG] Heartbeat TRADEWEAVER
2026-07-30 08:38:31.127 -05:00 [DBG] Heartbeat CASEBLADE
2026-07-30 08:38:31.127 -05:00 [DBG] Heartbeat PROX
2026-07-30 08:38:31.127 -05:00 [DBG] Heartbeat SENTINEL
2026-07-30 08:38:31.127 -05:00 [DBG] Heartbeat MARKETSCRYER
2026-07-30 08:38:31.127 -05:00 [DBG] Heartbeat SIGNALFORGE
2026-07-30 08:38:31.127 -05:00 [DBG] Heartbeat ORACLEVAULT
2026-07-30 08:38:31.127 -05:00 [DBG] Heartbeat RISKWARDEN
2026-07-30 08:39:31.127 -05:00 [DBG] Heartbeat SYNAPSE
2026-07-30 08:39:31.127 -05:00 [DBG] Heartbeat TRADEWEAVER
2026-07-30 08:39:31.127 -05:00 [DBG] Heartbeat CASEBLADE
2026-07-30 08:39:31.127 -05:00 [DBG] Heartbeat PROX
2026-07-30 08:39:31.127 -05:00 [DBG] Heartbeat SENTINEL
2026-07-30 08:39:31.127 -05:00 [DBG] Heartbeat MARKETSCRYER
2026-07-30 08:39:31.127 -05:00 [DBG] Heartbeat SIGNALFORGE
2026-07-30 08:39:31.127 -05:00 [DBG] Heartbeat ORACLEVAULT
2026-07-30 08:39:31.127 -05:00 [DBG] Heartbeat RISKWARDEN
2026-07-30 08:40:31.127 -05:00 [DBG] Heartbeat SYNAPSE
2026-07-30 08:40:31.127 -05:00 [DBG] Heartbeat TRADEWEAVER
2026-07-30 08:40:31.127 -05:00 [DBG] Heartbeat CASEBLADE
2026-07-30 08:40:31.127 -05:00 [DBG] Heartbeat PROX
2026-07-30 08:40:31.127 -05:00 [DBG] Heartbeat SENTINEL
2026-07-30 08:40:31.127 -05:00 [DBG] Heartbeat MARKETSCRYER
2026-07-30 08:40:31.127 -05:00 [DBG] Heartbeat SIGNALFORGE
2026-07-30 08:40:31.127 -05:00 [DBG] Heartbeat ORACLEVAULT
2026-07-30 08:40:31.127 -05:00 [DBG] Heartbeat RISKWARDEN
2026-07-30 08:41:04.218 -05:00 [INF] PC health: C: 77.4% used, 5 recent errors
2026-07-30 08:41:31.127 -05:00 [DBG] Heartbeat SYNAPSE
2026-07-30 08:41:31.127 -05:00 [DBG] Heartbeat TRADEWEAVER
2026-07-30 08:41:31.127 -05:00 [DBG] Heartbeat CASEBLADE
2026-07-30 08:41:31.127 -05:00 [DBG] Heartbeat PROX
2026-07-30 08:41:31.127 -05:00 [DBG] Heartbeat SENTINEL
2026-07-30 08:41:31.127 -05:00 [DBG] Heartbeat MARKETSCRYER
2026-07-30 08:41:31.127 -05:00 [DBG] Heartbeat SIGNALFORGE
2026-07-30 08:41:31.127 -05:00 [DBG] Heartbeat ORACLEVAULT
2026-07-30 08:41:31.127 -05:00 [DBG] Heartbeat RISKWARDEN
2026-07-30 08:42:31.127 -05:00 [DBG] Heartbeat SYNAPSE
2026-07-30 08:42:31.127 -05:00 [DBG] Heartbeat TRADEWEAVER
2026-07-30 08:42:31.127 -05:00 [DBG] Heartbeat CASEBLADE
2026-07-30 08:42:31.127 -05:00 [DBG] Heartbeat PROX
2026-07-30 08:42:31.127 -05:00 [DBG] Heartbeat SENTINEL
2026-07-30 08:42:31.127 -05:00 [DBG] Heartbeat MARKETSCRYER
2026-07-30 08:42:31.127 -05:00 [DBG] Heartbeat SIGNALFORGE
2026-07-30 08:42:31.127 -05:00 [DBG] Heartbeat ORACLEVAULT
2026-07-30 08:42:31.127 -05:00 [DBG] Heartbeat RISKWARDEN
2026-07-30 08:43:31.127 -05:00 [DBG] Heartbeat SYNAPSE
2026-07-30 08:43:31.127 -05:00 [DBG] Heartbeat TRADEWEAVER
2026-07-30 08:43:31.127 -05:00 [DBG] Heartbeat CASEBLADE
2026-07-30 08:43:31.127 -05:00 [DBG] Heartbeat PROX
2026-07-30 08:43:31.127 -05:00 [DBG] Heartbeat SENTINEL
2026-07-30 08:43:31.127 -05:00 [DBG] Heartbeat MARKETSCRYER
2026-07-30 08:43:31.127 -05:00 [DBG] Heartbeat SIGNALFORGE
2026-07-30 08:43:31.127 -05:00 [DBG] Heartbeat ORACLEVAULT
2026-07-30 08:43:31.127 -05:00 [DBG] Heartbeat RISKWARDEN
2026-07-30 08:44:31.127 -05:00 [DBG] Heartbeat SYNAPSE
2026-07-30 08:44:31.127 -05:00 [DBG] Heartbeat TRADEWEAVER
2026-07-30 08:44:31.127 -05:00 [DBG] Heartbeat CASEBLADE
2026-07-30 08:44:31.127 -05:00 [DBG] Heartbeat PROX
2026-07-30 08:44:31.127 -05:00 [DBG] Heartbeat SENTINEL
2026-07-30 08:44:31.127 -05:00 [DBG] Heartbeat MARKETSCRYER
2026-07-30 08:44:31.127 -05:00 [DBG] Heartbeat SIGNALFORGE
2026-07-30 08:44:31.127 -05:00 [DBG] Heartbeat ORACLEVAULT
2026-07-30 08:44:31.127 -05:00 [DBG] Heartbeat RISKWARDEN
2026-07-30 08:45:31.128 -05:00 [DBG] Heartbeat SYNAPSE
2026-07-30 08:45:31.128 -05:00 [DBG] Heartbeat TRADEWEAVER
2026-07-30 08:45:31.128 -05:00 [DBG] Heartbeat CASEBLADE
2026-07-30 08:45:31.128 -05:00 [DBG] Heartbeat PROX
2026-07-30 08:45:31.128 -05:00 [DBG] Heartbeat SENTINEL
2026-07-30 08:45:31.128 -05:00 [DBG] Heartbeat MARKETSCRYER
2026-07-30 08:45:31.128 -05:00 [DBG] Heartbeat SIGNALFORGE
2026-07-30 08:45:31.128 -05:00 [DBG] Heartbeat ORACLEVAULT
2026-07-30 08:45:31.128 -05:00 [DBG] Heartbeat RISKWARDEN
2026-07-30 08:46:17.629 -05:00 [INF] PC health: C: 77.4% used, 5 recent errors
2026-07-30 08:46:31.127 -05:00 [DBG] Heartbeat SYNAPSE
2026-07-30 08:46:31.127 -05:00 [DBG] Heartbeat TRADEWEAVER
2026-07-30 08:46:31.127 -05:00 [DBG] Heartbeat CASEBLADE
2026-07-30 08:46:31.127 -05:00 [DBG] Heartbeat PROX
2026-07-30 08:46:31.127 -05:00 [DBG] Heartbeat SENTINEL
2026-07-30 08:46:31.127 -05:00 [DBG] Heartbeat MARKETSCRYER
2026-07-30 08:46:31.127 -05:00 [DBG] Heartbeat SIGNALFORGE
2026-07-30 08:46:31.127 -05:00 [DBG] Heartbeat ORACLEVAULT
2026-07-30 08:46:31.127 -05:00 [DBG] Heartbeat RISKWARDEN
2026-07-30 08:47:31.128 -05:00 [DBG] Heartbeat SYNAPSE
2026-07-30 08:47:31.128 -05:00 [DBG] Heartbeat TRADEWEAVER
2026-07-30 08:47:31.128 -05:00 [DBG] Heartbeat CASEBLADE
2026-07-30 08:47:31.128 -05:00 [DBG] Heartbeat PROX
2026-07-30 08:47:31.128 -05:00 [DBG] Heartbeat SENTINEL
2026-07-30 08:47:31.128 -05:00 [DBG] Heartbeat MARKETSCRYER
2026-07-30 08:47:31.128 -05:00 [DBG] Heartbeat SIGNALFORGE
2026-07-30 08:47:31.128 -05:00 [DBG] Heartbeat ORACLEVAULT
2026-07-30 08:47:31.128 -05:00 [DBG] Heartbeat RISKWARDEN
2026-07-30 08:48:31.129 -05:00 [DBG] Heartbeat SYNAPSE
2026-07-30 08:48:31.129 -05:00 [DBG] Heartbeat TRADEWEAVER
2026-07-30 08:48:31.129 -05:00 [DBG] Heartbeat CASEBLADE
2026-07-30 08:48:31.129 -05:00 [DBG] Heartbeat PROX
2026-07-30 08:48:31.129 -05:00 [DBG] Heartbeat SENTINEL
2026-07-30 08:48:31.129 -05:00 [DBG] Heartbeat MARKETSCRYER
2026-07-30 08:48:31.129 -05:00 [DBG] Heartbeat SIGNALFORGE
2026-07-30 08:48:31.129 -05:00 [DBG] Heartbeat ORACLEVAULT
2026-07-30 08:48:31.129 -05:00 [DBG] Heartbeat RISKWARDEN
2026-07-30 08:49:31.129 -05:00 [DBG] Heartbeat SYNAPSE
2026-07-30 08:49:31.129 -05:00 [DBG] Heartbeat TRADEWEAVER
2026-07-30 08:49:31.129 -05:00 [DBG] Heartbeat CASEBLADE
2026-07-30 08:49:31.129 -05:00 [DBG] Heartbeat PROX
2026-07-30 08:49:31.129 -05:00 [DBG] Heartbeat SENTINEL
2026-07-30 08:49:31.129 -05:00 [DBG] Heartbeat MARKETSCRYER
2026-07-30 08:49:31.129 -05:00 [DBG] Heartbeat SIGNALFORGE
2026-07-30 08:49:31.129 -05:00 [DBG] Heartbeat ORACLEVAULT
2026-07-30 08:49:31.129 -05:00 [DBG] Heartbeat RISKWARDEN
2026-07-30 08:50:31.129 -05:00 [DBG] Heartbeat SYNAPSE
2026-07-30 08:50:31.129 -05:00 [DBG] Heartbeat TRADEWEAVER
2026-07-30 08:50:31.129 -05:00 [DBG] Heartbeat CASEBLADE
2026-07-30 08:50:31.129 -05:00 [DBG] Heartbeat PROX
2026-07-30 08:50:31.129 -05:00 [DBG] Heartbeat SENTINEL
2026-07-30 08:50:31.129 -05:00 [DBG] Heartbeat MARKETSCRYER
2026-07-30 08:50:31.129 -05:00 [DBG] Heartbeat SIGNALFORGE
2026-07-30 08:50:31.129 -05:00 [DBG] Heartbeat ORACLEVAULT
2026-07-30 08:50:31.129 -05:00 [DBG] Heartbeat RISKWARDEN
2026-07-30 08:51:31.130 -05:00 [DBG] Heartbeat SYNAPSE
2026-07-30 08:51:31.130 -05:00 [DBG] Heartbeat TRADEWEAVER
2026-07-30 08:51:31.130 -05:00 [DBG] Heartbeat CASEBLADE
2026-07-30 08:51:31.130 -05:00 [DBG] Heartbeat PROX
2026-07-30 08:51:31.130 -05:00 [DBG] Heartbeat SENTINEL
2026-07-30 08:51:31.130 -05:00 [DBG] Heartbeat MARKETSCRYER
2026-07-30 08:51:31.130 -05:00 [DBG] Heartbeat SIGNALFORGE
2026-07-30 08:51:31.130 -05:00 [DBG] Heartbeat ORACLEVAULT
2026-07-30 08:51:31.130 -05:00 [DBG] Heartbeat RISKWARDEN
2026-07-30 08:51:31.169 -05:00 [INF] PC health: C: 77.4% used, 5 recent errors
2026-07-30 08:52:31.129 -05:00 [DBG] Heartbeat SYNAPSE
2026-07-30 08:52:31.129 -05:00 [DBG] Heartbeat TRADEWEAVER
2026-07-30 08:52:31.129 -05:00 [DBG] Heartbeat CASEBLADE
2026-07-30 08:52:31.129 -05:00 [DBG] Heartbeat PROX
2026-07-30 08:52:31.129 -05:00 [DBG] Heartbeat SENTINEL
2026-07-30 08:52:31.129 -05:00 [DBG] Heartbeat MARKETSCRYER
2026-07-30 08:52:31.129 -05:00 [DBG] Heartbeat SIGNALFORGE
2026-07-30 08:52:31.129 -05:00 [DBG] Heartbeat ORACLEVAULT
2026-07-30 08:52:31.129 -05:00 [DBG] Heartbeat RISKWARDEN
2026-07-30 08:53:31.129 -05:00 [DBG] Heartbeat SYNAPSE
2026-07-30 08:53:31.129 -05:00 [DBG] Heartbeat TRADEWEAVER
2026-07-30 08:53:31.129 -05:00 [DBG] Heartbeat CASEBLADE
2026-07-30 08:53:31.129 -05:00 [DBG] Heartbeat PROX
2026-07-30 08:53:31.129 -05:00 [DBG] Heartbeat SENTINEL
2026-07-30 08:53:31.129 -05:00 [DBG] Heartbeat MARKETSCRYER
2026-07-30 08:53:31.129 -05:00 [DBG] Heartbeat SIGNALFORGE
2026-07-30 08:53:31.129 -05:00 [DBG] Heartbeat ORACLEVAULT
2026-07-30 08:53:31.129 -05:00 [DBG] Heartbeat RISKWARDEN
2026-07-30 08:54:31.129 -05:00 [DBG] Heartbeat SYNAPSE
2026-07-30 08:54:31.129 -05:00 [DBG] Heartbeat TRADEWEAVER
2026-07-30 08:54:31.129 -05:00 [DBG] Heartbeat CASEBLADE
2026-07-30 08:54:31.129 -05:00 [DBG] Heartbeat PROX
2026-07-30 08:54:31.129 -05:00 [DBG] Heartbeat SENTINEL
2026-07-30 08:54:31.129 -05:00 [DBG] Heartbeat MARKETSCRYER
2026-07-30 08:54:31.129 -05:00 [DBG] Heartbeat SIGNALFORGE
2026-07-30 08:54:31.129 -05:00 [DBG] Heartbeat ORACLEVAULT
2026-07-30 08:54:31.129 -05:00 [DBG] Heartbeat RISKWARDEN
2026-07-30 08:55:31.129 -05:00 [DBG] Heartbeat SYNAPSE
2026-07-30 08:55:31.129 -05:00 [DBG] Heartbeat TRADEWEAVER
2026-07-30 08:55:31.129 -05:00 [DBG] Heartbeat CASEBLADE
2026-07-30 08:55:31.129 -05:00 [DBG] Heartbeat PROX
2026-07-30 08:55:31.129 -05:00 [DBG] Heartbeat SENTINEL
2026-07-30 08:55:31.129 -05:00 [DBG] Heartbeat MARKETSCRYER
2026-07-30 08:55:31.129 -05:00 [DBG] Heartbeat SIGNALFORGE
2026-07-30 08:55:31.129 -05:00 [DBG] Heartbeat ORACLEVAULT
2026-07-30 08:55:31.129 -05:00 [DBG] Heartbeat RISKWARDEN
2026-07-30 08:56:31.129 -05:00 [DBG] Heartbeat SYNAPSE
2026-07-30 08:56:31.129 -05:00 [DBG] Heartbeat TRADEWEAVER
2026-07-30 08:56:31.129 -05:00 [DBG] Heartbeat CASEBLADE
2026-07-30 08:56:31.129 -05:00 [DBG] Heartbeat PROX
2026-07-30 08:56:31.129 -05:00 [DBG] Heartbeat SENTINEL
2026-07-30 08:56:31.129 -05:00 [DBG] Heartbeat MARKETSCRYER
2026-07-30 08:56:31.129 -05:00 [DBG] Heartbeat SIGNALFORGE
2026-07-30 08:56:31.129 -05:00 [DBG] Heartbeat ORACLEVAULT
2026-07-30 08:56:31.129 -05:00 [DBG] Heartbeat RISKWARDEN
2026-07-30 08:56:44.656 -05:00 [INF] PC health: C: 77.4% used, 5 recent errors
2026-07-30 08:57:31.129 -05:00 [DBG] Heartbeat SYNAPSE
2026-07-30 08:57:31.129 -05:00 [DBG] Heartbeat TRADEWEAVER
2026-07-30 08:57:31.129 -05:00 [DBG] Heartbeat CASEBLADE
2026-07-30 08:57:31.129 -05:00 [DBG] Heartbeat PROX
2026-07-30 08:57:31.129 -05:00 [DBG] Heartbeat SENTINEL
2026-07-30 08:57:31.129 -05:00 [DBG] Heartbeat MARKETSCRYER
2026-07-30 08:57:31.129 -05:00 [DBG] Heartbeat SIGNALFORGE
2026-07-30 08:57:31.129 -05:00 [DBG] Heartbeat ORACLEVAULT
2026-07-30 08:57:31.129 -05:00 [DBG] Heartbeat RISKWARDEN
2026-07-30 08:58:31.129 -05:00 [DBG] Heartbeat SYNAPSE
2026-07-30 08:58:31.129 -05:00 [DBG] Heartbeat TRADEWEAVER
2026-07-30 08:58:31.129 -05:00 [DBG] Heartbeat CASEBLADE
2026-07-30 08:58:31.129 -05:00 [DBG] Heartbeat PROX
2026-07-30 08:58:31.129 -05:00 [DBG] Heartbeat SENTINEL
2026-07-30 08:58:31.129 -05:00 [DBG] Heartbeat MARKETSCRYER
2026-07-30 08:58:31.129 -05:00 [DBG] Heartbeat SIGNALFORGE
2026-07-30 08:58:31.129 -05:00 [DBG] Heartbeat ORACLEVAULT
2026-07-30 08:58:31.129 -05:00 [DBG] Heartbeat RISKWARDEN
2026-07-30 08:59:31.129 -05:00 [DBG] Heartbeat SYNAPSE
2026-07-30 08:59:31.129 -05:00 [DBG] Heartbeat TRADEWEAVER
2026-07-30 08:59:31.129 -05:00 [DBG] Heartbeat CASEBLADE
2026-07-30 08:59:31.129 -05:00 [DBG] Heartbeat PROX
2026-07-30 08:59:31.129 -05:00 [DBG] Heartbeat SENTINEL
2026-07-30 08:59:31.129 -05:00 [DBG] Heartbeat MARKETSCRYER
2026-07-30 08:59:31.129 -05:00 [DBG] Heartbeat SIGNALFORGE
2026-07-30 08:59:31.129 -05:00 [DBG] Heartbeat ORACLEVAULT
2026-07-30 08:59:31.130 -05:00 [DBG] Heartbeat RISKWARDEN
2026-07-30 09:00:31.129 -05:00 [DBG] Heartbeat SYNAPSE
2026-07-30 09:00:31.129 -05:00 [DBG] Heartbeat TRADEWEAVER
2026-07-30 09:00:31.129 -05:00 [DBG] Heartbeat CASEBLADE
2026-07-30 09:00:31.129 -05:00 [DBG] Heartbeat PROX
2026-07-30 09:00:31.129 -05:00 [DBG] Heartbeat SENTINEL
2026-07-30 09:00:31.129 -05:00 [DBG] Heartbeat MARKETSCRYER
2026-07-30 09:00:31.129 -05:00 [DBG] Heartbeat SIGNALFORGE
2026-07-30 09:00:31.129 -05:00 [DBG] Heartbeat ORACLEVAULT
2026-07-30 09:00:31.129 -05:00 [DBG] Heartbeat RISKWARDEN
2026-07-30 09:01:31.129 -05:00 [DBG] Heartbeat SYNAPSE
2026-07-30 09:01:31.129 -05:00 [DBG] Heartbeat TRADEWEAVER
2026-07-30 09:01:31.129 -05:00 [DBG] Heartbeat CASEBLADE
2026-07-30 09:01:31.129 -05:00 [DBG] Heartbeat PROX
2026-07-30 09:01:31.129 -05:00 [DBG] Heartbeat SENTINEL
2026-07-30 09:01:31.129 -05:00 [DBG] Heartbeat MARKETSCRYER
2026-07-30 09:01:31.129 -05:00 [DBG] Heartbeat SIGNALFORGE
2026-07-30 09:01:31.129 -05:00 [DBG] Heartbeat ORACLEVAULT
2026-07-30 09:01:31.129 -05:00 [DBG] Heartbeat RISKWARDEN
2026-07-30 09:01:58.090 -05:00 [INF] PC health: C: 77.4% used, 5 recent errors
2026-07-30 09:02:31.129 -05:00 [DBG] Heartbeat SYNAPSE
2026-07-30 09:02:31.129 -05:00 [DBG] Heartbeat TRADEWEAVER
2026-07-30 09:02:31.129 -05:00 [DBG] Heartbeat CASEBLADE
2026-07-30 09:02:31.129 -05:00 [DBG] Heartbeat PROX
2026-07-30 09:02:31.129 -05:00 [DBG] Heartbeat SENTINEL
2026-07-30 09:02:31.129 -05:00 [DBG] Heartbeat MARKETSCRYER
2026-07-30 09:02:31.129 -05:00 [DBG] Heartbeat SIGNALFORGE
2026-07-30 09:02:31.129 -05:00 [DBG] Heartbeat ORACLEVAULT
2026-07-30 09:02:31.129 -05:00 [DBG] Heartbeat RISKWARDEN
2026-07-30 09:03:31.129 -05:00 [DBG] Heartbeat SYNAPSE
2026-07-30 09:03:31.129 -05:00 [DBG] Heartbeat TRADEWEAVER
2026-07-30 09:03:31.129 -05:00 [DBG] Heartbeat CASEBLADE
2026-07-30 09:03:31.129 -05:00 [DBG] Heartbeat PROX
2026-07-30 09:03:31.129 -05:00 [DBG] Heartbeat SENTINEL
2026-07-30 09:03:31.129 -05:00 [DBG] Heartbeat MARKETSCRYER
2026-07-30 09:03:31.129 -05:00 [DBG] Heartbeat SIGNALFORGE
2026-07-30 09:03:31.129 -05:00 [DBG] Heartbeat ORACLEVAULT
2026-07-30 09:03:31.129 -05:00 [DBG] Heartbeat RISKWARDEN
2026-07-30 09:04:31.130 -05:00 [DBG] Heartbeat SYNAPSE
2026-07-30 09:04:31.130 -05:00 [DBG] Heartbeat TRADEWEAVER
2026-07-30 09:04:31.130 -05:00 [DBG] Heartbeat CASEBLADE
2026-07-30 09:04:31.130 -05:00 [DBG] Heartbeat PROX
2026-07-30 09:04:31.130 -05:00 [DBG] Heartbeat SENTINEL
2026-07-30 09:04:31.130 -05:00 [DBG] Heartbeat MARKETSCRYER
2026-07-30 09:04:31.130 -05:00 [DBG] Heartbeat SIGNALFORGE
2026-07-30 09:04:31.130 -05:00 [DBG] Heartbeat ORACLEVAULT
2026-07-30 09:04:31.130 -05:00 [DBG] Heartbeat RISKWARDEN
2026-07-30 09:05:31.129 -05:00 [DBG] Heartbeat SYNAPSE
2026-07-30 09:05:31.129 -05:00 [DBG] Heartbeat TRADEWEAVER
2026-07-30 09:05:31.129 -05:00 [DBG] Heartbeat CASEBLADE
2026-07-30 09:05:31.129 -05:00 [DBG] Heartbeat PROX
2026-07-30 09:05:31.129 -05:00 [DBG] Heartbeat SENTINEL
2026-07-30 09:05:31.129 -05:00 [DBG] Heartbeat MARKETSCRYER
2026-07-30 09:05:31.130 -05:00 [DBG] Heartbeat SIGNALFORGE
2026-07-30 09:05:31.130 -05:00 [DBG] Heartbeat ORACLEVAULT
2026-07-30 09:05:31.130 -05:00 [DBG] Heartbeat RISKWARDEN
2026-07-30 09:06:31.130 -05:00 [DBG] Heartbeat SYNAPSE
2026-07-30 09:06:31.130 -05:00 [DBG] Heartbeat TRADEWEAVER
2026-07-30 09:06:31.130 -05:00 [DBG] Heartbeat CASEBLADE
2026-07-30 09:06:31.130 -05:00 [DBG] Heartbeat PROX
2026-07-30 09:06:31.130 -05:00 [DBG] Heartbeat SENTINEL
2026-07-30 09:06:31.130 -05:00 [DBG] Heartbeat MARKETSCRYER
2026-07-30 09:06:31.130 -05:00 [DBG] Heartbeat SIGNALFORGE
2026-07-30 09:06:31.130 -05:00 [DBG] Heartbeat ORACLEVAULT
2026-07-30 09:06:31.130 -05:00 [DBG] Heartbeat RISKWARDEN
2026-07-30 09:07:11.563 -05:00 [INF] PC health: C: 77.4% used, 5 recent errors
2026-07-30 09:07:31.130 -05:00 [DBG] Heartbeat SYNAPSE
2026-07-30 09:07:31.130 -05:00 [DBG] Heartbeat TRADEWEAVER
2026-07-30 09:07:31.130 -05:00 [DBG] Heartbeat CASEBLADE
2026-07-30 09:07:31.130 -05:00 [DBG] Heartbeat PROX
2026-07-30 09:07:31.130 -05:00 [DBG] Heartbeat SENTINEL
2026-07-30 09:07:31.130 -05:00 [DBG] Heartbeat MARKETSCRYER
2026-07-30 09:07:31.130 -05:00 [DBG] Heartbeat SIGNALFORGE
2026-07-30 09:07:31.130 -05:00 [DBG] Heartbeat ORACLEVAULT
2026-07-30 09:07:31.130 -05:00 [DBG] Heartbeat RISKWARDEN
2026-07-30 09:08:31.130 -05:00 [DBG] Heartbeat SYNAPSE
2026-07-30 09:08:31.130 -05:00 [DBG] Heartbeat TRADEWEAVER
2026-07-30 09:08:31.130 -05:00 [DBG] Heartbeat CASEBLADE
2026-07-30 09:08:31.130 -05:00 [DBG] Heartbeat PROX
2026-07-30 09:08:31.130 -05:00 [DBG] Heartbeat SENTINEL
2026-07-30 09:08:31.130 -05:00 [DBG] Heartbeat MARKETSCRYER
2026-07-30 09:08:31.130 -05:00 [DBG] Heartbeat SIGNALFORGE
2026-07-30 09:08:31.130 -05:00 [DBG] Heartbeat ORACLEVAULT
2026-07-30 09:08:31.130 -05:00 [DBG] Heartbeat RISKWARDEN
2026-07-30 09:09:31.131 -05:00 [DBG] Heartbeat SYNAPSE
2026-07-30 09:09:31.131 -05:00 [DBG] Heartbeat TRADEWEAVER
2026-07-30 09:09:31.131 -05:00 [DBG] Heartbeat CASEBLADE
2026-07-30 09:09:31.131 -05:00 [DBG] Heartbeat PROX
2026-07-30 09:09:31.131 -05:00 [DBG] Heartbeat SENTINEL
2026-07-30 09:09:31.131 -05:00 [DBG] Heartbeat MARKETSCRYER
2026-07-30 09:09:31.131 -05:00 [DBG] Heartbeat SIGNALFORGE
2026-07-30 09:09:31.131 -05:00 [DBG] Heartbeat ORACLEVAULT
2026-07-30 09:09:31.131 -05:00 [DBG] Heartbeat RISKWARDEN
2026-07-30 09:10:31.131 -05:00 [DBG] Heartbeat SYNAPSE
2026-07-30 09:10:31.131 -05:00 [DBG] Heartbeat TRADEWEAVER
2026-07-30 09:10:31.131 -05:00 [DBG] Heartbeat CASEBLADE
2026-07-30 09:10:31.131 -05:00 [DBG] Heartbeat PROX
2026-07-30 09:10:31.131 -05:00 [DBG] Heartbeat SENTINEL
2026-07-30 09:10:31.131 -05:00 [DBG] Heartbeat MARKETSCRYER
2026-07-30 09:10:31.131 -05:00 [DBG] Heartbeat SIGNALFORGE
2026-07-30 09:10:31.131 -05:00 [DBG] Heartbeat ORACLEVAULT
2026-07-30 09:10:31.131 -05:00 [DBG] Heartbeat RISKWARDEN
2026-07-30 09:11:31.131 -05:00 [DBG] Heartbeat SYNAPSE
2026-07-30 09:11:31.131 -05:00 [DBG] Heartbeat TRADEWEAVER
2026-07-30 09:11:31.131 -05:00 [DBG] Heartbeat CASEBLADE
2026-07-30 09:11:31.131 -05:00 [DBG] Heartbeat PROX
2026-07-30 09:11:31.131 -05:00 [DBG] Heartbeat SENTINEL
2026-07-30 09:11:31.131 -05:00 [DBG] Heartbeat MARKETSCRYER
2026-07-30 09:11:31.131 -05:00 [DBG] Heartbeat SIGNALFORGE
2026-07-30 09:11:31.131 -05:00 [DBG] Heartbeat ORACLEVAULT
2026-07-30 09:11:31.131 -05:00 [DBG] Heartbeat RISKWARDEN
2026-07-30 09:12:25.036 -05:00 [INF] PC health: C: 77.4% used, 5 recent errors
2026-07-30 09:12:31.130 -05:00 [DBG] Heartbeat SYNAPSE
2026-07-30 09:12:31.130 -05:00 [DBG] Heartbeat TRADEWEAVER
2026-07-30 09:12:31.130 -05:00 [DBG] Heartbeat CASEBLADE
2026-07-30 09:12:31.130 -05:00 [DBG] Heartbeat PROX
2026-07-30 09:12:31.130 -05:00 [DBG] Heartbeat SENTINEL
2026-07-30 09:12:31.130 -05:00 [DBG] Heartbeat MARKETSCRYER
2026-07-30 09:12:31.130 -05:00 [DBG] Heartbeat SIGNALFORGE
2026-07-30 09:12:31.130 -05:00 [DBG] Heartbeat ORACLEVAULT
2026-07-30 09:12:31.130 -05:00 [DBG] Heartbeat RISKWARDEN
2026-07-30 09:13:31.130 -05:00 [DBG] Heartbeat SYNAPSE
2026-07-30 09:13:31.130 -05:00 [DBG] Heartbeat TRADEWEAVER
2026-07-30 09:13:31.130 -05:00 [DBG] Heartbeat CASEBLADE
2026-07-30 09:13:31.130 -05:00 [DBG] Heartbeat PROX
2026-07-30 09:13:31.130 -05:00 [DBG] Heartbeat SENTINEL
2026-07-30 09:13:31.130 -05:00 [DBG] Heartbeat MARKETSCRYER
2026-07-30 09:13:31.130 -05:00 [DBG] Heartbeat SIGNALFORGE
2026-07-30 09:13:31.130 -05:00 [DBG] Heartbeat ORACLEVAULT
2026-07-30 09:13:31.130 -05:00 [DBG] Heartbeat RISKWARDEN
2026-07-30 09:14:31.130 -05:00 [DBG] Heartbeat SYNAPSE
2026-07-30 09:14:31.130 -05:00 [DBG] Heartbeat TRADEWEAVER
2026-07-30 09:14:31.130 -05:00 [DBG] Heartbeat CASEBLADE
2026-07-30 09:14:31.130 -05:00 [DBG] Heartbeat PROX
2026-07-30 09:14:31.130 -05:00 [DBG] Heartbeat SENTINEL
2026-07-30 09:14:31.130 -05:00 [DBG] Heartbeat MARKETSCRYER
2026-07-30 09:14:31.130 -05:00 [DBG] Heartbeat SIGNALFORGE
2026-07-30 09:14:31.130 -05:00 [DBG] Heartbeat ORACLEVAULT
2026-07-30 09:14:31.130 -05:00 [DBG] Heartbeat RISKWARDEN
2026-07-30 09:15:31.130 -05:00 [DBG] Heartbeat SYNAPSE
2026-07-30 09:15:31.130 -05:00 [DBG] Heartbeat TRADEWEAVER
2026-07-30 09:15:31.130 -05:00 [DBG] Heartbeat CASEBLADE
2026-07-30 09:15:31.130 -05:00 [DBG] Heartbeat PROX
2026-07-30 09:15:31.130 -05:00 [DBG] Heartbeat SENTINEL
2026-07-30 09:15:31.130 -05:00 [DBG] Heartbeat MARKETSCRYER
2026-07-30 09:15:31.130 -05:00 [DBG] Heartbeat SIGNALFORGE
2026-07-30 09:15:31.130 -05:00 [DBG] Heartbeat ORACLEVAULT
2026-07-30 09:15:31.130 -05:00 [DBG] Heartbeat RISKWARDEN
2026-07-30 09:16:31.131 -05:00 [DBG] Heartbeat SYNAPSE
2026-07-30 09:16:31.131 -05:00 [DBG] Heartbeat TRADEWEAVER
2026-07-30 09:16:31.131 -05:00 [DBG] Heartbeat CASEBLADE
2026-07-30 09:16:31.131 -05:00 [DBG] Heartbeat PROX
2026-07-30 09:16:31.131 -05:00 [DBG] Heartbeat SENTINEL
2026-07-30 09:16:31.131 -05:00 [DBG] Heartbeat MARKETSCRYER
2026-07-30 09:16:31.131 -05:00 [DBG] Heartbeat SIGNALFORGE
2026-07-30 09:16:31.131 -05:00 [DBG] Heartbeat ORACLEVAULT
2026-07-30 09:16:31.131 -05:00 [DBG] Heartbeat RISKWARDEN
2026-07-30 09:17:31.131 -05:00 [DBG] Heartbeat SYNAPSE
2026-07-30 09:17:31.131 -05:00 [DBG] Heartbeat TRADEWEAVER
2026-07-30 09:17:31.131 -05:00 [DBG] Heartbeat CASEBLADE
2026-07-30 09:17:31.131 -05:00 [DBG] Heartbeat PROX
2026-07-30 09:17:31.131 -05:00 [DBG] Heartbeat SENTINEL
2026-07-30 09:17:31.131 -05:00 [DBG] Heartbeat MARKETSCRYER
2026-07-30 09:17:31.131 -05:00 [DBG] Heartbeat SIGNALFORGE
2026-07-30 09:17:31.131 -05:00 [DBG] Heartbeat ORACLEVAULT
2026-07-30 09:17:31.131 -05:00 [DBG] Heartbeat RISKWARDEN
2026-07-30 09:17:38.466 -05:00 [INF] PC health: C: 77.4% used, 5 recent errors
2026-07-30 09:18:31.131 -05:00 [DBG] Heartbeat SYNAPSE
2026-07-30 09:18:31.131 -05:00 [DBG] Heartbeat TRADEWEAVER
2026-07-30 09:18:31.131 -05:00 [DBG] Heartbeat CASEBLADE
2026-07-30 09:18:31.131 -05:00 [DBG] Heartbeat PROX
2026-07-30 09:18:31.131 -05:00 [DBG] Heartbeat SENTINEL
2026-07-30 09:18:31.131 -05:00 [DBG] Heartbeat MARKETSCRYER
2026-07-30 09:18:31.131 -05:00 [DBG] Heartbeat SIGNALFORGE
2026-07-30 09:18:31.131 -05:00 [DBG] Heartbeat ORACLEVAULT
2026-07-30 09:18:31.131 -05:00 [DBG] Heartbeat RISKWARDEN
2026-07-30 09:19:31.132 -05:00 [DBG] Heartbeat SYNAPSE
2026-07-30 09:19:31.132 -05:00 [DBG] Heartbeat TRADEWEAVER
2026-07-30 09:19:31.132 -05:00 [DBG] Heartbeat CASEBLADE
2026-07-30 09:19:31.132 -05:00 [DBG] Heartbeat PROX
2026-07-30 09:19:31.132 -05:00 [DBG] Heartbeat SENTINEL
2026-07-30 09:19:31.132 -05:00 [DBG] Heartbeat MARKETSCRYER
2026-07-30 09:19:31.132 -05:00 [DBG] Heartbeat SIGNALFORGE
2026-07-30 09:19:31.132 -05:00 [DBG] Heartbeat ORACLEVAULT
2026-07-30 09:19:31.132 -05:00 [DBG] Heartbeat RISKWARDEN
2026-07-30 09:20:31.132 -05:00 [DBG] Heartbeat SYNAPSE
2026-07-30 09:20:31.132 -05:00 [DBG] Heartbeat TRADEWEAVER
2026-07-30 09:20:31.132 -05:00 [DBG] Heartbeat CASEBLADE
2026-07-30 09:20:31.132 -05:00 [DBG] Heartbeat PROX
2026-07-30 09:20:31.132 -05:00 [DBG] Heartbeat SENTINEL
2026-07-30 09:20:31.132 -05:00 [DBG] Heartbeat MARKETSCRYER
2026-07-30 09:20:31.132 -05:00 [DBG] Heartbeat SIGNALFORGE
2026-07-30 09:20:31.132 -05:00 [DBG] Heartbeat ORACLEVAULT
2026-07-30 09:20:31.132 -05:00 [DBG] Heartbeat RISKWARDEN
2026-07-30 09:21:31.132 -05:00 [DBG] Heartbeat SYNAPSE
2026-07-30 09:21:31.132 -05:00 [DBG] Heartbeat TRADEWEAVER
2026-07-30 09:21:31.132 -05:00 [DBG] Heartbeat CASEBLADE
2026-07-30 09:21:31.132 -05:00 [DBG] Heartbeat PROX
2026-07-30 09:21:31.132 -05:00 [DBG] Heartbeat SENTINEL
2026-07-30 09:21:31.132 -05:00 [DBG] Heartbeat MARKETSCRYER
2026-07-30 09:21:31.132 -05:00 [DBG] Heartbeat SIGNALFORGE
2026-07-30 09:21:31.132 -05:00 [DBG] Heartbeat ORACLEVAULT
2026-07-30 09:21:31.132 -05:00 [DBG] Heartbeat RISKWARDEN
2026-07-30 09:22:31.133 -05:00 [DBG] Heartbeat SYNAPSE
2026-07-30 09:22:31.133 -05:00 [DBG] Heartbeat TRADEWEAVER
2026-07-30 09:22:31.133 -05:00 [DBG] Heartbeat CASEBLADE
2026-07-30 09:22:31.133 -05:00 [DBG] Heartbeat PROX
2026-07-30 09:22:31.133 -05:00 [DBG] Heartbeat SENTINEL
2026-07-30 09:22:31.133 -05:00 [DBG] Heartbeat MARKETSCRYER
2026-07-30 09:22:31.133 -05:00 [DBG] Heartbeat SIGNALFORGE
2026-07-30 09:22:31.133 -05:00 [DBG] Heartbeat ORACLEVAULT
2026-07-30 09:22:31.133 -05:00 [DBG] Heartbeat RISKWARDEN
2026-07-30 09:22:52.062 -05:00 [INF] PC health: C: 77.4% used, 5 recent errors
2026-07-30 09:23:31.133 -05:00 [DBG] Heartbeat SYNAPSE
2026-07-30 09:23:31.133 -05:00 [DBG] Heartbeat TRADEWEAVER
2026-07-30 09:23:31.133 -05:00 [DBG] Heartbeat CASEBLADE
2026-07-30 09:23:31.133 -05:00 [DBG] Heartbeat PROX
2026-07-30 09:23:31.133 -05:00 [DBG] Heartbeat SENTINEL
2026-07-30 09:23:31.133 -05:00 [DBG] Heartbeat MARKETSCRYER
2026-07-30 09:23:31.133 -05:00 [DBG] Heartbeat SIGNALFORGE
2026-07-30 09:23:31.133 -05:00 [DBG] Heartbeat ORACLEVAULT
2026-07-30 09:23:31.133 -05:00 [DBG] Heartbeat RISKWARDEN
2026-07-30 09:24:31.133 -05:00 [DBG] Heartbeat SYNAPSE
2026-07-30 09:24:31.133 -05:00 [DBG] Heartbeat TRADEWEAVER
2026-07-30 09:24:31.133 -05:00 [DBG] Heartbeat CASEBLADE
2026-07-30 09:24:31.133 -05:00 [DBG] Heartbeat PROX
2026-07-30 09:24:31.133 -05:00 [DBG] Heartbeat SENTINEL
2026-07-30 09:24:31.133 -05:00 [DBG] Heartbeat MARKETSCRYER
2026-07-30 09:24:31.133 -05:00 [DBG] Heartbeat SIGNALFORGE
2026-07-30 09:24:31.133 -05:00 [DBG] Heartbeat ORACLEVAULT
2026-07-30 09:24:31.133 -05:00 [DBG] Heartbeat RISKWARDEN
2026-07-30 09:25:31.134 -05:00 [DBG] Heartbeat SYNAPSE
2026-07-30 09:25:31.134 -05:00 [DBG] Heartbeat TRADEWEAVER
2026-07-30 09:25:31.134 -05:00 [DBG] Heartbeat CASEBLADE
2026-07-30 09:25:31.134 -05:00 [DBG] Heartbeat PROX
2026-07-30 09:25:31.134 -05:00 [DBG] Heartbeat SENTINEL
2026-07-30 09:25:31.134 -05:00 [DBG] Heartbeat MARKETSCRYER
2026-07-30 09:25:31.134 -05:00 [DBG] Heartbeat SIGNALFORGE
2026-07-30 09:25:31.134 -05:00 [DBG] Heartbeat ORACLEVAULT
2026-07-30 09:25:31.134 -05:00 [DBG] Heartbeat RISKWARDEN
2026-07-30 09:26:31.134 -05:00 [DBG] Heartbeat SYNAPSE
2026-07-30 09:26:31.134 -05:00 [DBG] Heartbeat TRADEWEAVER
2026-07-30 09:26:31.134 -05:00 [DBG] Heartbeat CASEBLADE
2026-07-30 09:26:31.134 -05:00 [DBG] Heartbeat PROX
2026-07-30 09:26:31.134 -05:00 [DBG] Heartbeat SENTINEL
2026-07-30 09:26:31.134 -05:00 [DBG] Heartbeat MARKETSCRYER
2026-07-30 09:26:31.134 -05:00 [DBG] Heartbeat SIGNALFORGE
2026-07-30 09:26:31.134 -05:00 [DBG] Heartbeat ORACLEVAULT
2026-07-30 09:26:31.134 -05:00 [DBG] Heartbeat RISKWARDEN
2026-07-30 09:27:31.134 -05:00 [DBG] Heartbeat SYNAPSE
2026-07-30 09:27:31.134 -05:00 [DBG] Heartbeat TRADEWEAVER
2026-07-30 09:27:31.134 -05:00 [DBG] Heartbeat CASEBLADE
2026-07-30 09:27:31.134 -05:00 [DBG] Heartbeat PROX
2026-07-30 09:27:31.134 -05:00 [DBG] Heartbeat SENTINEL
2026-07-30 09:27:31.134 -05:00 [DBG] Heartbeat MARKETSCRYER
2026-07-30 09:27:31.134 -05:00 [DBG] Heartbeat SIGNALFORGE
2026-07-30 09:27:31.134 -05:00 [DBG] Heartbeat ORACLEVAULT
2026-07-30 09:27:31.134 -05:00 [DBG] Heartbeat RISKWARDEN
2026-07-30 09:28:05.602 -05:00 [INF] PC health: C: 77.4% used, 5 recent errors
2026-07-30 09:28:31.134 -05:00 [DBG] Heartbeat SYNAPSE
2026-07-30 09:28:31.134 -05:00 [DBG] Heartbeat TRADEWEAVER
2026-07-30 09:28:31.134 -05:00 [DBG] Heartbeat CASEBLADE
2026-07-30 09:28:31.134 -05:00 [DBG] Heartbeat PROX
2026-07-30 09:28:31.134 -05:00 [DBG] Heartbeat SENTINEL
2026-07-30 09:28:31.134 -05:00 [DBG] Heartbeat MARKETSCRYER
2026-07-30 09:28:31.134 -05:00 [DBG] Heartbeat SIGNALFORGE
2026-07-30 09:28:31.134 -05:00 [DBG] Heartbeat ORACLEVAULT
2026-07-30 09:28:31.134 -05:00 [DBG] Heartbeat RISKWARDEN
2026-07-30 09:29:31.134 -05:00 [DBG] Heartbeat SYNAPSE
2026-07-30 09:29:31.134 -05:00 [DBG] Heartbeat TRADEWEAVER
2026-07-30 09:29:31.134 -05:00 [DBG] Heartbeat CASEBLADE
2026-07-30 09:29:31.134 -05:00 [DBG] Heartbeat PROX
2026-07-30 09:29:31.134 -05:00 [DBG] Heartbeat SENTINEL
2026-07-30 09:29:31.134 -05:00 [DBG] Heartbeat MARKETSCRYER
2026-07-30 09:29:31.134 -05:00 [DBG] Heartbeat SIGNALFORGE
2026-07-30 09:29:31.134 -05:00 [DBG] Heartbeat ORACLEVAULT
2026-07-30 09:29:31.134 -05:00 [DBG] Heartbeat RISKWARDEN
2026-07-30 09:30:31.135 -05:00 [DBG] Heartbeat SYNAPSE
2026-07-30 09:30:31.135 -05:00 [DBG] Heartbeat TRADEWEAVER
2026-07-30 09:30:31.135 -05:00 [DBG] Heartbeat CASEBLADE
2026-07-30 09:30:31.135 -05:00 [DBG] Heartbeat PROX
2026-07-30 09:30:31.135 -05:00 [DBG] Heartbeat SENTINEL
2026-07-30 09:30:31.135 -05:00 [DBG] Heartbeat MARKETSCRYER
2026-07-30 09:30:31.135 -05:00 [DBG] Heartbeat SIGNALFORGE
2026-07-30 09:30:31.135 -05:00 [DBG] Heartbeat ORACLEVAULT
2026-07-30 09:30:31.135 -05:00 [DBG] Heartbeat RISKWARDEN
2026-07-30 09:31:31.135 -05:00 [DBG] Heartbeat SYNAPSE
2026-07-30 09:31:31.135 -05:00 [DBG] Heartbeat TRADEWEAVER
2026-07-30 09:31:31.135 -05:00 [DBG] Heartbeat CASEBLADE
2026-07-30 09:31:31.135 -05:00 [DBG] Heartbeat PROX
2026-07-30 09:31:31.135 -05:00 [DBG] Heartbeat SENTINEL
2026-07-30 09:31:31.135 -05:00 [DBG] Heartbeat MARKETSCRYER
2026-07-30 09:31:31.135 -05:00 [DBG] Heartbeat SIGNALFORGE
2026-07-30 09:31:31.135 -05:00 [DBG] Heartbeat ORACLEVAULT
2026-07-30 09:31:31.135 -05:00 [DBG] Heartbeat RISKWARDEN
2026-07-30 09:32:31.135 -05:00 [DBG] Heartbeat SYNAPSE
2026-07-30 09:32:31.135 -05:00 [DBG] Heartbeat TRADEWEAVER
2026-07-30 09:32:31.135 -05:00 [DBG] Heartbeat CASEBLADE
2026-07-30 09:32:31.135 -05:00 [DBG] Heartbeat PROX
2026-07-30 09:32:31.135 -05:00 [DBG] Heartbeat SENTINEL
2026-07-30 09:32:31.135 -05:00 [DBG] Heartbeat MARKETSCRYER
2026-07-30 09:32:31.135 -05:00 [DBG] Heartbeat SIGNALFORGE
2026-07-30 09:32:31.135 -05:00 [DBG] Heartbeat ORACLEVAULT
2026-07-30 09:32:31.135 -05:00 [DBG] Heartbeat RISKWARDEN
2026-07-30 09:33:19.122 -05:00 [INF] PC health: C: 77.4% used, 5 recent errors
2026-07-30 09:33:31.134 -05:00 [DBG] Heartbeat SYNAPSE
2026-07-30 09:33:31.134 -05:00 [DBG] Heartbeat TRADEWEAVER
2026-07-30 09:33:31.134 -05:00 [DBG] Heartbeat CASEBLADE
2026-07-30 09:33:31.134 -05:00 [DBG] Heartbeat PROX
2026-07-30 09:33:31.134 -05:00 [DBG] Heartbeat SENTINEL
2026-07-30 09:33:31.134 -05:00 [DBG] Heartbeat MARKETSCRYER
2026-07-30 09:33:31.134 -05:00 [DBG] Heartbeat SIGNALFORGE
2026-07-30 09:33:31.134 -05:00 [DBG] Heartbeat ORACLEVAULT
2026-07-30 09:33:31.134 -05:00 [DBG] Heartbeat RISKWARDEN
2026-07-30 09:34:31.135 -05:00 [DBG] Heartbeat SYNAPSE
2026-07-30 09:34:31.135 -05:00 [DBG] Heartbeat TRADEWEAVER
2026-07-30 09:34:31.135 -05:00 [DBG] Heartbeat CASEBLADE
2026-07-30 09:34:31.135 -05:00 [DBG] Heartbeat PROX
2026-07-30 09:34:31.135 -05:00 [DBG] Heartbeat SENTINEL
2026-07-30 09:34:31.135 -05:00 [DBG] Heartbeat MARKETSCRYER
2026-07-30 09:34:31.135 -05:00 [DBG] Heartbeat SIGNALFORGE
2026-07-30 09:34:31.135 -05:00 [DBG] Heartbeat ORACLEVAULT
2026-07-30 09:34:31.135 -05:00 [DBG] Heartbeat RISKWARDEN
2026-07-30 09:35:31.134 -05:00 [DBG] Heartbeat SYNAPSE
2026-07-30 09:35:31.135 -05:00 [DBG] Heartbeat TRADEWEAVER
2026-07-30 09:35:31.135 -05:00 [DBG] Heartbeat CASEBLADE
2026-07-30 09:35:31.135 -05:00 [DBG] Heartbeat PROX
2026-07-30 09:35:31.135 -05:00 [DBG] Heartbeat SENTINEL
2026-07-30 09:35:31.135 -05:00 [DBG] Heartbeat MARKETSCRYER
2026-07-30 09:35:31.135 -05:00 [DBG] Heartbeat SIGNALFORGE
2026-07-30 09:35:31.135 -05:00 [DBG] Heartbeat ORACLEVAULT
2026-07-30 09:35:31.135 -05:00 [DBG] Heartbeat RISKWARDEN
2026-07-30 09:36:31.135 -05:00 [DBG] Heartbeat SYNAPSE
2026-07-30 09:36:31.135 -05:00 [DBG] Heartbeat TRADEWEAVER
2026-07-30 09:36:31.135 -05:00 [DBG] Heartbeat CASEBLADE
2026-07-30 09:36:31.135 -05:00 [DBG] Heartbeat PROX
2026-07-30 09:36:31.135 -05:00 [DBG] Heartbeat SENTINEL
2026-07-30 09:36:31.135 -05:00 [DBG] Heartbeat MARKETSCRYER
2026-07-30 09:36:31.135 -05:00 [DBG] Heartbeat SIGNALFORGE
2026-07-30 09:36:31.135 -05:00 [DBG] Heartbeat ORACLEVAULT
2026-07-30 09:36:31.135 -05:00 [DBG] Heartbeat RISKWARDEN
2026-07-30 09:37:31.135 -05:00 [DBG] Heartbeat SYNAPSE
2026-07-30 09:37:31.135 -05:00 [DBG] Heartbeat TRADEWEAVER
2026-07-30 09:37:31.135 -05:00 [DBG] Heartbeat CASEBLADE
2026-07-30 09:37:31.135 -05:00 [DBG] Heartbeat PROX
2026-07-30 09:37:31.135 -05:00 [DBG] Heartbeat SENTINEL
2026-07-30 09:37:31.135 -05:00 [DBG] Heartbeat MARKETSCRYER
2026-07-30 09:37:31.135 -05:00 [DBG] Heartbeat SIGNALFORGE
2026-07-30 09:37:31.135 -05:00 [DBG] Heartbeat ORACLEVAULT
2026-07-30 09:37:31.135 -05:00 [DBG] Heartbeat RISKWARDEN
2026-07-30 09:38:31.136 -05:00 [DBG] Heartbeat SYNAPSE
2026-07-30 09:38:31.136 -05:00 [DBG] Heartbeat TRADEWEAVER
2026-07-30 09:38:31.136 -05:00 [DBG] Heartbeat CASEBLADE
2026-07-30 09:38:31.136 -05:00 [DBG] Heartbeat PROX
2026-07-30 09:38:31.136 -05:00 [DBG] Heartbeat SENTINEL
2026-07-30 09:38:31.136 -05:00 [DBG] Heartbeat MARKETSCRYER
2026-07-30 09:38:31.136 -05:00 [DBG] Heartbeat SIGNALFORGE
2026-07-30 09:38:31.136 -05:00 [DBG] Heartbeat ORACLEVAULT
2026-07-30 09:38:31.136 -05:00 [DBG] Heartbeat RISKWARDEN
2026-07-30 09:38:32.668 -05:00 [INF] PC health: C: 77.4% used, 5 recent errors
2026-07-30 09:39:31.137 -05:00 [DBG] Heartbeat SYNAPSE
2026-07-30 09:39:31.137 -05:00 [DBG] Heartbeat TRADEWEAVER
2026-07-30 09:39:31.137 -05:00 [DBG] Heartbeat CASEBLADE
2026-07-30 09:39:31.137 -05:00 [DBG] Heartbeat PROX
2026-07-30 09:39:31.137 -05:00 [DBG] Heartbeat SENTINEL
2026-07-30 09:39:31.137 -05:00 [DBG] Heartbeat MARKETSCRYER
2026-07-30 09:39:31.137 -05:00 [DBG] Heartbeat SIGNALFORGE
2026-07-30 09:39:31.137 -05:00 [DBG] Heartbeat ORACLEVAULT
2026-07-30 09:39:31.137 -05:00 [DBG] Heartbeat RISKWARDEN
2026-07-30 09:40:31.137 -05:00 [DBG] Heartbeat SYNAPSE
2026-07-30 09:40:31.137 -05:00 [DBG] Heartbeat TRADEWEAVER
2026-07-30 09:40:31.137 -05:00 [DBG] Heartbeat CASEBLADE
2026-07-30 09:40:31.137 -05:00 [DBG] Heartbeat PROX
2026-07-30 09:40:31.137 -05:00 [DBG] Heartbeat SENTINEL
2026-07-30 09:40:31.137 -05:00 [DBG] Heartbeat MARKETSCRYER
2026-07-30 09:40:31.137 -05:00 [DBG] Heartbeat SIGNALFORGE
2026-07-30 09:40:31.137 -05:00 [DBG] Heartbeat ORACLEVAULT
2026-07-30 09:40:31.137 -05:00 [DBG] Heartbeat RISKWARDEN
2026-07-30 09:41:31.137 -05:00 [DBG] Heartbeat SYNAPSE
2026-07-30 09:41:31.137 -05:00 [DBG] Heartbeat TRADEWEAVER
2026-07-30 09:41:31.137 -05:00 [DBG] Heartbeat CASEBLADE
2026-07-30 09:41:31.137 -05:00 [DBG] Heartbeat PROX
2026-07-30 09:41:31.137 -05:00 [DBG] Heartbeat SENTINEL
2026-07-30 09:41:31.137 -05:00 [DBG] Heartbeat MARKETSCRYER
2026-07-30 09:41:31.137 -05:00 [DBG] Heartbeat SIGNALFORGE
2026-07-30 09:41:31.137 -05:00 [DBG] Heartbeat ORACLEVAULT
2026-07-30 09:41:31.137 -05:00 [DBG] Heartbeat RISKWARDEN
2026-07-30 09:42:31.137 -05:00 [DBG] Heartbeat SYNAPSE
2026-07-30 09:42:31.137 -05:00 [DBG] Heartbeat TRADEWEAVER
2026-07-30 09:42:31.137 -05:00 [DBG] Heartbeat CASEBLADE
2026-07-30 09:42:31.137 -05:00 [DBG] Heartbeat PROX
2026-07-30 09:42:31.137 -05:00 [DBG] Heartbeat SENTINEL
2026-07-30 09:42:31.137 -05:00 [DBG] Heartbeat MARKETSCRYER
2026-07-30 09:42:31.137 -05:00 [DBG] Heartbeat SIGNALFORGE
2026-07-30 09:42:31.137 -05:00 [DBG] Heartbeat ORACLEVAULT
2026-07-30 09:42:31.137 -05:00 [DBG] Heartbeat RISKWARDEN
2026-07-30 09:43:31.137 -05:00 [DBG] Heartbeat SYNAPSE
2026-07-30 09:43:31.137 -05:00 [DBG] Heartbeat TRADEWEAVER
2026-07-30 09:43:31.137 -05:00 [DBG] Heartbeat CASEBLADE
2026-07-30 09:43:31.137 -05:00 [DBG] Heartbeat PROX
2026-07-30 09:43:31.137 -05:00 [DBG] Heartbeat SENTINEL
2026-07-30 09:43:31.137 -05:00 [DBG] Heartbeat MARKETSCRYER
2026-07-30 09:43:31.137 -05:00 [DBG] Heartbeat SIGNALFORGE
2026-07-30 09:43:31.137 -05:00 [DBG] Heartbeat ORACLEVAULT
2026-07-30 09:43:31.137 -05:00 [DBG] Heartbeat RISKWARDEN
2026-07-30 09:43:46.188 -05:00 [INF] PC health: C: 77.4% used, 5 recent errors
2026-07-30 09:44:31.137 -05:00 [DBG] Heartbeat SYNAPSE
2026-07-30 09:44:31.137 -05:00 [DBG] Heartbeat TRADEWEAVER
2026-07-30 09:44:31.137 -05:00 [DBG] Heartbeat CASEBLADE
2026-07-30 09:44:31.137 -05:00 [DBG] Heartbeat PROX
2026-07-30 09:44:31.137 -05:00 [DBG] Heartbeat SENTINEL
2026-07-30 09:44:31.137 -05:00 [DBG] Heartbeat MARKETSCRYER
2026-07-30 09:44:31.137 -05:00 [DBG] Heartbeat SIGNALFORGE
2026-07-30 09:44:31.137 -05:00 [DBG] Heartbeat ORACLEVAULT
2026-07-30 09:44:31.137 -05:00 [DBG] Heartbeat RISKWARDEN
2026-07-30 09:45:31.137 -05:00 [DBG] Heartbeat SYNAPSE
2026-07-30 09:45:31.137 -05:00 [DBG] Heartbeat TRADEWEAVER
2026-07-30 09:45:31.137 -05:00 [DBG] Heartbeat CASEBLADE
2026-07-30 09:45:31.137 -05:00 [DBG] Heartbeat PROX
2026-07-30 09:45:31.137 -05:00 [DBG] Heartbeat SENTINEL
2026-07-30 09:45:31.137 -05:00 [DBG] Heartbeat MARKETSCRYER
2026-07-30 09:45:31.137 -05:00 [DBG] Heartbeat SIGNALFORGE
2026-07-30 09:45:31.137 -05:00 [DBG] Heartbeat ORACLEVAULT
2026-07-30 09:45:31.137 -05:00 [DBG] Heartbeat RISKWARDEN
2026-07-30 09:46:31.138 -05:00 [DBG] Heartbeat SYNAPSE
2026-07-30 09:46:31.138 -05:00 [DBG] Heartbeat TRADEWEAVER
2026-07-30 09:46:31.138 -05:00 [DBG] Heartbeat CASEBLADE
2026-07-30 09:46:31.138 -05:00 [DBG] Heartbeat PROX
2026-07-30 09:46:31.138 -05:00 [DBG] Heartbeat SENTINEL
2026-07-30 09:46:31.138 -05:00 [DBG] Heartbeat MARKETSCRYER
2026-07-30 09:46:31.138 -05:00 [DBG] Heartbeat SIGNALFORGE
2026-07-30 09:46:31.138 -05:00 [DBG] Heartbeat ORACLEVAULT
2026-07-30 09:46:31.138 -05:00 [DBG] Heartbeat RISKWARDEN
2026-07-30 09:47:31.137 -05:00 [DBG] Heartbeat SYNAPSE
2026-07-30 09:47:31.137 -05:00 [DBG] Heartbeat TRADEWEAVER
2026-07-30 09:47:31.137 -05:00 [DBG] Heartbeat CASEBLADE
2026-07-30 09:47:31.137 -05:00 [DBG] Heartbeat PROX
2026-07-30 09:47:31.137 -05:00 [DBG] Heartbeat SENTINEL
2026-07-30 09:47:31.137 -05:00 [DBG] Heartbeat MARKETSCRYER
2026-07-30 09:47:31.137 -05:00 [DBG] Heartbeat SIGNALFORGE
2026-07-30 09:47:31.137 -05:00 [DBG] Heartbeat ORACLEVAULT
2026-07-30 09:47:31.137 -05:00 [DBG] Heartbeat RISKWARDEN
2026-07-30 09:48:31.137 -05:00 [DBG] Heartbeat SYNAPSE
2026-07-30 09:48:31.137 -05:00 [DBG] Heartbeat TRADEWEAVER
2026-07-30 09:48:31.137 -05:00 [DBG] Heartbeat CASEBLADE
2026-07-30 09:48:31.137 -05:00 [DBG] Heartbeat PROX
2026-07-30 09:48:31.137 -05:00 [DBG] Heartbeat SENTINEL
2026-07-30 09:48:31.138 -05:00 [DBG] Heartbeat MARKETSCRYER
2026-07-30 09:48:31.138 -05:00 [DBG] Heartbeat SIGNALFORGE
2026-07-30 09:48:31.138 -05:00 [DBG] Heartbeat ORACLEVAULT
2026-07-30 09:48:31.138 -05:00 [DBG] Heartbeat RISKWARDEN
2026-07-30 09:48:59.775 -05:00 [INF] PC health: C: 77.4% used, 5 recent errors
2026-07-30 09:49:31.137 -05:00 [DBG] Heartbeat SYNAPSE
2026-07-30 09:49:31.137 -05:00 [DBG] Heartbeat TRADEWEAVER
2026-07-30 09:49:31.137 -05:00 [DBG] Heartbeat CASEBLADE
2026-07-30 09:49:31.137 -05:00 [DBG] Heartbeat PROX
2026-07-30 09:49:31.137 -05:00 [DBG] Heartbeat SENTINEL
2026-07-30 09:49:31.137 -05:00 [DBG] Heartbeat MARKETSCRYER
2026-07-30 09:49:31.137 -05:00 [DBG] Heartbeat SIGNALFORGE
2026-07-30 09:49:31.137 -05:00 [DBG] Heartbeat ORACLEVAULT
2026-07-30 09:49:31.137 -05:00 [DBG] Heartbeat RISKWARDEN
2026-07-30 09:50:31.137 -05:00 [DBG] Heartbeat SYNAPSE
2026-07-30 09:50:31.137 -05:00 [DBG] Heartbeat TRADEWEAVER
2026-07-30 09:50:31.137 -05:00 [DBG] Heartbeat CASEBLADE
2026-07-30 09:50:31.137 -05:00 [DBG] Heartbeat PROX
2026-07-30 09:50:31.137 -05:00 [DBG] Heartbeat SENTINEL
2026-07-30 09:50:31.137 -05:00 [DBG] Heartbeat MARKETSCRYER
2026-07-30 09:50:31.137 -05:00 [DBG] Heartbeat SIGNALFORGE
2026-07-30 09:50:31.137 -05:00 [DBG] Heartbeat ORACLEVAULT
2026-07-30 09:50:31.137 -05:00 [DBG] Heartbeat RISKWARDEN
2026-07-30 09:51:31.138 -05:00 [DBG] Heartbeat SYNAPSE
2026-07-30 09:51:31.138 -05:00 [DBG] Heartbeat TRADEWEAVER
2026-07-30 09:51:31.138 -05:00 [DBG] Heartbeat CASEBLADE
2026-07-30 09:51:31.138 -05:00 [DBG] Heartbeat PROX
2026-07-30 09:51:31.138 -05:00 [DBG] Heartbeat SENTINEL
2026-07-30 09:51:31.138 -05:00 [DBG] Heartbeat MARKETSCRYER
2026-07-30 09:51:31.138 -05:00 [DBG] Heartbeat SIGNALFORGE
2026-07-30 09:51:31.138 -05:00 [DBG] Heartbeat ORACLEVAULT
2026-07-30 09:51:31.138 -05:00 [DBG] Heartbeat RISKWARDEN
2026-07-30 09:52:31.138 -05:00 [DBG] Heartbeat SYNAPSE
2026-07-30 09:52:31.138 -05:00 [DBG] Heartbeat TRADEWEAVER
2026-07-30 09:52:31.138 -05:00 [DBG] Heartbeat CASEBLADE
2026-07-30 09:52:31.138 -05:00 [DBG] Heartbeat PROX
2026-07-30 09:52:31.138 -05:00 [DBG] Heartbeat SENTINEL
2026-07-30 09:52:31.138 -05:00 [DBG] Heartbeat MARKETSCRYER
2026-07-30 09:52:31.138 -05:00 [DBG] Heartbeat SIGNALFORGE
2026-07-30 09:52:31.138 -05:00 [DBG] Heartbeat ORACLEVAULT
2026-07-30 09:52:31.138 -05:00 [DBG] Heartbeat RISKWARDEN
2026-07-30 09:53:31.138 -05:00 [DBG] Heartbeat SYNAPSE
2026-07-30 09:53:31.138 -05:00 [DBG] Heartbeat TRADEWEAVER
2026-07-30 09:53:31.138 -05:00 [DBG] Heartbeat CASEBLADE
2026-07-30 09:53:31.138 -05:00 [DBG] Heartbeat PROX
2026-07-30 09:53:31.138 -05:00 [DBG] Heartbeat SENTINEL
2026-07-30 09:53:31.138 -05:00 [DBG] Heartbeat MARKETSCRYER
2026-07-30 09:53:31.138 -05:00 [DBG] Heartbeat SIGNALFORGE
2026-07-30 09:53:31.138 -05:00 [DBG] Heartbeat ORACLEVAULT
2026-07-30 09:53:31.138 -05:00 [DBG] Heartbeat RISKWARDEN
2026-07-30 09:54:13.227 -05:00 [INF] PC health: C: 77.4% used, 5 recent errors
2026-07-30 09:54:31.137 -05:00 [DBG] Heartbeat SYNAPSE
2026-07-30 09:54:31.137 -05:00 [DBG] Heartbeat TRADEWEAVER
2026-07-30 09:54:31.137 -05:00 [DBG] Heartbeat CASEBLADE
2026-07-30 09:54:31.137 -05:00 [DBG] Heartbeat PROX
2026-07-30 09:54:31.137 -05:00 [DBG] Heartbeat SENTINEL
2026-07-30 09:54:31.137 -05:00 [DBG] Heartbeat MARKETSCRYER
2026-07-30 09:54:31.137 -05:00 [DBG] Heartbeat SIGNALFORGE
2026-07-30 09:54:31.137 -05:00 [DBG] Heartbeat ORACLEVAULT
2026-07-30 09:54:31.137 -05:00 [DBG] Heartbeat RISKWARDEN
2026-07-30 09:55:31.137 -05:00 [DBG] Heartbeat SYNAPSE
2026-07-30 09:55:31.137 -05:00 [DBG] Heartbeat TRADEWEAVER
2026-07-30 09:55:31.137 -05:00 [DBG] Heartbeat CASEBLADE
2026-07-30 09:55:31.137 -05:00 [DBG] Heartbeat PROX
2026-07-30 09:55:31.137 -05:00 [DBG] Heartbeat SENTINEL
2026-07-30 09:55:31.137 -05:00 [DBG] Heartbeat MARKETSCRYER
2026-07-30 09:55:31.137 -05:00 [DBG] Heartbeat SIGNALFORGE
2026-07-30 09:55:31.137 -05:00 [DBG] Heartbeat ORACLEVAULT
2026-07-30 09:55:31.137 -05:00 [DBG] Heartbeat RISKWARDEN
2026-07-30 09:56:31.137 -05:00 [DBG] Heartbeat SYNAPSE
2026-07-30 09:56:31.137 -05:00 [DBG] Heartbeat TRADEWEAVER
2026-07-30 09:56:31.137 -05:00 [DBG] Heartbeat CASEBLADE
2026-07-30 09:56:31.137 -05:00 [DBG] Heartbeat PROX
2026-07-30 09:56:31.137 -05:00 [DBG] Heartbeat SENTINEL
2026-07-30 09:56:31.137 -05:00 [DBG] Heartbeat MARKETSCRYER
2026-07-30 09:56:31.137 -05:00 [DBG] Heartbeat SIGNALFORGE
2026-07-30 09:56:31.137 -05:00 [DBG] Heartbeat ORACLEVAULT
2026-07-30 09:56:31.137 -05:00 [DBG] Heartbeat RISKWARDEN
2026-07-30 09:57:31.137 -05:00 [DBG] Heartbeat SYNAPSE
2026-07-30 09:57:31.137 -05:00 [DBG] Heartbeat TRADEWEAVER
2026-07-30 09:57:31.137 -05:00 [DBG] Heartbeat CASEBLADE
2026-07-30 09:57:31.137 -05:00 [DBG] Heartbeat PROX
2026-07-30 09:57:31.137 -05:00 [DBG] Heartbeat SENTINEL
2026-07-30 09:57:31.137 -05:00 [DBG] Heartbeat MARKETSCRYER
2026-07-30 09:57:31.137 -05:00 [DBG] Heartbeat SIGNALFORGE
2026-07-30 09:57:31.137 -05:00 [DBG] Heartbeat ORACLEVAULT
2026-07-30 09:57:31.137 -05:00 [DBG] Heartbeat RISKWARDEN
2026-07-30 09:58:31.138 -05:00 [DBG] Heartbeat SYNAPSE
2026-07-30 09:58:31.138 -05:00 [DBG] Heartbeat TRADEWEAVER
2026-07-30 09:58:31.138 -05:00 [DBG] Heartbeat CASEBLADE
2026-07-30 09:58:31.138 -05:00 [DBG] Heartbeat PROX
2026-07-30 09:58:31.138 -05:00 [DBG] Heartbeat SENTINEL
2026-07-30 09:58:31.138 -05:00 [DBG] Heartbeat MARKETSCRYER
2026-07-30 09:58:31.138 -05:00 [DBG] Heartbeat SIGNALFORGE
2026-07-30 09:58:31.138 -05:00 [DBG] Heartbeat ORACLEVAULT
2026-07-30 09:58:31.138 -05:00 [DBG] Heartbeat RISKWARDEN
2026-07-30 09:59:26.726 -05:00 [INF] PC health: C: 77.4% used, 5 recent errors
2026-07-30 09:59:31.138 -05:00 [DBG] Heartbeat SYNAPSE
2026-07-30 09:59:31.138 -05:00 [DBG] Heartbeat TRADEWEAVER
2026-07-30 09:59:31.138 -05:00 [DBG] Heartbeat CASEBLADE
2026-07-30 09:59:31.138 -05:00 [DBG] Heartbeat PROX
2026-07-30 09:59:31.138 -05:00 [DBG] Heartbeat SENTINEL
2026-07-30 09:59:31.138 -05:00 [DBG] Heartbeat MARKETSCRYER
2026-07-30 09:59:31.138 -05:00 [DBG] Heartbeat SIGNALFORGE
2026-07-30 09:59:31.138 -05:00 [DBG] Heartbeat ORACLEVAULT
2026-07-30 09:59:31.138 -05:00 [DBG] Heartbeat RISKWARDEN
2026-07-30 10:00:31.138 -05:00 [DBG] Heartbeat SYNAPSE
2026-07-30 10:00:31.139 -05:00 [DBG] Heartbeat TRADEWEAVER
2026-07-30 10:00:31.139 -05:00 [DBG] Heartbeat CASEBLADE
2026-07-30 10:00:31.139 -05:00 [DBG] Heartbeat PROX
2026-07-30 10:00:31.139 -05:00 [DBG] Heartbeat SENTINEL
2026-07-30 10:00:31.139 -05:00 [DBG] Heartbeat MARKETSCRYER
2026-07-30 10:00:31.139 -05:00 [DBG] Heartbeat SIGNALFORGE
2026-07-30 10:00:31.139 -05:00 [DBG] Heartbeat ORACLEVAULT
2026-07-30 10:00:31.139 -05:00 [DBG] Heartbeat RISKWARDEN
2026-07-30 10:01:31.139 -05:00 [DBG] Heartbeat SYNAPSE
2026-07-30 10:01:31.139 -05:00 [DBG] Heartbeat TRADEWEAVER
2026-07-30 10:01:31.139 -05:00 [DBG] Heartbeat CASEBLADE
2026-07-30 10:01:31.139 -05:00 [DBG] Heartbeat PROX
2026-07-30 10:01:31.139 -05:00 [DBG] Heartbeat SENTINEL
2026-07-30 10:01:31.139 -05:00 [DBG] Heartbeat MARKETSCRYER
2026-07-30 10:01:31.139 -05:00 [DBG] Heartbeat SIGNALFORGE
2026-07-30 10:01:31.139 -05:00 [DBG] Heartbeat ORACLEVAULT
2026-07-30 10:01:31.139 -05:00 [DBG] Heartbeat RISKWARDEN
2026-07-30 10:02:31.138 -05:00 [DBG] Heartbeat SYNAPSE
2026-07-30 10:02:31.138 -05:00 [DBG] Heartbeat TRADEWEAVER
2026-07-30 10:02:31.138 -05:00 [DBG] Heartbeat CASEBLADE
2026-07-30 10:02:31.138 -05:00 [DBG] Heartbeat PROX
2026-07-30 10:02:31.138 -05:00 [DBG] Heartbeat SENTINEL
2026-07-30 10:02:31.138 -05:00 [DBG] Heartbeat MARKETSCRYER
2026-07-30 10:02:31.138 -05:00 [DBG] Heartbeat SIGNALFORGE
2026-07-30 10:02:31.138 -05:00 [DBG] Heartbeat ORACLEVAULT
2026-07-30 10:02:31.138 -05:00 [DBG] Heartbeat RISKWARDEN
2026-07-30 10:03:31.138 -05:00 [DBG] Heartbeat SYNAPSE
2026-07-30 10:03:31.138 -05:00 [DBG] Heartbeat TRADEWEAVER
2026-07-30 10:03:31.138 -05:00 [DBG] Heartbeat CASEBLADE
2026-07-30 10:03:31.138 -05:00 [DBG] Heartbeat PROX
2026-07-30 10:03:31.138 -05:00 [DBG] Heartbeat SENTINEL
2026-07-30 10:03:31.138 -05:00 [DBG] Heartbeat MARKETSCRYER
2026-07-30 10:03:31.138 -05:00 [DBG] Heartbeat SIGNALFORGE
2026-07-30 10:03:31.138 -05:00 [DBG] Heartbeat ORACLEVAULT
2026-07-30 10:03:31.138 -05:00 [DBG] Heartbeat RISKWARDEN
2026-07-30 10:04:31.138 -05:00 [DBG] Heartbeat SYNAPSE
2026-07-30 10:04:31.138 -05:00 [DBG] Heartbeat TRADEWEAVER
2026-07-30 10:04:31.138 -05:00 [DBG] Heartbeat CASEBLADE
2026-07-30 10:04:31.138 -05:00 [DBG] Heartbeat PROX
2026-07-30 10:04:31.138 -05:00 [DBG] Heartbeat SENTINEL
2026-07-30 10:04:31.138 -05:00 [DBG] Heartbeat MARKETSCRYER
2026-07-30 10:04:31.138 -05:00 [DBG] Heartbeat SIGNALFORGE
2026-07-30 10:04:31.138 -05:00 [DBG] Heartbeat ORACLEVAULT
2026-07-30 10:04:31.138 -05:00 [DBG] Heartbeat RISKWARDEN
2026-07-30 10:04:40.275 -05:00 [INF] PC health: C: 77.4% used, 5 recent errors
2026-07-30 10:05:31.138 -05:00 [DBG] Heartbeat SYNAPSE
2026-07-30 10:05:31.138 -05:00 [DBG] Heartbeat TRADEWEAVER
2026-07-30 10:05:31.138 -05:00 [DBG] Heartbeat CASEBLADE
2026-07-30 10:05:31.138 -05:00 [DBG] Heartbeat PROX
2026-07-30 10:05:31.138 -05:00 [DBG] Heartbeat SENTINEL
2026-07-30 10:05:31.138 -05:00 [DBG] Heartbeat MARKETSCRYER
2026-07-30 10:05:31.138 -05:00 [DBG] Heartbeat SIGNALFORGE
2026-07-30 10:05:31.138 -05:00 [DBG] Heartbeat ORACLEVAULT
2026-07-30 10:05:31.138 -05:00 [DBG] Heartbeat RISKWARDEN
2026-07-30 10:06:31.138 -05:00 [DBG] Heartbeat SYNAPSE
2026-07-30 10:06:31.138 -05:00 [DBG] Heartbeat TRADEWEAVER
2026-07-30 10:06:31.138 -05:00 [DBG] Heartbeat CASEBLADE
2026-07-30 10:06:31.138 -05:00 [DBG] Heartbeat PROX
2026-07-30 10:06:31.138 -05:00 [DBG] Heartbeat SENTINEL
2026-07-30 10:06:31.138 -05:00 [DBG] Heartbeat MARKETSCRYER
2026-07-30 10:06:31.138 -05:00 [DBG] Heartbeat SIGNALFORGE
2026-07-30 10:06:31.138 -05:00 [DBG] Heartbeat ORACLEVAULT
2026-07-30 10:06:31.138 -05:00 [DBG] Heartbeat RISKWARDEN
2026-07-30 10:07:31.139 -05:00 [DBG] Heartbeat SYNAPSE
2026-07-30 10:07:31.139 -05:00 [DBG] Heartbeat TRADEWEAVER
2026-07-30 10:07:31.139 -05:00 [DBG] Heartbeat CASEBLADE
2026-07-30 10:07:31.139 -05:00 [DBG] Heartbeat PROX
2026-07-30 10:07:31.139 -05:00 [DBG] Heartbeat SENTINEL
2026-07-30 10:07:31.139 -05:00 [DBG] Heartbeat MARKETSCRYER
2026-07-30 10:07:31.139 -05:00 [DBG] Heartbeat SIGNALFORGE
2026-07-30 10:07:31.139 -05:00 [DBG] Heartbeat ORACLEVAULT
2026-07-30 10:07:31.139 -05:00 [DBG] Heartbeat RISKWARDEN
2026-07-30 10:08:31.139 -05:00 [DBG] Heartbeat SYNAPSE
2026-07-30 10:08:31.139 -05:00 [DBG] Heartbeat TRADEWEAVER
2026-07-30 10:08:31.139 -05:00 [DBG] Heartbeat CASEBLADE
2026-07-30 10:08:31.139 -05:00 [DBG] Heartbeat PROX
2026-07-30 10:08:31.139 -05:00 [DBG] Heartbeat SENTINEL
2026-07-30 10:08:31.139 -05:00 [DBG] Heartbeat MARKETSCRYER
2026-07-30 10:08:31.139 -05:00 [DBG] Heartbeat SIGNALFORGE
2026-07-30 10:08:31.139 -05:00 [DBG] Heartbeat ORACLEVAULT
2026-07-30 10:08:31.139 -05:00 [DBG] Heartbeat RISKWARDEN
2026-07-30 10:09:31.139 -05:00 [DBG] Heartbeat SYNAPSE
2026-07-30 10:09:31.139 -05:00 [DBG] Heartbeat TRADEWEAVER
2026-07-30 10:09:31.139 -05:00 [DBG] Heartbeat CASEBLADE
2026-07-30 10:09:31.139 -05:00 [DBG] Heartbeat PROX
2026-07-30 10:09:31.139 -05:00 [DBG] Heartbeat SENTINEL
2026-07-30 10:09:31.139 -05:00 [DBG] Heartbeat MARKETSCRYER
2026-07-30 10:09:31.139 -05:00 [DBG] Heartbeat SIGNALFORGE
2026-07-30 10:09:31.139 -05:00 [DBG] Heartbeat ORACLEVAULT
2026-07-30 10:09:31.139 -05:00 [DBG] Heartbeat RISKWARDEN
2026-07-30 10:09:53.843 -05:00 [INF] PC health: C: 77.4% used, 5 recent errors
2026-07-30 10:10:31.139 -05:00 [DBG] Heartbeat SYNAPSE
2026-07-30 10:10:31.139 -05:00 [DBG] Heartbeat TRADEWEAVER
2026-07-30 10:10:31.139 -05:00 [DBG] Heartbeat CASEBLADE
2026-07-30 10:10:31.139 -05:00 [DBG] Heartbeat PROX
2026-07-30 10:10:31.139 -05:00 [DBG] Heartbeat SENTINEL
2026-07-30 10:10:31.139 -05:00 [DBG] Heartbeat MARKETSCRYER
2026-07-30 10:10:31.139 -05:00 [DBG] Heartbeat SIGNALFORGE
2026-07-30 10:10:31.139 -05:00 [DBG] Heartbeat ORACLEVAULT
2026-07-30 10:10:31.139 -05:00 [DBG] Heartbeat RISKWARDEN
2026-07-30 10:11:31.139 -05:00 [DBG] Heartbeat SYNAPSE
2026-07-30 10:11:31.139 -05:00 [DBG] Heartbeat TRADEWEAVER
2026-07-30 10:11:31.139 -05:00 [DBG] Heartbeat CASEBLADE
2026-07-30 10:11:31.139 -05:00 [DBG] Heartbeat PROX
2026-07-30 10:11:31.139 -05:00 [DBG] Heartbeat SENTINEL
2026-07-30 10:11:31.139 -05:00 [DBG] Heartbeat MARKETSCRYER
2026-07-30 10:11:31.139 -05:00 [DBG] Heartbeat SIGNALFORGE
2026-07-30 10:11:31.139 -05:00 [DBG] Heartbeat ORACLEVAULT
2026-07-30 10:11:31.139 -05:00 [DBG] Heartbeat RISKWARDEN
2026-07-30 10:12:31.139 -05:00 [DBG] Heartbeat SYNAPSE
2026-07-30 10:12:31.139 -05:00 [DBG] Heartbeat TRADEWEAVER
2026-07-30 10:12:31.139 -05:00 [DBG] Heartbeat CASEBLADE
2026-07-30 10:12:31.139 -05:00 [DBG] Heartbeat PROX
2026-07-30 10:12:31.139 -05:00 [DBG] Heartbeat SENTINEL
2026-07-30 10:12:31.139 -05:00 [DBG] Heartbeat MARKETSCRYER
2026-07-30 10:12:31.139 -05:00 [DBG] Heartbeat SIGNALFORGE
2026-07-30 10:12:31.139 -05:00 [DBG] Heartbeat ORACLEVAULT
2026-07-30 10:12:31.139 -05:00 [DBG] Heartbeat RISKWARDEN
2026-07-30 10:13:31.139 -05:00 [DBG] Heartbeat SYNAPSE
2026-07-30 10:13:31.139 -05:00 [DBG] Heartbeat TRADEWEAVER
2026-07-30 10:13:31.139 -05:00 [DBG] Heartbeat CASEBLADE
2026-07-30 10:13:31.139 -05:00 [DBG] Heartbeat PROX
2026-07-30 10:13:31.139 -05:00 [DBG] Heartbeat SENTINEL
2026-07-30 10:13:31.139 -05:00 [DBG] Heartbeat MARKETSCRYER
2026-07-30 10:13:31.139 -05:00 [DBG] Heartbeat SIGNALFORGE
2026-07-30 10:13:31.139 -05:00 [DBG] Heartbeat ORACLEVAULT
2026-07-30 10:13:31.139 -05:00 [DBG] Heartbeat RISKWARDEN
2026-07-30 10:14:31.139 -05:00 [DBG] Heartbeat SYNAPSE
2026-07-30 10:14:31.139 -05:00 [DBG] Heartbeat TRADEWEAVER
2026-07-30 10:14:31.139 -05:00 [DBG] Heartbeat CASEBLADE
2026-07-30 10:14:31.139 -05:00 [DBG] Heartbeat PROX
2026-07-30 10:14:31.139 -05:00 [DBG] Heartbeat SENTINEL
2026-07-30 10:14:31.139 -05:00 [DBG] Heartbeat MARKETSCRYER
2026-07-30 10:14:31.139 -05:00 [DBG] Heartbeat SIGNALFORGE
2026-07-30 10:14:31.139 -05:00 [DBG] Heartbeat ORACLEVAULT
2026-07-30 10:14:31.139 -05:00 [DBG] Heartbeat RISKWARDEN
2026-07-30 10:15:07.402 -05:00 [INF] PC health: C: 77.4% used, 5 recent errors
2026-07-30 10:15:31.138 -05:00 [DBG] Heartbeat SYNAPSE
2026-07-30 10:15:31.138 -05:00 [DBG] Heartbeat TRADEWEAVER
2026-07-30 10:15:31.138 -05:00 [DBG] Heartbeat CASEBLADE
2026-07-30 10:15:31.138 -05:00 [DBG] Heartbeat PROX
2026-07-30 10:15:31.138 -05:00 [DBG] Heartbeat SENTINEL
2026-07-30 10:15:31.138 -05:00 [DBG] Heartbeat MARKETSCRYER
2026-07-30 10:15:31.138 -05:00 [DBG] Heartbeat SIGNALFORGE
2026-07-30 10:15:31.138 -05:00 [DBG] Heartbeat ORACLEVAULT
2026-07-30 10:15:31.138 -05:00 [DBG] Heartbeat RISKWARDEN
2026-07-30 10:16:31.137 -05:00 [DBG] Heartbeat SYNAPSE
2026-07-30 10:16:31.137 -05:00 [DBG] Heartbeat TRADEWEAVER
2026-07-30 10:16:31.137 -05:00 [DBG] Heartbeat CASEBLADE
2026-07-30 10:16:31.137 -05:00 [DBG] Heartbeat PROX
2026-07-30 10:16:31.137 -05:00 [DBG] Heartbeat SENTINEL
2026-07-30 10:16:31.137 -05:00 [DBG] Heartbeat MARKETSCRYER
2026-07-30 10:16:31.137 -05:00 [DBG] Heartbeat SIGNALFORGE
2026-07-30 10:16:31.137 -05:00 [DBG] Heartbeat ORACLEVAULT
2026-07-30 10:16:31.137 -05:00 [DBG] Heartbeat RISKWARDEN
2026-07-30 10:17:31.138 -05:00 [DBG] Heartbeat SYNAPSE
2026-07-30 10:17:31.138 -05:00 [DBG] Heartbeat TRADEWEAVER
2026-07-30 10:17:31.138 -05:00 [DBG] Heartbeat CASEBLADE
2026-07-30 10:17:31.138 -05:00 [DBG] Heartbeat PROX
2026-07-30 10:17:31.138 -05:00 [DBG] Heartbeat SENTINEL
2026-07-30 10:17:31.138 -05:00 [DBG] Heartbeat MARKETSCRYER
2026-07-30 10:17:31.138 -05:00 [DBG] Heartbeat SIGNALFORGE
2026-07-30 10:17:31.138 -05:00 [DBG] Heartbeat ORACLEVAULT
2026-07-30 10:17:31.138 -05:00 [DBG] Heartbeat RISKWARDEN
2026-07-30 10:18:31.137 -05:00 [DBG] Heartbeat SYNAPSE
2026-07-30 10:18:31.137 -05:00 [DBG] Heartbeat TRADEWEAVER
2026-07-30 10:18:31.137 -05:00 [DBG] Heartbeat CASEBLADE
2026-07-30 10:18:31.137 -05:00 [DBG] Heartbeat PROX
2026-07-30 10:18:31.137 -05:00 [DBG] Heartbeat SENTINEL
2026-07-30 10:18:31.137 -05:00 [DBG] Heartbeat MARKETSCRYER
2026-07-30 10:18:31.137 -05:00 [DBG] Heartbeat SIGNALFORGE
2026-07-30 10:18:31.137 -05:00 [DBG] Heartbeat ORACLEVAULT
2026-07-30 10:18:31.137 -05:00 [DBG] Heartbeat RISKWARDEN
2026-07-30 10:19:31.137 -05:00 [DBG] Heartbeat SYNAPSE
2026-07-30 10:19:31.137 -05:00 [DBG] Heartbeat TRADEWEAVER
2026-07-30 10:19:31.137 -05:00 [DBG] Heartbeat CASEBLADE
2026-07-30 10:19:31.137 -05:00 [DBG] Heartbeat PROX
2026-07-30 10:19:31.137 -05:00 [DBG] Heartbeat SENTINEL
2026-07-30 10:19:31.137 -05:00 [DBG] Heartbeat MARKETSCRYER
2026-07-30 10:19:31.137 -05:00 [DBG] Heartbeat SIGNALFORGE
2026-07-30 10:19:31.137 -05:00 [DBG] Heartbeat ORACLEVAULT
2026-07-30 10:19:31.137 -05:00 [DBG] Heartbeat RISKWARDEN
2026-07-30 10:20:20.895 -05:00 [INF] PC health: C: 77.4% used, 5 recent errors
2026-07-30 10:20:31.138 -05:00 [DBG] Heartbeat SYNAPSE
2026-07-30 10:20:31.138 -05:00 [DBG] Heartbeat TRADEWEAVER
2026-07-30 10:20:31.138 -05:00 [DBG] Heartbeat CASEBLADE
2026-07-30 10:20:31.138 -05:00 [DBG] Heartbeat PROX
2026-07-30 10:20:31.138 -05:00 [DBG] Heartbeat SENTINEL
2026-07-30 10:20:31.138 -05:00 [DBG] Heartbeat MARKETSCRYER
2026-07-30 10:20:31.138 -05:00 [DBG] Heartbeat SIGNALFORGE
2026-07-30 10:20:31.138 -05:00 [DBG] Heartbeat ORACLEVAULT
2026-07-30 10:20:31.138 -05:00 [DBG] Heartbeat RISKWARDEN
2026-07-30 10:21:31.137 -05:00 [DBG] Heartbeat SYNAPSE
2026-07-30 10:21:31.137 -05:00 [DBG] Heartbeat TRADEWEAVER
2026-07-30 10:21:31.137 -05:00 [DBG] Heartbeat CASEBLADE
2026-07-30 10:21:31.137 -05:00 [DBG] Heartbeat PROX
2026-07-30 10:21:31.137 -05:00 [DBG] Heartbeat SENTINEL
2026-07-30 10:21:31.137 -05:00 [DBG] Heartbeat MARKETSCRYER
2026-07-30 10:21:31.137 -05:00 [DBG] Heartbeat SIGNALFORGE
2026-07-30 10:21:31.137 -05:00 [DBG] Heartbeat ORACLEVAULT
2026-07-30 10:21:31.137 -05:00 [DBG] Heartbeat RISKWARDEN
2026-07-30 10:22:31.136 -05:00 [DBG] Heartbeat SYNAPSE
2026-07-30 10:22:31.136 -05:00 [DBG] Heartbeat TRADEWEAVER
2026-07-30 10:22:31.136 -05:00 [DBG] Heartbeat CASEBLADE
2026-07-30 10:22:31.136 -05:00 [DBG] Heartbeat PROX
2026-07-30 10:22:31.136 -05:00 [DBG] Heartbeat SENTINEL
2026-07-30 10:22:31.136 -05:00 [DBG] Heartbeat MARKETSCRYER
2026-07-30 10:22:31.136 -05:00 [DBG] Heartbeat SIGNALFORGE
2026-07-30 10:22:31.136 -05:00 [DBG] Heartbeat ORACLEVAULT
2026-07-30 10:22:31.136 -05:00 [DBG] Heartbeat RISKWARDEN
2026-07-30 10:23:31.135 -05:00 [DBG] Heartbeat SYNAPSE
2026-07-30 10:23:31.135 -05:00 [DBG] Heartbeat TRADEWEAVER
2026-07-30 10:23:31.135 -05:00 [DBG] Heartbeat CASEBLADE
2026-07-30 10:23:31.135 -05:00 [DBG] Heartbeat PROX
2026-07-30 10:23:31.135 -05:00 [DBG] Heartbeat SENTINEL
2026-07-30 10:23:31.135 -05:00 [DBG] Heartbeat MARKETSCRYER
2026-07-30 10:23:31.135 -05:00 [DBG] Heartbeat SIGNALFORGE
2026-07-30 10:23:31.135 -05:00 [DBG] Heartbeat ORACLEVAULT
2026-07-30 10:23:31.135 -05:00 [DBG] Heartbeat RISKWARDEN
2026-07-30 10:24:31.134 -05:00 [DBG] Heartbeat SYNAPSE
2026-07-30 10:24:31.134 -05:00 [DBG] Heartbeat TRADEWEAVER
2026-07-30 10:24:31.134 -05:00 [DBG] Heartbeat CASEBLADE
2026-07-30 10:24:31.134 -05:00 [DBG] Heartbeat PROX
2026-07-30 10:24:31.134 -05:00 [DBG] Heartbeat SENTINEL
2026-07-30 10:24:31.134 -05:00 [DBG] Heartbeat MARKETSCRYER
2026-07-30 10:24:31.134 -05:00 [DBG] Heartbeat SIGNALFORGE
2026-07-30 10:24:31.134 -05:00 [DBG] Heartbeat ORACLEVAULT
2026-07-30 10:24:31.134 -05:00 [DBG] Heartbeat RISKWARDEN
2026-07-30 10:25:31.134 -05:00 [DBG] Heartbeat SYNAPSE
2026-07-30 10:25:31.134 -05:00 [DBG] Heartbeat TRADEWEAVER
2026-07-30 10:25:31.134 -05:00 [DBG] Heartbeat CASEBLADE
2026-07-30 10:25:31.134 -05:00 [DBG] Heartbeat PROX
2026-07-30 10:25:31.134 -05:00 [DBG] Heartbeat SENTINEL
2026-07-30 10:25:31.134 -05:00 [DBG] Heartbeat MARKETSCRYER
2026-07-30 10:25:31.134 -05:00 [DBG] Heartbeat SIGNALFORGE
2026-07-30 10:25:31.134 -05:00 [DBG] Heartbeat ORACLEVAULT
2026-07-30 10:25:31.134 -05:00 [DBG] Heartbeat RISKWARDEN
2026-07-30 10:25:34.540 -05:00 [INF] PC health: C: 77.4% used, 5 recent errors
2026-07-30 10:26:31.133 -05:00 [DBG] Heartbeat SYNAPSE
2026-07-30 10:26:31.133 -05:00 [DBG] Heartbeat TRADEWEAVER
2026-07-30 10:26:31.133 -05:00 [DBG] Heartbeat CASEBLADE
2026-07-30 10:26:31.133 -05:00 [DBG] Heartbeat PROX
2026-07-30 10:26:31.133 -05:00 [DBG] Heartbeat SENTINEL
2026-07-30 10:26:31.133 -05:00 [DBG] Heartbeat MARKETSCRYER
2026-07-30 10:26:31.133 -05:00 [DBG] Heartbeat SIGNALFORGE
2026-07-30 10:26:31.133 -05:00 [DBG] Heartbeat ORACLEVAULT
2026-07-30 10:26:31.133 -05:00 [DBG] Heartbeat RISKWARDEN
2026-07-30 10:27:31.132 -05:00 [DBG] Heartbeat SYNAPSE
2026-07-30 10:27:31.132 -05:00 [DBG] Heartbeat TRADEWEAVER
2026-07-30 10:27:31.132 -05:00 [DBG] Heartbeat CASEBLADE
2026-07-30 10:27:31.132 -05:00 [DBG] Heartbeat PROX
2026-07-30 10:27:31.132 -05:00 [DBG] Heartbeat SENTINEL
2026-07-30 10:27:31.132 -05:00 [DBG] Heartbeat MARKETSCRYER
2026-07-30 10:27:31.132 -05:00 [DBG] Heartbeat SIGNALFORGE
2026-07-30 10:27:31.132 -05:00 [DBG] Heartbeat ORACLEVAULT
2026-07-30 10:27:31.132 -05:00 [DBG] Heartbeat RISKWARDEN
2026-07-30 10:28:31.131 -05:00 [DBG] Heartbeat SYNAPSE
2026-07-30 10:28:31.131 -05:00 [DBG] Heartbeat TRADEWEAVER
2026-07-30 10:28:31.131 -05:00 [DBG] Heartbeat CASEBLADE
2026-07-30 10:28:31.131 -05:00 [DBG] Heartbeat PROX
2026-07-30 10:28:31.131 -05:00 [DBG] Heartbeat SENTINEL
2026-07-30 10:28:31.131 -05:00 [DBG] Heartbeat MARKETSCRYER
2026-07-30 10:28:31.131 -05:00 [DBG] Heartbeat SIGNALFORGE
2026-07-30 10:28:31.131 -05:00 [DBG] Heartbeat ORACLEVAULT
2026-07-30 10:28:31.131 -05:00 [DBG] Heartbeat RISKWARDEN
2026-07-30 10:29:31.130 -05:00 [DBG] Heartbeat SYNAPSE
2026-07-30 10:29:31.130 -05:00 [DBG] Heartbeat TRADEWEAVER
2026-07-30 10:29:31.130 -05:00 [DBG] Heartbeat CASEBLADE
2026-07-30 10:29:31.130 -05:00 [DBG] Heartbeat PROX
2026-07-30 10:29:31.130 -05:00 [DBG] Heartbeat SENTINEL
2026-07-30 10:29:31.130 -05:00 [DBG] Heartbeat MARKETSCRYER
2026-07-30 10:29:31.130 -05:00 [DBG] Heartbeat SIGNALFORGE
2026-07-30 10:29:31.130 -05:00 [DBG] Heartbeat ORACLEVAULT
2026-07-30 10:29:31.130 -05:00 [DBG] Heartbeat RISKWARDEN
2026-07-30 10:30:31.129 -05:00 [DBG] Heartbeat SYNAPSE
2026-07-30 10:30:31.129 -05:00 [DBG] Heartbeat TRADEWEAVER
2026-07-30 10:30:31.129 -05:00 [DBG] Heartbeat CASEBLADE
2026-07-30 10:30:31.129 -05:00 [DBG] Heartbeat PROX
2026-07-30 10:30:31.129 -05:00 [DBG] Heartbeat SENTINEL
2026-07-30 10:30:31.129 -05:00 [DBG] Heartbeat MARKETSCRYER
2026-07-30 10:30:31.129 -05:00 [DBG] Heartbeat SIGNALFORGE
2026-07-30 10:30:31.129 -05:00 [DBG] Heartbeat ORACLEVAULT
2026-07-30 10:30:31.129 -05:00 [DBG] Heartbeat RISKWARDEN
2026-07-30 10:30:47.949 -05:00 [INF] PC health: C: 77.4% used, 5 recent errors
2026-07-30 10:31:31.128 -05:00 [DBG] Heartbeat SYNAPSE
2026-07-30 10:31:31.128 -05:00 [DBG] Heartbeat TRADEWEAVER
2026-07-30 10:31:31.128 -05:00 [DBG] Heartbeat CASEBLADE
2026-07-30 10:31:31.128 -05:00 [DBG] Heartbeat PROX
2026-07-30 10:31:31.128 -05:00 [DBG] Heartbeat SENTINEL
2026-07-30 10:31:31.128 -05:00 [DBG] Heartbeat MARKETSCRYER
2026-07-30 10:31:31.128 -05:00 [DBG] Heartbeat SIGNALFORGE
2026-07-30 10:31:31.128 -05:00 [DBG] Heartbeat ORACLEVAULT
2026-07-30 10:31:31.128 -05:00 [DBG] Heartbeat RISKWARDEN
2026-07-30 10:32:31.127 -05:00 [DBG] Heartbeat SYNAPSE
2026-07-30 10:32:31.127 -05:00 [DBG] Heartbeat TRADEWEAVER
2026-07-30 10:32:31.127 -05:00 [DBG] Heartbeat CASEBLADE
2026-07-30 10:32:31.127 -05:00 [DBG] Heartbeat PROX
2026-07-30 10:32:31.127 -05:00 [DBG] Heartbeat SENTINEL
2026-07-30 10:32:31.127 -05:00 [DBG] Heartbeat MARKETSCRYER
2026-07-30 10:32:31.127 -05:00 [DBG] Heartbeat SIGNALFORGE
2026-07-30 10:32:31.127 -05:00 [DBG] Heartbeat ORACLEVAULT
2026-07-30 10:32:31.127 -05:00 [DBG] Heartbeat RISKWARDEN
2026-07-30 10:33:31.126 -05:00 [DBG] Heartbeat SYNAPSE
2026-07-30 10:33:31.126 -05:00 [DBG] Heartbeat TRADEWEAVER
2026-07-30 10:33:31.126 -05:00 [DBG] Heartbeat CASEBLADE
2026-07-30 10:33:31.126 -05:00 [DBG] Heartbeat PROX
2026-07-30 10:33:31.126 -05:00 [DBG] Heartbeat SENTINEL
2026-07-30 10:33:31.126 -05:00 [DBG] Heartbeat MARKETSCRYER
2026-07-30 10:33:31.126 -05:00 [DBG] Heartbeat SIGNALFORGE
2026-07-30 10:33:31.126 -05:00 [DBG] Heartbeat ORACLEVAULT
2026-07-30 10:33:31.126 -05:00 [DBG] Heartbeat RISKWARDEN
2026-07-30 10:34:31.125 -05:00 [DBG] Heartbeat SYNAPSE
2026-07-30 10:34:31.125 -05:00 [DBG] Heartbeat TRADEWEAVER
2026-07-30 10:34:31.125 -05:00 [DBG] Heartbeat CASEBLADE
2026-07-30 10:34:31.125 -05:00 [DBG] Heartbeat PROX
2026-07-30 10:34:31.125 -05:00 [DBG] Heartbeat SENTINEL
2026-07-30 10:34:31.125 -05:00 [DBG] Heartbeat MARKETSCRYER
2026-07-30 10:34:31.125 -05:00 [DBG] Heartbeat SIGNALFORGE
2026-07-30 10:34:31.125 -05:00 [DBG] Heartbeat ORACLEVAULT
2026-07-30 10:34:31.125 -05:00 [DBG] Heartbeat RISKWARDEN
2026-07-30 10:35:31.124 -05:00 [DBG] Heartbeat SYNAPSE
2026-07-30 10:35:31.124 -05:00 [DBG] Heartbeat TRADEWEAVER
2026-07-30 10:35:31.124 -05:00 [DBG] Heartbeat CASEBLADE
2026-07-30 10:35:31.124 -05:00 [DBG] Heartbeat PROX
2026-07-30 10:35:31.124 -05:00 [DBG] Heartbeat SENTINEL
2026-07-30 10:35:31.124 -05:00 [DBG] Heartbeat MARKETSCRYER
2026-07-30 10:35:31.124 -05:00 [DBG] Heartbeat SIGNALFORGE
2026-07-30 10:35:31.124 -05:00 [DBG] Heartbeat ORACLEVAULT
2026-07-30 10:35:31.124 -05:00 [DBG] Heartbeat RISKWARDEN
2026-07-30 10:36:01.604 -05:00 [INF] PC health: C: 77.4% used, 5 recent errors
2026-07-30 10:36:31.123 -05:00 [DBG] Heartbeat SYNAPSE
2026-07-30 10:36:31.123 -05:00 [DBG] Heartbeat TRADEWEAVER
2026-07-30 10:36:31.123 -05:00 [DBG] Heartbeat CASEBLADE
2026-07-30 10:36:31.123 -05:00 [DBG] Heartbeat PROX
2026-07-30 10:36:31.123 -05:00 [DBG] Heartbeat SENTINEL
2026-07-30 10:36:31.123 -05:00 [DBG] Heartbeat MARKETSCRYER
2026-07-30 10:36:31.123 -05:00 [DBG] Heartbeat SIGNALFORGE
2026-07-30 10:36:31.123 -05:00 [DBG] Heartbeat ORACLEVAULT
2026-07-30 10:36:31.123 -05:00 [DBG] Heartbeat RISKWARDEN
2026-07-30 10:37:31.122 -05:00 [DBG] Heartbeat SYNAPSE
2026-07-30 10:37:31.122 -05:00 [DBG] Heartbeat TRADEWEAVER
2026-07-30 10:37:31.122 -05:00 [DBG] Heartbeat CASEBLADE
2026-07-30 10:37:31.122 -05:00 [DBG] Heartbeat PROX
2026-07-30 10:37:31.122 -05:00 [DBG] Heartbeat SENTINEL
2026-07-30 10:37:31.122 -05:00 [DBG] Heartbeat MARKETSCRYER
2026-07-30 10:37:31.122 -05:00 [DBG] Heartbeat SIGNALFORGE
2026-07-30 10:37:31.122 -05:00 [DBG] Heartbeat ORACLEVAULT
2026-07-30 10:37:31.122 -05:00 [DBG] Heartbeat RISKWARDEN
2026-07-30 10:38:31.121 -05:00 [DBG] Heartbeat SYNAPSE
2026-07-30 10:38:31.121 -05:00 [DBG] Heartbeat TRADEWEAVER
2026-07-30 10:38:31.121 -05:00 [DBG] Heartbeat CASEBLADE
2026-07-30 10:38:31.121 -05:00 [DBG] Heartbeat PROX
2026-07-30 10:38:31.121 -05:00 [DBG] Heartbeat SENTINEL
2026-07-30 10:38:31.121 -05:00 [DBG] Heartbeat MARKETSCRYER
2026-07-30 10:38:31.121 -05:00 [DBG] Heartbeat SIGNALFORGE
2026-07-30 10:38:31.121 -05:00 [DBG] Heartbeat ORACLEVAULT
2026-07-30 10:38:31.121 -05:00 [DBG] Heartbeat RISKWARDEN
2026-07-30 10:39:31.120 -05:00 [DBG] Heartbeat SYNAPSE
2026-07-30 10:39:31.120 -05:00 [DBG] Heartbeat TRADEWEAVER
2026-07-30 10:39:31.120 -05:00 [DBG] Heartbeat CASEBLADE
2026-07-30 10:39:31.120 -05:00 [DBG] Heartbeat PROX
2026-07-30 10:39:31.120 -05:00 [DBG] Heartbeat SENTINEL
2026-07-30 10:39:31.120 -05:00 [DBG] Heartbeat MARKETSCRYER
2026-07-30 10:39:31.120 -05:00 [DBG] Heartbeat SIGNALFORGE
2026-07-30 10:39:31.120 -05:00 [DBG] Heartbeat ORACLEVAULT
2026-07-30 10:39:31.120 -05:00 [DBG] Heartbeat RISKWARDEN
2026-07-30 10:40:31.120 -05:00 [DBG] Heartbeat SYNAPSE
2026-07-30 10:40:31.120 -05:00 [DBG] Heartbeat TRADEWEAVER
2026-07-30 10:40:31.120 -05:00 [DBG] Heartbeat CASEBLADE
2026-07-30 10:40:31.120 -05:00 [DBG] Heartbeat PROX
2026-07-30 10:40:31.120 -05:00 [DBG] Heartbeat SENTINEL
2026-07-30 10:40:31.120 -05:00 [DBG] Heartbeat MARKETSCRYER
2026-07-30 10:40:31.120 -05:00 [DBG] Heartbeat SIGNALFORGE
2026-07-30 10:40:31.120 -05:00 [DBG] Heartbeat ORACLEVAULT
2026-07-30 10:40:31.120 -05:00 [DBG] Heartbeat RISKWARDEN
2026-07-30 10:41:15.210 -05:00 [INF] PC health: C: 77.4% used, 5 recent errors
2026-07-30 10:41:31.118 -05:00 [DBG] Heartbeat SYNAPSE
2026-07-30 10:41:31.118 -05:00 [DBG] Heartbeat TRADEWEAVER
2026-07-30 10:41:31.118 -05:00 [DBG] Heartbeat CASEBLADE
2026-07-30 10:41:31.118 -05:00 [DBG] Heartbeat PROX
2026-07-30 10:41:31.118 -05:00 [DBG] Heartbeat SENTINEL
2026-07-30 10:41:31.118 -05:00 [DBG] Heartbeat MARKETSCRYER
2026-07-30 10:41:31.118 -05:00 [DBG] Heartbeat SIGNALFORGE
2026-07-30 10:41:31.118 -05:00 [DBG] Heartbeat ORACLEVAULT
2026-07-30 10:41:31.118 -05:00 [DBG] Heartbeat RISKWARDEN
2026-07-30 10:42:31.117 -05:00 [DBG] Heartbeat SYNAPSE
2026-07-30 10:42:31.117 -05:00 [DBG] Heartbeat TRADEWEAVER
2026-07-30 10:42:31.117 -05:00 [DBG] Heartbeat CASEBLADE
2026-07-30 10:42:31.117 -05:00 [DBG] Heartbeat PROX
2026-07-30 10:42:31.117 -05:00 [DBG] Heartbeat SENTINEL
2026-07-30 10:42:31.117 -05:00 [DBG] Heartbeat MARKETSCRYER
2026-07-30 10:42:31.117 -05:00 [DBG] Heartbeat SIGNALFORGE
2026-07-30 10:42:31.117 -05:00 [DBG] Heartbeat ORACLEVAULT
2026-07-30 10:42:31.118 -05:00 [DBG] Heartbeat RISKWARDEN
2026-07-30 10:43:31.116 -05:00 [DBG] Heartbeat SYNAPSE
2026-07-30 10:43:31.116 -05:00 [DBG] Heartbeat TRADEWEAVER
2026-07-30 10:43:31.116 -05:00 [DBG] Heartbeat CASEBLADE
2026-07-30 10:43:31.116 -05:00 [DBG] Heartbeat PROX
2026-07-30 10:43:31.116 -05:00 [DBG] Heartbeat SENTINEL
2026-07-30 10:43:31.116 -05:00 [DBG] Heartbeat MARKETSCRYER
2026-07-30 10:43:31.116 -05:00 [DBG] Heartbeat SIGNALFORGE
2026-07-30 10:43:31.116 -05:00 [DBG] Heartbeat ORACLEVAULT
2026-07-30 10:43:31.116 -05:00 [DBG] Heartbeat RISKWARDEN
2026-07-30 10:44:31.115 -05:00 [DBG] Heartbeat SYNAPSE
2026-07-30 10:44:31.115 -05:00 [DBG] Heartbeat TRADEWEAVER
2026-07-30 10:44:31.115 -05:00 [DBG] Heartbeat CASEBLADE
2026-07-30 10:44:31.115 -05:00 [DBG] Heartbeat PROX
2026-07-30 10:44:31.115 -05:00 [DBG] Heartbeat SENTINEL
2026-07-30 10:44:31.115 -05:00 [DBG] Heartbeat MARKETSCRYER
2026-07-30 10:44:31.115 -05:00 [DBG] Heartbeat SIGNALFORGE
2026-07-30 10:44:31.115 -05:00 [DBG] Heartbeat ORACLEVAULT
2026-07-30 10:44:31.115 -05:00 [DBG] Heartbeat RISKWARDEN
2026-07-30 10:45:31.114 -05:00 [DBG] Heartbeat SYNAPSE
2026-07-30 10:45:31.114 -05:00 [DBG] Heartbeat TRADEWEAVER
2026-07-30 10:45:31.114 -05:00 [DBG] Heartbeat CASEBLADE
2026-07-30 10:45:31.114 -05:00 [DBG] Heartbeat PROX
2026-07-30 10:45:31.114 -05:00 [DBG] Heartbeat SENTINEL
2026-07-30 10:45:31.114 -05:00 [DBG] Heartbeat MARKETSCRYER
2026-07-30 10:45:31.114 -05:00 [DBG] Heartbeat SIGNALFORGE
2026-07-30 10:45:31.114 -05:00 [DBG] Heartbeat ORACLEVAULT
2026-07-30 10:45:31.114 -05:00 [DBG] Heartbeat RISKWARDEN
2026-07-30 10:46:28.788 -05:00 [INF] PC health: C: 77.4% used, 5 recent errors
2026-07-30 10:46:31.112 -05:00 [DBG] Heartbeat SYNAPSE
2026-07-30 10:46:31.112 -05:00 [DBG] Heartbeat TRADEWEAVER
2026-07-30 10:46:31.112 -05:00 [DBG] Heartbeat CASEBLADE
2026-07-30 10:46:31.112 -05:00 [DBG] Heartbeat PROX
2026-07-30 10:46:31.112 -05:00 [DBG] Heartbeat SENTINEL
2026-07-30 10:46:31.112 -05:00 [DBG] Heartbeat MARKETSCRYER
2026-07-30 10:46:31.112 -05:00 [DBG] Heartbeat SIGNALFORGE
2026-07-30 10:46:31.112 -05:00 [DBG] Heartbeat ORACLEVAULT
2026-07-30 10:46:31.112 -05:00 [DBG] Heartbeat RISKWARDEN
2026-07-30 10:47:31.112 -05:00 [DBG] Heartbeat SYNAPSE
2026-07-30 10:47:31.112 -05:00 [DBG] Heartbeat TRADEWEAVER
2026-07-30 10:47:31.112 -05:00 [DBG] Heartbeat CASEBLADE
2026-07-30 10:47:31.112 -05:00 [DBG] Heartbeat PROX
2026-07-30 10:47:31.112 -05:00 [DBG] Heartbeat SENTINEL
2026-07-30 10:47:31.112 -05:00 [DBG] Heartbeat MARKETSCRYER
2026-07-30 10:47:31.112 -05:00 [DBG] Heartbeat SIGNALFORGE
2026-07-30 10:47:31.112 -05:00 [DBG] Heartbeat ORACLEVAULT
2026-07-30 10:47:31.112 -05:00 [DBG] Heartbeat RISKWARDEN
2026-07-30 10:48:31.111 -05:00 [DBG] Heartbeat SYNAPSE
2026-07-30 10:48:31.111 -05:00 [DBG] Heartbeat TRADEWEAVER
2026-07-30 10:48:31.111 -05:00 [DBG] Heartbeat CASEBLADE
2026-07-30 10:48:31.111 -05:00 [DBG] Heartbeat PROX
2026-07-30 10:48:31.111 -05:00 [DBG] Heartbeat SENTINEL
2026-07-30 10:48:31.111 -05:00 [DBG] Heartbeat MARKETSCRYER
2026-07-30 10:48:31.111 -05:00 [DBG] Heartbeat SIGNALFORGE
2026-07-30 10:48:31.111 -05:00 [DBG] Heartbeat ORACLEVAULT
2026-07-30 10:48:31.111 -05:00 [DBG] Heartbeat RISKWARDEN
2026-07-30 10:49:31.110 -05:00 [DBG] Heartbeat SYNAPSE
2026-07-30 10:49:31.110 -05:00 [DBG] Heartbeat TRADEWEAVER
2026-07-30 10:49:31.110 -05:00 [DBG] Heartbeat CASEBLADE
2026-07-30 10:49:31.110 -05:00 [DBG] Heartbeat PROX
2026-07-30 10:49:31.110 -05:00 [DBG] Heartbeat SENTINEL
2026-07-30 10:49:31.110 -05:00 [DBG] Heartbeat MARKETSCRYER
2026-07-30 10:49:31.110 -05:00 [DBG] Heartbeat SIGNALFORGE
2026-07-30 10:49:31.110 -05:00 [DBG] Heartbeat ORACLEVAULT
2026-07-30 10:49:31.110 -05:00 [DBG] Heartbeat RISKWARDEN
2026-07-30 10:50:31.109 -05:00 [DBG] Heartbeat SYNAPSE
2026-07-30 10:50:31.110 -05:00 [DBG] Heartbeat TRADEWEAVER
2026-07-30 10:50:31.110 -05:00 [DBG] Heartbeat CASEBLADE
2026-07-30 10:50:31.110 -05:00 [DBG] Heartbeat PROX
2026-07-30 10:50:31.110 -05:00 [DBG] Heartbeat SENTINEL
2026-07-30 10:50:31.110 -05:00 [DBG] Heartbeat MARKETSCRYER
2026-07-30 10:50:31.110 -05:00 [DBG] Heartbeat SIGNALFORGE
2026-07-30 10:50:31.110 -05:00 [DBG] Heartbeat ORACLEVAULT
2026-07-30 10:50:31.110 -05:00 [DBG] Heartbeat RISKWARDEN
2026-07-30 10:51:31.109 -05:00 [DBG] Heartbeat SYNAPSE
2026-07-30 10:51:31.109 -05:00 [DBG] Heartbeat TRADEWEAVER
2026-07-30 10:51:31.109 -05:00 [DBG] Heartbeat CASEBLADE
2026-07-30 10:51:31.109 -05:00 [DBG] Heartbeat PROX
2026-07-30 10:51:31.109 -05:00 [DBG] Heartbeat SENTINEL
2026-07-30 10:51:31.109 -05:00 [DBG] Heartbeat MARKETSCRYER
2026-07-30 10:51:31.109 -05:00 [DBG] Heartbeat SIGNALFORGE
2026-07-30 10:51:31.109 -05:00 [DBG] Heartbeat ORACLEVAULT
2026-07-30 10:51:31.109 -05:00 [DBG] Heartbeat RISKWARDEN
2026-07-30 10:51:42.419 -05:00 [INF] PC health: C: 77.4% used, 5 recent errors
2026-07-30 10:52:31.109 -05:00 [DBG] Heartbeat SYNAPSE
2026-07-30 10:52:31.109 -05:00 [DBG] Heartbeat TRADEWEAVER
2026-07-30 10:52:31.109 -05:00 [DBG] Heartbeat CASEBLADE
2026-07-30 10:52:31.109 -05:00 [DBG] Heartbeat PROX
2026-07-30 10:52:31.109 -05:00 [DBG] Heartbeat SENTINEL
2026-07-30 10:52:31.109 -05:00 [DBG] Heartbeat MARKETSCRYER
2026-07-30 10:52:31.109 -05:00 [DBG] Heartbeat SIGNALFORGE
2026-07-30 10:52:31.109 -05:00 [DBG] Heartbeat ORACLEVAULT
2026-07-30 10:52:31.109 -05:00 [DBG] Heartbeat RISKWARDEN
2026-07-30 10:53:31.107 -05:00 [DBG] Heartbeat SYNAPSE
2026-07-30 10:53:31.107 -05:00 [DBG] Heartbeat TRADEWEAVER
2026-07-30 10:53:31.107 -05:00 [DBG] Heartbeat CASEBLADE
2026-07-30 10:53:31.107 -05:00 [DBG] Heartbeat PROX
2026-07-30 10:53:31.107 -05:00 [DBG] Heartbeat SENTINEL
2026-07-30 10:53:31.107 -05:00 [DBG] Heartbeat MARKETSCRYER
2026-07-30 10:53:31.107 -05:00 [DBG] Heartbeat SIGNALFORGE
2026-07-30 10:53:31.107 -05:00 [DBG] Heartbeat ORACLEVAULT
2026-07-30 10:53:31.107 -05:00 [DBG] Heartbeat RISKWARDEN
2026-07-30 10:54:31.107 -05:00 [DBG] Heartbeat SYNAPSE
2026-07-30 10:54:31.107 -05:00 [DBG] Heartbeat TRADEWEAVER
2026-07-30 10:54:31.107 -05:00 [DBG] Heartbeat CASEBLADE
2026-07-30 10:54:31.107 -05:00 [DBG] Heartbeat PROX
2026-07-30 10:54:31.107 -05:00 [DBG] Heartbeat SENTINEL
2026-07-30 10:54:31.107 -05:00 [DBG] Heartbeat MARKETSCRYER
2026-07-30 10:54:31.107 -05:00 [DBG] Heartbeat SIGNALFORGE
2026-07-30 10:54:31.107 -05:00 [DBG] Heartbeat ORACLEVAULT
2026-07-30 10:54:31.107 -05:00 [DBG] Heartbeat RISKWARDEN
2026-07-30 10:55:31.105 -05:00 [DBG] Heartbeat SYNAPSE
2026-07-30 10:55:31.105 -05:00 [DBG] Heartbeat TRADEWEAVER
2026-07-30 10:55:31.105 -05:00 [DBG] Heartbeat CASEBLADE
2026-07-30 10:55:31.105 -05:00 [DBG] Heartbeat PROX
2026-07-30 10:55:31.105 -05:00 [DBG] Heartbeat SENTINEL
2026-07-30 10:55:31.105 -05:00 [DBG] Heartbeat MARKETSCRYER
2026-07-30 10:55:31.105 -05:00 [DBG] Heartbeat SIGNALFORGE
2026-07-30 10:55:31.105 -05:00 [DBG] Heartbeat ORACLEVAULT
2026-07-30 10:55:31.105 -05:00 [DBG] Heartbeat RISKWARDEN
2026-07-30 10:56:31.104 -05:00 [DBG] Heartbeat SYNAPSE
2026-07-30 10:56:31.104 -05:00 [DBG] Heartbeat TRADEWEAVER
2026-07-30 10:56:31.104 -05:00 [DBG] Heartbeat CASEBLADE
2026-07-30 10:56:31.104 -05:00 [DBG] Heartbeat PROX
2026-07-30 10:56:31.104 -05:00 [DBG] Heartbeat SENTINEL
2026-07-30 10:56:31.104 -05:00 [DBG] Heartbeat MARKETSCRYER
2026-07-30 10:56:31.104 -05:00 [DBG] Heartbeat SIGNALFORGE
2026-07-30 10:56:31.104 -05:00 [DBG] Heartbeat ORACLEVAULT
2026-07-30 10:56:31.104 -05:00 [DBG] Heartbeat RISKWARDEN
2026-07-30 10:56:56.013 -05:00 [INF] PC health: C: 77.4% used, 5 recent errors
2026-07-30 10:57:31.103 -05:00 [DBG] Heartbeat SYNAPSE
2026-07-30 10:57:31.103 -05:00 [DBG] Heartbeat TRADEWEAVER
2026-07-30 10:57:31.103 -05:00 [DBG] Heartbeat CASEBLADE
2026-07-30 10:57:31.103 -05:00 [DBG] Heartbeat PROX
2026-07-30 10:57:31.103 -05:00 [DBG] Heartbeat SENTINEL
2026-07-30 10:57:31.103 -05:00 [DBG] Heartbeat MARKETSCRYER
2026-07-30 10:57:31.103 -05:00 [DBG] Heartbeat SIGNALFORGE
2026-07-30 10:57:31.103 -05:00 [DBG] Heartbeat ORACLEVAULT
2026-07-30 10:57:31.103 -05:00 [DBG] Heartbeat RISKWARDEN
2026-07-30 10:58:31.102 -05:00 [DBG] Heartbeat SYNAPSE
2026-07-30 10:58:31.102 -05:00 [DBG] Heartbeat TRADEWEAVER
2026-07-30 10:58:31.102 -05:00 [DBG] Heartbeat CASEBLADE
2026-07-30 10:58:31.102 -05:00 [DBG] Heartbeat PROX
2026-07-30 10:58:31.102 -05:00 [DBG] Heartbeat SENTINEL
2026-07-30 10:58:31.102 -05:00 [DBG] Heartbeat MARKETSCRYER
2026-07-30 10:58:31.102 -05:00 [DBG] Heartbeat SIGNALFORGE
2026-07-30 10:58:31.102 -05:00 [DBG] Heartbeat ORACLEVAULT
2026-07-30 10:58:31.102 -05:00 [DBG] Heartbeat RISKWARDEN
2026-07-30 10:59:31.101 -05:00 [DBG] Heartbeat SYNAPSE
2026-07-30 10:59:31.101 -05:00 [DBG] Heartbeat TRADEWEAVER
2026-07-30 10:59:31.101 -05:00 [DBG] Heartbeat CASEBLADE
2026-07-30 10:59:31.101 -05:00 [DBG] Heartbeat PROX
2026-07-30 10:59:31.101 -05:00 [DBG] Heartbeat SENTINEL
2026-07-30 10:59:31.101 -05:00 [DBG] Heartbeat MARKETSCRYER
2026-07-30 10:59:31.101 -05:00 [DBG] Heartbeat SIGNALFORGE
2026-07-30 10:59:31.101 -05:00 [DBG] Heartbeat ORACLEVAULT
2026-07-30 10:59:31.101 -05:00 [DBG] Heartbeat RISKWARDEN
2026-07-30 11:00:31.100 -05:00 [DBG] Heartbeat SYNAPSE
2026-07-30 11:00:31.100 -05:00 [DBG] Heartbeat TRADEWEAVER
2026-07-30 11:00:31.100 -05:00 [DBG] Heartbeat CASEBLADE
2026-07-30 11:00:31.100 -05:00 [DBG] Heartbeat PROX
2026-07-30 11:00:31.100 -05:00 [DBG] Heartbeat SENTINEL
2026-07-30 11:00:31.100 -05:00 [DBG] Heartbeat MARKETSCRYER
2026-07-30 11:00:31.100 -05:00 [DBG] Heartbeat SIGNALFORGE
2026-07-30 11:00:31.100 -05:00 [DBG] Heartbeat ORACLEVAULT
2026-07-30 11:00:31.100 -05:00 [DBG] Heartbeat RISKWARDEN
2026-07-30 11:01:31.098 -05:00 [DBG] Heartbeat SYNAPSE
2026-07-30 11:01:31.098 -05:00 [DBG] Heartbeat TRADEWEAVER
2026-07-30 11:01:31.098 -05:00 [DBG] Heartbeat CASEBLADE
2026-07-30 11:01:31.098 -05:00 [DBG] Heartbeat PROX
2026-07-30 11:01:31.098 -05:00 [DBG] Heartbeat SENTINEL
2026-07-30 11:01:31.098 -05:00 [DBG] Heartbeat MARKETSCRYER
2026-07-30 11:01:31.098 -05:00 [DBG] Heartbeat SIGNALFORGE
2026-07-30 11:01:31.098 -05:00 [DBG] Heartbeat ORACLEVAULT
2026-07-30 11:01:31.098 -05:00 [DBG] Heartbeat RISKWARDEN
2026-07-30 11:02:09.490 -05:00 [INF] PC health: C: 77.4% used, 5 recent errors
2026-07-30 11:02:31.098 -05:00 [DBG] Heartbeat SYNAPSE
2026-07-30 11:02:31.098 -05:00 [DBG] Heartbeat TRADEWEAVER
2026-07-30 11:02:31.098 -05:00 [DBG] Heartbeat CASEBLADE
2026-07-30 11:02:31.098 -05:00 [DBG] Heartbeat PROX
2026-07-30 11:02:31.098 -05:00 [DBG] Heartbeat SENTINEL
2026-07-30 11:02:31.098 -05:00 [DBG] Heartbeat MARKETSCRYER
2026-07-30 11:02:31.098 -05:00 [DBG] Heartbeat SIGNALFORGE
2026-07-30 11:02:31.098 -05:00 [DBG] Heartbeat ORACLEVAULT
2026-07-30 11:02:31.098 -05:00 [DBG] Heartbeat RISKWARDEN
2026-07-30 11:03:31.097 -05:00 [DBG] Heartbeat SYNAPSE
2026-07-30 11:03:31.097 -05:00 [DBG] Heartbeat TRADEWEAVER
2026-07-30 11:03:31.097 -05:00 [DBG] Heartbeat CASEBLADE
2026-07-30 11:03:31.097 -05:00 [DBG] Heartbeat PROX
2026-07-30 11:03:31.097 -05:00 [DBG] Heartbeat SENTINEL
2026-07-30 11:03:31.097 -05:00 [DBG] Heartbeat MARKETSCRYER
2026-07-30 11:03:31.097 -05:00 [DBG] Heartbeat SIGNALFORGE
2026-07-30 11:03:31.097 -05:00 [DBG] Heartbeat ORACLEVAULT
2026-07-30 11:03:31.097 -05:00 [DBG] Heartbeat RISKWARDEN
2026-07-30 11:04:31.096 -05:00 [DBG] Heartbeat SYNAPSE
2026-07-30 11:04:31.096 -05:00 [DBG] Heartbeat TRADEWEAVER
2026-07-30 11:04:31.096 -05:00 [DBG] Heartbeat CASEBLADE
2026-07-30 11:04:31.096 -05:00 [DBG] Heartbeat PROX
2026-07-30 11:04:31.096 -05:00 [DBG] Heartbeat SENTINEL
2026-07-30 11:04:31.096 -05:00 [DBG] Heartbeat MARKETSCRYER
2026-07-30 11:04:31.096 -05:00 [DBG] Heartbeat SIGNALFORGE
2026-07-30 11:04:31.096 -05:00 [DBG] Heartbeat ORACLEVAULT
2026-07-30 11:04:31.096 -05:00 [DBG] Heartbeat RISKWARDEN
2026-07-30 11:05:31.095 -05:00 [DBG] Heartbeat SYNAPSE
2026-07-30 11:05:31.095 -05:00 [DBG] Heartbeat TRADEWEAVER
2026-07-30 11:05:31.095 -05:00 [DBG] Heartbeat CASEBLADE
2026-07-30 11:05:31.095 -05:00 [DBG] Heartbeat PROX
2026-07-30 11:05:31.095 -05:00 [DBG] Heartbeat SENTINEL
2026-07-30 11:05:31.095 -05:00 [DBG] Heartbeat MARKETSCRYER
2026-07-30 11:05:31.095 -05:00 [DBG] Heartbeat SIGNALFORGE
2026-07-30 11:05:31.095 -05:00 [DBG] Heartbeat ORACLEVAULT
2026-07-30 11:05:31.095 -05:00 [DBG] Heartbeat RISKWARDEN
2026-07-30 11:06:31.093 -05:00 [DBG] Heartbeat SYNAPSE
2026-07-30 11:06:31.093 -05:00 [DBG] Heartbeat TRADEWEAVER
2026-07-30 11:06:31.093 -05:00 [DBG] Heartbeat CASEBLADE
2026-07-30 11:06:31.093 -05:00 [DBG] Heartbeat PROX
2026-07-30 11:06:31.093 -05:00 [DBG] Heartbeat SENTINEL
2026-07-30 11:06:31.093 -05:00 [DBG] Heartbeat MARKETSCRYER
2026-07-30 11:06:31.093 -05:00 [DBG] Heartbeat SIGNALFORGE
2026-07-30 11:06:31.093 -05:00 [DBG] Heartbeat ORACLEVAULT
2026-07-30 11:06:31.093 -05:00 [DBG] Heartbeat RISKWARDEN
2026-07-30 11:07:23.085 -05:00 [INF] PC health: C: 77.4% used, 5 recent errors
2026-07-30 11:07:31.093 -05:00 [DBG] Heartbeat SYNAPSE
2026-07-30 11:07:31.093 -05:00 [DBG] Heartbeat TRADEWEAVER
2026-07-30 11:07:31.093 -05:00 [DBG] Heartbeat CASEBLADE
2026-07-30 11:07:31.093 -05:00 [DBG] Heartbeat PROX
2026-07-30 11:07:31.093 -05:00 [DBG] Heartbeat SENTINEL
2026-07-30 11:07:31.093 -05:00 [DBG] Heartbeat MARKETSCRYER
2026-07-30 11:07:31.093 -05:00 [DBG] Heartbeat SIGNALFORGE
2026-07-30 11:07:31.093 -05:00 [DBG] Heartbeat ORACLEVAULT
2026-07-30 11:07:31.093 -05:00 [DBG] Heartbeat RISKWARDEN
2026-07-30 11:08:31.092 -05:00 [DBG] Heartbeat SYNAPSE
2026-07-30 11:08:31.092 -05:00 [DBG] Heartbeat TRADEWEAVER
2026-07-30 11:08:31.092 -05:00 [DBG] Heartbeat CASEBLADE
2026-07-30 11:08:31.092 -05:00 [DBG] Heartbeat PROX
2026-07-30 11:08:31.092 -05:00 [DBG] Heartbeat SENTINEL
2026-07-30 11:08:31.092 -05:00 [DBG] Heartbeat MARKETSCRYER
2026-07-30 11:08:31.092 -05:00 [DBG] Heartbeat SIGNALFORGE
2026-07-30 11:08:31.092 -05:00 [DBG] Heartbeat ORACLEVAULT
2026-07-30 11:08:31.092 -05:00 [DBG] Heartbeat RISKWARDEN
2026-07-30 11:09:31.091 -05:00 [DBG] Heartbeat SYNAPSE
2026-07-30 11:09:31.091 -05:00 [DBG] Heartbeat TRADEWEAVER
2026-07-30 11:09:31.091 -05:00 [DBG] Heartbeat CASEBLADE
2026-07-30 11:09:31.091 -05:00 [DBG] Heartbeat PROX
2026-07-30 11:09:31.091 -05:00 [DBG] Heartbeat SENTINEL
2026-07-30 11:09:31.091 -05:00 [DBG] Heartbeat MARKETSCRYER
2026-07-30 11:09:31.091 -05:00 [DBG] Heartbeat SIGNALFORGE
2026-07-30 11:09:31.091 -05:00 [DBG] Heartbeat ORACLEVAULT
2026-07-30 11:09:31.091 -05:00 [DBG] Heartbeat RISKWARDEN
2026-07-30 11:10:31.090 -05:00 [DBG] Heartbeat SYNAPSE
2026-07-30 11:10:31.090 -05:00 [DBG] Heartbeat TRADEWEAVER
2026-07-30 11:10:31.090 -05:00 [DBG] Heartbeat CASEBLADE
2026-07-30 11:10:31.090 -05:00 [DBG] Heartbeat PROX
2026-07-30 11:10:31.090 -05:00 [DBG] Heartbeat SENTINEL
2026-07-30 11:10:31.090 -05:00 [DBG] Heartbeat MARKETSCRYER
2026-07-30 11:10:31.090 -05:00 [DBG] Heartbeat SIGNALFORGE
2026-07-30 11:10:31.090 -05:00 [DBG] Heartbeat ORACLEVAULT
2026-07-30 11:10:31.090 -05:00 [DBG] Heartbeat RISKWARDEN
2026-07-30 11:11:31.089 -05:00 [DBG] Heartbeat SYNAPSE
2026-07-30 11:11:31.089 -05:00 [DBG] Heartbeat TRADEWEAVER
2026-07-30 11:11:31.089 -05:00 [DBG] Heartbeat CASEBLADE
2026-07-30 11:11:31.089 -05:00 [DBG] Heartbeat PROX
2026-07-30 11:11:31.089 -05:00 [DBG] Heartbeat SENTINEL
2026-07-30 11:11:31.089 -05:00 [DBG] Heartbeat MARKETSCRYER
2026-07-30 11:11:31.089 -05:00 [DBG] Heartbeat SIGNALFORGE
2026-07-30 11:11:31.089 -05:00 [DBG] Heartbeat ORACLEVAULT
2026-07-30 11:11:31.089 -05:00 [DBG] Heartbeat RISKWARDEN
2026-07-30 11:12:31.088 -05:00 [DBG] Heartbeat SYNAPSE
2026-07-30 11:12:31.089 -05:00 [DBG] Heartbeat TRADEWEAVER
2026-07-30 11:12:31.089 -05:00 [DBG] Heartbeat CASEBLADE
2026-07-30 11:12:31.089 -05:00 [DBG] Heartbeat PROX
2026-07-30 11:12:31.089 -05:00 [DBG] Heartbeat SENTINEL
2026-07-30 11:12:31.089 -05:00 [DBG] Heartbeat MARKETSCRYER
2026-07-30 11:12:31.089 -05:00 [DBG] Heartbeat SIGNALFORGE
2026-07-30 11:12:31.089 -05:00 [DBG] Heartbeat ORACLEVAULT
2026-07-30 11:12:31.089 -05:00 [DBG] Heartbeat RISKWARDEN
2026-07-30 11:12:36.688 -05:00 [INF] PC health: C: 77.4% used, 5 recent errors
2026-07-30 11:13:31.088 -05:00 [DBG] Heartbeat SYNAPSE
2026-07-30 11:13:31.088 -05:00 [DBG] Heartbeat TRADEWEAVER
2026-07-30 11:13:31.088 -05:00 [DBG] Heartbeat CASEBLADE
2026-07-30 11:13:31.088 -05:00 [DBG] Heartbeat PROX
2026-07-30 11:13:31.088 -05:00 [DBG] Heartbeat SENTINEL
2026-07-30 11:13:31.088 -05:00 [DBG] Heartbeat MARKETSCRYER
2026-07-30 11:13:31.088 -05:00 [DBG] Heartbeat SIGNALFORGE
2026-07-30 11:13:31.088 -05:00 [DBG] Heartbeat ORACLEVAULT
2026-07-30 11:13:31.088 -05:00 [DBG] Heartbeat RISKWARDEN
2026-07-30 11:14:31.087 -05:00 [DBG] Heartbeat SYNAPSE
2026-07-30 11:14:31.087 -05:00 [DBG] Heartbeat TRADEWEAVER
2026-07-30 11:14:31.087 -05:00 [DBG] Heartbeat CASEBLADE
2026-07-30 11:14:31.087 -05:00 [DBG] Heartbeat PROX
2026-07-30 11:14:31.087 -05:00 [DBG] Heartbeat SENTINEL
2026-07-30 11:14:31.087 -05:00 [DBG] Heartbeat MARKETSCRYER
2026-07-30 11:14:31.087 -05:00 [DBG] Heartbeat SIGNALFORGE
2026-07-30 11:14:31.087 -05:00 [DBG] Heartbeat ORACLEVAULT
2026-07-30 11:14:31.087 -05:00 [DBG] Heartbeat RISKWARDEN
2026-07-30 11:15:31.086 -05:00 [DBG] Heartbeat SYNAPSE
2026-07-30 11:15:31.086 -05:00 [DBG] Heartbeat TRADEWEAVER
2026-07-30 11:15:31.086 -05:00 [DBG] Heartbeat CASEBLADE
2026-07-30 11:15:31.086 -05:00 [DBG] Heartbeat PROX
2026-07-30 11:15:31.086 -05:00 [DBG] Heartbeat SENTINEL
2026-07-30 11:15:31.086 -05:00 [DBG] Heartbeat MARKETSCRYER
2026-07-30 11:15:31.086 -05:00 [DBG] Heartbeat SIGNALFORGE
2026-07-30 11:15:31.086 -05:00 [DBG] Heartbeat ORACLEVAULT
2026-07-30 11:15:31.086 -05:00 [DBG] Heartbeat RISKWARDEN
2026-07-30 11:16:31.085 -05:00 [DBG] Heartbeat SYNAPSE
2026-07-30 11:16:31.085 -05:00 [DBG] Heartbeat TRADEWEAVER
2026-07-30 11:16:31.085 -05:00 [DBG] Heartbeat CASEBLADE
2026-07-30 11:16:31.085 -05:00 [DBG] Heartbeat PROX
2026-07-30 11:16:31.085 -05:00 [DBG] Heartbeat SENTINEL
2026-07-30 11:16:31.085 -05:00 [DBG] Heartbeat MARKETSCRYER
2026-07-30 11:16:31.085 -05:00 [DBG] Heartbeat SIGNALFORGE
2026-07-30 11:16:31.085 -05:00 [DBG] Heartbeat ORACLEVAULT
2026-07-30 11:16:31.085 -05:00 [DBG] Heartbeat RISKWARDEN
2026-07-30 11:17:31.084 -05:00 [DBG] Heartbeat SYNAPSE
2026-07-30 11:17:31.084 -05:00 [DBG] Heartbeat TRADEWEAVER
2026-07-30 11:17:31.084 -05:00 [DBG] Heartbeat CASEBLADE
2026-07-30 11:17:31.084 -05:00 [DBG] Heartbeat PROX
2026-07-30 11:17:31.084 -05:00 [DBG] Heartbeat SENTINEL
2026-07-30 11:17:31.084 -05:00 [DBG] Heartbeat MARKETSCRYER
2026-07-30 11:17:31.084 -05:00 [DBG] Heartbeat SIGNALFORGE
2026-07-30 11:17:31.084 -05:00 [DBG] Heartbeat ORACLEVAULT
2026-07-30 11:17:31.084 -05:00 [DBG] Heartbeat RISKWARDEN
2026-07-30 11:17:50.140 -05:00 [INF] PC health: C: 77.4% used, 5 recent errors
2026-07-30 11:18:31.083 -05:00 [DBG] Heartbeat SYNAPSE
2026-07-30 11:18:31.083 -05:00 [DBG] Heartbeat TRADEWEAVER
2026-07-30 11:18:31.083 -05:00 [DBG] Heartbeat CASEBLADE
2026-07-30 11:18:31.083 -05:00 [DBG] Heartbeat PROX
2026-07-30 11:18:31.083 -05:00 [DBG] Heartbeat SENTINEL
2026-07-30 11:18:31.083 -05:00 [DBG] Heartbeat MARKETSCRYER
2026-07-30 11:18:31.083 -05:00 [DBG] Heartbeat SIGNALFORGE
2026-07-30 11:18:31.083 -05:00 [DBG] Heartbeat ORACLEVAULT
2026-07-30 11:18:31.083 -05:00 [DBG] Heartbeat RISKWARDEN
2026-07-30 11:19:31.082 -05:00 [DBG] Heartbeat SYNAPSE
2026-07-30 11:19:31.082 -05:00 [DBG] Heartbeat TRADEWEAVER
2026-07-30 11:19:31.082 -05:00 [DBG] Heartbeat CASEBLADE
2026-07-30 11:19:31.082 -05:00 [DBG] Heartbeat PROX
2026-07-30 11:19:31.082 -05:00 [DBG] Heartbeat SENTINEL
2026-07-30 11:19:31.082 -05:00 [DBG] Heartbeat MARKETSCRYER
2026-07-30 11:19:31.082 -05:00 [DBG] Heartbeat SIGNALFORGE
2026-07-30 11:19:31.082 -05:00 [DBG] Heartbeat ORACLEVAULT
2026-07-30 11:19:31.082 -05:00 [DBG] Heartbeat RISKWARDEN
2026-07-30 11:20:31.081 -05:00 [DBG] Heartbeat SYNAPSE
2026-07-30 11:20:31.081 -05:00 [DBG] Heartbeat TRADEWEAVER
2026-07-30 11:20:31.081 -05:00 [DBG] Heartbeat CASEBLADE
2026-07-30 11:20:31.081 -05:00 [DBG] Heartbeat PROX
2026-07-30 11:20:31.081 -05:00 [DBG] Heartbeat SENTINEL
2026-07-30 11:20:31.081 -05:00 [DBG] Heartbeat MARKETSCRYER
2026-07-30 11:20:31.081 -05:00 [DBG] Heartbeat SIGNALFORGE
2026-07-30 11:20:31.081 -05:00 [DBG] Heartbeat ORACLEVAULT
2026-07-30 11:20:31.081 -05:00 [DBG] Heartbeat RISKWARDEN
2026-07-30 11:21:31.080 -05:00 [DBG] Heartbeat SYNAPSE
2026-07-30 11:21:31.080 -05:00 [DBG] Heartbeat TRADEWEAVER
2026-07-30 11:21:31.080 -05:00 [DBG] Heartbeat CASEBLADE
2026-07-30 11:21:31.080 -05:00 [DBG] Heartbeat PROX
2026-07-30 11:21:31.080 -05:00 [DBG] Heartbeat SENTINEL
2026-07-30 11:21:31.080 -05:00 [DBG] Heartbeat MARKETSCRYER
2026-07-30 11:21:31.080 -05:00 [DBG] Heartbeat SIGNALFORGE
2026-07-30 11:21:31.080 -05:00 [DBG] Heartbeat ORACLEVAULT
2026-07-30 11:21:31.080 -05:00 [DBG] Heartbeat RISKWARDEN
2026-07-30 11:22:31.080 -05:00 [DBG] Heartbeat SYNAPSE
2026-07-30 11:22:31.080 -05:00 [DBG] Heartbeat TRADEWEAVER
2026-07-30 11:22:31.080 -05:00 [DBG] Heartbeat CASEBLADE
2026-07-30 11:22:31.080 -05:00 [DBG] Heartbeat PROX
2026-07-30 11:22:31.080 -05:00 [DBG] Heartbeat SENTINEL
2026-07-30 11:22:31.080 -05:00 [DBG] Heartbeat MARKETSCRYER
2026-07-30 11:22:31.080 -05:00 [DBG] Heartbeat SIGNALFORGE
2026-07-30 11:22:31.080 -05:00 [DBG] Heartbeat ORACLEVAULT
2026-07-30 11:22:31.080 -05:00 [DBG] Heartbeat RISKWARDEN
2026-07-30 11:23:03.789 -05:00 [INF] PC health: C: 77.4% used, 5 recent errors
2026-07-30 11:23:31.080 -05:00 [DBG] Heartbeat SYNAPSE
2026-07-30 11:23:31.080 -05:00 [DBG] Heartbeat TRADEWEAVER
2026-07-30 11:23:31.080 -05:00 [DBG] Heartbeat CASEBLADE
2026-07-30 11:23:31.080 -05:00 [DBG] Heartbeat PROX
2026-07-30 11:23:31.080 -05:00 [DBG] Heartbeat SENTINEL
2026-07-30 11:23:31.080 -05:00 [DBG] Heartbeat MARKETSCRYER
2026-07-30 11:23:31.080 -05:00 [DBG] Heartbeat SIGNALFORGE
2026-07-30 11:23:31.080 -05:00 [DBG] Heartbeat ORACLEVAULT
2026-07-30 11:23:31.080 -05:00 [DBG] Heartbeat RISKWARDEN
2026-07-30 11:24:31.081 -05:00 [DBG] Heartbeat SYNAPSE
2026-07-30 11:24:31.081 -05:00 [DBG] Heartbeat TRADEWEAVER
2026-07-30 11:24:31.081 -05:00 [DBG] Heartbeat CASEBLADE
2026-07-30 11:24:31.081 -05:00 [DBG] Heartbeat PROX
2026-07-30 11:24:31.081 -05:00 [DBG] Heartbeat SENTINEL
2026-07-30 11:24:31.081 -05:00 [DBG] Heartbeat MARKETSCRYER
2026-07-30 11:24:31.081 -05:00 [DBG] Heartbeat SIGNALFORGE
2026-07-30 11:24:31.081 -05:00 [DBG] Heartbeat ORACLEVAULT
2026-07-30 11:24:31.081 -05:00 [DBG] Heartbeat RISKWARDEN
2026-07-30 11:25:31.080 -05:00 [DBG] Heartbeat SYNAPSE
2026-07-30 11:25:31.080 -05:00 [DBG] Heartbeat TRADEWEAVER
2026-07-30 11:25:31.080 -05:00 [DBG] Heartbeat CASEBLADE
2026-07-30 11:25:31.080 -05:00 [DBG] Heartbeat PROX
2026-07-30 11:25:31.080 -05:00 [DBG] Heartbeat SENTINEL
2026-07-30 11:25:31.080 -05:00 [DBG] Heartbeat MARKETSCRYER
2026-07-30 11:25:31.080 -05:00 [DBG] Heartbeat SIGNALFORGE
2026-07-30 11:25:31.080 -05:00 [DBG] Heartbeat ORACLEVAULT
2026-07-30 11:25:31.080 -05:00 [DBG] Heartbeat RISKWARDEN
2026-07-30 11:26:31.080 -05:00 [DBG] Heartbeat SYNAPSE
2026-07-30 11:26:31.080 -05:00 [DBG] Heartbeat TRADEWEAVER
2026-07-30 11:26:31.080 -05:00 [DBG] Heartbeat CASEBLADE
2026-07-30 11:26:31.080 -05:00 [DBG] Heartbeat PROX
2026-07-30 11:26:31.080 -05:00 [DBG] Heartbeat SENTINEL
2026-07-30 11:26:31.080 -05:00 [DBG] Heartbeat MARKETSCRYER
2026-07-30 11:26:31.080 -05:00 [DBG] Heartbeat SIGNALFORGE
2026-07-30 11:26:31.080 -05:00 [DBG] Heartbeat ORACLEVAULT
2026-07-30 11:26:31.080 -05:00 [DBG] Heartbeat RISKWARDEN
2026-07-30 11:27:31.081 -05:00 [DBG] Heartbeat SYNAPSE
2026-07-30 11:27:31.081 -05:00 [DBG] Heartbeat TRADEWEAVER
2026-07-30 11:27:31.081 -05:00 [DBG] Heartbeat CASEBLADE
2026-07-30 11:27:31.081 -05:00 [DBG] Heartbeat PROX
2026-07-30 11:27:31.081 -05:00 [DBG] Heartbeat SENTINEL
2026-07-30 11:27:31.081 -05:00 [DBG] Heartbeat MARKETSCRYER
2026-07-30 11:27:31.081 -05:00 [DBG] Heartbeat SIGNALFORGE
2026-07-30 11:27:31.081 -05:00 [DBG] Heartbeat ORACLEVAULT
2026-07-30 11:27:31.081 -05:00 [DBG] Heartbeat RISKWARDEN
2026-07-30 11:28:17.426 -05:00 [INF] PC health: C: 77.4% used, 5 recent errors
2026-07-30 11:28:31.080 -05:00 [DBG] Heartbeat SYNAPSE
2026-07-30 11:28:31.080 -05:00 [DBG] Heartbeat TRADEWEAVER
2026-07-30 11:28:31.080 -05:00 [DBG] Heartbeat CASEBLADE
2026-07-30 11:28:31.080 -05:00 [DBG] Heartbeat PROX
2026-07-30 11:28:31.080 -05:00 [DBG] Heartbeat SENTINEL
2026-07-30 11:28:31.080 -05:00 [DBG] Heartbeat MARKETSCRYER
2026-07-30 11:28:31.080 -05:00 [DBG] Heartbeat SIGNALFORGE
2026-07-30 11:28:31.080 -05:00 [DBG] Heartbeat ORACLEVAULT
2026-07-30 11:28:31.080 -05:00 [DBG] Heartbeat RISKWARDEN
2026-07-30 11:29:31.080 -05:00 [DBG] Heartbeat SYNAPSE
2026-07-30 11:29:31.080 -05:00 [DBG] Heartbeat TRADEWEAVER
2026-07-30 11:29:31.080 -05:00 [DBG] Heartbeat CASEBLADE
2026-07-30 11:29:31.080 -05:00 [DBG] Heartbeat PROX
2026-07-30 11:29:31.080 -05:00 [DBG] Heartbeat SENTINEL
2026-07-30 11:29:31.080 -05:00 [DBG] Heartbeat MARKETSCRYER
2026-07-30 11:29:31.080 -05:00 [DBG] Heartbeat SIGNALFORGE
2026-07-30 11:29:31.080 -05:00 [DBG] Heartbeat ORACLEVAULT
2026-07-30 11:29:31.080 -05:00 [DBG] Heartbeat RISKWARDEN
2026-07-30 11:30:31.080 -05:00 [DBG] Heartbeat SYNAPSE
2026-07-30 11:30:31.080 -05:00 [DBG] Heartbeat TRADEWEAVER
2026-07-30 11:30:31.080 -05:00 [DBG] Heartbeat CASEBLADE
2026-07-30 11:30:31.080 -05:00 [DBG] Heartbeat PROX
2026-07-30 11:30:31.080 -05:00 [DBG] Heartbeat SENTINEL
2026-07-30 11:30:31.080 -05:00 [DBG] Heartbeat MARKETSCRYER
2026-07-30 11:30:31.080 -05:00 [DBG] Heartbeat SIGNALFORGE
2026-07-30 11:30:31.080 -05:00 [DBG] Heartbeat ORACLEVAULT
2026-07-30 11:30:31.080 -05:00 [DBG] Heartbeat RISKWARDEN
2026-07-30 11:31:31.080 -05:00 [DBG] Heartbeat SYNAPSE
2026-07-30 11:31:31.080 -05:00 [DBG] Heartbeat TRADEWEAVER
2026-07-30 11:31:31.080 -05:00 [DBG] Heartbeat CASEBLADE
2026-07-30 11:31:31.080 -05:00 [DBG] Heartbeat PROX
2026-07-30 11:31:31.080 -05:00 [DBG] Heartbeat SENTINEL
2026-07-30 11:31:31.080 -05:00 [DBG] Heartbeat MARKETSCRYER
2026-07-30 11:31:31.080 -05:00 [DBG] Heartbeat SIGNALFORGE
2026-07-30 11:31:31.080 -05:00 [DBG] Heartbeat ORACLEVAULT
2026-07-30 11:31:31.080 -05:00 [DBG] Heartbeat RISKWARDEN
2026-07-30 11:32:31.080 -05:00 [DBG] Heartbeat SYNAPSE
2026-07-30 11:32:31.081 -05:00 [DBG] Heartbeat TRADEWEAVER
2026-07-30 11:32:31.081 -05:00 [DBG] Heartbeat CASEBLADE
2026-07-30 11:32:31.081 -05:00 [DBG] Heartbeat PROX
2026-07-30 11:32:31.081 -05:00 [DBG] Heartbeat SENTINEL
2026-07-30 11:32:31.081 -05:00 [DBG] Heartbeat MARKETSCRYER
2026-07-30 11:32:31.081 -05:00 [DBG] Heartbeat SIGNALFORGE
2026-07-30 11:32:31.081 -05:00 [DBG] Heartbeat ORACLEVAULT
2026-07-30 11:32:31.081 -05:00 [DBG] Heartbeat RISKWARDEN
2026-07-30 11:33:31.081 -05:00 [DBG] Heartbeat SYNAPSE
2026-07-30 11:33:31.081 -05:00 [DBG] Heartbeat TRADEWEAVER
2026-07-30 11:33:31.081 -05:00 [DBG] Heartbeat CASEBLADE
2026-07-30 11:33:31.081 -05:00 [DBG] Heartbeat PROX
2026-07-30 11:33:31.081 -05:00 [DBG] Heartbeat SENTINEL
2026-07-30 11:33:31.081 -05:00 [DBG] Heartbeat MARKETSCRYER
2026-07-30 11:33:31.081 -05:00 [DBG] Heartbeat SIGNALFORGE
2026-07-30 11:33:31.081 -05:00 [DBG] Heartbeat ORACLEVAULT
2026-07-30 11:33:31.081 -05:00 [DBG] Heartbeat RISKWARDEN
2026-07-30 11:33:31.148 -05:00 [INF] PC health: C: 77.4% used, 5 recent errors
2026-07-30 11:34:31.081 -05:00 [DBG] Heartbeat SYNAPSE
2026-07-30 11:34:31.081 -05:00 [DBG] Heartbeat TRADEWEAVER
2026-07-30 11:34:31.081 -05:00 [DBG] Heartbeat CASEBLADE
2026-07-30 11:34:31.081 -05:00 [DBG] Heartbeat PROX
2026-07-30 11:34:31.081 -05:00 [DBG] Heartbeat SENTINEL
2026-07-30 11:34:31.081 -05:00 [DBG] Heartbeat MARKETSCRYER
2026-07-30 11:34:31.081 -05:00 [DBG] Heartbeat SIGNALFORGE
2026-07-30 11:34:31.081 -05:00 [DBG] Heartbeat ORACLEVAULT
2026-07-30 11:34:31.081 -05:00 [DBG] Heartbeat RISKWARDEN
2026-07-30 11:35:31.081 -05:00 [DBG] Heartbeat SYNAPSE
2026-07-30 11:35:31.081 -05:00 [DBG] Heartbeat TRADEWEAVER
2026-07-30 11:35:31.081 -05:00 [DBG] Heartbeat CASEBLADE
2026-07-30 11:35:31.081 -05:00 [DBG] Heartbeat PROX
2026-07-30 11:35:31.081 -05:00 [DBG] Heartbeat SENTINEL
2026-07-30 11:35:31.081 -05:00 [DBG] Heartbeat MARKETSCRYER
2026-07-30 11:35:31.081 -05:00 [DBG] Heartbeat SIGNALFORGE
2026-07-30 11:35:31.081 -05:00 [DBG] Heartbeat ORACLEVAULT
2026-07-30 11:35:31.081 -05:00 [DBG] Heartbeat RISKWARDEN
2026-07-30 11:36:31.081 -05:00 [DBG] Heartbeat SYNAPSE
2026-07-30 11:36:31.081 -05:00 [DBG] Heartbeat TRADEWEAVER
2026-07-30 11:36:31.081 -05:00 [DBG] Heartbeat CASEBLADE
2026-07-30 11:36:31.081 -05:00 [DBG] Heartbeat PROX
2026-07-30 11:36:31.081 -05:00 [DBG] Heartbeat SENTINEL
2026-07-30 11:36:31.081 -05:00 [DBG] Heartbeat MARKETSCRYER
2026-07-30 11:36:31.081 -05:00 [DBG] Heartbeat SIGNALFORGE
2026-07-30 11:36:31.081 -05:00 [DBG] Heartbeat ORACLEVAULT
2026-07-30 11:36:31.081 -05:00 [DBG] Heartbeat RISKWARDEN
2026-07-30 11:37:31.081 -05:00 [DBG] Heartbeat SYNAPSE
2026-07-30 11:37:31.081 -05:00 [DBG] Heartbeat TRADEWEAVER
2026-07-30 11:37:31.081 -05:00 [DBG] Heartbeat CASEBLADE
2026-07-30 11:37:31.081 -05:00 [DBG] Heartbeat PROX
2026-07-30 11:37:31.081 -05:00 [DBG] Heartbeat SENTINEL
2026-07-30 11:37:31.081 -05:00 [DBG] Heartbeat MARKETSCRYER
2026-07-30 11:37:31.081 -05:00 [DBG] Heartbeat SIGNALFORGE
2026-07-30 11:37:31.081 -05:00 [DBG] Heartbeat ORACLEVAULT
2026-07-30 11:37:31.081 -05:00 [DBG] Heartbeat RISKWARDEN
2026-07-30 11:38:31.081 -05:00 [DBG] Heartbeat SYNAPSE
2026-07-30 11:38:31.081 -05:00 [DBG] Heartbeat TRADEWEAVER
2026-07-30 11:38:31.081 -05:00 [DBG] Heartbeat CASEBLADE
2026-07-30 11:38:31.081 -05:00 [DBG] Heartbeat PROX
2026-07-30 11:38:31.081 -05:00 [DBG] Heartbeat SENTINEL
2026-07-30 11:38:31.081 -05:00 [DBG] Heartbeat MARKETSCRYER
2026-07-30 11:38:31.081 -05:00 [DBG] Heartbeat SIGNALFORGE
2026-07-30 11:38:31.081 -05:00 [DBG] Heartbeat ORACLEVAULT
2026-07-30 11:38:31.081 -05:00 [DBG] Heartbeat RISKWARDEN
2026-07-30 11:38:44.699 -05:00 [INF] PC health: C: 77.4% used, 5 recent errors
2026-07-30 11:39:31.082 -05:00 [DBG] Heartbeat SYNAPSE
2026-07-30 11:39:31.082 -05:00 [DBG] Heartbeat TRADEWEAVER
2026-07-30 11:39:31.082 -05:00 [DBG] Heartbeat CASEBLADE
2026-07-30 11:39:31.082 -05:00 [DBG] Heartbeat PROX
2026-07-30 11:39:31.082 -05:00 [DBG] Heartbeat SENTINEL
2026-07-30 11:39:31.082 -05:00 [DBG] Heartbeat MARKETSCRYER
2026-07-30 11:39:31.082 -05:00 [DBG] Heartbeat SIGNALFORGE
2026-07-30 11:39:31.082 -05:00 [DBG] Heartbeat ORACLEVAULT
2026-07-30 11:39:31.082 -05:00 [DBG] Heartbeat RISKWARDEN
2026-07-30 11:40:31.082 -05:00 [DBG] Heartbeat SYNAPSE
2026-07-30 11:40:31.082 -05:00 [DBG] Heartbeat TRADEWEAVER
2026-07-30 11:40:31.082 -05:00 [DBG] Heartbeat CASEBLADE
2026-07-30 11:40:31.082 -05:00 [DBG] Heartbeat PROX
2026-07-30 11:40:31.082 -05:00 [DBG] Heartbeat SENTINEL
2026-07-30 11:40:31.082 -05:00 [DBG] Heartbeat MARKETSCRYER
2026-07-30 11:40:31.082 -05:00 [DBG] Heartbeat SIGNALFORGE
2026-07-30 11:40:31.082 -05:00 [DBG] Heartbeat ORACLEVAULT
2026-07-30 11:40:31.082 -05:00 [DBG] Heartbeat RISKWARDEN
2026-07-30 11:41:31.082 -05:00 [DBG] Heartbeat SYNAPSE
2026-07-30 11:41:31.082 -05:00 [DBG] Heartbeat TRADEWEAVER
2026-07-30 11:41:31.082 -05:00 [DBG] Heartbeat CASEBLADE
2026-07-30 11:41:31.082 -05:00 [DBG] Heartbeat PROX
2026-07-30 11:41:31.082 -05:00 [DBG] Heartbeat SENTINEL
2026-07-30 11:41:31.082 -05:00 [DBG] Heartbeat MARKETSCRYER
2026-07-30 11:41:31.082 -05:00 [DBG] Heartbeat SIGNALFORGE
2026-07-30 11:41:31.082 -05:00 [DBG] Heartbeat ORACLEVAULT
2026-07-30 11:41:31.082 -05:00 [DBG] Heartbeat RISKWARDEN
2026-07-30 11:42:31.082 -05:00 [DBG] Heartbeat SYNAPSE
2026-07-30 11:42:31.082 -05:00 [DBG] Heartbeat TRADEWEAVER
2026-07-30 11:42:31.082 -05:00 [DBG] Heartbeat CASEBLADE
2026-07-30 11:42:31.082 -05:00 [DBG] Heartbeat PROX
2026-07-30 11:42:31.082 -05:00 [DBG] Heartbeat SENTINEL
2026-07-30 11:42:31.082 -05:00 [DBG] Heartbeat MARKETSCRYER
2026-07-30 11:42:31.082 -05:00 [DBG] Heartbeat SIGNALFORGE
2026-07-30 11:42:31.082 -05:00 [DBG] Heartbeat ORACLEVAULT
2026-07-30 11:42:31.082 -05:00 [DBG] Heartbeat RISKWARDEN
2026-07-30 11:43:31.082 -05:00 [DBG] Heartbeat SYNAPSE
2026-07-30 11:43:31.082 -05:00 [DBG] Heartbeat TRADEWEAVER
2026-07-30 11:43:31.082 -05:00 [DBG] Heartbeat CASEBLADE
2026-07-30 11:43:31.082 -05:00 [DBG] Heartbeat PROX
2026-07-30 11:43:31.082 -05:00 [DBG] Heartbeat SENTINEL
2026-07-30 11:43:31.082 -05:00 [DBG] Heartbeat MARKETSCRYER
2026-07-30 11:43:31.082 -05:00 [DBG] Heartbeat SIGNALFORGE
2026-07-30 11:43:31.082 -05:00 [DBG] Heartbeat ORACLEVAULT
2026-07-30 11:43:31.082 -05:00 [DBG] Heartbeat RISKWARDEN
2026-07-30 11:43:58.293 -05:00 [INF] PC health: C: 77.4% used, 5 recent errors
2026-07-30 11:44:31.082 -05:00 [DBG] Heartbeat SYNAPSE
2026-07-30 11:44:31.082 -05:00 [DBG] Heartbeat TRADEWEAVER
2026-07-30 11:44:31.082 -05:00 [DBG] Heartbeat CASEBLADE
2026-07-30 11:44:31.082 -05:00 [DBG] Heartbeat PROX
2026-07-30 11:44:31.082 -05:00 [DBG] Heartbeat SENTINEL
2026-07-30 11:44:31.082 -05:00 [DBG] Heartbeat MARKETSCRYER
2026-07-30 11:44:31.082 -05:00 [DBG] Heartbeat SIGNALFORGE
2026-07-30 11:44:31.082 -05:00 [DBG] Heartbeat ORACLEVAULT
2026-07-30 11:44:31.082 -05:00 [DBG] Heartbeat RISKWARDEN
2026-07-30 11:45:31.083 -05:00 [DBG] Heartbeat SYNAPSE
2026-07-30 11:45:31.083 -05:00 [DBG] Heartbeat TRADEWEAVER
2026-07-30 11:45:31.083 -05:00 [DBG] Heartbeat CASEBLADE
2026-07-30 11:45:31.083 -05:00 [DBG] Heartbeat PROX
2026-07-30 11:45:31.083 -05:00 [DBG] Heartbeat SENTINEL
2026-07-30 11:45:31.083 -05:00 [DBG] Heartbeat MARKETSCRYER
2026-07-30 11:45:31.083 -05:00 [DBG] Heartbeat SIGNALFORGE
2026-07-30 11:45:31.083 -05:00 [DBG] Heartbeat ORACLEVAULT
2026-07-30 11:45:31.083 -05:00 [DBG] Heartbeat RISKWARDEN
2026-07-30 11:46:31.083 -05:00 [DBG] Heartbeat SYNAPSE
2026-07-30 11:46:31.083 -05:00 [DBG] Heartbeat TRADEWEAVER
2026-07-30 11:46:31.083 -05:00 [DBG] Heartbeat CASEBLADE
2026-07-30 11:46:31.083 -05:00 [DBG] Heartbeat PROX
2026-07-30 11:46:31.083 -05:00 [DBG] Heartbeat SENTINEL
2026-07-30 11:46:31.083 -05:00 [DBG] Heartbeat MARKETSCRYER
2026-07-30 11:46:31.083 -05:00 [DBG] Heartbeat SIGNALFORGE
2026-07-30 11:46:31.083 -05:00 [DBG] Heartbeat ORACLEVAULT
2026-07-30 11:46:31.083 -05:00 [DBG] Heartbeat RISKWARDEN
2026-07-30 11:47:31.083 -05:00 [DBG] Heartbeat SYNAPSE
2026-07-30 11:47:31.083 -05:00 [DBG] Heartbeat TRADEWEAVER
2026-07-30 11:47:31.083 -05:00 [DBG] Heartbeat CASEBLADE
2026-07-30 11:47:31.083 -05:00 [DBG] Heartbeat PROX
2026-07-30 11:47:31.083 -05:00 [DBG] Heartbeat SENTINEL
2026-07-30 11:47:31.083 -05:00 [DBG] Heartbeat MARKETSCRYER
2026-07-30 11:47:31.083 -05:00 [DBG] Heartbeat SIGNALFORGE
2026-07-30 11:47:31.083 -05:00 [DBG] Heartbeat ORACLEVAULT
2026-07-30 11:47:31.083 -05:00 [DBG] Heartbeat RISKWARDEN
2026-07-30 11:48:31.083 -05:00 [DBG] Heartbeat SYNAPSE
2026-07-30 11:48:31.083 -05:00 [DBG] Heartbeat TRADEWEAVER
2026-07-30 11:48:31.083 -05:00 [DBG] Heartbeat CASEBLADE
2026-07-30 11:48:31.083 -05:00 [DBG] Heartbeat PROX
2026-07-30 11:48:31.083 -05:00 [DBG] Heartbeat SENTINEL
2026-07-30 11:48:31.083 -05:00 [DBG] Heartbeat MARKETSCRYER
2026-07-30 11:48:31.083 -05:00 [DBG] Heartbeat SIGNALFORGE
2026-07-30 11:48:31.083 -05:00 [DBG] Heartbeat ORACLEVAULT
2026-07-30 11:48:31.083 -05:00 [DBG] Heartbeat RISKWARDEN
2026-07-30 11:49:11.952 -05:00 [INF] PC health: C: 77.4% used, 5 recent errors
2026-07-30 11:49:31.084 -05:00 [DBG] Heartbeat SYNAPSE
2026-07-30 11:49:31.084 -05:00 [DBG] Heartbeat TRADEWEAVER
2026-07-30 11:49:31.084 -05:00 [DBG] Heartbeat CASEBLADE
2026-07-30 11:49:31.084 -05:00 [DBG] Heartbeat PROX
2026-07-30 11:49:31.084 -05:00 [DBG] Heartbeat SENTINEL
2026-07-30 11:49:31.084 -05:00 [DBG] Heartbeat MARKETSCRYER
2026-07-30 11:49:31.084 -05:00 [DBG] Heartbeat SIGNALFORGE
2026-07-30 11:49:31.084 -05:00 [DBG] Heartbeat ORACLEVAULT
2026-07-30 11:49:31.084 -05:00 [DBG] Heartbeat RISKWARDEN
2026-07-30 11:50:31.083 -05:00 [DBG] Heartbeat SYNAPSE
2026-07-30 11:50:31.083 -05:00 [DBG] Heartbeat TRADEWEAVER
2026-07-30 11:50:31.084 -05:00 [DBG] Heartbeat CASEBLADE
2026-07-30 11:50:31.084 -05:00 [DBG] Heartbeat PROX
2026-07-30 11:50:31.084 -05:00 [DBG] Heartbeat SENTINEL
2026-07-30 11:50:31.084 -05:00 [DBG] Heartbeat MARKETSCRYER
2026-07-30 11:50:31.084 -05:00 [DBG] Heartbeat SIGNALFORGE
2026-07-30 11:50:31.084 -05:00 [DBG] Heartbeat ORACLEVAULT
2026-07-30 11:50:31.084 -05:00 [DBG] Heartbeat RISKWARDEN
2026-07-30 11:51:31.083 -05:00 [DBG] Heartbeat SYNAPSE
2026-07-30 11:51:31.083 -05:00 [DBG] Heartbeat TRADEWEAVER
2026-07-30 11:51:31.083 -05:00 [DBG] Heartbeat CASEBLADE
2026-07-30 11:51:31.083 -05:00 [DBG] Heartbeat PROX
2026-07-30 11:51:31.083 -05:00 [DBG] Heartbeat SENTINEL
2026-07-30 11:51:31.083 -05:00 [DBG] Heartbeat MARKETSCRYER
2026-07-30 11:51:31.083 -05:00 [DBG] Heartbeat SIGNALFORGE
2026-07-30 11:51:31.083 -05:00 [DBG] Heartbeat ORACLEVAULT
2026-07-30 11:51:31.083 -05:00 [DBG] Heartbeat RISKWARDEN
2026-07-30 11:52:31.083 -05:00 [DBG] Heartbeat SYNAPSE
2026-07-30 11:52:31.083 -05:00 [DBG] Heartbeat TRADEWEAVER
2026-07-30 11:52:31.083 -05:00 [DBG] Heartbeat CASEBLADE
2026-07-30 11:52:31.083 -05:00 [DBG] Heartbeat PROX
2026-07-30 11:52:31.083 -05:00 [DBG] Heartbeat SENTINEL
2026-07-30 11:52:31.083 -05:00 [DBG] Heartbeat MARKETSCRYER
2026-07-30 11:52:31.083 -05:00 [DBG] Heartbeat SIGNALFORGE
2026-07-30 11:52:31.083 -05:00 [DBG] Heartbeat ORACLEVAULT
2026-07-30 11:52:31.083 -05:00 [DBG] Heartbeat RISKWARDEN
2026-07-30 11:53:31.083 -05:00 [DBG] Heartbeat SYNAPSE
2026-07-30 11:53:31.083 -05:00 [DBG] Heartbeat TRADEWEAVER
2026-07-30 11:53:31.083 -05:00 [DBG] Heartbeat CASEBLADE
2026-07-30 11:53:31.083 -05:00 [DBG] Heartbeat PROX
2026-07-30 11:53:31.083 -05:00 [DBG] Heartbeat SENTINEL
2026-07-30 11:53:31.083 -05:00 [DBG] Heartbeat MARKETSCRYER
2026-07-30 11:53:31.083 -05:00 [DBG] Heartbeat SIGNALFORGE
2026-07-30 11:53:31.083 -05:00 [DBG] Heartbeat ORACLEVAULT
2026-07-30 11:53:31.083 -05:00 [DBG] Heartbeat RISKWARDEN
2026-07-30 11:54:25.658 -05:00 [INF] PC health: C: 77.4% used, 5 recent errors
2026-07-30 11:54:31.083 -05:00 [DBG] Heartbeat SYNAPSE
2026-07-30 11:54:31.083 -05:00 [DBG] Heartbeat TRADEWEAVER
2026-07-30 11:54:31.083 -05:00 [DBG] Heartbeat CASEBLADE
2026-07-30 11:54:31.083 -05:00 [DBG] Heartbeat PROX
2026-07-30 11:54:31.083 -05:00 [DBG] Heartbeat SENTINEL
2026-07-30 11:54:31.083 -05:00 [DBG] Heartbeat MARKETSCRYER
2026-07-30 11:54:31.083 -05:00 [DBG] Heartbeat SIGNALFORGE
2026-07-30 11:54:31.083 -05:00 [DBG] Heartbeat ORACLEVAULT
2026-07-30 11:54:31.083 -05:00 [DBG] Heartbeat RISKWARDEN
2026-07-30 11:55:31.083 -05:00 [DBG] Heartbeat SYNAPSE
2026-07-30 11:55:31.083 -05:00 [DBG] Heartbeat TRADEWEAVER
2026-07-30 11:55:31.083 -05:00 [DBG] Heartbeat CASEBLADE
2026-07-30 11:55:31.083 -05:00 [DBG] Heartbeat PROX
2026-07-30 11:55:31.083 -05:00 [DBG] Heartbeat SENTINEL
2026-07-30 11:55:31.083 -05:00 [DBG] Heartbeat MARKETSCRYER
2026-07-30 11:55:31.083 -05:00 [DBG] Heartbeat SIGNALFORGE
2026-07-30 11:55:31.083 -05:00 [DBG] Heartbeat ORACLEVAULT
2026-07-30 11:55:31.083 -05:00 [DBG] Heartbeat RISKWARDEN
2026-07-30 11:56:31.083 -05:00 [DBG] Heartbeat SYNAPSE
2026-07-30 11:56:31.083 -05:00 [DBG] Heartbeat TRADEWEAVER
2026-07-30 11:56:31.083 -05:00 [DBG] Heartbeat CASEBLADE
2026-07-30 11:56:31.083 -05:00 [DBG] Heartbeat PROX
2026-07-30 11:56:31.083 -05:00 [DBG] Heartbeat SENTINEL
2026-07-30 11:56:31.083 -05:00 [DBG] Heartbeat MARKETSCRYER
2026-07-30 11:56:31.083 -05:00 [DBG] Heartbeat SIGNALFORGE
2026-07-30 11:56:31.083 -05:00 [DBG] Heartbeat ORACLEVAULT
2026-07-30 11:56:31.083 -05:00 [DBG] Heartbeat RISKWARDEN
2026-07-30 11:57:31.083 -05:00 [DBG] Heartbeat SYNAPSE
2026-07-30 11:57:31.083 -05:00 [DBG] Heartbeat TRADEWEAVER
2026-07-30 11:57:31.083 -05:00 [DBG] Heartbeat CASEBLADE
2026-07-30 11:57:31.083 -05:00 [DBG] Heartbeat PROX
2026-07-30 11:57:31.083 -05:00 [DBG] Heartbeat SENTINEL
2026-07-30 11:57:31.083 -05:00 [DBG] Heartbeat MARKETSCRYER
2026-07-30 11:57:31.083 -05:00 [DBG] Heartbeat SIGNALFORGE
2026-07-30 11:57:31.083 -05:00 [DBG] Heartbeat ORACLEVAULT
2026-07-30 11:57:31.083 -05:00 [DBG] Heartbeat RISKWARDEN
2026-07-30 11:58:31.083 -05:00 [DBG] Heartbeat SYNAPSE
2026-07-30 11:58:31.083 -05:00 [DBG] Heartbeat TRADEWEAVER
2026-07-30 11:58:31.083 -05:00 [DBG] Heartbeat CASEBLADE
2026-07-30 11:58:31.083 -05:00 [DBG] Heartbeat PROX
2026-07-30 11:58:31.083 -05:00 [DBG] Heartbeat SENTINEL
2026-07-30 11:58:31.083 -05:00 [DBG] Heartbeat MARKETSCRYER
2026-07-30 11:58:31.083 -05:00 [DBG] Heartbeat SIGNALFORGE
2026-07-30 11:58:31.083 -05:00 [DBG] Heartbeat ORACLEVAULT
2026-07-30 11:58:31.083 -05:00 [DBG] Heartbeat RISKWARDEN
2026-07-30 11:59:31.083 -05:00 [DBG] Heartbeat SYNAPSE
2026-07-30 11:59:31.083 -05:00 [DBG] Heartbeat TRADEWEAVER
2026-07-30 11:59:31.083 -05:00 [DBG] Heartbeat CASEBLADE
2026-07-30 11:59:31.083 -05:00 [DBG] Heartbeat PROX
2026-07-30 11:59:31.083 -05:00 [DBG] Heartbeat SENTINEL
2026-07-30 11:59:31.083 -05:00 [DBG] Heartbeat MARKETSCRYER
2026-07-30 11:59:31.083 -05:00 [DBG] Heartbeat SIGNALFORGE
2026-07-30 11:59:31.083 -05:00 [DBG] Heartbeat ORACLEVAULT
2026-07-30 11:59:31.083 -05:00 [DBG] Heartbeat RISKWARDEN
2026-07-30 11:59:39.279 -05:00 [INF] PC health: C: 77.4% used, 5 recent errors
2026-07-30 12:00:31.084 -05:00 [DBG] Heartbeat SYNAPSE
2026-07-30 12:00:31.084 -05:00 [DBG] Heartbeat TRADEWEAVER
2026-07-30 12:00:31.084 -05:00 [DBG] Heartbeat CASEBLADE
2026-07-30 12:00:31.084 -05:00 [DBG] Heartbeat PROX
2026-07-30 12:00:31.084 -05:00 [DBG] Heartbeat SENTINEL
2026-07-30 12:00:31.084 -05:00 [DBG] Heartbeat MARKETSCRYER
2026-07-30 12:00:31.084 -05:00 [DBG] Heartbeat SIGNALFORGE
2026-07-30 12:00:31.084 -05:00 [DBG] Heartbeat ORACLEVAULT
2026-07-30 12:00:31.084 -05:00 [DBG] Heartbeat RISKWARDEN
2026-07-30 12:01:31.083 -05:00 [DBG] Heartbeat SYNAPSE
2026-07-30 12:01:31.083 -05:00 [DBG] Heartbeat TRADEWEAVER
2026-07-30 12:01:31.083 -05:00 [DBG] Heartbeat CASEBLADE
2026-07-30 12:01:31.083 -05:00 [DBG] Heartbeat PROX
2026-07-30 12:01:31.083 -05:00 [DBG] Heartbeat SENTINEL
2026-07-30 12:01:31.083 -05:00 [DBG] Heartbeat MARKETSCRYER
2026-07-30 12:01:31.083 -05:00 [DBG] Heartbeat SIGNALFORGE
2026-07-30 12:01:31.083 -05:00 [DBG] Heartbeat ORACLEVAULT
2026-07-30 12:01:31.083 -05:00 [DBG] Heartbeat RISKWARDEN
2026-07-30 12:02:31.084 -05:00 [DBG] Heartbeat SYNAPSE
2026-07-30 12:02:31.084 -05:00 [DBG] Heartbeat TRADEWEAVER
2026-07-30 12:02:31.084 -05:00 [DBG] Heartbeat CASEBLADE
2026-07-30 12:02:31.084 -05:00 [DBG] Heartbeat PROX
2026-07-30 12:02:31.084 -05:00 [DBG] Heartbeat SENTINEL
2026-07-30 12:02:31.084 -05:00 [DBG] Heartbeat MARKETSCRYER
2026-07-30 12:02:31.084 -05:00 [DBG] Heartbeat SIGNALFORGE
2026-07-30 12:02:31.084 -05:00 [DBG] Heartbeat ORACLEVAULT
2026-07-30 12:02:31.084 -05:00 [DBG] Heartbeat RISKWARDEN
2026-07-30 12:03:31.084 -05:00 [DBG] Heartbeat SYNAPSE
2026-07-30 12:03:31.084 -05:00 [DBG] Heartbeat TRADEWEAVER
2026-07-30 12:03:31.084 -05:00 [DBG] Heartbeat CASEBLADE
2026-07-30 12:03:31.084 -05:00 [DBG] Heartbeat PROX
2026-07-30 12:03:31.084 -05:00 [DBG] Heartbeat SENTINEL
2026-07-30 12:03:31.084 -05:00 [DBG] Heartbeat MARKETSCRYER
2026-07-30 12:03:31.084 -05:00 [DBG] Heartbeat SIGNALFORGE
2026-07-30 12:03:31.084 -05:00 [DBG] Heartbeat ORACLEVAULT
2026-07-30 12:03:31.084 -05:00 [DBG] Heartbeat RISKWARDEN
2026-07-30 12:04:31.085 -05:00 [DBG] Heartbeat SYNAPSE
2026-07-30 12:04:31.085 -05:00 [DBG] Heartbeat TRADEWEAVER
2026-07-30 12:04:31.085 -05:00 [DBG] Heartbeat CASEBLADE
2026-07-30 12:04:31.085 -05:00 [DBG] Heartbeat PROX
2026-07-30 12:04:31.085 -05:00 [DBG] Heartbeat SENTINEL
2026-07-30 12:04:31.085 -05:00 [DBG] Heartbeat MARKETSCRYER
2026-07-30 12:04:31.085 -05:00 [DBG] Heartbeat SIGNALFORGE
2026-07-30 12:04:31.085 -05:00 [DBG] Heartbeat ORACLEVAULT
2026-07-30 12:04:31.085 -05:00 [DBG] Heartbeat RISKWARDEN
2026-07-30 12:04:52.775 -05:00 [INF] PC health: C: 77.4% used, 5 recent errors
2026-07-30 12:05:31.084 -05:00 [DBG] Heartbeat SYNAPSE
2026-07-30 12:05:31.084 -05:00 [DBG] Heartbeat TRADEWEAVER
2026-07-30 12:05:31.084 -05:00 [DBG] Heartbeat CASEBLADE
2026-07-30 12:05:31.084 -05:00 [DBG] Heartbeat PROX
2026-07-30 12:05:31.084 -05:00 [DBG] Heartbeat SENTINEL
2026-07-30 12:05:31.084 -05:00 [DBG] Heartbeat MARKETSCRYER
2026-07-30 12:05:31.084 -05:00 [DBG] Heartbeat SIGNALFORGE
2026-07-30 12:05:31.084 -05:00 [DBG] Heartbeat ORACLEVAULT
2026-07-30 12:05:31.084 -05:00 [DBG] Heartbeat RISKWARDEN
2026-07-30 12:06:31.084 -05:00 [DBG] Heartbeat SYNAPSE
2026-07-30 12:06:31.084 -05:00 [DBG] Heartbeat TRADEWEAVER
2026-07-30 12:06:31.084 -05:00 [DBG] Heartbeat CASEBLADE
2026-07-30 12:06:31.084 -05:00 [DBG] Heartbeat PROX
2026-07-30 12:06:31.084 -05:00 [DBG] Heartbeat SENTINEL
2026-07-30 12:06:31.084 -05:00 [DBG] Heartbeat MARKETSCRYER
2026-07-30 12:06:31.084 -05:00 [DBG] Heartbeat SIGNALFORGE
2026-07-30 12:06:31.084 -05:00 [DBG] Heartbeat ORACLEVAULT
2026-07-30 12:06:31.084 -05:00 [DBG] Heartbeat RISKWARDEN
2026-07-30 12:07:31.084 -05:00 [DBG] Heartbeat SYNAPSE
2026-07-30 12:07:31.084 -05:00 [DBG] Heartbeat TRADEWEAVER
2026-07-30 12:07:31.084 -05:00 [DBG] Heartbeat CASEBLADE
2026-07-30 12:07:31.084 -05:00 [DBG] Heartbeat PROX
2026-07-30 12:07:31.084 -05:00 [DBG] Heartbeat SENTINEL
2026-07-30 12:07:31.084 -05:00 [DBG] Heartbeat MARKETSCRYER
2026-07-30 12:07:31.084 -05:00 [DBG] Heartbeat SIGNALFORGE
2026-07-30 12:07:31.084 -05:00 [DBG] Heartbeat ORACLEVAULT
2026-07-30 12:07:31.084 -05:00 [DBG] Heartbeat RISKWARDEN
2026-07-30 12:08:31.083 -05:00 [DBG] Heartbeat SYNAPSE
2026-07-30 12:08:31.083 -05:00 [DBG] Heartbeat TRADEWEAVER
2026-07-30 12:08:31.083 -05:00 [DBG] Heartbeat CASEBLADE
2026-07-30 12:08:31.083 -05:00 [DBG] Heartbeat PROX
2026-07-30 12:08:31.083 -05:00 [DBG] Heartbeat SENTINEL
2026-07-30 12:08:31.083 -05:00 [DBG] Heartbeat MARKETSCRYER
2026-07-30 12:08:31.083 -05:00 [DBG] Heartbeat SIGNALFORGE
2026-07-30 12:08:31.083 -05:00 [DBG] Heartbeat ORACLEVAULT
2026-07-30 12:08:31.083 -05:00 [DBG] Heartbeat RISKWARDEN
2026-07-30 12:09:31.083 -05:00 [DBG] Heartbeat SYNAPSE
2026-07-30 12:09:31.083 -05:00 [DBG] Heartbeat TRADEWEAVER
2026-07-30 12:09:31.083 -05:00 [DBG] Heartbeat CASEBLADE
2026-07-30 12:09:31.083 -05:00 [DBG] Heartbeat PROX
2026-07-30 12:09:31.083 -05:00 [DBG] Heartbeat SENTINEL
2026-07-30 12:09:31.084 -05:00 [DBG] Heartbeat MARKETSCRYER
2026-07-30 12:09:31.084 -05:00 [DBG] Heartbeat SIGNALFORGE
2026-07-30 12:09:31.084 -05:00 [DBG] Heartbeat ORACLEVAULT
2026-07-30 12:09:31.084 -05:00 [DBG] Heartbeat RISKWARDEN
2026-07-30 12:10:06.309 -05:00 [INF] PC health: C: 77.4% used, 5 recent errors
2026-07-30 12:10:31.083 -05:00 [DBG] Heartbeat SYNAPSE
2026-07-30 12:10:31.083 -05:00 [DBG] Heartbeat TRADEWEAVER
2026-07-30 12:10:31.083 -05:00 [DBG] Heartbeat CASEBLADE
2026-07-30 12:10:31.083 -05:00 [DBG] Heartbeat PROX
2026-07-30 12:10:31.083 -05:00 [DBG] Heartbeat SENTINEL
2026-07-30 12:10:31.083 -05:00 [DBG] Heartbeat MARKETSCRYER
2026-07-30 12:10:31.083 -05:00 [DBG] Heartbeat SIGNALFORGE
2026-07-30 12:10:31.083 -05:00 [DBG] Heartbeat ORACLEVAULT
2026-07-30 12:10:31.083 -05:00 [DBG] Heartbeat RISKWARDEN
2026-07-30 12:11:31.083 -05:00 [DBG] Heartbeat SYNAPSE
2026-07-30 12:11:31.083 -05:00 [DBG] Heartbeat TRADEWEAVER
2026-07-30 12:11:31.083 -05:00 [DBG] Heartbeat CASEBLADE
2026-07-30 12:11:31.083 -05:00 [DBG] Heartbeat PROX
2026-07-30 12:11:31.083 -05:00 [DBG] Heartbeat SENTINEL
2026-07-30 12:11:31.083 -05:00 [DBG] Heartbeat MARKETSCRYER
2026-07-30 12:11:31.083 -05:00 [DBG] Heartbeat SIGNALFORGE
2026-07-30 12:11:31.083 -05:00 [DBG] Heartbeat ORACLEVAULT
2026-07-30 12:11:31.083 -05:00 [DBG] Heartbeat RISKWARDEN
2026-07-30 12:12:31.084 -05:00 [DBG] Heartbeat SYNAPSE
2026-07-30 12:12:31.084 -05:00 [DBG] Heartbeat TRADEWEAVER
2026-07-30 12:12:31.084 -05:00 [DBG] Heartbeat CASEBLADE
2026-07-30 12:12:31.084 -05:00 [DBG] Heartbeat PROX
2026-07-30 12:12:31.084 -05:00 [DBG] Heartbeat SENTINEL
2026-07-30 12:12:31.084 -05:00 [DBG] Heartbeat MARKETSCRYER
2026-07-30 12:12:31.084 -05:00 [DBG] Heartbeat SIGNALFORGE
2026-07-30 12:12:31.084 -05:00 [DBG] Heartbeat ORACLEVAULT
2026-07-30 12:12:31.084 -05:00 [DBG] Heartbeat RISKWARDEN
2026-07-30 12:13:31.085 -05:00 [DBG] Heartbeat SYNAPSE
2026-07-30 12:13:31.085 -05:00 [DBG] Heartbeat TRADEWEAVER
2026-07-30 12:13:31.085 -05:00 [DBG] Heartbeat CASEBLADE
2026-07-30 12:13:31.085 -05:00 [DBG] Heartbeat PROX
2026-07-30 12:13:31.085 -05:00 [DBG] Heartbeat SENTINEL
2026-07-30 12:13:31.085 -05:00 [DBG] Heartbeat MARKETSCRYER
2026-07-30 12:13:31.085 -05:00 [DBG] Heartbeat SIGNALFORGE
2026-07-30 12:13:31.085 -05:00 [DBG] Heartbeat ORACLEVAULT
2026-07-30 12:13:31.085 -05:00 [DBG] Heartbeat RISKWARDEN
2026-07-30 12:14:31.084 -05:00 [DBG] Heartbeat SYNAPSE
2026-07-30 12:14:31.084 -05:00 [DBG] Heartbeat TRADEWEAVER
2026-07-30 12:14:31.084 -05:00 [DBG] Heartbeat CASEBLADE
2026-07-30 12:14:31.084 -05:00 [DBG] Heartbeat PROX
2026-07-30 12:14:31.084 -05:00 [DBG] Heartbeat SENTINEL
2026-07-30 12:14:31.084 -05:00 [DBG] Heartbeat MARKETSCRYER
2026-07-30 12:14:31.084 -05:00 [DBG] Heartbeat SIGNALFORGE
2026-07-30 12:14:31.084 -05:00 [DBG] Heartbeat ORACLEVAULT
2026-07-30 12:14:31.084 -05:00 [DBG] Heartbeat RISKWARDEN
2026-07-30 12:15:19.925 -05:00 [INF] PC health: C: 77.4% used, 5 recent errors
2026-07-30 12:15:31.084 -05:00 [DBG] Heartbeat SYNAPSE
2026-07-30 12:15:31.084 -05:00 [DBG] Heartbeat TRADEWEAVER
2026-07-30 12:15:31.084 -05:00 [DBG] Heartbeat CASEBLADE
2026-07-30 12:15:31.084 -05:00 [DBG] Heartbeat PROX
2026-07-30 12:15:31.084 -05:00 [DBG] Heartbeat SENTINEL
2026-07-30 12:15:31.084 -05:00 [DBG] Heartbeat MARKETSCRYER
2026-07-30 12:15:31.084 -05:00 [DBG] Heartbeat SIGNALFORGE
2026-07-30 12:15:31.084 -05:00 [DBG] Heartbeat ORACLEVAULT
2026-07-30 12:15:31.084 -05:00 [DBG] Heartbeat RISKWARDEN
2026-07-30 12:16:31.084 -05:00 [DBG] Heartbeat SYNAPSE
2026-07-30 12:16:31.084 -05:00 [DBG] Heartbeat TRADEWEAVER
2026-07-30 12:16:31.084 -05:00 [DBG] Heartbeat CASEBLADE
2026-07-30 12:16:31.084 -05:00 [DBG] Heartbeat PROX
2026-07-30 12:16:31.084 -05:00 [DBG] Heartbeat SENTINEL
2026-07-30 12:16:31.084 -05:00 [DBG] Heartbeat MARKETSCRYER
2026-07-30 12:16:31.084 -05:00 [DBG] Heartbeat SIGNALFORGE
2026-07-30 12:16:31.084 -05:00 [DBG] Heartbeat ORACLEVAULT
2026-07-30 12:16:31.084 -05:00 [DBG] Heartbeat RISKWARDEN
2026-07-30 12:17:31.084 -05:00 [DBG] Heartbeat SYNAPSE
2026-07-30 12:17:31.084 -05:00 [DBG] Heartbeat TRADEWEAVER
2026-07-30 12:17:31.084 -05:00 [DBG] Heartbeat CASEBLADE
2026-07-30 12:17:31.084 -05:00 [DBG] Heartbeat PROX
2026-07-30 12:17:31.084 -05:00 [DBG] Heartbeat SENTINEL
2026-07-30 12:17:31.084 -05:00 [DBG] Heartbeat MARKETSCRYER
2026-07-30 12:17:31.084 -05:00 [DBG] Heartbeat SIGNALFORGE
2026-07-30 12:17:31.084 -05:00 [DBG] Heartbeat ORACLEVAULT
2026-07-30 12:17:31.084 -05:00 [DBG] Heartbeat RISKWARDEN
2026-07-30 12:18:31.084 -05:00 [DBG] Heartbeat SYNAPSE
2026-07-30 12:18:31.084 -05:00 [DBG] Heartbeat TRADEWEAVER
2026-07-30 12:18:31.084 -05:00 [DBG] Heartbeat CASEBLADE
2026-07-30 12:18:31.084 -05:00 [DBG] Heartbeat PROX
2026-07-30 12:18:31.084 -05:00 [DBG] Heartbeat SENTINEL
2026-07-30 12:18:31.084 -05:00 [DBG] Heartbeat MARKETSCRYER
2026-07-30 12:18:31.084 -05:00 [DBG] Heartbeat SIGNALFORGE
2026-07-30 12:18:31.084 -05:00 [DBG] Heartbeat ORACLEVAULT
2026-07-30 12:18:31.084 -05:00 [DBG] Heartbeat RISKWARDEN
2026-07-30 12:19:31.085 -05:00 [DBG] Heartbeat SYNAPSE
2026-07-30 12:19:31.085 -05:00 [DBG] Heartbeat TRADEWEAVER
2026-07-30 12:19:31.085 -05:00 [DBG] Heartbeat CASEBLADE
2026-07-30 12:19:31.085 -05:00 [DBG] Heartbeat PROX
2026-07-30 12:19:31.085 -05:00 [DBG] Heartbeat SENTINEL
2026-07-30 12:19:31.085 -05:00 [DBG] Heartbeat MARKETSCRYER
2026-07-30 12:19:31.085 -05:00 [DBG] Heartbeat SIGNALFORGE
2026-07-30 12:19:31.085 -05:00 [DBG] Heartbeat ORACLEVAULT
2026-07-30 12:19:31.085 -05:00 [DBG] Heartbeat RISKWARDEN
2026-07-30 12:20:31.085 -05:00 [DBG] Heartbeat SYNAPSE
2026-07-30 12:20:31.085 -05:00 [DBG] Heartbeat TRADEWEAVER
2026-07-30 12:20:31.085 -05:00 [DBG] Heartbeat CASEBLADE
2026-07-30 12:20:31.085 -05:00 [DBG] Heartbeat PROX
2026-07-30 12:20:31.085 -05:00 [DBG] Heartbeat SENTINEL
2026-07-30 12:20:31.085 -05:00 [DBG] Heartbeat MARKETSCRYER
2026-07-30 12:20:31.085 -05:00 [DBG] Heartbeat SIGNALFORGE
2026-07-30 12:20:31.085 -05:00 [DBG] Heartbeat ORACLEVAULT
2026-07-30 12:20:31.085 -05:00 [DBG] Heartbeat RISKWARDEN
2026-07-30 12:20:33.432 -05:00 [INF] PC health: C: 77.4% used, 5 recent errors
2026-07-30 12:21:31.086 -05:00 [DBG] Heartbeat SYNAPSE
2026-07-30 12:21:31.086 -05:00 [DBG] Heartbeat TRADEWEAVER
2026-07-30 12:21:31.086 -05:00 [DBG] Heartbeat CASEBLADE
2026-07-30 12:21:31.086 -05:00 [DBG] Heartbeat PROX
2026-07-30 12:21:31.086 -05:00 [DBG] Heartbeat SENTINEL
2026-07-30 12:21:31.086 -05:00 [DBG] Heartbeat MARKETSCRYER
2026-07-30 12:21:31.086 -05:00 [DBG] Heartbeat SIGNALFORGE
2026-07-30 12:21:31.086 -05:00 [DBG] Heartbeat ORACLEVAULT
2026-07-30 12:21:31.086 -05:00 [DBG] Heartbeat RISKWARDEN
2026-07-30 12:22:31.086 -05:00 [DBG] Heartbeat SYNAPSE
2026-07-30 12:22:31.086 -05:00 [DBG] Heartbeat TRADEWEAVER
2026-07-30 12:22:31.086 -05:00 [DBG] Heartbeat CASEBLADE
2026-07-30 12:22:31.086 -05:00 [DBG] Heartbeat PROX
2026-07-30 12:22:31.086 -05:00 [DBG] Heartbeat SENTINEL
2026-07-30 12:22:31.086 -05:00 [DBG] Heartbeat MARKETSCRYER
2026-07-30 12:22:31.086 -05:00 [DBG] Heartbeat SIGNALFORGE
2026-07-30 12:22:31.086 -05:00 [DBG] Heartbeat ORACLEVAULT
2026-07-30 12:22:31.086 -05:00 [DBG] Heartbeat RISKWARDEN
2026-07-30 12:23:31.086 -05:00 [DBG] Heartbeat SYNAPSE
2026-07-30 12:23:31.086 -05:00 [DBG] Heartbeat TRADEWEAVER
2026-07-30 12:23:31.086 -05:00 [DBG] Heartbeat CASEBLADE
2026-07-30 12:23:31.086 -05:00 [DBG] Heartbeat PROX
2026-07-30 12:23:31.086 -05:00 [DBG] Heartbeat SENTINEL
2026-07-30 12:23:31.086 -05:00 [DBG] Heartbeat MARKETSCRYER
2026-07-30 12:23:31.086 -05:00 [DBG] Heartbeat SIGNALFORGE
2026-07-30 12:23:31.086 -05:00 [DBG] Heartbeat ORACLEVAULT
2026-07-30 12:23:31.086 -05:00 [DBG] Heartbeat RISKWARDEN
2026-07-30 12:24:31.086 -05:00 [DBG] Heartbeat SYNAPSE
2026-07-30 12:24:31.086 -05:00 [DBG] Heartbeat TRADEWEAVER
2026-07-30 12:24:31.086 -05:00 [DBG] Heartbeat CASEBLADE
2026-07-30 12:24:31.086 -05:00 [DBG] Heartbeat PROX
2026-07-30 12:24:31.086 -05:00 [DBG] Heartbeat SENTINEL
2026-07-30 12:24:31.086 -05:00 [DBG] Heartbeat MARKETSCRYER
2026-07-30 12:24:31.086 -05:00 [DBG] Heartbeat SIGNALFORGE
2026-07-30 12:24:31.086 -05:00 [DBG] Heartbeat ORACLEVAULT
2026-07-30 12:24:31.086 -05:00 [DBG] Heartbeat RISKWARDEN
2026-07-30 12:25:31.086 -05:00 [DBG] Heartbeat SYNAPSE
2026-07-30 12:25:31.086 -05:00 [DBG] Heartbeat TRADEWEAVER
2026-07-30 12:25:31.086 -05:00 [DBG] Heartbeat CASEBLADE
2026-07-30 12:25:31.086 -05:00 [DBG] Heartbeat PROX
2026-07-30 12:25:31.086 -05:00 [DBG] Heartbeat SENTINEL
2026-07-30 12:25:31.086 -05:00 [DBG] Heartbeat MARKETSCRYER
2026-07-30 12:25:31.086 -05:00 [DBG] Heartbeat SIGNALFORGE
2026-07-30 12:25:31.086 -05:00 [DBG] Heartbeat ORACLEVAULT
2026-07-30 12:25:31.086 -05:00 [DBG] Heartbeat RISKWARDEN
2026-07-30 12:25:46.823 -05:00 [INF] PC health: C: 77.4% used, 5 recent errors
2026-07-30 12:26:31.086 -05:00 [DBG] Heartbeat SYNAPSE
2026-07-30 12:26:31.086 -05:00 [DBG] Heartbeat TRADEWEAVER
2026-07-30 12:26:31.086 -05:00 [DBG] Heartbeat CASEBLADE
2026-07-30 12:26:31.086 -05:00 [DBG] Heartbeat PROX
2026-07-30 12:26:31.086 -05:00 [DBG] Heartbeat SENTINEL
2026-07-30 12:26:31.086 -05:00 [DBG] Heartbeat MARKETSCRYER
2026-07-30 12:26:31.086 -05:00 [DBG] Heartbeat SIGNALFORGE
2026-07-30 12:26:31.086 -05:00 [DBG] Heartbeat ORACLEVAULT
2026-07-30 12:26:31.086 -05:00 [DBG] Heartbeat RISKWARDEN
2026-07-30 12:27:31.086 -05:00 [DBG] Heartbeat SYNAPSE
2026-07-30 12:27:31.086 -05:00 [DBG] Heartbeat TRADEWEAVER
2026-07-30 12:27:31.086 -05:00 [DBG] Heartbeat CASEBLADE
2026-07-30 12:27:31.086 -05:00 [DBG] Heartbeat PROX
2026-07-30 12:27:31.086 -05:00 [DBG] Heartbeat SENTINEL
2026-07-30 12:27:31.086 -05:00 [DBG] Heartbeat MARKETSCRYER
2026-07-30 12:27:31.086 -05:00 [DBG] Heartbeat SIGNALFORGE
2026-07-30 12:27:31.086 -05:00 [DBG] Heartbeat ORACLEVAULT
2026-07-30 12:27:31.086 -05:00 [DBG] Heartbeat RISKWARDEN
2026-07-30 12:28:31.086 -05:00 [DBG] Heartbeat SYNAPSE
2026-07-30 12:28:31.086 -05:00 [DBG] Heartbeat TRADEWEAVER
2026-07-30 12:28:31.086 -05:00 [DBG] Heartbeat CASEBLADE
2026-07-30 12:28:31.086 -05:00 [DBG] Heartbeat PROX
2026-07-30 12:28:31.086 -05:00 [DBG] Heartbeat SENTINEL
2026-07-30 12:28:31.086 -05:00 [DBG] Heartbeat MARKETSCRYER
2026-07-30 12:28:31.086 -05:00 [DBG] Heartbeat SIGNALFORGE
2026-07-30 12:28:31.086 -05:00 [DBG] Heartbeat ORACLEVAULT
2026-07-30 12:28:31.086 -05:00 [DBG] Heartbeat RISKWARDEN
2026-07-30 12:29:31.086 -05:00 [DBG] Heartbeat SYNAPSE
2026-07-30 12:29:31.086 -05:00 [DBG] Heartbeat TRADEWEAVER
2026-07-30 12:29:31.086 -05:00 [DBG] Heartbeat CASEBLADE
2026-07-30 12:29:31.086 -05:00 [DBG] Heartbeat PROX
2026-07-30 12:29:31.086 -05:00 [DBG] Heartbeat SENTINEL
2026-07-30 12:29:31.086 -05:00 [DBG] Heartbeat MARKETSCRYER
2026-07-30 12:29:31.086 -05:00 [DBG] Heartbeat SIGNALFORGE
2026-07-30 12:29:31.086 -05:00 [DBG] Heartbeat ORACLEVAULT
2026-07-30 12:29:31.086 -05:00 [DBG] Heartbeat RISKWARDEN
2026-07-30 12:30:31.086 -05:00 [DBG] Heartbeat SYNAPSE
2026-07-30 12:30:31.086 -05:00 [DBG] Heartbeat TRADEWEAVER
2026-07-30 12:30:31.086 -05:00 [DBG] Heartbeat CASEBLADE
2026-07-30 12:30:31.086 -05:00 [DBG] Heartbeat PROX
2026-07-30 12:30:31.086 -05:00 [DBG] Heartbeat SENTINEL
2026-07-30 12:30:31.086 -05:00 [DBG] Heartbeat MARKETSCRYER
2026-07-30 12:30:31.086 -05:00 [DBG] Heartbeat SIGNALFORGE
2026-07-30 12:30:31.086 -05:00 [DBG] Heartbeat ORACLEVAULT
2026-07-30 12:30:31.086 -05:00 [DBG] Heartbeat RISKWARDEN
2026-07-30 12:31:00.150 -05:00 [INF] PC health: C: 77.4% used, 5 recent errors
2026-07-30 12:31:31.086 -05:00 [DBG] Heartbeat SYNAPSE
2026-07-30 12:31:31.086 -05:00 [DBG] Heartbeat TRADEWEAVER
2026-07-30 12:31:31.086 -05:00 [DBG] Heartbeat CASEBLADE
2026-07-30 12:31:31.086 -05:00 [DBG] Heartbeat PROX
2026-07-30 12:31:31.086 -05:00 [DBG] Heartbeat SENTINEL
2026-07-30 12:31:31.086 -05:00 [DBG] Heartbeat MARKETSCRYER
2026-07-30 12:31:31.086 -05:00 [DBG] Heartbeat SIGNALFORGE
2026-07-30 12:31:31.086 -05:00 [DBG] Heartbeat ORACLEVAULT
2026-07-30 12:31:31.086 -05:00 [DBG] Heartbeat RISKWARDEN
2026-07-30 12:32:31.086 -05:00 [DBG] Heartbeat SYNAPSE
2026-07-30 12:32:31.086 -05:00 [DBG] Heartbeat TRADEWEAVER
2026-07-30 12:32:31.086 -05:00 [DBG] Heartbeat CASEBLADE
2026-07-30 12:32:31.086 -05:00 [DBG] Heartbeat PROX
2026-07-30 12:32:31.086 -05:00 [DBG] Heartbeat SENTINEL
2026-07-30 12:32:31.086 -05:00 [DBG] Heartbeat MARKETSCRYER
2026-07-30 12:32:31.086 -05:00 [DBG] Heartbeat SIGNALFORGE
2026-07-30 12:32:31.086 -05:00 [DBG] Heartbeat ORACLEVAULT
2026-07-30 12:32:31.086 -05:00 [DBG] Heartbeat RISKWARDEN
2026-07-30 12:33:31.086 -05:00 [DBG] Heartbeat SYNAPSE
2026-07-30 12:33:31.086 -05:00 [DBG] Heartbeat TRADEWEAVER
2026-07-30 12:33:31.086 -05:00 [DBG] Heartbeat CASEBLADE
2026-07-30 12:33:31.086 -05:00 [DBG] Heartbeat PROX
2026-07-30 12:33:31.086 -05:00 [DBG] Heartbeat SENTINEL
2026-07-30 12:33:31.086 -05:00 [DBG] Heartbeat MARKETSCRYER
2026-07-30 12:33:31.086 -05:00 [DBG] Heartbeat SIGNALFORGE
2026-07-30 12:33:31.086 -05:00 [DBG] Heartbeat ORACLEVAULT
2026-07-30 12:33:31.086 -05:00 [DBG] Heartbeat RISKWARDEN
2026-07-30 12:34:31.086 -05:00 [DBG] Heartbeat SYNAPSE
2026-07-30 12:34:31.086 -05:00 [DBG] Heartbeat TRADEWEAVER
2026-07-30 12:34:31.086 -05:00 [DBG] Heartbeat CASEBLADE
2026-07-30 12:34:31.086 -05:00 [DBG] Heartbeat PROX
2026-07-30 12:34:31.086 -05:00 [DBG] Heartbeat SENTINEL
2026-07-30 12:34:31.086 -05:00 [DBG] Heartbeat MARKETSCRYER
2026-07-30 12:34:31.086 -05:00 [DBG] Heartbeat SIGNALFORGE
2026-07-30 12:34:31.086 -05:00 [DBG] Heartbeat ORACLEVAULT
2026-07-30 12:34:31.086 -05:00 [DBG] Heartbeat RISKWARDEN
2026-07-30 12:35:31.086 -05:00 [DBG] Heartbeat SYNAPSE
2026-07-30 12:35:31.086 -05:00 [DBG] Heartbeat TRADEWEAVER
2026-07-30 12:35:31.086 -05:00 [DBG] Heartbeat CASEBLADE
2026-07-30 12:35:31.086 -05:00 [DBG] Heartbeat PROX
2026-07-30 12:35:31.086 -05:00 [DBG] Heartbeat SENTINEL
2026-07-30 12:35:31.086 -05:00 [DBG] Heartbeat MARKETSCRYER
2026-07-30 12:35:31.086 -05:00 [DBG] Heartbeat SIGNALFORGE
2026-07-30 12:35:31.086 -05:00 [DBG] Heartbeat ORACLEVAULT
2026-07-30 12:35:31.086 -05:00 [DBG] Heartbeat RISKWARDEN
2026-07-30 12:36:13.756 -05:00 [INF] PC health: C: 77.4% used, 5 recent errors
2026-07-30 12:36:31.086 -05:00 [DBG] Heartbeat SYNAPSE
2026-07-30 12:36:31.086 -05:00 [DBG] Heartbeat TRADEWEAVER
2026-07-30 12:36:31.086 -05:00 [DBG] Heartbeat CASEBLADE
2026-07-30 12:36:31.086 -05:00 [DBG] Heartbeat PROX
2026-07-30 12:36:31.086 -05:00 [DBG] Heartbeat SENTINEL
2026-07-30 12:36:31.086 -05:00 [DBG] Heartbeat MARKETSCRYER
2026-07-30 12:36:31.086 -05:00 [DBG] Heartbeat SIGNALFORGE
2026-07-30 12:36:31.086 -05:00 [DBG] Heartbeat ORACLEVAULT
2026-07-30 12:36:31.086 -05:00 [DBG] Heartbeat RISKWARDEN
2026-07-30 12:37:31.087 -05:00 [DBG] Heartbeat SYNAPSE
2026-07-30 12:37:31.087 -05:00 [DBG] Heartbeat TRADEWEAVER
2026-07-30 12:37:31.087 -05:00 [DBG] Heartbeat CASEBLADE
2026-07-30 12:37:31.087 -05:00 [DBG] Heartbeat PROX
2026-07-30 12:37:31.087 -05:00 [DBG] Heartbeat SENTINEL
2026-07-30 12:37:31.087 -05:00 [DBG] Heartbeat MARKETSCRYER
2026-07-30 12:37:31.087 -05:00 [DBG] Heartbeat SIGNALFORGE
2026-07-30 12:37:31.087 -05:00 [DBG] Heartbeat ORACLEVAULT
2026-07-30 12:37:31.087 -05:00 [DBG] Heartbeat RISKWARDEN
2026-07-30 12:38:31.087 -05:00 [DBG] Heartbeat SYNAPSE
2026-07-30 12:38:31.087 -05:00 [DBG] Heartbeat TRADEWEAVER
2026-07-30 12:38:31.087 -05:00 [DBG] Heartbeat CASEBLADE
2026-07-30 12:38:31.087 -05:00 [DBG] Heartbeat PROX
2026-07-30 12:38:31.087 -05:00 [DBG] Heartbeat SENTINEL
2026-07-30 12:38:31.087 -05:00 [DBG] Heartbeat MARKETSCRYER
2026-07-30 12:38:31.087 -05:00 [DBG] Heartbeat SIGNALFORGE
2026-07-30 12:38:31.087 -05:00 [DBG] Heartbeat ORACLEVAULT
2026-07-30 12:38:31.087 -05:00 [DBG] Heartbeat RISKWARDEN
2026-07-30 12:39:31.087 -05:00 [DBG] Heartbeat SYNAPSE
2026-07-30 12:39:31.087 -05:00 [DBG] Heartbeat TRADEWEAVER
2026-07-30 12:39:31.087 -05:00 [DBG] Heartbeat CASEBLADE
2026-07-30 12:39:31.087 -05:00 [DBG] Heartbeat PROX
2026-07-30 12:39:31.087 -05:00 [DBG] Heartbeat SENTINEL
2026-07-30 12:39:31.087 -05:00 [DBG] Heartbeat MARKETSCRYER
2026-07-30 12:39:31.087 -05:00 [DBG] Heartbeat SIGNALFORGE
2026-07-30 12:39:31.087 -05:00 [DBG] Heartbeat ORACLEVAULT
2026-07-30 12:39:31.087 -05:00 [DBG] Heartbeat RISKWARDEN
2026-07-30 12:40:31.088 -05:00 [DBG] Heartbeat SYNAPSE
2026-07-30 12:40:31.088 -05:00 [DBG] Heartbeat TRADEWEAVER
2026-07-30 12:40:31.088 -05:00 [DBG] Heartbeat CASEBLADE
2026-07-30 12:40:31.088 -05:00 [DBG] Heartbeat PROX
2026-07-30 12:40:31.088 -05:00 [DBG] Heartbeat SENTINEL
2026-07-30 12:40:31.088 -05:00 [DBG] Heartbeat MARKETSCRYER
2026-07-30 12:40:31.088 -05:00 [DBG] Heartbeat SIGNALFORGE
2026-07-30 12:40:31.088 -05:00 [DBG] Heartbeat ORACLEVAULT
2026-07-30 12:40:31.088 -05:00 [DBG] Heartbeat RISKWARDEN
2026-07-30 12:41:27.219 -05:00 [INF] PC health: C: 77.4% used, 5 recent errors
2026-07-30 12:41:31.087 -05:00 [DBG] Heartbeat SYNAPSE
2026-07-30 12:41:31.087 -05:00 [DBG] Heartbeat TRADEWEAVER
2026-07-30 12:41:31.087 -05:00 [DBG] Heartbeat CASEBLADE
2026-07-30 12:41:31.087 -05:00 [DBG] Heartbeat PROX
2026-07-30 12:41:31.087 -05:00 [DBG] Heartbeat SENTINEL
2026-07-30 12:41:31.087 -05:00 [DBG] Heartbeat MARKETSCRYER
2026-07-30 12:41:31.087 -05:00 [DBG] Heartbeat SIGNALFORGE
2026-07-30 12:41:31.087 -05:00 [DBG] Heartbeat ORACLEVAULT
2026-07-30 12:41:31.087 -05:00 [DBG] Heartbeat RISKWARDEN
2026-07-30 12:42:31.088 -05:00 [DBG] Heartbeat SYNAPSE
2026-07-30 12:42:31.088 -05:00 [DBG] Heartbeat TRADEWEAVER
2026-07-30 12:42:31.088 -05:00 [DBG] Heartbeat CASEBLADE
2026-07-30 12:42:31.088 -05:00 [DBG] Heartbeat PROX
2026-07-30 12:42:31.088 -05:00 [DBG] Heartbeat SENTINEL
2026-07-30 12:42:31.088 -05:00 [DBG] Heartbeat MARKETSCRYER
2026-07-30 12:42:31.088 -05:00 [DBG] Heartbeat SIGNALFORGE
2026-07-30 12:42:31.088 -05:00 [DBG] Heartbeat ORACLEVAULT
2026-07-30 12:42:31.088 -05:00 [DBG] Heartbeat RISKWARDEN
2026-07-30 12:43:31.088 -05:00 [DBG] Heartbeat SYNAPSE
2026-07-30 12:43:31.088 -05:00 [DBG] Heartbeat TRADEWEAVER
2026-07-30 12:43:31.088 -05:00 [DBG] Heartbeat CASEBLADE
2026-07-30 12:43:31.088 -05:00 [DBG] Heartbeat PROX
2026-07-30 12:43:31.088 -05:00 [DBG] Heartbeat SENTINEL
2026-07-30 12:43:31.088 -05:00 [DBG] Heartbeat MARKETSCRYER
2026-07-30 12:43:31.088 -05:00 [DBG] Heartbeat SIGNALFORGE
2026-07-30 12:43:31.088 -05:00 [DBG] Heartbeat ORACLEVAULT
2026-07-30 12:43:31.088 -05:00 [DBG] Heartbeat RISKWARDEN
2026-07-30 12:44:31.088 -05:00 [DBG] Heartbeat SYNAPSE
2026-07-30 12:44:31.088 -05:00 [DBG] Heartbeat TRADEWEAVER
2026-07-30 12:44:31.088 -05:00 [DBG] Heartbeat CASEBLADE
2026-07-30 12:44:31.088 -05:00 [DBG] Heartbeat PROX
2026-07-30 12:44:31.088 -05:00 [DBG] Heartbeat SENTINEL
2026-07-30 12:44:31.088 -05:00 [DBG] Heartbeat MARKETSCRYER
2026-07-30 12:44:31.088 -05:00 [DBG] Heartbeat SIGNALFORGE
2026-07-30 12:44:31.088 -05:00 [DBG] Heartbeat ORACLEVAULT
2026-07-30 12:44:31.088 -05:00 [DBG] Heartbeat RISKWARDEN
2026-07-30 12:45:31.088 -05:00 [DBG] Heartbeat SYNAPSE
2026-07-30 12:45:31.088 -05:00 [DBG] Heartbeat TRADEWEAVER
2026-07-30 12:45:31.088 -05:00 [DBG] Heartbeat CASEBLADE
2026-07-30 12:45:31.088 -05:00 [DBG] Heartbeat PROX
2026-07-30 12:45:31.088 -05:00 [DBG] Heartbeat SENTINEL
2026-07-30 12:45:31.088 -05:00 [DBG] Heartbeat MARKETSCRYER
2026-07-30 12:45:31.088 -05:00 [DBG] Heartbeat SIGNALFORGE
2026-07-30 12:45:31.088 -05:00 [DBG] Heartbeat ORACLEVAULT
2026-07-30 12:45:31.088 -05:00 [DBG] Heartbeat RISKWARDEN
2026-07-30 12:46:31.088 -05:00 [DBG] Heartbeat SYNAPSE
2026-07-30 12:46:31.088 -05:00 [DBG] Heartbeat TRADEWEAVER
2026-07-30 12:46:31.088 -05:00 [DBG] Heartbeat CASEBLADE
2026-07-30 12:46:31.088 -05:00 [DBG] Heartbeat PROX
2026-07-30 12:46:31.088 -05:00 [DBG] Heartbeat SENTINEL
2026-07-30 12:46:31.088 -05:00 [DBG] Heartbeat MARKETSCRYER
2026-07-30 12:46:31.088 -05:00 [DBG] Heartbeat SIGNALFORGE
2026-07-30 12:46:31.088 -05:00 [DBG] Heartbeat ORACLEVAULT
2026-07-30 12:46:31.088 -05:00 [DBG] Heartbeat RISKWARDEN
2026-07-30 12:46:40.995 -05:00 [INF] PC health: C: 77.4% used, 5 recent errors
2026-07-30 12:47:31.088 -05:00 [DBG] Heartbeat SYNAPSE
2026-07-30 12:47:31.088 -05:00 [DBG] Heartbeat TRADEWEAVER
2026-07-30 12:47:31.088 -05:00 [DBG] Heartbeat CASEBLADE
2026-07-30 12:47:31.088 -05:00 [DBG] Heartbeat PROX
2026-07-30 12:47:31.088 -05:00 [DBG] Heartbeat SENTINEL
2026-07-30 12:47:31.088 -05:00 [DBG] Heartbeat MARKETSCRYER
2026-07-30 12:47:31.088 -05:00 [DBG] Heartbeat SIGNALFORGE
2026-07-30 12:47:31.088 -05:00 [DBG] Heartbeat ORACLEVAULT
2026-07-30 12:47:31.088 -05:00 [DBG] Heartbeat RISKWARDEN
2026-07-30 12:48:31.087 -05:00 [DBG] Heartbeat SYNAPSE
2026-07-30 12:48:31.087 -05:00 [DBG] Heartbeat TRADEWEAVER
2026-07-30 12:48:31.087 -05:00 [DBG] Heartbeat CASEBLADE
2026-07-30 12:48:31.087 -05:00 [DBG] Heartbeat PROX
2026-07-30 12:48:31.087 -05:00 [DBG] Heartbeat SENTINEL
2026-07-30 12:48:31.087 -05:00 [DBG] Heartbeat MARKETSCRYER
2026-07-30 12:48:31.087 -05:00 [DBG] Heartbeat SIGNALFORGE
2026-07-30 12:48:31.087 -05:00 [DBG] Heartbeat ORACLEVAULT
2026-07-30 12:48:31.087 -05:00 [DBG] Heartbeat RISKWARDEN
2026-07-30 12:49:31.087 -05:00 [DBG] Heartbeat SYNAPSE
2026-07-30 12:49:31.087 -05:00 [DBG] Heartbeat TRADEWEAVER
2026-07-30 12:49:31.087 -05:00 [DBG] Heartbeat CASEBLADE
2026-07-30 12:49:31.087 -05:00 [DBG] Heartbeat PROX
2026-07-30 12:49:31.087 -05:00 [DBG] Heartbeat SENTINEL
2026-07-30 12:49:31.087 -05:00 [DBG] Heartbeat MARKETSCRYER
2026-07-30 12:49:31.087 -05:00 [DBG] Heartbeat SIGNALFORGE
2026-07-30 12:49:31.087 -05:00 [DBG] Heartbeat ORACLEVAULT
2026-07-30 12:49:31.087 -05:00 [DBG] Heartbeat RISKWARDEN
2026-07-30 12:50:31.087 -05:00 [DBG] Heartbeat SYNAPSE
2026-07-30 12:50:31.087 -05:00 [DBG] Heartbeat TRADEWEAVER
2026-07-30 12:50:31.087 -05:00 [DBG] Heartbeat CASEBLADE
2026-07-30 12:50:31.087 -05:00 [DBG] Heartbeat PROX
2026-07-30 12:50:31.087 -05:00 [DBG] Heartbeat SENTINEL
2026-07-30 12:50:31.087 -05:00 [DBG] Heartbeat MARKETSCRYER
2026-07-30 12:50:31.087 -05:00 [DBG] Heartbeat SIGNALFORGE
2026-07-30 12:50:31.087 -05:00 [DBG] Heartbeat ORACLEVAULT
2026-07-30 12:50:31.087 -05:00 [DBG] Heartbeat RISKWARDEN
2026-07-30 12:51:31.087 -05:00 [DBG] Heartbeat SYNAPSE
2026-07-30 12:51:31.087 -05:00 [DBG] Heartbeat TRADEWEAVER
2026-07-30 12:51:31.087 -05:00 [DBG] Heartbeat CASEBLADE
2026-07-30 12:51:31.087 -05:00 [DBG] Heartbeat PROX
2026-07-30 12:51:31.087 -05:00 [DBG] Heartbeat SENTINEL
2026-07-30 12:51:31.087 -05:00 [DBG] Heartbeat MARKETSCRYER
2026-07-30 12:51:31.087 -05:00 [DBG] Heartbeat SIGNALFORGE
2026-07-30 12:51:31.087 -05:00 [DBG] Heartbeat ORACLEVAULT
2026-07-30 12:51:31.087 -05:00 [DBG] Heartbeat RISKWARDEN
2026-07-30 12:51:54.597 -05:00 [INF] PC health: C: 77.4% used, 5 recent errors
2026-07-30 12:52:31.087 -05:00 [DBG] Heartbeat SYNAPSE
2026-07-30 12:52:31.087 -05:00 [DBG] Heartbeat TRADEWEAVER
2026-07-30 12:52:31.087 -05:00 [DBG] Heartbeat CASEBLADE
2026-07-30 12:52:31.087 -05:00 [DBG] Heartbeat PROX
2026-07-30 12:52:31.087 -05:00 [DBG] Heartbeat SENTINEL
2026-07-30 12:52:31.087 -05:00 [DBG] Heartbeat MARKETSCRYER
2026-07-30 12:52:31.087 -05:00 [DBG] Heartbeat SIGNALFORGE
2026-07-30 12:52:31.087 -05:00 [DBG] Heartbeat ORACLEVAULT
2026-07-30 12:52:31.087 -05:00 [DBG] Heartbeat RISKWARDEN
2026-07-30 12:53:31.086 -05:00 [DBG] Heartbeat SYNAPSE
2026-07-30 12:53:31.086 -05:00 [DBG] Heartbeat TRADEWEAVER
2026-07-30 12:53:31.086 -05:00 [DBG] Heartbeat CASEBLADE
2026-07-30 12:53:31.086 -05:00 [DBG] Heartbeat PROX
2026-07-30 12:53:31.086 -05:00 [DBG] Heartbeat SENTINEL
2026-07-30 12:53:31.086 -05:00 [DBG] Heartbeat MARKETSCRYER
2026-07-30 12:53:31.086 -05:00 [DBG] Heartbeat SIGNALFORGE
2026-07-30 12:53:31.086 -05:00 [DBG] Heartbeat ORACLEVAULT
2026-07-30 12:53:31.086 -05:00 [DBG] Heartbeat RISKWARDEN
2026-07-30 12:54:31.086 -05:00 [DBG] Heartbeat SYNAPSE
2026-07-30 12:54:31.086 -05:00 [DBG] Heartbeat TRADEWEAVER
2026-07-30 12:54:31.086 -05:00 [DBG] Heartbeat CASEBLADE
2026-07-30 12:54:31.086 -05:00 [DBG] Heartbeat PROX
2026-07-30 12:54:31.086 -05:00 [DBG] Heartbeat SENTINEL
2026-07-30 12:54:31.086 -05:00 [DBG] Heartbeat MARKETSCRYER
2026-07-30 12:54:31.086 -05:00 [DBG] Heartbeat SIGNALFORGE
2026-07-30 12:54:31.086 -05:00 [DBG] Heartbeat ORACLEVAULT
2026-07-30 12:54:31.086 -05:00 [DBG] Heartbeat RISKWARDEN
2026-07-30 12:55:31.086 -05:00 [DBG] Heartbeat SYNAPSE
2026-07-30 12:55:31.086 -05:00 [DBG] Heartbeat TRADEWEAVER
2026-07-30 12:55:31.086 -05:00 [DBG] Heartbeat CASEBLADE
2026-07-30 12:55:31.086 -05:00 [DBG] Heartbeat PROX
2026-07-30 12:55:31.086 -05:00 [DBG] Heartbeat SENTINEL
2026-07-30 12:55:31.086 -05:00 [DBG] Heartbeat MARKETSCRYER
2026-07-30 12:55:31.086 -05:00 [DBG] Heartbeat SIGNALFORGE
2026-07-30 12:55:31.086 -05:00 [DBG] Heartbeat ORACLEVAULT
2026-07-30 12:55:31.086 -05:00 [DBG] Heartbeat RISKWARDEN
2026-07-30 12:56:31.086 -05:00 [DBG] Heartbeat SYNAPSE
2026-07-30 12:56:31.086 -05:00 [DBG] Heartbeat TRADEWEAVER
2026-07-30 12:56:31.086 -05:00 [DBG] Heartbeat CASEBLADE
2026-07-30 12:56:31.086 -05:00 [DBG] Heartbeat PROX
2026-07-30 12:56:31.086 -05:00 [DBG] Heartbeat SENTINEL
2026-07-30 12:56:31.086 -05:00 [DBG] Heartbeat MARKETSCRYER
2026-07-30 12:56:31.086 -05:00 [DBG] Heartbeat SIGNALFORGE
2026-07-30 12:56:31.086 -05:00 [DBG] Heartbeat ORACLEVAULT
2026-07-30 12:56:31.086 -05:00 [DBG] Heartbeat RISKWARDEN
2026-07-30 12:57:08.107 -05:00 [INF] PC health: C: 77.4% used, 5 recent errors
2026-07-30 12:57:31.087 -05:00 [DBG] Heartbeat SYNAPSE
2026-07-30 12:57:31.087 -05:00 [DBG] Heartbeat TRADEWEAVER
2026-07-30 12:57:31.087 -05:00 [DBG] Heartbeat CASEBLADE
2026-07-30 12:57:31.087 -05:00 [DBG] Heartbeat PROX
2026-07-30 12:57:31.087 -05:00 [DBG] Heartbeat SENTINEL
2026-07-30 12:57:31.087 -05:00 [DBG] Heartbeat MARKETSCRYER
2026-07-30 12:57:31.087 -05:00 [DBG] Heartbeat SIGNALFORGE
2026-07-30 12:57:31.087 -05:00 [DBG] Heartbeat ORACLEVAULT
2026-07-30 12:57:31.087 -05:00 [DBG] Heartbeat RISKWARDEN
2026-07-30 12:58:31.086 -05:00 [DBG] Heartbeat SYNAPSE
2026-07-30 12:58:31.086 -05:00 [DBG] Heartbeat TRADEWEAVER
2026-07-30 12:58:31.086 -05:00 [DBG] Heartbeat CASEBLADE
2026-07-30 12:58:31.086 -05:00 [DBG] Heartbeat PROX
2026-07-30 12:58:31.086 -05:00 [DBG] Heartbeat SENTINEL
2026-07-30 12:58:31.086 -05:00 [DBG] Heartbeat MARKETSCRYER
2026-07-30 12:58:31.086 -05:00 [DBG] Heartbeat SIGNALFORGE
2026-07-30 12:58:31.086 -05:00 [DBG] Heartbeat ORACLEVAULT
2026-07-30 12:58:31.086 -05:00 [DBG] Heartbeat RISKWARDEN
2026-07-30 12:59:31.087 -05:00 [DBG] Heartbeat SYNAPSE
2026-07-30 12:59:31.087 -05:00 [DBG] Heartbeat TRADEWEAVER
2026-07-30 12:59:31.087 -05:00 [DBG] Heartbeat CASEBLADE
2026-07-30 12:59:31.087 -05:00 [DBG] Heartbeat PROX
2026-07-30 12:59:31.087 -05:00 [DBG] Heartbeat SENTINEL
2026-07-30 12:59:31.087 -05:00 [DBG] Heartbeat MARKETSCRYER
2026-07-30 12:59:31.087 -05:00 [DBG] Heartbeat SIGNALFORGE
2026-07-30 12:59:31.087 -05:00 [DBG] Heartbeat ORACLEVAULT
2026-07-30 12:59:31.087 -05:00 [DBG] Heartbeat RISKWARDEN
2026-07-30 13:00:31.088 -05:00 [DBG] Heartbeat SYNAPSE
2026-07-30 13:00:31.088 -05:00 [DBG] Heartbeat TRADEWEAVER
2026-07-30 13:00:31.088 -05:00 [DBG] Heartbeat CASEBLADE
2026-07-30 13:00:31.088 -05:00 [DBG] Heartbeat PROX
2026-07-30 13:00:31.088 -05:00 [DBG] Heartbeat SENTINEL
2026-07-30 13:00:31.088 -05:00 [DBG] Heartbeat MARKETSCRYER
2026-07-30 13:00:31.088 -05:00 [DBG] Heartbeat SIGNALFORGE
2026-07-30 13:00:31.088 -05:00 [DBG] Heartbeat ORACLEVAULT
2026-07-30 13:00:31.088 -05:00 [DBG] Heartbeat RISKWARDEN
2026-07-30 13:01:31.087 -05:00 [DBG] Heartbeat SYNAPSE
2026-07-30 13:01:31.087 -05:00 [DBG] Heartbeat TRADEWEAVER
2026-07-30 13:01:31.087 -05:00 [DBG] Heartbeat CASEBLADE
2026-07-30 13:01:31.087 -05:00 [DBG] Heartbeat PROX
2026-07-30 13:01:31.087 -05:00 [DBG] Heartbeat SENTINEL
2026-07-30 13:01:31.087 -05:00 [DBG] Heartbeat MARKETSCRYER
2026-07-30 13:01:31.087 -05:00 [DBG] Heartbeat SIGNALFORGE
2026-07-30 13:01:31.087 -05:00 [DBG] Heartbeat ORACLEVAULT
2026-07-30 13:01:31.087 -05:00 [DBG] Heartbeat RISKWARDEN
2026-07-30 13:02:21.642 -05:00 [INF] PC health: C: 77.4% used, 5 recent errors
2026-07-30 13:02:31.088 -05:00 [DBG] Heartbeat SYNAPSE
2026-07-30 13:02:31.088 -05:00 [DBG] Heartbeat TRADEWEAVER
2026-07-30 13:02:31.088 -05:00 [DBG] Heartbeat CASEBLADE
2026-07-30 13:02:31.088 -05:00 [DBG] Heartbeat PROX
2026-07-30 13:02:31.088 -05:00 [DBG] Heartbeat SENTINEL
2026-07-30 13:02:31.088 -05:00 [DBG] Heartbeat MARKETSCRYER
2026-07-30 13:02:31.088 -05:00 [DBG] Heartbeat SIGNALFORGE
2026-07-30 13:02:31.088 -05:00 [DBG] Heartbeat ORACLEVAULT
2026-07-30 13:02:31.088 -05:00 [DBG] Heartbeat RISKWARDEN
2026-07-30 13:03:31.088 -05:00 [DBG] Heartbeat SYNAPSE
2026-07-30 13:03:31.088 -05:00 [DBG] Heartbeat TRADEWEAVER
2026-07-30 13:03:31.088 -05:00 [DBG] Heartbeat CASEBLADE
2026-07-30 13:03:31.088 -05:00 [DBG] Heartbeat PROX
2026-07-30 13:03:31.088 -05:00 [DBG] Heartbeat SENTINEL
2026-07-30 13:03:31.088 -05:00 [DBG] Heartbeat MARKETSCRYER
2026-07-30 13:03:31.088 -05:00 [DBG] Heartbeat SIGNALFORGE
2026-07-30 13:03:31.088 -05:00 [DBG] Heartbeat ORACLEVAULT
2026-07-30 13:03:31.088 -05:00 [DBG] Heartbeat RISKWARDEN
2026-07-30 13:04:31.088 -05:00 [DBG] Heartbeat SYNAPSE
2026-07-30 13:04:31.088 -05:00 [DBG] Heartbeat TRADEWEAVER
2026-07-30 13:04:31.088 -05:00 [DBG] Heartbeat CASEBLADE
2026-07-30 13:04:31.088 -05:00 [DBG] Heartbeat PROX
2026-07-30 13:04:31.088 -05:00 [DBG] Heartbeat SENTINEL
2026-07-30 13:04:31.088 -05:00 [DBG] Heartbeat MARKETSCRYER
2026-07-30 13:04:31.088 -05:00 [DBG] Heartbeat SIGNALFORGE
2026-07-30 13:04:31.088 -05:00 [DBG] Heartbeat ORACLEVAULT
2026-07-30 13:04:31.088 -05:00 [DBG] Heartbeat RISKWARDEN
2026-07-30 13:05:31.088 -05:00 [DBG] Heartbeat SYNAPSE
2026-07-30 13:05:31.088 -05:00 [DBG] Heartbeat TRADEWEAVER
2026-07-30 13:05:31.088 -05:00 [DBG] Heartbeat CASEBLADE
2026-07-30 13:05:31.088 -05:00 [DBG] Heartbeat PROX
2026-07-30 13:05:31.088 -05:00 [DBG] Heartbeat SENTINEL
2026-07-30 13:05:31.088 -05:00 [DBG] Heartbeat MARKETSCRYER
2026-07-30 13:05:31.088 -05:00 [DBG] Heartbeat SIGNALFORGE
2026-07-30 13:05:31.088 -05:00 [DBG] Heartbeat ORACLEVAULT
2026-07-30 13:05:31.088 -05:00 [DBG] Heartbeat RISKWARDEN
2026-07-30 13:06:31.088 -05:00 [DBG] Heartbeat SYNAPSE
2026-07-30 13:06:31.088 -05:00 [DBG] Heartbeat TRADEWEAVER
2026-07-30 13:06:31.088 -05:00 [DBG] Heartbeat CASEBLADE
2026-07-30 13:06:31.088 -05:00 [DBG] Heartbeat PROX
2026-07-30 13:06:31.088 -05:00 [DBG] Heartbeat SENTINEL
2026-07-30 13:06:31.088 -05:00 [DBG] Heartbeat MARKETSCRYER
2026-07-30 13:06:31.088 -05:00 [DBG] Heartbeat SIGNALFORGE
2026-07-30 13:06:31.089 -05:00 [DBG] Heartbeat ORACLEVAULT
2026-07-30 13:06:31.089 -05:00 [DBG] Heartbeat RISKWARDEN
2026-07-30 13:07:31.089 -05:00 [DBG] Heartbeat SYNAPSE
2026-07-30 13:07:31.089 -05:00 [DBG] Heartbeat TRADEWEAVER
2026-07-30 13:07:31.089 -05:00 [DBG] Heartbeat CASEBLADE
2026-07-30 13:07:31.089 -05:00 [DBG] Heartbeat PROX
2026-07-30 13:07:31.089 -05:00 [DBG] Heartbeat SENTINEL
2026-07-30 13:07:31.089 -05:00 [DBG] Heartbeat MARKETSCRYER
2026-07-30 13:07:31.089 -05:00 [DBG] Heartbeat SIGNALFORGE
2026-07-30 13:07:31.089 -05:00 [DBG] Heartbeat ORACLEVAULT
2026-07-30 13:07:31.089 -05:00 [DBG] Heartbeat RISKWARDEN
2026-07-30 13:07:35.305 -05:00 [INF] PC health: C: 77.5% used, 5 recent errors
2026-07-30 13:08:31.089 -05:00 [DBG] Heartbeat SYNAPSE
2026-07-30 13:08:31.089 -05:00 [DBG] Heartbeat TRADEWEAVER
2026-07-30 13:08:31.089 -05:00 [DBG] Heartbeat CASEBLADE
2026-07-30 13:08:31.089 -05:00 [DBG] Heartbeat PROX
2026-07-30 13:08:31.089 -05:00 [DBG] Heartbeat SENTINEL
2026-07-30 13:08:31.089 -05:00 [DBG] Heartbeat MARKETSCRYER
2026-07-30 13:08:31.089 -05:00 [DBG] Heartbeat SIGNALFORGE
2026-07-30 13:08:31.089 -05:00 [DBG] Heartbeat ORACLEVAULT
2026-07-30 13:08:31.089 -05:00 [DBG] Heartbeat RISKWARDEN
2026-07-30 13:09:31.089 -05:00 [DBG] Heartbeat SYNAPSE
2026-07-30 13:09:31.089 -05:00 [DBG] Heartbeat TRADEWEAVER
2026-07-30 13:09:31.089 -05:00 [DBG] Heartbeat CASEBLADE
2026-07-30 13:09:31.089 -05:00 [DBG] Heartbeat PROX
2026-07-30 13:09:31.089 -05:00 [DBG] Heartbeat SENTINEL
2026-07-30 13:09:31.089 -05:00 [DBG] Heartbeat MARKETSCRYER
2026-07-30 13:09:31.089 -05:00 [DBG] Heartbeat SIGNALFORGE
2026-07-30 13:09:31.089 -05:00 [DBG] Heartbeat ORACLEVAULT
2026-07-30 13:09:31.089 -05:00 [DBG] Heartbeat RISKWARDEN
2026-07-30 13:10:31.089 -05:00 [DBG] Heartbeat SYNAPSE
2026-07-30 13:10:31.089 -05:00 [DBG] Heartbeat TRADEWEAVER
2026-07-30 13:10:31.089 -05:00 [DBG] Heartbeat CASEBLADE
2026-07-30 13:10:31.089 -05:00 [DBG] Heartbeat PROX
2026-07-30 13:10:31.089 -05:00 [DBG] Heartbeat SENTINEL
2026-07-30 13:10:31.089 -05:00 [DBG] Heartbeat MARKETSCRYER
2026-07-30 13:10:31.089 -05:00 [DBG] Heartbeat SIGNALFORGE
2026-07-30 13:10:31.089 -05:00 [DBG] Heartbeat ORACLEVAULT
2026-07-30 13:10:31.089 -05:00 [DBG] Heartbeat RISKWARDEN
2026-07-30 13:11:31.090 -05:00 [DBG] Heartbeat SYNAPSE
2026-07-30 13:11:31.090 -05:00 [DBG] Heartbeat TRADEWEAVER
2026-07-30 13:11:31.090 -05:00 [DBG] Heartbeat CASEBLADE
2026-07-30 13:11:31.090 -05:00 [DBG] Heartbeat PROX
2026-07-30 13:11:31.090 -05:00 [DBG] Heartbeat SENTINEL
2026-07-30 13:11:31.090 -05:00 [DBG] Heartbeat MARKETSCRYER
2026-07-30 13:11:31.090 -05:00 [DBG] Heartbeat SIGNALFORGE
2026-07-30 13:11:31.090 -05:00 [DBG] Heartbeat ORACLEVAULT
2026-07-30 13:11:31.090 -05:00 [DBG] Heartbeat RISKWARDEN
2026-07-30 13:12:31.090 -05:00 [DBG] Heartbeat SYNAPSE
2026-07-30 13:12:31.090 -05:00 [DBG] Heartbeat TRADEWEAVER
2026-07-30 13:12:31.090 -05:00 [DBG] Heartbeat CASEBLADE
2026-07-30 13:12:31.090 -05:00 [DBG] Heartbeat PROX
2026-07-30 13:12:31.090 -05:00 [DBG] Heartbeat SENTINEL
2026-07-30 13:12:31.090 -05:00 [DBG] Heartbeat MARKETSCRYER
2026-07-30 13:12:31.090 -05:00 [DBG] Heartbeat SIGNALFORGE
2026-07-30 13:12:31.090 -05:00 [DBG] Heartbeat ORACLEVAULT
2026-07-30 13:12:31.090 -05:00 [DBG] Heartbeat RISKWARDEN
2026-07-30 13:12:48.974 -05:00 [INF] PC health: C: 77.5% used, 5 recent errors
2026-07-30 13:13:31.090 -05:00 [DBG] Heartbeat SYNAPSE
2026-07-30 13:13:31.090 -05:00 [DBG] Heartbeat TRADEWEAVER
2026-07-30 13:13:31.090 -05:00 [DBG] Heartbeat CASEBLADE
2026-07-30 13:13:31.090 -05:00 [DBG] Heartbeat PROX
2026-07-30 13:13:31.090 -05:00 [DBG] Heartbeat SENTINEL
2026-07-30 13:13:31.090 -05:00 [DBG] Heartbeat MARKETSCRYER
2026-07-30 13:13:31.090 -05:00 [DBG] Heartbeat SIGNALFORGE
2026-07-30 13:13:31.090 -05:00 [DBG] Heartbeat ORACLEVAULT
2026-07-30 13:13:31.090 -05:00 [DBG] Heartbeat RISKWARDEN
2026-07-30 13:14:31.090 -05:00 [DBG] Heartbeat SYNAPSE
2026-07-30 13:14:31.090 -05:00 [DBG] Heartbeat TRADEWEAVER
2026-07-30 13:14:31.090 -05:00 [DBG] Heartbeat CASEBLADE
2026-07-30 13:14:31.090 -05:00 [DBG] Heartbeat PROX
2026-07-30 13:14:31.090 -05:00 [DBG] Heartbeat SENTINEL
2026-07-30 13:14:31.090 -05:00 [DBG] Heartbeat MARKETSCRYER
2026-07-30 13:14:31.090 -05:00 [DBG] Heartbeat SIGNALFORGE
2026-07-30 13:14:31.090 -05:00 [DBG] Heartbeat ORACLEVAULT
2026-07-30 13:14:31.090 -05:00 [DBG] Heartbeat RISKWARDEN
2026-07-30 13:15:31.091 -05:00 [DBG] Heartbeat SYNAPSE
2026-07-30 13:15:31.091 -05:00 [DBG] Heartbeat TRADEWEAVER
2026-07-30 13:15:31.091 -05:00 [DBG] Heartbeat CASEBLADE
2026-07-30 13:15:31.091 -05:00 [DBG] Heartbeat PROX
2026-07-30 13:15:31.091 -05:00 [DBG] Heartbeat SENTINEL
2026-07-30 13:15:31.091 -05:00 [DBG] Heartbeat MARKETSCRYER
2026-07-30 13:15:31.091 -05:00 [DBG] Heartbeat SIGNALFORGE
2026-07-30 13:15:31.091 -05:00 [DBG] Heartbeat ORACLEVAULT
2026-07-30 13:15:31.091 -05:00 [DBG] Heartbeat RISKWARDEN
2026-07-30 13:16:31.091 -05:00 [DBG] Heartbeat SYNAPSE
2026-07-30 13:16:31.091 -05:00 [DBG] Heartbeat TRADEWEAVER
2026-07-30 13:16:31.091 -05:00 [DBG] Heartbeat CASEBLADE
2026-07-30 13:16:31.091 -05:00 [DBG] Heartbeat PROX
2026-07-30 13:16:31.091 -05:00 [DBG] Heartbeat SENTINEL
2026-07-30 13:16:31.091 -05:00 [DBG] Heartbeat MARKETSCRYER
2026-07-30 13:16:31.091 -05:00 [DBG] Heartbeat SIGNALFORGE
2026-07-30 13:16:31.091 -05:00 [DBG] Heartbeat ORACLEVAULT
2026-07-30 13:16:31.091 -05:00 [DBG] Heartbeat RISKWARDEN
2026-07-30 13:17:31.091 -05:00 [DBG] Heartbeat SYNAPSE
2026-07-30 13:17:31.091 -05:00 [DBG] Heartbeat TRADEWEAVER
2026-07-30 13:17:31.091 -05:00 [DBG] Heartbeat CASEBLADE
2026-07-30 13:17:31.091 -05:00 [DBG] Heartbeat PROX
2026-07-30 13:17:31.091 -05:00 [DBG] Heartbeat SENTINEL
2026-07-30 13:17:31.091 -05:00 [DBG] Heartbeat MARKETSCRYER
2026-07-30 13:17:31.091 -05:00 [DBG] Heartbeat SIGNALFORGE
2026-07-30 13:17:31.091 -05:00 [DBG] Heartbeat ORACLEVAULT
2026-07-30 13:17:31.091 -05:00 [DBG] Heartbeat RISKWARDEN
2026-07-30 13:18:02.587 -05:00 [INF] PC health: C: 77.5% used, 5 recent errors
2026-07-30 13:18:31.090 -05:00 [DBG] Heartbeat SYNAPSE
2026-07-30 13:18:31.090 -05:00 [DBG] Heartbeat TRADEWEAVER
2026-07-30 13:18:31.090 -05:00 [DBG] Heartbeat CASEBLADE
2026-07-30 13:18:31.090 -05:00 [DBG] Heartbeat PROX
2026-07-30 13:18:31.090 -05:00 [DBG] Heartbeat SENTINEL
2026-07-30 13:18:31.090 -05:00 [DBG] Heartbeat MARKETSCRYER
2026-07-30 13:18:31.090 -05:00 [DBG] Heartbeat SIGNALFORGE
2026-07-30 13:18:31.090 -05:00 [DBG] Heartbeat ORACLEVAULT
2026-07-30 13:18:31.090 -05:00 [DBG] Heartbeat RISKWARDEN
2026-07-30 13:19:31.091 -05:00 [DBG] Heartbeat SYNAPSE
2026-07-30 13:19:31.091 -05:00 [DBG] Heartbeat TRADEWEAVER
2026-07-30 13:19:31.091 -05:00 [DBG] Heartbeat CASEBLADE
2026-07-30 13:19:31.091 -05:00 [DBG] Heartbeat PROX
2026-07-30 13:19:31.091 -05:00 [DBG] Heartbeat SENTINEL
2026-07-30 13:19:31.091 -05:00 [DBG] Heartbeat MARKETSCRYER
2026-07-30 13:19:31.091 -05:00 [DBG] Heartbeat SIGNALFORGE
2026-07-30 13:19:31.091 -05:00 [DBG] Heartbeat ORACLEVAULT
2026-07-30 13:19:31.091 -05:00 [DBG] Heartbeat RISKWARDEN
2026-07-30 13:20:31.091 -05:00 [DBG] Heartbeat SYNAPSE
2026-07-30 13:20:31.091 -05:00 [DBG] Heartbeat TRADEWEAVER
2026-07-30 13:20:31.091 -05:00 [DBG] Heartbeat CASEBLADE
2026-07-30 13:20:31.091 -05:00 [DBG] Heartbeat PROX
2026-07-30 13:20:31.091 -05:00 [DBG] Heartbeat SENTINEL
2026-07-30 13:20:31.091 -05:00 [DBG] Heartbeat MARKETSCRYER
2026-07-30 13:20:31.091 -05:00 [DBG] Heartbeat SIGNALFORGE
2026-07-30 13:20:31.091 -05:00 [DBG] Heartbeat ORACLEVAULT
2026-07-30 13:20:31.091 -05:00 [DBG] Heartbeat RISKWARDEN
2026-07-30 13:21:31.092 -05:00 [DBG] Heartbeat SYNAPSE
2026-07-30 13:21:31.092 -05:00 [DBG] Heartbeat TRADEWEAVER
2026-07-30 13:21:31.092 -05:00 [DBG] Heartbeat CASEBLADE
2026-07-30 13:21:31.092 -05:00 [DBG] Heartbeat PROX
2026-07-30 13:21:31.092 -05:00 [DBG] Heartbeat SENTINEL
2026-07-30 13:21:31.092 -05:00 [DBG] Heartbeat MARKETSCRYER
2026-07-30 13:21:31.092 -05:00 [DBG] Heartbeat SIGNALFORGE
2026-07-30 13:21:31.092 -05:00 [DBG] Heartbeat ORACLEVAULT
2026-07-30 13:21:31.092 -05:00 [DBG] Heartbeat RISKWARDEN
2026-07-30 13:22:31.091 -05:00 [DBG] Heartbeat SYNAPSE
2026-07-30 13:22:31.091 -05:00 [DBG] Heartbeat TRADEWEAVER
2026-07-30 13:22:31.091 -05:00 [DBG] Heartbeat CASEBLADE
2026-07-30 13:22:31.091 -05:00 [DBG] Heartbeat PROX
2026-07-30 13:22:31.091 -05:00 [DBG] Heartbeat SENTINEL
2026-07-30 13:22:31.091 -05:00 [DBG] Heartbeat MARKETSCRYER
2026-07-30 13:22:31.091 -05:00 [DBG] Heartbeat SIGNALFORGE
2026-07-30 13:22:31.091 -05:00 [DBG] Heartbeat ORACLEVAULT
2026-07-30 13:22:31.091 -05:00 [DBG] Heartbeat RISKWARDEN
2026-07-30 13:23:16.222 -05:00 [INF] PC health: C: 77.5% used, 5 recent errors
2026-07-30 13:23:31.092 -05:00 [DBG] Heartbeat SYNAPSE
2026-07-30 13:23:31.092 -05:00 [DBG] Heartbeat TRADEWEAVER
2026-07-30 13:23:31.092 -05:00 [DBG] Heartbeat CASEBLADE
2026-07-30 13:23:31.092 -05:00 [DBG] Heartbeat PROX
2026-07-30 13:23:31.092 -05:00 [DBG] Heartbeat SENTINEL
2026-07-30 13:23:31.092 -05:00 [DBG] Heartbeat MARKETSCRYER
2026-07-30 13:23:31.092 -05:00 [DBG] Heartbeat SIGNALFORGE
2026-07-30 13:23:31.092 -05:00 [DBG] Heartbeat ORACLEVAULT
2026-07-30 13:23:31.092 -05:00 [DBG] Heartbeat RISKWARDEN
2026-07-30 13:24:31.092 -05:00 [DBG] Heartbeat SYNAPSE
2026-07-30 13:24:31.092 -05:00 [DBG] Heartbeat TRADEWEAVER
2026-07-30 13:24:31.092 -05:00 [DBG] Heartbeat CASEBLADE
2026-07-30 13:24:31.092 -05:00 [DBG] Heartbeat PROX
2026-07-30 13:24:31.092 -05:00 [DBG] Heartbeat SENTINEL
2026-07-30 13:24:31.092 -05:00 [DBG] Heartbeat MARKETSCRYER
2026-07-30 13:24:31.092 -05:00 [DBG] Heartbeat SIGNALFORGE
2026-07-30 13:24:31.092 -05:00 [DBG] Heartbeat ORACLEVAULT
2026-07-30 13:24:31.092 -05:00 [DBG] Heartbeat RISKWARDEN
2026-07-30 13:25:31.092 -05:00 [DBG] Heartbeat SYNAPSE
2026-07-30 13:25:31.092 -05:00 [DBG] Heartbeat TRADEWEAVER
2026-07-30 13:25:31.092 -05:00 [DBG] Heartbeat CASEBLADE
2026-07-30 13:25:31.092 -05:00 [DBG] Heartbeat PROX
2026-07-30 13:25:31.092 -05:00 [DBG] Heartbeat SENTINEL
2026-07-30 13:25:31.092 -05:00 [DBG] Heartbeat MARKETSCRYER
2026-07-30 13:25:31.092 -05:00 [DBG] Heartbeat SIGNALFORGE
2026-07-30 13:25:31.092 -05:00 [DBG] Heartbeat ORACLEVAULT
2026-07-30 13:25:31.092 -05:00 [DBG] Heartbeat RISKWARDEN
2026-07-30 13:26:31.092 -05:00 [DBG] Heartbeat SYNAPSE
2026-07-30 13:26:31.093 -05:00 [DBG] Heartbeat TRADEWEAVER
2026-07-30 13:26:31.093 -05:00 [DBG] Heartbeat CASEBLADE
2026-07-30 13:26:31.093 -05:00 [DBG] Heartbeat PROX
2026-07-30 13:26:31.093 -05:00 [DBG] Heartbeat SENTINEL
2026-07-30 13:26:31.093 -05:00 [DBG] Heartbeat MARKETSCRYER
2026-07-30 13:26:31.093 -05:00 [DBG] Heartbeat SIGNALFORGE
2026-07-30 13:26:31.093 -05:00 [DBG] Heartbeat ORACLEVAULT
2026-07-30 13:26:31.093 -05:00 [DBG] Heartbeat RISKWARDEN
2026-07-30 13:27:31.093 -05:00 [DBG] Heartbeat SYNAPSE
2026-07-30 13:27:31.093 -05:00 [DBG] Heartbeat TRADEWEAVER
2026-07-30 13:27:31.093 -05:00 [DBG] Heartbeat CASEBLADE
2026-07-30 13:27:31.093 -05:00 [DBG] Heartbeat PROX
2026-07-30 13:27:31.093 -05:00 [DBG] Heartbeat SENTINEL
2026-07-30 13:27:31.093 -05:00 [DBG] Heartbeat MARKETSCRYER
2026-07-30 13:27:31.093 -05:00 [DBG] Heartbeat SIGNALFORGE
2026-07-30 13:27:31.093 -05:00 [DBG] Heartbeat ORACLEVAULT
2026-07-30 13:27:31.093 -05:00 [DBG] Heartbeat RISKWARDEN
2026-07-30 13:28:29.826 -05:00 [INF] PC health: C: 77.5% used, 5 recent errors
2026-07-30 13:28:31.093 -05:00 [DBG] Heartbeat SYNAPSE
2026-07-30 13:28:31.093 -05:00 [DBG] Heartbeat TRADEWEAVER
2026-07-30 13:28:31.093 -05:00 [DBG] Heartbeat CASEBLADE
2026-07-30 13:28:31.094 -05:00 [DBG] Heartbeat PROX
2026-07-30 13:28:31.094 -05:00 [DBG] Heartbeat SENTINEL
2026-07-30 13:28:31.094 -05:00 [DBG] Heartbeat MARKETSCRYER
2026-07-30 13:28:31.094 -05:00 [DBG] Heartbeat SIGNALFORGE
2026-07-30 13:28:31.094 -05:00 [DBG] Heartbeat ORACLEVAULT
2026-07-30 13:28:31.094 -05:00 [DBG] Heartbeat RISKWARDEN
2026-07-30 13:29:31.094 -05:00 [DBG] Heartbeat SYNAPSE
2026-07-30 13:29:31.094 -05:00 [DBG] Heartbeat TRADEWEAVER
2026-07-30 13:29:31.094 -05:00 [DBG] Heartbeat CASEBLADE
2026-07-30 13:29:31.094 -05:00 [DBG] Heartbeat PROX
2026-07-30 13:29:31.094 -05:00 [DBG] Heartbeat SENTINEL
2026-07-30 13:29:31.094 -05:00 [DBG] Heartbeat MARKETSCRYER
2026-07-30 13:29:31.094 -05:00 [DBG] Heartbeat SIGNALFORGE
2026-07-30 13:29:31.094 -05:00 [DBG] Heartbeat ORACLEVAULT
2026-07-30 13:29:31.094 -05:00 [DBG] Heartbeat RISKWARDEN
2026-07-30 13:30:31.094 -05:00 [DBG] Heartbeat SYNAPSE
2026-07-30 13:30:31.094 -05:00 [DBG] Heartbeat TRADEWEAVER
2026-07-30 13:30:31.094 -05:00 [DBG] Heartbeat CASEBLADE
2026-07-30 13:30:31.094 -05:00 [DBG] Heartbeat PROX
2026-07-30 13:30:31.094 -05:00 [DBG] Heartbeat SENTINEL
2026-07-30 13:30:31.094 -05:00 [DBG] Heartbeat MARKETSCRYER
2026-07-30 13:30:31.094 -05:00 [DBG] Heartbeat SIGNALFORGE
2026-07-30 13:30:31.094 -05:00 [DBG] Heartbeat ORACLEVAULT
2026-07-30 13:30:31.094 -05:00 [DBG] Heartbeat RISKWARDEN
2026-07-30 13:31:31.094 -05:00 [DBG] Heartbeat SYNAPSE
2026-07-30 13:31:31.094 -05:00 [DBG] Heartbeat TRADEWEAVER
2026-07-30 13:31:31.094 -05:00 [DBG] Heartbeat CASEBLADE
2026-07-30 13:31:31.094 -05:00 [DBG] Heartbeat PROX
2026-07-30 13:31:31.094 -05:00 [DBG] Heartbeat SENTINEL
2026-07-30 13:31:31.094 -05:00 [DBG] Heartbeat MARKETSCRYER
2026-07-30 13:31:31.094 -05:00 [DBG] Heartbeat SIGNALFORGE
2026-07-30 13:31:31.094 -05:00 [DBG] Heartbeat ORACLEVAULT
2026-07-30 13:31:31.094 -05:00 [DBG] Heartbeat RISKWARDEN
2026-07-30 13:32:31.094 -05:00 [DBG] Heartbeat SYNAPSE
2026-07-30 13:32:31.094 -05:00 [DBG] Heartbeat TRADEWEAVER
2026-07-30 13:32:31.094 -05:00 [DBG] Heartbeat CASEBLADE
2026-07-30 13:32:31.094 -05:00 [DBG] Heartbeat PROX
2026-07-30 13:32:31.094 -05:00 [DBG] Heartbeat SENTINEL
2026-07-30 13:32:31.094 -05:00 [DBG] Heartbeat MARKETSCRYER
2026-07-30 13:32:31.094 -05:00 [DBG] Heartbeat SIGNALFORGE
2026-07-30 13:32:31.094 -05:00 [DBG] Heartbeat ORACLEVAULT
2026-07-30 13:32:31.095 -05:00 [DBG] Heartbeat RISKWARDEN
2026-07-30 13:33:31.094 -05:00 [DBG] Heartbeat SYNAPSE
2026-07-30 13:33:31.094 -05:00 [DBG] Heartbeat TRADEWEAVER
2026-07-30 13:33:31.094 -05:00 [DBG] Heartbeat CASEBLADE
2026-07-30 13:33:31.094 -05:00 [DBG] Heartbeat PROX
2026-07-30 13:33:31.094 -05:00 [DBG] Heartbeat SENTINEL
2026-07-30 13:33:31.094 -05:00 [DBG] Heartbeat MARKETSCRYER
2026-07-30 13:33:31.094 -05:00 [DBG] Heartbeat SIGNALFORGE
2026-07-30 13:33:31.094 -05:00 [DBG] Heartbeat ORACLEVAULT
2026-07-30 13:33:31.094 -05:00 [DBG] Heartbeat RISKWARDEN
2026-07-30 13:33:43.429 -05:00 [INF] PC health: C: 77.5% used, 5 recent errors
2026-07-30 13:34:31.094 -05:00 [DBG] Heartbeat SYNAPSE
2026-07-30 13:34:31.094 -05:00 [DBG] Heartbeat TRADEWEAVER
2026-07-30 13:34:31.094 -05:00 [DBG] Heartbeat CASEBLADE
2026-07-30 13:34:31.094 -05:00 [DBG] Heartbeat PROX
2026-07-30 13:34:31.094 -05:00 [DBG] Heartbeat SENTINEL
2026-07-30 13:34:31.094 -05:00 [DBG] Heartbeat MARKETSCRYER
2026-07-30 13:34:31.094 -05:00 [DBG] Heartbeat SIGNALFORGE
2026-07-30 13:34:31.094 -05:00 [DBG] Heartbeat ORACLEVAULT
2026-07-30 13:34:31.094 -05:00 [DBG] Heartbeat RISKWARDEN
2026-07-30 13:35:31.094 -05:00 [DBG] Heartbeat SYNAPSE
2026-07-30 13:35:31.094 -05:00 [DBG] Heartbeat TRADEWEAVER
2026-07-30 13:35:31.094 -05:00 [DBG] Heartbeat CASEBLADE
2026-07-30 13:35:31.094 -05:00 [DBG] Heartbeat PROX
2026-07-30 13:35:31.094 -05:00 [DBG] Heartbeat SENTINEL
2026-07-30 13:35:31.094 -05:00 [DBG] Heartbeat MARKETSCRYER
2026-07-30 13:35:31.094 -05:00 [DBG] Heartbeat SIGNALFORGE
2026-07-30 13:35:31.094 -05:00 [DBG] Heartbeat ORACLEVAULT
2026-07-30 13:35:31.094 -05:00 [DBG] Heartbeat RISKWARDEN
2026-07-30 13:36:31.094 -05:00 [DBG] Heartbeat SYNAPSE
2026-07-30 13:36:31.094 -05:00 [DBG] Heartbeat TRADEWEAVER
2026-07-30 13:36:31.094 -05:00 [DBG] Heartbeat CASEBLADE
2026-07-30 13:36:31.094 -05:00 [DBG] Heartbeat PROX
2026-07-30 13:36:31.094 -05:00 [DBG] Heartbeat SENTINEL
2026-07-30 13:36:31.094 -05:00 [DBG] Heartbeat MARKETSCRYER
2026-07-30 13:36:31.094 -05:00 [DBG] Heartbeat SIGNALFORGE
2026-07-30 13:36:31.094 -05:00 [DBG] Heartbeat ORACLEVAULT
2026-07-30 13:36:31.094 -05:00 [DBG] Heartbeat RISKWARDEN
2026-07-30 13:37:31.094 -05:00 [DBG] Heartbeat SYNAPSE
2026-07-30 13:37:31.094 -05:00 [DBG] Heartbeat TRADEWEAVER
2026-07-30 13:37:31.094 -05:00 [DBG] Heartbeat CASEBLADE
2026-07-30 13:37:31.094 -05:00 [DBG] Heartbeat PROX
2026-07-30 13:37:31.094 -05:00 [DBG] Heartbeat SENTINEL
2026-07-30 13:37:31.094 -05:00 [DBG] Heartbeat MARKETSCRYER
2026-07-30 13:37:31.094 -05:00 [DBG] Heartbeat SIGNALFORGE
2026-07-30 13:37:31.094 -05:00 [DBG] Heartbeat ORACLEVAULT
2026-07-30 13:37:31.094 -05:00 [DBG] Heartbeat RISKWARDEN
2026-07-30 13:38:31.095 -05:00 [DBG] Heartbeat SYNAPSE
2026-07-30 13:38:31.095 -05:00 [DBG] Heartbeat TRADEWEAVER
2026-07-30 13:38:31.095 -05:00 [DBG] Heartbeat CASEBLADE
2026-07-30 13:38:31.095 -05:00 [DBG] Heartbeat PROX
2026-07-30 13:38:31.095 -05:00 [DBG] Heartbeat SENTINEL
2026-07-30 13:38:31.095 -05:00 [DBG] Heartbeat MARKETSCRYER
2026-07-30 13:38:31.095 -05:00 [DBG] Heartbeat SIGNALFORGE
2026-07-30 13:38:31.095 -05:00 [DBG] Heartbeat ORACLEVAULT
2026-07-30 13:38:31.095 -05:00 [DBG] Heartbeat RISKWARDEN
2026-07-30 13:38:56.982 -05:00 [INF] PC health: C: 77.5% used, 5 recent errors
2026-07-30 13:39:31.094 -05:00 [DBG] Heartbeat SYNAPSE
2026-07-30 13:39:31.094 -05:00 [DBG] Heartbeat TRADEWEAVER
2026-07-30 13:39:31.094 -05:00 [DBG] Heartbeat CASEBLADE
2026-07-30 13:39:31.094 -05:00 [DBG] Heartbeat PROX
2026-07-30 13:39:31.094 -05:00 [DBG] Heartbeat SENTINEL
2026-07-30 13:39:31.094 -05:00 [DBG] Heartbeat MARKETSCRYER
2026-07-30 13:39:31.094 -05:00 [DBG] Heartbeat SIGNALFORGE
2026-07-30 13:39:31.094 -05:00 [DBG] Heartbeat ORACLEVAULT
2026-07-30 13:39:31.094 -05:00 [DBG] Heartbeat RISKWARDEN
2026-07-30 13:40:31.095 -05:00 [DBG] Heartbeat SYNAPSE
2026-07-30 13:40:31.095 -05:00 [DBG] Heartbeat TRADEWEAVER
2026-07-30 13:40:31.095 -05:00 [DBG] Heartbeat CASEBLADE
2026-07-30 13:40:31.095 -05:00 [DBG] Heartbeat PROX
2026-07-30 13:40:31.095 -05:00 [DBG] Heartbeat SENTINEL
2026-07-30 13:40:31.095 -05:00 [DBG] Heartbeat MARKETSCRYER
2026-07-30 13:40:31.095 -05:00 [DBG] Heartbeat SIGNALFORGE
2026-07-30 13:40:31.095 -05:00 [DBG] Heartbeat ORACLEVAULT
2026-07-30 13:40:31.095 -05:00 [DBG] Heartbeat RISKWARDEN
2026-07-30 13:41:31.094 -05:00 [DBG] Heartbeat SYNAPSE
2026-07-30 13:41:31.095 -05:00 [DBG] Heartbeat TRADEWEAVER
2026-07-30 13:41:31.095 -05:00 [DBG] Heartbeat CASEBLADE
2026-07-30 13:41:31.095 -05:00 [DBG] Heartbeat PROX
2026-07-30 13:41:31.095 -05:00 [DBG] Heartbeat SENTINEL
2026-07-30 13:41:31.095 -05:00 [DBG] Heartbeat MARKETSCRYER
2026-07-30 13:41:31.095 -05:00 [DBG] Heartbeat SIGNALFORGE
2026-07-30 13:41:31.095 -05:00 [DBG] Heartbeat ORACLEVAULT
2026-07-30 13:41:31.095 -05:00 [DBG] Heartbeat RISKWARDEN
2026-07-30 13:42:31.094 -05:00 [DBG] Heartbeat SYNAPSE
2026-07-30 13:42:31.094 -05:00 [DBG] Heartbeat TRADEWEAVER
2026-07-30 13:42:31.094 -05:00 [DBG] Heartbeat CASEBLADE
2026-07-30 13:42:31.094 -05:00 [DBG] Heartbeat PROX
2026-07-30 13:42:31.094 -05:00 [DBG] Heartbeat SENTINEL
2026-07-30 13:42:31.094 -05:00 [DBG] Heartbeat MARKETSCRYER
2026-07-30 13:42:31.094 -05:00 [DBG] Heartbeat SIGNALFORGE
2026-07-30 13:42:31.094 -05:00 [DBG] Heartbeat ORACLEVAULT
2026-07-30 13:42:31.094 -05:00 [DBG] Heartbeat RISKWARDEN
2026-07-30 13:43:31.095 -05:00 [DBG] Heartbeat SYNAPSE
2026-07-30 13:43:31.095 -05:00 [DBG] Heartbeat TRADEWEAVER
2026-07-30 13:43:31.095 -05:00 [DBG] Heartbeat CASEBLADE
2026-07-30 13:43:31.095 -05:00 [DBG] Heartbeat PROX
2026-07-30 13:43:31.095 -05:00 [DBG] Heartbeat SENTINEL
2026-07-30 13:43:31.095 -05:00 [DBG] Heartbeat MARKETSCRYER
2026-07-30 13:43:31.095 -05:00 [DBG] Heartbeat SIGNALFORGE
2026-07-30 13:43:31.095 -05:00 [DBG] Heartbeat ORACLEVAULT
2026-07-30 13:43:31.095 -05:00 [DBG] Heartbeat RISKWARDEN
2026-07-30 13:44:10.623 -05:00 [INF] PC health: C: 77.5% used, 5 recent errors
2026-07-30 13:44:31.094 -05:00 [DBG] Heartbeat SYNAPSE
2026-07-30 13:44:31.094 -05:00 [DBG] Heartbeat TRADEWEAVER
2026-07-30 13:44:31.094 -05:00 [DBG] Heartbeat CASEBLADE
2026-07-30 13:44:31.094 -05:00 [DBG] Heartbeat PROX
2026-07-30 13:44:31.094 -05:00 [DBG] Heartbeat SENTINEL
2026-07-30 13:44:31.094 -05:00 [DBG] Heartbeat MARKETSCRYER
2026-07-30 13:44:31.094 -05:00 [DBG] Heartbeat SIGNALFORGE
2026-07-30 13:44:31.094 -05:00 [DBG] Heartbeat ORACLEVAULT
2026-07-30 13:44:31.094 -05:00 [DBG] Heartbeat RISKWARDEN
2026-07-30 13:45:31.095 -05:00 [DBG] Heartbeat SYNAPSE
2026-07-30 13:45:31.095 -05:00 [DBG] Heartbeat TRADEWEAVER
2026-07-30 13:45:31.095 -05:00 [DBG] Heartbeat CASEBLADE
2026-07-30 13:45:31.095 -05:00 [DBG] Heartbeat PROX
2026-07-30 13:45:31.095 -05:00 [DBG] Heartbeat SENTINEL
2026-07-30 13:45:31.095 -05:00 [DBG] Heartbeat MARKETSCRYER
2026-07-30 13:45:31.095 -05:00 [DBG] Heartbeat SIGNALFORGE
2026-07-30 13:45:31.095 -05:00 [DBG] Heartbeat ORACLEVAULT
2026-07-30 13:45:31.095 -05:00 [DBG] Heartbeat RISKWARDEN
2026-07-30 13:46:31.095 -05:00 [DBG] Heartbeat SYNAPSE
2026-07-30 13:46:31.095 -05:00 [DBG] Heartbeat TRADEWEAVER
2026-07-30 13:46:31.095 -05:00 [DBG] Heartbeat CASEBLADE
2026-07-30 13:46:31.095 -05:00 [DBG] Heartbeat PROX
2026-07-30 13:46:31.095 -05:00 [DBG] Heartbeat SENTINEL
2026-07-30 13:46:31.095 -05:00 [DBG] Heartbeat MARKETSCRYER
2026-07-30 13:46:31.095 -05:00 [DBG] Heartbeat SIGNALFORGE
2026-07-30 13:46:31.095 -05:00 [DBG] Heartbeat ORACLEVAULT
2026-07-30 13:46:31.095 -05:00 [DBG] Heartbeat RISKWARDEN
2026-07-30 13:47:31.095 -05:00 [DBG] Heartbeat SYNAPSE
2026-07-30 13:47:31.095 -05:00 [DBG] Heartbeat TRADEWEAVER
2026-07-30 13:47:31.095 -05:00 [DBG] Heartbeat CASEBLADE
2026-07-30 13:47:31.095 -05:00 [DBG] Heartbeat PROX
2026-07-30 13:47:31.095 -05:00 [DBG] Heartbeat SENTINEL
2026-07-30 13:47:31.095 -05:00 [DBG] Heartbeat MARKETSCRYER
2026-07-30 13:47:31.095 -05:00 [DBG] Heartbeat SIGNALFORGE
2026-07-30 13:47:31.095 -05:00 [DBG] Heartbeat ORACLEVAULT
2026-07-30 13:47:31.095 -05:00 [DBG] Heartbeat RISKWARDEN
2026-07-30 13:48:31.095 -05:00 [DBG] Heartbeat SYNAPSE
2026-07-30 13:48:31.095 -05:00 [DBG] Heartbeat TRADEWEAVER
2026-07-30 13:48:31.095 -05:00 [DBG] Heartbeat CASEBLADE
2026-07-30 13:48:31.095 -05:00 [DBG] Heartbeat PROX
2026-07-30 13:48:31.095 -05:00 [DBG] Heartbeat SENTINEL
2026-07-30 13:48:31.095 -05:00 [DBG] Heartbeat MARKETSCRYER
2026-07-30 13:48:31.095 -05:00 [DBG] Heartbeat SIGNALFORGE
2026-07-30 13:48:31.095 -05:00 [DBG] Heartbeat ORACLEVAULT
2026-07-30 13:48:31.095 -05:00 [DBG] Heartbeat RISKWARDEN
2026-07-30 13:49:24.260 -05:00 [INF] PC health: C: 77.5% used, 5 recent errors
2026-07-30 13:49:31.096 -05:00 [DBG] Heartbeat SYNAPSE
2026-07-30 13:49:31.096 -05:00 [DBG] Heartbeat TRADEWEAVER
2026-07-30 13:49:31.096 -05:00 [DBG] Heartbeat CASEBLADE
2026-07-30 13:49:31.096 -05:00 [DBG] Heartbeat PROX
2026-07-30 13:49:31.096 -05:00 [DBG] Heartbeat SENTINEL
2026-07-30 13:49:31.096 -05:00 [DBG] Heartbeat MARKETSCRYER
2026-07-30 13:49:31.096 -05:00 [DBG] Heartbeat SIGNALFORGE
2026-07-30 13:49:31.096 -05:00 [DBG] Heartbeat ORACLEVAULT
2026-07-30 13:49:31.096 -05:00 [DBG] Heartbeat RISKWARDEN
2026-07-30 13:50:31.096 -05:00 [DBG] Heartbeat SYNAPSE
2026-07-30 13:50:31.097 -05:00 [DBG] Heartbeat TRADEWEAVER
2026-07-30 13:50:31.097 -05:00 [DBG] Heartbeat CASEBLADE
2026-07-30 13:50:31.097 -05:00 [DBG] Heartbeat PROX
2026-07-30 13:50:31.097 -05:00 [DBG] Heartbeat SENTINEL
2026-07-30 13:50:31.097 -05:00 [DBG] Heartbeat MARKETSCRYER
2026-07-30 13:50:31.097 -05:00 [DBG] Heartbeat SIGNALFORGE
2026-07-30 13:50:31.097 -05:00 [DBG] Heartbeat ORACLEVAULT
2026-07-30 13:50:31.097 -05:00 [DBG] Heartbeat RISKWARDEN
2026-07-30 13:51:31.097 -05:00 [DBG] Heartbeat SYNAPSE
2026-07-30 13:51:31.097 -05:00 [DBG] Heartbeat TRADEWEAVER
2026-07-30 13:51:31.097 -05:00 [DBG] Heartbeat CASEBLADE
2026-07-30 13:51:31.097 -05:00 [DBG] Heartbeat PROX
2026-07-30 13:51:31.097 -05:00 [DBG] Heartbeat SENTINEL
2026-07-30 13:51:31.097 -05:00 [DBG] Heartbeat MARKETSCRYER
2026-07-30 13:51:31.097 -05:00 [DBG] Heartbeat SIGNALFORGE
2026-07-30 13:51:31.097 -05:00 [DBG] Heartbeat ORACLEVAULT
2026-07-30 13:51:31.097 -05:00 [DBG] Heartbeat RISKWARDEN
2026-07-30 13:52:31.096 -05:00 [DBG] Heartbeat SYNAPSE
2026-07-30 13:52:31.096 -05:00 [DBG] Heartbeat TRADEWEAVER
2026-07-30 13:52:31.096 -05:00 [DBG] Heartbeat CASEBLADE
2026-07-30 13:52:31.097 -05:00 [DBG] Heartbeat PROX
2026-07-30 13:52:31.097 -05:00 [DBG] Heartbeat SENTINEL
2026-07-30 13:52:31.097 -05:00 [DBG] Heartbeat MARKETSCRYER
2026-07-30 13:52:31.097 -05:00 [DBG] Heartbeat SIGNALFORGE
2026-07-30 13:52:31.097 -05:00 [DBG] Heartbeat ORACLEVAULT
2026-07-30 13:52:31.097 -05:00 [DBG] Heartbeat RISKWARDEN
2026-07-30 13:53:31.096 -05:00 [DBG] Heartbeat SYNAPSE
2026-07-30 13:53:31.097 -05:00 [DBG] Heartbeat TRADEWEAVER
2026-07-30 13:53:31.097 -05:00 [DBG] Heartbeat CASEBLADE
2026-07-30 13:53:31.097 -05:00 [DBG] Heartbeat PROX
2026-07-30 13:53:31.097 -05:00 [DBG] Heartbeat SENTINEL
2026-07-30 13:53:31.097 -05:00 [DBG] Heartbeat MARKETSCRYER
2026-07-30 13:53:31.097 -05:00 [DBG] Heartbeat SIGNALFORGE
2026-07-30 13:53:31.097 -05:00 [DBG] Heartbeat ORACLEVAULT
2026-07-30 13:53:31.097 -05:00 [DBG] Heartbeat RISKWARDEN
2026-07-30 13:54:31.096 -05:00 [DBG] Heartbeat SYNAPSE
2026-07-30 13:54:31.096 -05:00 [DBG] Heartbeat TRADEWEAVER
2026-07-30 13:54:31.096 -05:00 [DBG] Heartbeat CASEBLADE
2026-07-30 13:54:31.096 -05:00 [DBG] Heartbeat PROX
2026-07-30 13:54:31.096 -05:00 [DBG] Heartbeat SENTINEL
2026-07-30 13:54:31.096 -05:00 [DBG] Heartbeat MARKETSCRYER
2026-07-30 13:54:31.096 -05:00 [DBG] Heartbeat SIGNALFORGE
2026-07-30 13:54:31.096 -05:00 [DBG] Heartbeat ORACLEVAULT
2026-07-30 13:54:31.096 -05:00 [DBG] Heartbeat RISKWARDEN
2026-07-30 13:54:37.815 -05:00 [INF] PC health: C: 77.4% used, 5 recent errors
2026-07-30 13:55:31.096 -05:00 [DBG] Heartbeat SYNAPSE
2026-07-30 13:55:31.096 -05:00 [DBG] Heartbeat TRADEWEAVER
2026-07-30 13:55:31.096 -05:00 [DBG] Heartbeat CASEBLADE
2026-07-30 13:55:31.096 -05:00 [DBG] Heartbeat PROX
2026-07-30 13:55:31.096 -05:00 [DBG] Heartbeat SENTINEL
2026-07-30 13:55:31.096 -05:00 [DBG] Heartbeat MARKETSCRYER
2026-07-30 13:55:31.096 -05:00 [DBG] Heartbeat SIGNALFORGE
2026-07-30 13:55:31.096 -05:00 [DBG] Heartbeat ORACLEVAULT
2026-07-30 13:55:31.096 -05:00 [DBG] Heartbeat RISKWARDEN
2026-07-30 13:56:31.096 -05:00 [DBG] Heartbeat SYNAPSE
2026-07-30 13:56:31.096 -05:00 [DBG] Heartbeat TRADEWEAVER
2026-07-30 13:56:31.096 -05:00 [DBG] Heartbeat CASEBLADE
2026-07-30 13:56:31.096 -05:00 [DBG] Heartbeat PROX
2026-07-30 13:56:31.096 -05:00 [DBG] Heartbeat SENTINEL
2026-07-30 13:56:31.096 -05:00 [DBG] Heartbeat MARKETSCRYER
2026-07-30 13:56:31.096 -05:00 [DBG] Heartbeat SIGNALFORGE
2026-07-30 13:56:31.096 -05:00 [DBG] Heartbeat ORACLEVAULT
2026-07-30 13:56:31.096 -05:00 [DBG] Heartbeat RISKWARDEN
2026-07-30 13:57:31.096 -05:00 [DBG] Heartbeat SYNAPSE
2026-07-30 13:57:31.096 -05:00 [DBG] Heartbeat TRADEWEAVER
2026-07-30 13:57:31.096 -05:00 [DBG] Heartbeat CASEBLADE
2026-07-30 13:57:31.096 -05:00 [DBG] Heartbeat PROX
2026-07-30 13:57:31.096 -05:00 [DBG] Heartbeat SENTINEL
2026-07-30 13:57:31.096 -05:00 [DBG] Heartbeat MARKETSCRYER
2026-07-30 13:57:31.096 -05:00 [DBG] Heartbeat SIGNALFORGE
2026-07-30 13:57:31.096 -05:00 [DBG] Heartbeat ORACLEVAULT
2026-07-30 13:57:31.096 -05:00 [DBG] Heartbeat RISKWARDEN
2026-07-30 13:58:31.096 -05:00 [DBG] Heartbeat SYNAPSE
2026-07-30 13:58:31.096 -05:00 [DBG] Heartbeat TRADEWEAVER
2026-07-30 13:58:31.096 -05:00 [DBG] Heartbeat CASEBLADE
2026-07-30 13:58:31.096 -05:00 [DBG] Heartbeat PROX
2026-07-30 13:58:31.096 -05:00 [DBG] Heartbeat SENTINEL
2026-07-30 13:58:31.096 -05:00 [DBG] Heartbeat MARKETSCRYER
2026-07-30 13:58:31.096 -05:00 [DBG] Heartbeat SIGNALFORGE
2026-07-30 13:58:31.096 -05:00 [DBG] Heartbeat ORACLEVAULT
2026-07-30 13:58:31.096 -05:00 [DBG] Heartbeat RISKWARDEN
2026-07-30 13:59:31.096 -05:00 [DBG] Heartbeat SYNAPSE
2026-07-30 13:59:31.096 -05:00 [DBG] Heartbeat TRADEWEAVER
2026-07-30 13:59:31.096 -05:00 [DBG] Heartbeat CASEBLADE
2026-07-30 13:59:31.096 -05:00 [DBG] Heartbeat PROX
2026-07-30 13:59:31.096 -05:00 [DBG] Heartbeat SENTINEL
2026-07-30 13:59:31.096 -05:00 [DBG] Heartbeat MARKETSCRYER
2026-07-30 13:59:31.096 -05:00 [DBG] Heartbeat SIGNALFORGE
2026-07-30 13:59:31.096 -05:00 [DBG] Heartbeat ORACLEVAULT
2026-07-30 13:59:31.096 -05:00 [DBG] Heartbeat RISKWARDEN
2026-07-30 13:59:51.420 -05:00 [INF] PC health: C: 77.4% used, 5 recent errors
2026-07-30 14:00:31.096 -05:00 [DBG] Heartbeat SYNAPSE
2026-07-30 14:00:31.096 -05:00 [DBG] Heartbeat TRADEWEAVER
2026-07-30 14:00:31.096 -05:00 [DBG] Heartbeat CASEBLADE
2026-07-30 14:00:31.096 -05:00 [DBG] Heartbeat PROX
2026-07-30 14:00:31.096 -05:00 [DBG] Heartbeat SENTINEL
2026-07-30 14:00:31.096 -05:00 [DBG] Heartbeat MARKETSCRYER
2026-07-30 14:00:31.096 -05:00 [DBG] Heartbeat SIGNALFORGE
2026-07-30 14:00:31.096 -05:00 [DBG] Heartbeat ORACLEVAULT
2026-07-30 14:00:31.096 -05:00 [DBG] Heartbeat RISKWARDEN
2026-07-30 14:01:31.096 -05:00 [DBG] Heartbeat SYNAPSE
2026-07-30 14:01:31.096 -05:00 [DBG] Heartbeat TRADEWEAVER
2026-07-30 14:01:31.096 -05:00 [DBG] Heartbeat CASEBLADE
2026-07-30 14:01:31.096 -05:00 [DBG] Heartbeat PROX
2026-07-30 14:01:31.096 -05:00 [DBG] Heartbeat SENTINEL
2026-07-30 14:01:31.096 -05:00 [DBG] Heartbeat MARKETSCRYER
2026-07-30 14:01:31.096 -05:00 [DBG] Heartbeat SIGNALFORGE
2026-07-30 14:01:31.096 -05:00 [DBG] Heartbeat ORACLEVAULT
2026-07-30 14:01:31.096 -05:00 [DBG] Heartbeat RISKWARDEN
2026-07-30 14:02:31.097 -05:00 [DBG] Heartbeat SYNAPSE
2026-07-30 14:02:31.097 -05:00 [DBG] Heartbeat TRADEWEAVER
2026-07-30 14:02:31.097 -05:00 [DBG] Heartbeat CASEBLADE
2026-07-30 14:02:31.097 -05:00 [DBG] Heartbeat PROX
2026-07-30 14:02:31.097 -05:00 [DBG] Heartbeat SENTINEL
2026-07-30 14:02:31.097 -05:00 [DBG] Heartbeat MARKETSCRYER
2026-07-30 14:02:31.097 -05:00 [DBG] Heartbeat SIGNALFORGE
2026-07-30 14:02:31.097 -05:00 [DBG] Heartbeat ORACLEVAULT
2026-07-30 14:02:31.097 -05:00 [DBG] Heartbeat RISKWARDEN
2026-07-30 14:03:31.097 -05:00 [DBG] Heartbeat SYNAPSE
2026-07-30 14:03:31.097 -05:00 [DBG] Heartbeat TRADEWEAVER
2026-07-30 14:03:31.097 -05:00 [DBG] Heartbeat CASEBLADE
2026-07-30 14:03:31.097 -05:00 [DBG] Heartbeat PROX
2026-07-30 14:03:31.097 -05:00 [DBG] Heartbeat SENTINEL
2026-07-30 14:03:31.097 -05:00 [DBG] Heartbeat MARKETSCRYER
2026-07-30 14:03:31.097 -05:00 [DBG] Heartbeat SIGNALFORGE
2026-07-30 14:03:31.097 -05:00 [DBG] Heartbeat ORACLEVAULT
2026-07-30 14:03:31.097 -05:00 [DBG] Heartbeat RISKWARDEN
2026-07-30 14:04:31.097 -05:00 [DBG] Heartbeat SYNAPSE
2026-07-30 14:04:31.097 -05:00 [DBG] Heartbeat TRADEWEAVER
2026-07-30 14:04:31.097 -05:00 [DBG] Heartbeat CASEBLADE
2026-07-30 14:04:31.097 -05:00 [DBG] Heartbeat PROX
2026-07-30 14:04:31.097 -05:00 [DBG] Heartbeat SENTINEL
2026-07-30 14:04:31.097 -05:00 [DBG] Heartbeat MARKETSCRYER
2026-07-30 14:04:31.097 -05:00 [DBG] Heartbeat SIGNALFORGE
2026-07-30 14:04:31.097 -05:00 [DBG] Heartbeat ORACLEVAULT
2026-07-30 14:04:31.097 -05:00 [DBG] Heartbeat RISKWARDEN
2026-07-30 14:05:05.159 -05:00 [INF] PC health: C: 77.5% used, 5 recent errors
2026-07-30 14:05:31.096 -05:00 [DBG] Heartbeat SYNAPSE
2026-07-30 14:05:31.096 -05:00 [DBG] Heartbeat TRADEWEAVER
2026-07-30 14:05:31.096 -05:00 [DBG] Heartbeat CASEBLADE
2026-07-30 14:05:31.096 -05:00 [DBG] Heartbeat PROX
2026-07-30 14:05:31.096 -05:00 [DBG] Heartbeat SENTINEL
2026-07-30 14:05:31.096 -05:00 [DBG] Heartbeat MARKETSCRYER
2026-07-30 14:05:31.096 -05:00 [DBG] Heartbeat SIGNALFORGE
2026-07-30 14:05:31.096 -05:00 [DBG] Heartbeat ORACLEVAULT
2026-07-30 14:05:31.096 -05:00 [DBG] Heartbeat RISKWARDEN
2026-07-30 14:06:31.096 -05:00 [DBG] Heartbeat SYNAPSE
2026-07-30 14:06:31.096 -05:00 [DBG] Heartbeat TRADEWEAVER
2026-07-30 14:06:31.096 -05:00 [DBG] Heartbeat CASEBLADE
2026-07-30 14:06:31.096 -05:00 [DBG] Heartbeat PROX
2026-07-30 14:06:31.096 -05:00 [DBG] Heartbeat SENTINEL
2026-07-30 14:06:31.096 -05:00 [DBG] Heartbeat MARKETSCRYER
2026-07-30 14:06:31.096 -05:00 [DBG] Heartbeat SIGNALFORGE
2026-07-30 14:06:31.096 -05:00 [DBG] Heartbeat ORACLEVAULT
2026-07-30 14:06:31.096 -05:00 [DBG] Heartbeat RISKWARDEN
2026-07-30 14:07:31.096 -05:00 [DBG] Heartbeat SYNAPSE
2026-07-30 14:07:31.096 -05:00 [DBG] Heartbeat TRADEWEAVER
2026-07-30 14:07:31.096 -05:00 [DBG] Heartbeat CASEBLADE
2026-07-30 14:07:31.096 -05:00 [DBG] Heartbeat PROX
2026-07-30 14:07:31.096 -05:00 [DBG] Heartbeat SENTINEL
2026-07-30 14:07:31.096 -05:00 [DBG] Heartbeat MARKETSCRYER
2026-07-30 14:07:31.096 -05:00 [DBG] Heartbeat SIGNALFORGE
2026-07-30 14:07:31.096 -05:00 [DBG] Heartbeat ORACLEVAULT
2026-07-30 14:07:31.096 -05:00 [DBG] Heartbeat RISKWARDEN
2026-07-30 14:08:31.096 -05:00 [DBG] Heartbeat SYNAPSE
2026-07-30 14:08:31.096 -05:00 [DBG] Heartbeat TRADEWEAVER
2026-07-30 14:08:31.096 -05:00 [DBG] Heartbeat CASEBLADE
2026-07-30 14:08:31.096 -05:00 [DBG] Heartbeat PROX
2026-07-30 14:08:31.096 -05:00 [DBG] Heartbeat SENTINEL
2026-07-30 14:08:31.096 -05:00 [DBG] Heartbeat MARKETSCRYER
2026-07-30 14:08:31.096 -05:00 [DBG] Heartbeat SIGNALFORGE
2026-07-30 14:08:31.096 -05:00 [DBG] Heartbeat ORACLEVAULT
2026-07-30 14:08:31.096 -05:00 [DBG] Heartbeat RISKWARDEN
2026-07-30 14:09:31.096 -05:00 [DBG] Heartbeat SYNAPSE
2026-07-30 14:09:31.096 -05:00 [DBG] Heartbeat TRADEWEAVER
2026-07-30 14:09:31.096 -05:00 [DBG] Heartbeat CASEBLADE
2026-07-30 14:09:31.096 -05:00 [DBG] Heartbeat PROX
2026-07-30 14:09:31.096 -05:00 [DBG] Heartbeat SENTINEL
2026-07-30 14:09:31.096 -05:00 [DBG] Heartbeat MARKETSCRYER
2026-07-30 14:09:31.096 -05:00 [DBG] Heartbeat SIGNALFORGE
2026-07-30 14:09:31.096 -05:00 [DBG] Heartbeat ORACLEVAULT
2026-07-30 14:09:31.096 -05:00 [DBG] Heartbeat RISKWARDEN
2026-07-30 14:10:18.664 -05:00 [INF] PC health: C: 77.5% used, 5 recent errors
2026-07-30 14:10:31.095 -05:00 [DBG] Heartbeat SYNAPSE
2026-07-30 14:10:31.095 -05:00 [DBG] Heartbeat TRADEWEAVER
2026-07-30 14:10:31.095 -05:00 [DBG] Heartbeat CASEBLADE
2026-07-30 14:10:31.095 -05:00 [DBG] Heartbeat PROX
2026-07-30 14:10:31.095 -05:00 [DBG] Heartbeat SENTINEL
2026-07-30 14:10:31.095 -05:00 [DBG] Heartbeat MARKETSCRYER
2026-07-30 14:10:31.095 -05:00 [DBG] Heartbeat SIGNALFORGE
2026-07-30 14:10:31.095 -05:00 [DBG] Heartbeat ORACLEVAULT
2026-07-30 14:10:31.095 -05:00 [DBG] Heartbeat RISKWARDEN
2026-07-30 14:11:31.095 -05:00 [DBG] Heartbeat SYNAPSE
2026-07-30 14:11:31.095 -05:00 [DBG] Heartbeat TRADEWEAVER
2026-07-30 14:11:31.095 -05:00 [DBG] Heartbeat CASEBLADE
2026-07-30 14:11:31.095 -05:00 [DBG] Heartbeat PROX
2026-07-30 14:11:31.095 -05:00 [DBG] Heartbeat SENTINEL
2026-07-30 14:11:31.095 -05:00 [DBG] Heartbeat MARKETSCRYER
2026-07-30 14:11:31.095 -05:00 [DBG] Heartbeat SIGNALFORGE
2026-07-30 14:11:31.095 -05:00 [DBG] Heartbeat ORACLEVAULT
2026-07-30 14:11:31.095 -05:00 [DBG] Heartbeat RISKWARDEN
2026-07-30 14:12:31.095 -05:00 [DBG] Heartbeat SYNAPSE
2026-07-30 14:12:31.095 -05:00 [DBG] Heartbeat TRADEWEAVER
2026-07-30 14:12:31.095 -05:00 [DBG] Heartbeat CASEBLADE
2026-07-30 14:12:31.095 -05:00 [DBG] Heartbeat PROX
2026-07-30 14:12:31.095 -05:00 [DBG] Heartbeat SENTINEL
2026-07-30 14:12:31.095 -05:00 [DBG] Heartbeat MARKETSCRYER
2026-07-30 14:12:31.095 -05:00 [DBG] Heartbeat SIGNALFORGE
2026-07-30 14:12:31.095 -05:00 [DBG] Heartbeat ORACLEVAULT
2026-07-30 14:12:31.095 -05:00 [DBG] Heartbeat RISKWARDEN
2026-07-30 14:13:31.095 -05:00 [DBG] Heartbeat SYNAPSE
2026-07-30 14:13:31.095 -05:00 [DBG] Heartbeat TRADEWEAVER
2026-07-30 14:13:31.095 -05:00 [DBG] Heartbeat CASEBLADE
2026-07-30 14:13:31.095 -05:00 [DBG] Heartbeat PROX
2026-07-30 14:13:31.095 -05:00 [DBG] Heartbeat SENTINEL
2026-07-30 14:13:31.095 -05:00 [DBG] Heartbeat MARKETSCRYER
2026-07-30 14:13:31.095 -05:00 [DBG] Heartbeat SIGNALFORGE
2026-07-30 14:13:31.095 -05:00 [DBG] Heartbeat ORACLEVAULT
2026-07-30 14:13:31.095 -05:00 [DBG] Heartbeat RISKWARDEN
2026-07-30 14:14:31.095 -05:00 [DBG] Heartbeat SYNAPSE
2026-07-30 14:14:31.095 -05:00 [DBG] Heartbeat TRADEWEAVER
2026-07-30 14:14:31.095 -05:00 [DBG] Heartbeat CASEBLADE
2026-07-30 14:14:31.095 -05:00 [DBG] Heartbeat PROX
2026-07-30 14:14:31.095 -05:00 [DBG] Heartbeat SENTINEL
2026-07-30 14:14:31.095 -05:00 [DBG] Heartbeat MARKETSCRYER
2026-07-30 14:14:31.095 -05:00 [DBG] Heartbeat SIGNALFORGE
2026-07-30 14:14:31.095 -05:00 [DBG] Heartbeat ORACLEVAULT
2026-07-30 14:14:31.095 -05:00 [DBG] Heartbeat RISKWARDEN
2026-07-30 14:15:31.096 -05:00 [DBG] Heartbeat SYNAPSE
2026-07-30 14:15:31.096 -05:00 [DBG] Heartbeat TRADEWEAVER
2026-07-30 14:15:31.096 -05:00 [DBG] Heartbeat CASEBLADE
2026-07-30 14:15:31.096 -05:00 [DBG] Heartbeat PROX
2026-07-30 14:15:31.096 -05:00 [DBG] Heartbeat SENTINEL
2026-07-30 14:15:31.096 -05:00 [DBG] Heartbeat MARKETSCRYER
2026-07-30 14:15:31.096 -05:00 [DBG] Heartbeat SIGNALFORGE
2026-07-30 14:15:31.096 -05:00 [DBG] Heartbeat ORACLEVAULT
2026-07-30 14:15:31.096 -05:00 [DBG] Heartbeat RISKWARDEN
2026-07-30 14:15:32.188 -05:00 [INF] PC health: C: 77.5% used, 5 recent errors
2026-07-30 14:16:31.097 -05:00 [DBG] Heartbeat SYNAPSE
2026-07-30 14:16:31.097 -05:00 [DBG] Heartbeat TRADEWEAVER
2026-07-30 14:16:31.097 -05:00 [DBG] Heartbeat CASEBLADE
2026-07-30 14:16:31.097 -05:00 [DBG] Heartbeat PROX
2026-07-30 14:16:31.097 -05:00 [DBG] Heartbeat SENTINEL
2026-07-30 14:16:31.097 -05:00 [DBG] Heartbeat MARKETSCRYER
2026-07-30 14:16:31.097 -05:00 [DBG] Heartbeat SIGNALFORGE
2026-07-30 14:16:31.097 -05:00 [DBG] Heartbeat ORACLEVAULT
2026-07-30 14:16:31.097 -05:00 [DBG] Heartbeat RISKWARDEN
2026-07-30 14:17:31.098 -05:00 [DBG] Heartbeat SYNAPSE
2026-07-30 14:17:31.098 -05:00 [DBG] Heartbeat TRADEWEAVER
2026-07-30 14:17:31.098 -05:00 [DBG] Heartbeat CASEBLADE
2026-07-30 14:17:31.098 -05:00 [DBG] Heartbeat PROX
2026-07-30 14:17:31.098 -05:00 [DBG] Heartbeat SENTINEL
2026-07-30 14:17:31.098 -05:00 [DBG] Heartbeat MARKETSCRYER
2026-07-30 14:17:31.098 -05:00 [DBG] Heartbeat SIGNALFORGE
2026-07-30 14:17:31.098 -05:00 [DBG] Heartbeat ORACLEVAULT
2026-07-30 14:17:31.098 -05:00 [DBG] Heartbeat RISKWARDEN
2026-07-30 14:18:31.098 -05:00 [DBG] Heartbeat SYNAPSE
2026-07-30 14:18:31.098 -05:00 [DBG] Heartbeat TRADEWEAVER
2026-07-30 14:18:31.098 -05:00 [DBG] Heartbeat CASEBLADE
2026-07-30 14:18:31.098 -05:00 [DBG] Heartbeat PROX
2026-07-30 14:18:31.098 -05:00 [DBG] Heartbeat SENTINEL
2026-07-30 14:18:31.098 -05:00 [DBG] Heartbeat MARKETSCRYER
2026-07-30 14:18:31.098 -05:00 [DBG] Heartbeat SIGNALFORGE
2026-07-30 14:18:31.098 -05:00 [DBG] Heartbeat ORACLEVAULT
2026-07-30 14:18:31.098 -05:00 [DBG] Heartbeat RISKWARDEN
2026-07-30 14:19:31.097 -05:00 [DBG] Heartbeat SYNAPSE
2026-07-30 14:19:31.097 -05:00 [DBG] Heartbeat TRADEWEAVER
2026-07-30 14:19:31.097 -05:00 [DBG] Heartbeat CASEBLADE
2026-07-30 14:19:31.097 -05:00 [DBG] Heartbeat PROX
2026-07-30 14:19:31.097 -05:00 [DBG] Heartbeat SENTINEL
2026-07-30 14:19:31.097 -05:00 [DBG] Heartbeat MARKETSCRYER
2026-07-30 14:19:31.097 -05:00 [DBG] Heartbeat SIGNALFORGE
2026-07-30 14:19:31.097 -05:00 [DBG] Heartbeat ORACLEVAULT
2026-07-30 14:19:31.097 -05:00 [DBG] Heartbeat RISKWARDEN
2026-07-30 14:20:31.097 -05:00 [DBG] Heartbeat SYNAPSE
2026-07-30 14:20:31.097 -05:00 [DBG] Heartbeat TRADEWEAVER
2026-07-30 14:20:31.097 -05:00 [DBG] Heartbeat CASEBLADE
2026-07-30 14:20:31.097 -05:00 [DBG] Heartbeat PROX
2026-07-30 14:20:31.097 -05:00 [DBG] Heartbeat SENTINEL
2026-07-30 14:20:31.097 -05:00 [DBG] Heartbeat MARKETSCRYER
2026-07-30 14:20:31.097 -05:00 [DBG] Heartbeat SIGNALFORGE
2026-07-30 14:20:31.097 -05:00 [DBG] Heartbeat ORACLEVAULT
2026-07-30 14:20:31.097 -05:00 [DBG] Heartbeat RISKWARDEN
2026-07-30 14:20:45.897 -05:00 [INF] PC health: C: 77.5% used, 5 recent errors
2026-07-30 14:21:31.097 -05:00 [DBG] Heartbeat SYNAPSE
2026-07-30 14:21:31.097 -05:00 [DBG] Heartbeat TRADEWEAVER
2026-07-30 14:21:31.097 -05:00 [DBG] Heartbeat CASEBLADE
2026-07-30 14:21:31.097 -05:00 [DBG] Heartbeat PROX
2026-07-30 14:21:31.097 -05:00 [DBG] Heartbeat SENTINEL
2026-07-30 14:21:31.097 -05:00 [DBG] Heartbeat MARKETSCRYER
2026-07-30 14:21:31.097 -05:00 [DBG] Heartbeat SIGNALFORGE
2026-07-30 14:21:31.097 -05:00 [DBG] Heartbeat ORACLEVAULT
2026-07-30 14:21:31.097 -05:00 [DBG] Heartbeat RISKWARDEN
2026-07-30 14:22:31.097 -05:00 [DBG] Heartbeat SYNAPSE
2026-07-30 14:22:31.097 -05:00 [DBG] Heartbeat TRADEWEAVER
2026-07-30 14:22:31.097 -05:00 [DBG] Heartbeat CASEBLADE
2026-07-30 14:22:31.097 -05:00 [DBG] Heartbeat PROX
2026-07-30 14:22:31.097 -05:00 [DBG] Heartbeat SENTINEL
2026-07-30 14:22:31.097 -05:00 [DBG] Heartbeat MARKETSCRYER
2026-07-30 14:22:31.097 -05:00 [DBG] Heartbeat SIGNALFORGE
2026-07-30 14:22:31.097 -05:00 [DBG] Heartbeat ORACLEVAULT
2026-07-30 14:22:31.097 -05:00 [DBG] Heartbeat RISKWARDEN
2026-07-30 14:23:31.097 -05:00 [DBG] Heartbeat SYNAPSE
2026-07-30 14:23:31.097 -05:00 [DBG] Heartbeat TRADEWEAVER
2026-07-30 14:23:31.097 -05:00 [DBG] Heartbeat CASEBLADE
2026-07-30 14:23:31.097 -05:00 [DBG] Heartbeat PROX
2026-07-30 14:23:31.097 -05:00 [DBG] Heartbeat SENTINEL
2026-07-30 14:23:31.097 -05:00 [DBG] Heartbeat MARKETSCRYER
2026-07-30 14:23:31.097 -05:00 [DBG] Heartbeat SIGNALFORGE
2026-07-30 14:23:31.097 -05:00 [DBG] Heartbeat ORACLEVAULT
2026-07-30 14:23:31.097 -05:00 [DBG] Heartbeat RISKWARDEN
2026-07-30 14:24:31.097 -05:00 [DBG] Heartbeat SYNAPSE
2026-07-30 14:24:31.097 -05:00 [DBG] Heartbeat TRADEWEAVER
2026-07-30 14:24:31.097 -05:00 [DBG] Heartbeat CASEBLADE
2026-07-30 14:24:31.097 -05:00 [DBG] Heartbeat PROX
2026-07-30 14:24:31.097 -05:00 [DBG] Heartbeat SENTINEL
2026-07-30 14:24:31.097 -05:00 [DBG] Heartbeat MARKETSCRYER
2026-07-30 14:24:31.097 -05:00 [DBG] Heartbeat SIGNALFORGE
2026-07-30 14:24:31.097 -05:00 [DBG] Heartbeat ORACLEVAULT
2026-07-30 14:24:31.097 -05:00 [DBG] Heartbeat RISKWARDEN
2026-07-30 14:25:31.097 -05:00 [DBG] Heartbeat SYNAPSE
2026-07-30 14:25:31.097 -05:00 [DBG] Heartbeat TRADEWEAVER
2026-07-30 14:25:31.097 -05:00 [DBG] Heartbeat CASEBLADE
2026-07-30 14:25:31.097 -05:00 [DBG] Heartbeat PROX
2026-07-30 14:25:31.097 -05:00 [DBG] Heartbeat SENTINEL
2026-07-30 14:25:31.097 -05:00 [DBG] Heartbeat MARKETSCRYER
2026-07-30 14:25:31.097 -05:00 [DBG] Heartbeat SIGNALFORGE
2026-07-30 14:25:31.097 -05:00 [DBG] Heartbeat ORACLEVAULT
2026-07-30 14:25:31.097 -05:00 [DBG] Heartbeat RISKWARDEN
2026-07-30 14:25:59.507 -05:00 [INF] PC health: C: 77.5% used, 5 recent errors
2026-07-30 14:26:31.098 -05:00 [DBG] Heartbeat SYNAPSE
2026-07-30 14:26:31.098 -05:00 [DBG] Heartbeat TRADEWEAVER
2026-07-30 14:26:31.098 -05:00 [DBG] Heartbeat CASEBLADE
2026-07-30 14:26:31.098 -05:00 [DBG] Heartbeat PROX
2026-07-30 14:26:31.098 -05:00 [DBG] Heartbeat SENTINEL
2026-07-30 14:26:31.098 -05:00 [DBG] Heartbeat MARKETSCRYER
2026-07-30 14:26:31.098 -05:00 [DBG] Heartbeat SIGNALFORGE
2026-07-30 14:26:31.098 -05:00 [DBG] Heartbeat ORACLEVAULT
2026-07-30 14:26:31.098 -05:00 [DBG] Heartbeat RISKWARDEN
2026-07-30 14:27:31.099 -05:00 [DBG] Heartbeat SYNAPSE
2026-07-30 14:27:31.099 -05:00 [DBG] Heartbeat TRADEWEAVER
2026-07-30 14:27:31.099 -05:00 [DBG] Heartbeat CASEBLADE
2026-07-30 14:27:31.099 -05:00 [DBG] Heartbeat PROX
2026-07-30 14:27:31.099 -05:00 [DBG] Heartbeat SENTINEL
2026-07-30 14:27:31.099 -05:00 [DBG] Heartbeat MARKETSCRYER
2026-07-30 14:27:31.099 -05:00 [DBG] Heartbeat SIGNALFORGE
2026-07-30 14:27:31.099 -05:00 [DBG] Heartbeat ORACLEVAULT
2026-07-30 14:27:31.099 -05:00 [DBG] Heartbeat RISKWARDEN
2026-07-30 14:28:31.100 -05:00 [DBG] Heartbeat SYNAPSE
2026-07-30 14:28:31.100 -05:00 [DBG] Heartbeat TRADEWEAVER
2026-07-30 14:28:31.100 -05:00 [DBG] Heartbeat CASEBLADE
2026-07-30 14:28:31.100 -05:00 [DBG] Heartbeat PROX
2026-07-30 14:28:31.100 -05:00 [DBG] Heartbeat SENTINEL
2026-07-30 14:28:31.100 -05:00 [DBG] Heartbeat MARKETSCRYER
2026-07-30 14:28:31.100 -05:00 [DBG] Heartbeat SIGNALFORGE
2026-07-30 14:28:31.100 -05:00 [DBG] Heartbeat ORACLEVAULT
2026-07-30 14:28:31.100 -05:00 [DBG] Heartbeat RISKWARDEN
2026-07-30 14:29:31.100 -05:00 [DBG] Heartbeat SYNAPSE
2026-07-30 14:29:31.100 -05:00 [DBG] Heartbeat TRADEWEAVER
2026-07-30 14:29:31.100 -05:00 [DBG] Heartbeat CASEBLADE
2026-07-30 14:29:31.100 -05:00 [DBG] Heartbeat PROX
2026-07-30 14:29:31.100 -05:00 [DBG] Heartbeat SENTINEL
2026-07-30 14:29:31.100 -05:00 [DBG] Heartbeat MARKETSCRYER
2026-07-30 14:29:31.100 -05:00 [DBG] Heartbeat SIGNALFORGE
2026-07-30 14:29:31.100 -05:00 [DBG] Heartbeat ORACLEVAULT
2026-07-30 14:29:31.100 -05:00 [DBG] Heartbeat RISKWARDEN
2026-07-30 14:30:31.100 -05:00 [DBG] Heartbeat SYNAPSE
2026-07-30 14:30:31.100 -05:00 [DBG] Heartbeat TRADEWEAVER
2026-07-30 14:30:31.100 -05:00 [DBG] Heartbeat CASEBLADE
2026-07-30 14:30:31.100 -05:00 [DBG] Heartbeat PROX
2026-07-30 14:30:31.100 -05:00 [DBG] Heartbeat SENTINEL
2026-07-30 14:30:31.100 -05:00 [DBG] Heartbeat MARKETSCRYER
2026-07-30 14:30:31.100 -05:00 [DBG] Heartbeat SIGNALFORGE
2026-07-30 14:30:31.100 -05:00 [DBG] Heartbeat ORACLEVAULT
2026-07-30 14:30:31.100 -05:00 [DBG] Heartbeat RISKWARDEN
2026-07-30 14:31:13.102 -05:00 [INF] PC health: C: 77.5% used, 5 recent errors
2026-07-30 14:31:31.099 -05:00 [DBG] Heartbeat SYNAPSE
2026-07-30 14:31:31.099 -05:00 [DBG] Heartbeat TRADEWEAVER
2026-07-30 14:31:31.099 -05:00 [DBG] Heartbeat CASEBLADE
2026-07-30 14:31:31.099 -05:00 [DBG] Heartbeat PROX
2026-07-30 14:31:31.099 -05:00 [DBG] Heartbeat SENTINEL
2026-07-30 14:31:31.099 -05:00 [DBG] Heartbeat MARKETSCRYER
2026-07-30 14:31:31.099 -05:00 [DBG] Heartbeat SIGNALFORGE
2026-07-30 14:31:31.099 -05:00 [DBG] Heartbeat ORACLEVAULT
2026-07-30 14:31:31.099 -05:00 [DBG] Heartbeat RISKWARDEN
2026-07-30 14:32:31.099 -05:00 [DBG] Heartbeat SYNAPSE
2026-07-30 14:32:31.100 -05:00 [DBG] Heartbeat TRADEWEAVER
2026-07-30 14:32:31.100 -05:00 [DBG] Heartbeat CASEBLADE
2026-07-30 14:32:31.100 -05:00 [DBG] Heartbeat PROX
2026-07-30 14:32:31.100 -05:00 [DBG] Heartbeat SENTINEL
2026-07-30 14:32:31.100 -05:00 [DBG] Heartbeat MARKETSCRYER
2026-07-30 14:32:31.100 -05:00 [DBG] Heartbeat SIGNALFORGE
2026-07-30 14:32:31.100 -05:00 [DBG] Heartbeat ORACLEVAULT
2026-07-30 14:32:31.100 -05:00 [DBG] Heartbeat RISKWARDEN
2026-07-30 14:33:31.100 -05:00 [DBG] Heartbeat SYNAPSE
2026-07-30 14:33:31.100 -05:00 [DBG] Heartbeat TRADEWEAVER
2026-07-30 14:33:31.100 -05:00 [DBG] Heartbeat CASEBLADE
2026-07-30 14:33:31.100 -05:00 [DBG] Heartbeat PROX
2026-07-30 14:33:31.100 -05:00 [DBG] Heartbeat SENTINEL
2026-07-30 14:33:31.100 -05:00 [DBG] Heartbeat MARKETSCRYER
2026-07-30 14:33:31.100 -05:00 [DBG] Heartbeat SIGNALFORGE
2026-07-30 14:33:31.100 -05:00 [DBG] Heartbeat ORACLEVAULT
2026-07-30 14:33:31.100 -05:00 [DBG] Heartbeat RISKWARDEN
2026-07-30 14:34:31.100 -05:00 [DBG] Heartbeat SYNAPSE
2026-07-30 14:34:31.100 -05:00 [DBG] Heartbeat TRADEWEAVER
2026-07-30 14:34:31.100 -05:00 [DBG] Heartbeat CASEBLADE
2026-07-30 14:34:31.100 -05:00 [DBG] Heartbeat PROX
2026-07-30 14:34:31.100 -05:00 [DBG] Heartbeat SENTINEL
2026-07-30 14:34:31.100 -05:00 [DBG] Heartbeat MARKETSCRYER
2026-07-30 14:34:31.100 -05:00 [DBG] Heartbeat SIGNALFORGE
2026-07-30 14:34:31.100 -05:00 [DBG] Heartbeat ORACLEVAULT
2026-07-30 14:34:31.100 -05:00 [DBG] Heartbeat RISKWARDEN
2026-07-30 14:35:31.100 -05:00 [DBG] Heartbeat SYNAPSE
2026-07-30 14:35:31.100 -05:00 [DBG] Heartbeat TRADEWEAVER
2026-07-30 14:35:31.100 -05:00 [DBG] Heartbeat CASEBLADE
2026-07-30 14:35:31.100 -05:00 [DBG] Heartbeat PROX
2026-07-30 14:35:31.100 -05:00 [DBG] Heartbeat SENTINEL
2026-07-30 14:35:31.100 -05:00 [DBG] Heartbeat MARKETSCRYER
2026-07-30 14:35:31.100 -05:00 [DBG] Heartbeat SIGNALFORGE
2026-07-30 14:35:31.100 -05:00 [DBG] Heartbeat ORACLEVAULT
2026-07-30 14:35:31.100 -05:00 [DBG] Heartbeat RISKWARDEN
2026-07-30 14:36:26.660 -05:00 [INF] PC health: C: 77.5% used, 5 recent errors
2026-07-30 14:36:31.099 -05:00 [DBG] Heartbeat SYNAPSE
2026-07-30 14:36:31.099 -05:00 [DBG] Heartbeat TRADEWEAVER
2026-07-30 14:36:31.099 -05:00 [DBG] Heartbeat CASEBLADE
2026-07-30 14:36:31.099 -05:00 [DBG] Heartbeat PROX
2026-07-30 14:36:31.099 -05:00 [DBG] Heartbeat SENTINEL
2026-07-30 14:36:31.099 -05:00 [DBG] Heartbeat MARKETSCRYER
2026-07-30 14:36:31.099 -05:00 [DBG] Heartbeat SIGNALFORGE
2026-07-30 14:36:31.099 -05:00 [DBG] Heartbeat ORACLEVAULT
2026-07-30 14:36:31.099 -05:00 [DBG] Heartbeat RISKWARDEN
2026-07-30 14:37:31.099 -05:00 [DBG] Heartbeat SYNAPSE
2026-07-30 14:37:31.099 -05:00 [DBG] Heartbeat TRADEWEAVER
2026-07-30 14:37:31.099 -05:00 [DBG] Heartbeat CASEBLADE
2026-07-30 14:37:31.099 -05:00 [DBG] Heartbeat PROX
2026-07-30 14:37:31.099 -05:00 [DBG] Heartbeat SENTINEL
2026-07-30 14:37:31.099 -05:00 [DBG] Heartbeat MARKETSCRYER
2026-07-30 14:37:31.099 -05:00 [DBG] Heartbeat SIGNALFORGE
2026-07-30 14:37:31.099 -05:00 [DBG] Heartbeat ORACLEVAULT
2026-07-30 14:37:31.099 -05:00 [DBG] Heartbeat RISKWARDEN
2026-07-30 14:38:31.099 -05:00 [DBG] Heartbeat SYNAPSE
2026-07-30 14:38:31.099 -05:00 [DBG] Heartbeat TRADEWEAVER
2026-07-30 14:38:31.099 -05:00 [DBG] Heartbeat CASEBLADE
2026-07-30 14:38:31.099 -05:00 [DBG] Heartbeat PROX
2026-07-30 14:38:31.099 -05:00 [DBG] Heartbeat SENTINEL
2026-07-30 14:38:31.099 -05:00 [DBG] Heartbeat MARKETSCRYER
2026-07-30 14:38:31.099 -05:00 [DBG] Heartbeat SIGNALFORGE
2026-07-30 14:38:31.099 -05:00 [DBG] Heartbeat ORACLEVAULT
2026-07-30 14:38:31.099 -05:00 [DBG] Heartbeat RISKWARDEN
2026-07-30 14:39:31.100 -05:00 [DBG] Heartbeat SYNAPSE
2026-07-30 14:39:31.100 -05:00 [DBG] Heartbeat TRADEWEAVER
2026-07-30 14:39:31.100 -05:00 [DBG] Heartbeat CASEBLADE
2026-07-30 14:39:31.100 -05:00 [DBG] Heartbeat PROX
2026-07-30 14:39:31.100 -05:00 [DBG] Heartbeat SENTINEL
2026-07-30 14:39:31.100 -05:00 [DBG] Heartbeat MARKETSCRYER
2026-07-30 14:39:31.100 -05:00 [DBG] Heartbeat SIGNALFORGE
2026-07-30 14:39:31.100 -05:00 [DBG] Heartbeat ORACLEVAULT
2026-07-30 14:39:31.100 -05:00 [DBG] Heartbeat RISKWARDEN
2026-07-30 14:40:31.099 -05:00 [DBG] Heartbeat SYNAPSE
2026-07-30 14:40:31.099 -05:00 [DBG] Heartbeat TRADEWEAVER
2026-07-30 14:40:31.099 -05:00 [DBG] Heartbeat CASEBLADE
2026-07-30 14:40:31.099 -05:00 [DBG] Heartbeat PROX
2026-07-30 14:40:31.099 -05:00 [DBG] Heartbeat SENTINEL
2026-07-30 14:40:31.099 -05:00 [DBG] Heartbeat MARKETSCRYER
2026-07-30 14:40:31.099 -05:00 [DBG] Heartbeat SIGNALFORGE
2026-07-30 14:40:31.099 -05:00 [DBG] Heartbeat ORACLEVAULT
2026-07-30 14:40:31.099 -05:00 [DBG] Heartbeat RISKWARDEN
2026-07-30 14:41:31.100 -05:00 [DBG] Heartbeat SYNAPSE
2026-07-30 14:41:31.100 -05:00 [DBG] Heartbeat TRADEWEAVER
2026-07-30 14:41:31.100 -05:00 [DBG] Heartbeat CASEBLADE
2026-07-30 14:41:31.100 -05:00 [DBG] Heartbeat PROX
2026-07-30 14:41:31.100 -05:00 [DBG] Heartbeat SENTINEL
2026-07-30 14:41:31.100 -05:00 [DBG] Heartbeat MARKETSCRYER
2026-07-30 14:41:31.100 -05:00 [DBG] Heartbeat SIGNALFORGE
2026-07-30 14:41:31.100 -05:00 [DBG] Heartbeat ORACLEVAULT
2026-07-30 14:41:31.100 -05:00 [DBG] Heartbeat RISKWARDEN
2026-07-30 14:41:40.268 -05:00 [INF] PC health: C: 77.5% used, 5 recent errors
2026-07-30 14:42:31.100 -05:00 [DBG] Heartbeat SYNAPSE
2026-07-30 14:42:31.100 -05:00 [DBG] Heartbeat TRADEWEAVER
2026-07-30 14:42:31.100 -05:00 [DBG] Heartbeat CASEBLADE
2026-07-30 14:42:31.100 -05:00 [DBG] Heartbeat PROX
2026-07-30 14:42:31.100 -05:00 [DBG] Heartbeat SENTINEL
2026-07-30 14:42:31.100 -05:00 [DBG] Heartbeat MARKETSCRYER
2026-07-30 14:42:31.100 -05:00 [DBG] Heartbeat SIGNALFORGE
2026-07-30 14:42:31.100 -05:00 [DBG] Heartbeat ORACLEVAULT
2026-07-30 14:42:31.100 -05:00 [DBG] Heartbeat RISKWARDEN
2026-07-30 14:43:31.100 -05:00 [DBG] Heartbeat SYNAPSE
2026-07-30 14:43:31.100 -05:00 [DBG] Heartbeat TRADEWEAVER
2026-07-30 14:43:31.100 -05:00 [DBG] Heartbeat CASEBLADE
2026-07-30 14:43:31.100 -05:00 [DBG] Heartbeat PROX
2026-07-30 14:43:31.100 -05:00 [DBG] Heartbeat SENTINEL
2026-07-30 14:43:31.100 -05:00 [DBG] Heartbeat MARKETSCRYER
2026-07-30 14:43:31.100 -05:00 [DBG] Heartbeat SIGNALFORGE
2026-07-30 14:43:31.100 -05:00 [DBG] Heartbeat ORACLEVAULT
2026-07-30 14:43:31.100 -05:00 [DBG] Heartbeat RISKWARDEN
2026-07-30 14:44:31.100 -05:00 [DBG] Heartbeat SYNAPSE
2026-07-30 14:44:31.100 -05:00 [DBG] Heartbeat TRADEWEAVER
2026-07-30 14:44:31.100 -05:00 [DBG] Heartbeat CASEBLADE
2026-07-30 14:44:31.100 -05:00 [DBG] Heartbeat PROX
2026-07-30 14:44:31.100 -05:00 [DBG] Heartbeat SENTINEL
2026-07-30 14:44:31.100 -05:00 [DBG] Heartbeat MARKETSCRYER
2026-07-30 14:44:31.100 -05:00 [DBG] Heartbeat SIGNALFORGE
2026-07-30 14:44:31.100 -05:00 [DBG] Heartbeat ORACLEVAULT
2026-07-30 14:44:31.100 -05:00 [DBG] Heartbeat RISKWARDEN
2026-07-30 14:45:31.100 -05:00 [DBG] Heartbeat SYNAPSE
2026-07-30 14:45:31.100 -05:00 [DBG] Heartbeat TRADEWEAVER
2026-07-30 14:45:31.100 -05:00 [DBG] Heartbeat CASEBLADE
2026-07-30 14:45:31.100 -05:00 [DBG] Heartbeat PROX
2026-07-30 14:45:31.100 -05:00 [DBG] Heartbeat SENTINEL
2026-07-30 14:45:31.100 -05:00 [DBG] Heartbeat MARKETSCRYER
2026-07-30 14:45:31.100 -05:00 [DBG] Heartbeat SIGNALFORGE
2026-07-30 14:45:31.100 -05:00 [DBG] Heartbeat ORACLEVAULT
2026-07-30 14:45:31.100 -05:00 [DBG] Heartbeat RISKWARDEN
2026-07-30 14:46:31.100 -05:00 [DBG] Heartbeat SYNAPSE
2026-07-30 14:46:31.100 -05:00 [DBG] Heartbeat TRADEWEAVER
2026-07-30 14:46:31.100 -05:00 [DBG] Heartbeat CASEBLADE
2026-07-30 14:46:31.100 -05:00 [DBG] Heartbeat PROX
2026-07-30 14:46:31.100 -05:00 [DBG] Heartbeat SENTINEL
2026-07-30 14:46:31.100 -05:00 [DBG] Heartbeat MARKETSCRYER
2026-07-30 14:46:31.100 -05:00 [DBG] Heartbeat SIGNALFORGE
2026-07-30 14:46:31.100 -05:00 [DBG] Heartbeat ORACLEVAULT
2026-07-30 14:46:31.100 -05:00 [DBG] Heartbeat RISKWARDEN
2026-07-30 14:46:53.896 -05:00 [INF] PC health: C: 77.5% used, 5 recent errors
2026-07-30 14:47:31.100 -05:00 [DBG] Heartbeat SYNAPSE
2026-07-30 14:47:31.100 -05:00 [DBG] Heartbeat TRADEWEAVER
2026-07-30 14:47:31.100 -05:00 [DBG] Heartbeat CASEBLADE
2026-07-30 14:47:31.100 -05:00 [DBG] Heartbeat PROX
2026-07-30 14:47:31.100 -05:00 [DBG] Heartbeat SENTINEL
2026-07-30 14:47:31.100 -05:00 [DBG] Heartbeat MARKETSCRYER
2026-07-30 14:47:31.100 -05:00 [DBG] Heartbeat SIGNALFORGE
2026-07-30 14:47:31.100 -05:00 [DBG] Heartbeat ORACLEVAULT
2026-07-30 14:47:31.100 -05:00 [DBG] Heartbeat RISKWARDEN
2026-07-30 14:48:31.100 -05:00 [DBG] Heartbeat SYNAPSE
2026-07-30 14:48:31.100 -05:00 [DBG] Heartbeat TRADEWEAVER
2026-07-30 14:48:31.100 -05:00 [DBG] Heartbeat CASEBLADE
2026-07-30 14:48:31.100 -05:00 [DBG] Heartbeat PROX
2026-07-30 14:48:31.100 -05:00 [DBG] Heartbeat SENTINEL
2026-07-30 14:48:31.100 -05:00 [DBG] Heartbeat MARKETSCRYER
2026-07-30 14:48:31.100 -05:00 [DBG] Heartbeat SIGNALFORGE
2026-07-30 14:48:31.100 -05:00 [DBG] Heartbeat ORACLEVAULT
2026-07-30 14:48:31.100 -05:00 [DBG] Heartbeat RISKWARDEN
2026-07-30 14:49:31.099 -05:00 [DBG] Heartbeat SYNAPSE
2026-07-30 14:49:31.099 -05:00 [DBG] Heartbeat TRADEWEAVER
2026-07-30 14:49:31.099 -05:00 [DBG] Heartbeat CASEBLADE
2026-07-30 14:49:31.099 -05:00 [DBG] Heartbeat PROX
2026-07-30 14:49:31.099 -05:00 [DBG] Heartbeat SENTINEL
2026-07-30 14:49:31.099 -05:00 [DBG] Heartbeat MARKETSCRYER
2026-07-30 14:49:31.099 -05:00 [DBG] Heartbeat SIGNALFORGE
2026-07-30 14:49:31.099 -05:00 [DBG] Heartbeat ORACLEVAULT
2026-07-30 14:49:31.099 -05:00 [DBG] Heartbeat RISKWARDEN
2026-07-30 14:50:31.100 -05:00 [DBG] Heartbeat SYNAPSE
2026-07-30 14:50:31.100 -05:00 [DBG] Heartbeat TRADEWEAVER
2026-07-30 14:50:31.100 -05:00 [DBG] Heartbeat CASEBLADE
2026-07-30 14:50:31.100 -05:00 [DBG] Heartbeat PROX
2026-07-30 14:50:31.100 -05:00 [DBG] Heartbeat SENTINEL
2026-07-30 14:50:31.100 -05:00 [DBG] Heartbeat MARKETSCRYER
2026-07-30 14:50:31.100 -05:00 [DBG] Heartbeat SIGNALFORGE
2026-07-30 14:50:31.100 -05:00 [DBG] Heartbeat ORACLEVAULT
2026-07-30 14:50:31.100 -05:00 [DBG] Heartbeat RISKWARDEN
2026-07-30 14:51:31.100 -05:00 [DBG] Heartbeat SYNAPSE
2026-07-30 14:51:31.100 -05:00 [DBG] Heartbeat TRADEWEAVER
2026-07-30 14:51:31.100 -05:00 [DBG] Heartbeat CASEBLADE
2026-07-30 14:51:31.100 -05:00 [DBG] Heartbeat PROX
2026-07-30 14:51:31.100 -05:00 [DBG] Heartbeat SENTINEL
2026-07-30 14:51:31.100 -05:00 [DBG] Heartbeat MARKETSCRYER
2026-07-30 14:51:31.100 -05:00 [DBG] Heartbeat SIGNALFORGE
2026-07-30 14:51:31.100 -05:00 [DBG] Heartbeat ORACLEVAULT
2026-07-30 14:51:31.100 -05:00 [DBG] Heartbeat RISKWARDEN
2026-07-30 14:52:07.574 -05:00 [INF] PC health: C: 77.5% used, 5 recent errors
2026-07-30 14:52:31.100 -05:00 [DBG] Heartbeat SYNAPSE
2026-07-30 14:52:31.100 -05:00 [DBG] Heartbeat TRADEWEAVER
2026-07-30 14:52:31.100 -05:00 [DBG] Heartbeat CASEBLADE
2026-07-30 14:52:31.100 -05:00 [DBG] Heartbeat PROX
2026-07-30 14:52:31.100 -05:00 [DBG] Heartbeat SENTINEL
2026-07-30 14:52:31.100 -05:00 [DBG] Heartbeat MARKETSCRYER
2026-07-30 14:52:31.100 -05:00 [DBG] Heartbeat SIGNALFORGE
2026-07-30 14:52:31.100 -05:00 [DBG] Heartbeat ORACLEVAULT
2026-07-30 14:52:31.100 -05:00 [DBG] Heartbeat RISKWARDEN
2026-07-30 14:53:31.100 -05:00 [DBG] Heartbeat SYNAPSE
2026-07-30 14:53:31.100 -05:00 [DBG] Heartbeat TRADEWEAVER
2026-07-30 14:53:31.100 -05:00 [DBG] Heartbeat CASEBLADE
2026-07-30 14:53:31.100 -05:00 [DBG] Heartbeat PROX
2026-07-30 14:53:31.100 -05:00 [DBG] Heartbeat SENTINEL
2026-07-30 14:53:31.100 -05:00 [DBG] Heartbeat MARKETSCRYER
2026-07-30 14:53:31.100 -05:00 [DBG] Heartbeat SIGNALFORGE
2026-07-30 14:53:31.100 -05:00 [DBG] Heartbeat ORACLEVAULT
2026-07-30 14:53:31.100 -05:00 [DBG] Heartbeat RISKWARDEN
2026-07-30 14:54:31.100 -05:00 [DBG] Heartbeat SYNAPSE
2026-07-30 14:54:31.100 -05:00 [DBG] Heartbeat TRADEWEAVER
2026-07-30 14:54:31.100 -05:00 [DBG] Heartbeat CASEBLADE
2026-07-30 14:54:31.100 -05:00 [DBG] Heartbeat PROX
2026-07-30 14:54:31.100 -05:00 [DBG] Heartbeat SENTINEL
2026-07-30 14:54:31.100 -05:00 [DBG] Heartbeat MARKETSCRYER
2026-07-30 14:54:31.100 -05:00 [DBG] Heartbeat SIGNALFORGE
2026-07-30 14:54:31.100 -05:00 [DBG] Heartbeat ORACLEVAULT
2026-07-30 14:54:31.100 -05:00 [DBG] Heartbeat RISKWARDEN
2026-07-30 14:55:31.100 -05:00 [DBG] Heartbeat SYNAPSE
2026-07-30 14:55:31.100 -05:00 [DBG] Heartbeat TRADEWEAVER
2026-07-30 14:55:31.100 -05:00 [DBG] Heartbeat CASEBLADE
2026-07-30 14:55:31.100 -05:00 [DBG] Heartbeat PROX
2026-07-30 14:55:31.100 -05:00 [DBG] Heartbeat SENTINEL
2026-07-30 14:55:31.100 -05:00 [DBG] Heartbeat MARKETSCRYER
2026-07-30 14:55:31.100 -05:00 [DBG] Heartbeat SIGNALFORGE
2026-07-30 14:55:31.100 -05:00 [DBG] Heartbeat ORACLEVAULT
2026-07-30 14:55:31.100 -05:00 [DBG] Heartbeat RISKWARDEN
2026-07-30 14:56:31.099 -05:00 [DBG] Heartbeat SYNAPSE
2026-07-30 14:56:31.099 -05:00 [DBG] Heartbeat TRADEWEAVER
2026-07-30 14:56:31.099 -05:00 [DBG] Heartbeat CASEBLADE
2026-07-30 14:56:31.099 -05:00 [DBG] Heartbeat PROX
2026-07-30 14:56:31.099 -05:00 [DBG] Heartbeat SENTINEL
2026-07-30 14:56:31.099 -05:00 [DBG] Heartbeat MARKETSCRYER
2026-07-30 14:56:31.099 -05:00 [DBG] Heartbeat SIGNALFORGE
2026-07-30 14:56:31.099 -05:00 [DBG] Heartbeat ORACLEVAULT
2026-07-30 14:56:31.099 -05:00 [DBG] Heartbeat RISKWARDEN
2026-07-30 14:57:21.244 -05:00 [INF] PC health: C: 77.5% used, 5 recent errors
2026-07-30 14:57:31.099 -05:00 [DBG] Heartbeat SYNAPSE
2026-07-30 14:57:31.099 -05:00 [DBG] Heartbeat TRADEWEAVER
2026-07-30 14:57:31.099 -05:00 [DBG] Heartbeat CASEBLADE
2026-07-30 14:57:31.099 -05:00 [DBG] Heartbeat PROX
2026-07-30 14:57:31.099 -05:00 [DBG] Heartbeat SENTINEL
2026-07-30 14:57:31.099 -05:00 [DBG] Heartbeat MARKETSCRYER
2026-07-30 14:57:31.099 -05:00 [DBG] Heartbeat SIGNALFORGE
2026-07-30 14:57:31.099 -05:00 [DBG] Heartbeat ORACLEVAULT
2026-07-30 14:57:31.099 -05:00 [DBG] Heartbeat RISKWARDEN
2026-07-30 14:58:31.098 -05:00 [DBG] Heartbeat SYNAPSE
2026-07-30 14:58:31.098 -05:00 [DBG] Heartbeat TRADEWEAVER
2026-07-30 14:58:31.098 -05:00 [DBG] Heartbeat CASEBLADE
2026-07-30 14:58:31.098 -05:00 [DBG] Heartbeat PROX
2026-07-30 14:58:31.098 -05:00 [DBG] Heartbeat SENTINEL
2026-07-30 14:58:31.098 -05:00 [DBG] Heartbeat MARKETSCRYER
2026-07-30 14:58:31.098 -05:00 [DBG] Heartbeat SIGNALFORGE
2026-07-30 14:58:31.098 -05:00 [DBG] Heartbeat ORACLEVAULT
2026-07-30 14:58:31.098 -05:00 [DBG] Heartbeat RISKWARDEN
2026-07-30 14:59:31.098 -05:00 [DBG] Heartbeat SYNAPSE
2026-07-30 14:59:31.098 -05:00 [DBG] Heartbeat TRADEWEAVER
2026-07-30 14:59:31.098 -05:00 [DBG] Heartbeat CASEBLADE
2026-07-30 14:59:31.098 -05:00 [DBG] Heartbeat PROX
2026-07-30 14:59:31.098 -05:00 [DBG] Heartbeat SENTINEL
2026-07-30 14:59:31.098 -05:00 [DBG] Heartbeat MARKETSCRYER
2026-07-30 14:59:31.098 -05:00 [DBG] Heartbeat SIGNALFORGE
2026-07-30 14:59:31.098 -05:00 [DBG] Heartbeat ORACLEVAULT
2026-07-30 14:59:31.098 -05:00 [DBG] Heartbeat RISKWARDEN
2026-07-30 15:00:31.097 -05:00 [DBG] Heartbeat SYNAPSE
2026-07-30 15:00:31.097 -05:00 [DBG] Heartbeat TRADEWEAVER
2026-07-30 15:00:31.097 -05:00 [DBG] Heartbeat CASEBLADE
2026-07-30 15:00:31.097 -05:00 [DBG] Heartbeat PROX
2026-07-30 15:00:31.097 -05:00 [DBG] Heartbeat SENTINEL
2026-07-30 15:00:31.097 -05:00 [DBG] Heartbeat MARKETSCRYER
2026-07-30 15:00:31.097 -05:00 [DBG] Heartbeat SIGNALFORGE
2026-07-30 15:00:31.097 -05:00 [DBG] Heartbeat ORACLEVAULT
2026-07-30 15:00:31.097 -05:00 [DBG] Heartbeat RISKWARDEN
2026-07-30 15:01:31.096 -05:00 [DBG] Heartbeat SYNAPSE
2026-07-30 15:01:31.096 -05:00 [DBG] Heartbeat TRADEWEAVER
2026-07-30 15:01:31.096 -05:00 [DBG] Heartbeat CASEBLADE
2026-07-30 15:01:31.096 -05:00 [DBG] Heartbeat PROX
2026-07-30 15:01:31.096 -05:00 [DBG] Heartbeat SENTINEL
2026-07-30 15:01:31.096 -05:00 [DBG] Heartbeat MARKETSCRYER
2026-07-30 15:01:31.096 -05:00 [DBG] Heartbeat SIGNALFORGE
2026-07-30 15:01:31.096 -05:00 [DBG] Heartbeat ORACLEVAULT
2026-07-30 15:01:31.096 -05:00 [DBG] Heartbeat RISKWARDEN
2026-07-30 15:02:31.096 -05:00 [DBG] Heartbeat SYNAPSE
2026-07-30 15:02:31.096 -05:00 [DBG] Heartbeat TRADEWEAVER
2026-07-30 15:02:31.096 -05:00 [DBG] Heartbeat CASEBLADE
2026-07-30 15:02:31.096 -05:00 [DBG] Heartbeat PROX
2026-07-30 15:02:31.096 -05:00 [DBG] Heartbeat SENTINEL
2026-07-30 15:02:31.096 -05:00 [DBG] Heartbeat MARKETSCRYER
2026-07-30 15:02:31.096 -05:00 [DBG] Heartbeat SIGNALFORGE
2026-07-30 15:02:31.096 -05:00 [DBG] Heartbeat ORACLEVAULT
2026-07-30 15:02:31.096 -05:00 [DBG] Heartbeat RISKWARDEN
2026-07-30 15:02:34.917 -05:00 [INF] PC health: C: 77.5% used, 5 recent errors
2026-07-30 15:03:31.095 -05:00 [DBG] Heartbeat SYNAPSE
2026-07-30 15:03:31.095 -05:00 [DBG] Heartbeat TRADEWEAVER
2026-07-30 15:03:31.095 -05:00 [DBG] Heartbeat CASEBLADE
2026-07-30 15:03:31.095 -05:00 [DBG] Heartbeat PROX
2026-07-30 15:03:31.095 -05:00 [DBG] Heartbeat SENTINEL
2026-07-30 15:03:31.095 -05:00 [DBG] Heartbeat MARKETSCRYER
2026-07-30 15:03:31.095 -05:00 [DBG] Heartbeat SIGNALFORGE
2026-07-30 15:03:31.095 -05:00 [DBG] Heartbeat ORACLEVAULT
2026-07-30 15:03:31.095 -05:00 [DBG] Heartbeat RISKWARDEN
2026-07-30 15:04:31.094 -05:00 [DBG] Heartbeat SYNAPSE
2026-07-30 15:04:31.094 -05:00 [DBG] Heartbeat TRADEWEAVER
2026-07-30 15:04:31.094 -05:00 [DBG] Heartbeat CASEBLADE
2026-07-30 15:04:31.094 -05:00 [DBG] Heartbeat PROX
2026-07-30 15:04:31.094 -05:00 [DBG] Heartbeat SENTINEL
2026-07-30 15:04:31.094 -05:00 [DBG] Heartbeat MARKETSCRYER
2026-07-30 15:04:31.094 -05:00 [DBG] Heartbeat SIGNALFORGE
2026-07-30 15:04:31.094 -05:00 [DBG] Heartbeat ORACLEVAULT
2026-07-30 15:04:31.094 -05:00 [DBG] Heartbeat RISKWARDEN
2026-07-30 15:05:31.094 -05:00 [DBG] Heartbeat SYNAPSE
2026-07-30 15:05:31.094 -05:00 [DBG] Heartbeat TRADEWEAVER
2026-07-30 15:05:31.094 -05:00 [DBG] Heartbeat CASEBLADE
2026-07-30 15:05:31.094 -05:00 [DBG] Heartbeat PROX
2026-07-30 15:05:31.094 -05:00 [DBG] Heartbeat SENTINEL
2026-07-30 15:05:31.094 -05:00 [DBG] Heartbeat MARKETSCRYER
2026-07-30 15:05:31.094 -05:00 [DBG] Heartbeat SIGNALFORGE
2026-07-30 15:05:31.094 -05:00 [DBG] Heartbeat ORACLEVAULT
2026-07-30 15:05:31.094 -05:00 [DBG] Heartbeat RISKWARDEN
2026-07-30 15:06:31.093 -05:00 [DBG] Heartbeat SYNAPSE
2026-07-30 15:06:31.093 -05:00 [DBG] Heartbeat TRADEWEAVER
2026-07-30 15:06:31.093 -05:00 [DBG] Heartbeat CASEBLADE
2026-07-30 15:06:31.093 -05:00 [DBG] Heartbeat PROX
2026-07-30 15:06:31.093 -05:00 [DBG] Heartbeat SENTINEL
2026-07-30 15:06:31.093 -05:00 [DBG] Heartbeat MARKETSCRYER
2026-07-30 15:06:31.093 -05:00 [DBG] Heartbeat SIGNALFORGE
2026-07-30 15:06:31.093 -05:00 [DBG] Heartbeat ORACLEVAULT
2026-07-30 15:06:31.093 -05:00 [DBG] Heartbeat RISKWARDEN
2026-07-30 15:07:31.091 -05:00 [DBG] Heartbeat SYNAPSE
2026-07-30 15:07:31.091 -05:00 [DBG] Heartbeat TRADEWEAVER
2026-07-30 15:07:31.091 -05:00 [DBG] Heartbeat CASEBLADE
2026-07-30 15:07:31.091 -05:00 [DBG] Heartbeat PROX
2026-07-30 15:07:31.091 -05:00 [DBG] Heartbeat SENTINEL
2026-07-30 15:07:31.092 -05:00 [DBG] Heartbeat MARKETSCRYER
2026-07-30 15:07:31.092 -05:00 [DBG] Heartbeat SIGNALFORGE
2026-07-30 15:07:31.092 -05:00 [DBG] Heartbeat ORACLEVAULT
2026-07-30 15:07:31.092 -05:00 [DBG] Heartbeat RISKWARDEN
2026-07-30 15:07:48.510 -05:00 [INF] PC health: C: 77.5% used, 5 recent errors
2026-07-30 15:08:31.090 -05:00 [DBG] Heartbeat SYNAPSE
2026-07-30 15:08:31.091 -05:00 [DBG] Heartbeat TRADEWEAVER
2026-07-30 15:08:31.091 -05:00 [DBG] Heartbeat CASEBLADE
2026-07-30 15:08:31.091 -05:00 [DBG] Heartbeat PROX
2026-07-30 15:08:31.091 -05:00 [DBG] Heartbeat SENTINEL
2026-07-30 15:08:31.091 -05:00 [DBG] Heartbeat MARKETSCRYER
2026-07-30 15:08:31.091 -05:00 [DBG] Heartbeat SIGNALFORGE
2026-07-30 15:08:31.091 -05:00 [DBG] Heartbeat ORACLEVAULT
2026-07-30 15:08:31.091 -05:00 [DBG] Heartbeat RISKWARDEN
2026-07-30 15:09:31.090 -05:00 [DBG] Heartbeat SYNAPSE
2026-07-30 15:09:31.090 -05:00 [DBG] Heartbeat TRADEWEAVER
2026-07-30 15:09:31.090 -05:00 [DBG] Heartbeat CASEBLADE
2026-07-30 15:09:31.090 -05:00 [DBG] Heartbeat PROX
2026-07-30 15:09:31.090 -05:00 [DBG] Heartbeat SENTINEL
2026-07-30 15:09:31.090 -05:00 [DBG] Heartbeat MARKETSCRYER
2026-07-30 15:09:31.090 -05:00 [DBG] Heartbeat SIGNALFORGE
2026-07-30 15:09:31.090 -05:00 [DBG] Heartbeat ORACLEVAULT
2026-07-30 15:09:31.090 -05:00 [DBG] Heartbeat RISKWARDEN
2026-07-30 15:10:31.089 -05:00 [DBG] Heartbeat SYNAPSE
2026-07-30 15:10:31.090 -05:00 [DBG] Heartbeat TRADEWEAVER
2026-07-30 15:10:31.090 -05:00 [DBG] Heartbeat CASEBLADE
2026-07-30 15:10:31.090 -05:00 [DBG] Heartbeat PROX
2026-07-30 15:10:31.090 -05:00 [DBG] Heartbeat SENTINEL
2026-07-30 15:10:31.090 -05:00 [DBG] Heartbeat MARKETSCRYER
2026-07-30 15:10:31.090 -05:00 [DBG] Heartbeat SIGNALFORGE
2026-07-30 15:10:31.090 -05:00 [DBG] Heartbeat ORACLEVAULT
2026-07-30 15:10:31.090 -05:00 [DBG] Heartbeat RISKWARDEN
2026-07-30 15:11:31.089 -05:00 [DBG] Heartbeat SYNAPSE
2026-07-30 15:11:31.089 -05:00 [DBG] Heartbeat TRADEWEAVER
2026-07-30 15:11:31.089 -05:00 [DBG] Heartbeat CASEBLADE
2026-07-30 15:11:31.089 -05:00 [DBG] Heartbeat PROX
2026-07-30 15:11:31.089 -05:00 [DBG] Heartbeat SENTINEL
2026-07-30 15:11:31.089 -05:00 [DBG] Heartbeat MARKETSCRYER
2026-07-30 15:11:31.089 -05:00 [DBG] Heartbeat SIGNALFORGE
2026-07-30 15:11:31.089 -05:00 [DBG] Heartbeat ORACLEVAULT
2026-07-30 15:11:31.089 -05:00 [DBG] Heartbeat RISKWARDEN
2026-07-30 15:12:31.089 -05:00 [DBG] Heartbeat SYNAPSE
2026-07-30 15:12:31.089 -05:00 [DBG] Heartbeat TRADEWEAVER
2026-07-30 15:12:31.089 -05:00 [DBG] Heartbeat CASEBLADE
2026-07-30 15:12:31.089 -05:00 [DBG] Heartbeat PROX
2026-07-30 15:12:31.089 -05:00 [DBG] Heartbeat SENTINEL
2026-07-30 15:12:31.089 -05:00 [DBG] Heartbeat MARKETSCRYER
2026-07-30 15:12:31.089 -05:00 [DBG] Heartbeat SIGNALFORGE
2026-07-30 15:12:31.089 -05:00 [DBG] Heartbeat ORACLEVAULT
2026-07-30 15:12:31.089 -05:00 [DBG] Heartbeat RISKWARDEN
2026-07-30 15:13:02.273 -05:00 [INF] PC health: C: 77.5% used, 5 recent errors
2026-07-30 15:13:31.088 -05:00 [DBG] Heartbeat SYNAPSE
2026-07-30 15:13:31.088 -05:00 [DBG] Heartbeat TRADEWEAVER
2026-07-30 15:13:31.088 -05:00 [DBG] Heartbeat CASEBLADE
2026-07-30 15:13:31.088 -05:00 [DBG] Heartbeat PROX
2026-07-30 15:13:31.088 -05:00 [DBG] Heartbeat SENTINEL
2026-07-30 15:13:31.088 -05:00 [DBG] Heartbeat MARKETSCRYER
2026-07-30 15:13:31.088 -05:00 [DBG] Heartbeat SIGNALFORGE
2026-07-30 15:13:31.088 -05:00 [DBG] Heartbeat ORACLEVAULT
2026-07-30 15:13:31.088 -05:00 [DBG] Heartbeat RISKWARDEN
2026-07-30 15:14:31.087 -05:00 [DBG] Heartbeat SYNAPSE
2026-07-30 15:14:31.087 -05:00 [DBG] Heartbeat TRADEWEAVER
2026-07-30 15:14:31.087 -05:00 [DBG] Heartbeat CASEBLADE
2026-07-30 15:14:31.087 -05:00 [DBG] Heartbeat PROX
2026-07-30 15:14:31.087 -05:00 [DBG] Heartbeat SENTINEL
2026-07-30 15:14:31.087 -05:00 [DBG] Heartbeat MARKETSCRYER
2026-07-30 15:14:31.087 -05:00 [DBG] Heartbeat SIGNALFORGE
2026-07-30 15:14:31.087 -05:00 [DBG] Heartbeat ORACLEVAULT
2026-07-30 15:14:31.087 -05:00 [DBG] Heartbeat RISKWARDEN
2026-07-30 15:15:31.087 -05:00 [DBG] Heartbeat SYNAPSE
2026-07-30 15:15:31.087 -05:00 [DBG] Heartbeat TRADEWEAVER
2026-07-30 15:15:31.087 -05:00 [DBG] Heartbeat CASEBLADE
2026-07-30 15:15:31.087 -05:00 [DBG] Heartbeat PROX
2026-07-30 15:15:31.087 -05:00 [DBG] Heartbeat SENTINEL
2026-07-30 15:15:31.087 -05:00 [DBG] Heartbeat MARKETSCRYER
2026-07-30 15:15:31.087 -05:00 [DBG] Heartbeat SIGNALFORGE
2026-07-30 15:15:31.087 -05:00 [DBG] Heartbeat ORACLEVAULT
2026-07-30 15:15:31.087 -05:00 [DBG] Heartbeat RISKWARDEN
2026-07-30 15:16:31.086 -05:00 [DBG] Heartbeat SYNAPSE
2026-07-30 15:16:31.087 -05:00 [DBG] Heartbeat TRADEWEAVER
2026-07-30 15:16:31.087 -05:00 [DBG] Heartbeat CASEBLADE
2026-07-30 15:16:31.087 -05:00 [DBG] Heartbeat PROX
2026-07-30 15:16:31.087 -05:00 [DBG] Heartbeat SENTINEL
2026-07-30 15:16:31.087 -05:00 [DBG] Heartbeat MARKETSCRYER
2026-07-30 15:16:31.087 -05:00 [DBG] Heartbeat SIGNALFORGE
2026-07-30 15:16:31.087 -05:00 [DBG] Heartbeat ORACLEVAULT
2026-07-30 15:16:31.087 -05:00 [DBG] Heartbeat RISKWARDEN
2026-07-30 15:17:31.086 -05:00 [DBG] Heartbeat SYNAPSE
2026-07-30 15:17:31.086 -05:00 [DBG] Heartbeat TRADEWEAVER
2026-07-30 15:17:31.086 -05:00 [DBG] Heartbeat CASEBLADE
2026-07-30 15:17:31.086 -05:00 [DBG] Heartbeat PROX
2026-07-30 15:17:31.086 -05:00 [DBG] Heartbeat SENTINEL
2026-07-30 15:17:31.086 -05:00 [DBG] Heartbeat MARKETSCRYER
2026-07-30 15:17:31.086 -05:00 [DBG] Heartbeat SIGNALFORGE
2026-07-30 15:17:31.086 -05:00 [DBG] Heartbeat ORACLEVAULT
2026-07-30 15:17:31.086 -05:00 [DBG] Heartbeat RISKWARDEN
2026-07-30 15:18:15.881 -05:00 [INF] PC health: C: 77.5% used, 5 recent errors
2026-07-30 15:18:31.085 -05:00 [DBG] Heartbeat SYNAPSE
2026-07-30 15:18:31.085 -05:00 [DBG] Heartbeat TRADEWEAVER
2026-07-30 15:18:31.085 -05:00 [DBG] Heartbeat CASEBLADE
2026-07-30 15:18:31.085 -05:00 [DBG] Heartbeat PROX
2026-07-30 15:18:31.085 -05:00 [DBG] Heartbeat SENTINEL
2026-07-30 15:18:31.085 -05:00 [DBG] Heartbeat MARKETSCRYER
2026-07-30 15:18:31.085 -05:00 [DBG] Heartbeat SIGNALFORGE
2026-07-30 15:18:31.085 -05:00 [DBG] Heartbeat ORACLEVAULT
2026-07-30 15:18:31.085 -05:00 [DBG] Heartbeat RISKWARDEN
2026-07-30 15:19:31.084 -05:00 [DBG] Heartbeat SYNAPSE
2026-07-30 15:19:31.084 -05:00 [DBG] Heartbeat TRADEWEAVER
2026-07-30 15:19:31.084 -05:00 [DBG] Heartbeat CASEBLADE
2026-07-30 15:19:31.084 -05:00 [DBG] Heartbeat PROX
2026-07-30 15:19:31.084 -05:00 [DBG] Heartbeat SENTINEL
2026-07-30 15:19:31.084 -05:00 [DBG] Heartbeat MARKETSCRYER
2026-07-30 15:19:31.084 -05:00 [DBG] Heartbeat SIGNALFORGE
2026-07-30 15:19:31.084 -05:00 [DBG] Heartbeat ORACLEVAULT
2026-07-30 15:19:31.084 -05:00 [DBG] Heartbeat RISKWARDEN
2026-07-30 15:20:31.083 -05:00 [DBG] Heartbeat SYNAPSE
2026-07-30 15:20:31.083 -05:00 [DBG] Heartbeat TRADEWEAVER
2026-07-30 15:20:31.083 -05:00 [DBG] Heartbeat CASEBLADE
2026-07-30 15:20:31.083 -05:00 [DBG] Heartbeat PROX
2026-07-30 15:20:31.083 -05:00 [DBG] Heartbeat SENTINEL
2026-07-30 15:20:31.083 -05:00 [DBG] Heartbeat MARKETSCRYER
2026-07-30 15:20:31.083 -05:00 [DBG] Heartbeat SIGNALFORGE
2026-07-30 15:20:31.083 -05:00 [DBG] Heartbeat ORACLEVAULT
2026-07-30 15:20:31.083 -05:00 [DBG] Heartbeat RISKWARDEN
2026-07-30 15:21:31.082 -05:00 [DBG] Heartbeat SYNAPSE
2026-07-30 15:21:31.082 -05:00 [DBG] Heartbeat TRADEWEAVER
2026-07-30 15:21:31.082 -05:00 [DBG] Heartbeat CASEBLADE
2026-07-30 15:21:31.082 -05:00 [DBG] Heartbeat PROX
2026-07-30 15:21:31.082 -05:00 [DBG] Heartbeat SENTINEL
2026-07-30 15:21:31.082 -05:00 [DBG] Heartbeat MARKETSCRYER
2026-07-30 15:21:31.082 -05:00 [DBG] Heartbeat SIGNALFORGE
2026-07-30 15:21:31.082 -05:00 [DBG] Heartbeat ORACLEVAULT
2026-07-30 15:21:31.082 -05:00 [DBG] Heartbeat RISKWARDEN
2026-07-30 15:22:31.082 -05:00 [DBG] Heartbeat SYNAPSE
2026-07-30 15:22:31.082 -05:00 [DBG] Heartbeat TRADEWEAVER
2026-07-30 15:22:31.082 -05:00 [DBG] Heartbeat CASEBLADE
2026-07-30 15:22:31.082 -05:00 [DBG] Heartbeat PROX
2026-07-30 15:22:31.082 -05:00 [DBG] Heartbeat SENTINEL
2026-07-30 15:22:31.082 -05:00 [DBG] Heartbeat MARKETSCRYER
2026-07-30 15:22:31.082 -05:00 [DBG] Heartbeat SIGNALFORGE
2026-07-30 15:22:31.082 -05:00 [DBG] Heartbeat ORACLEVAULT
2026-07-30 15:22:31.082 -05:00 [DBG] Heartbeat RISKWARDEN
2026-07-30 15:23:29.501 -05:00 [INF] PC health: C: 77.5% used, 5 recent errors
2026-07-30 15:23:31.081 -05:00 [DBG] Heartbeat SYNAPSE
2026-07-30 15:23:31.081 -05:00 [DBG] Heartbeat TRADEWEAVER
2026-07-30 15:23:31.081 -05:00 [DBG] Heartbeat CASEBLADE
2026-07-30 15:23:31.081 -05:00 [DBG] Heartbeat PROX
2026-07-30 15:23:31.081 -05:00 [DBG] Heartbeat SENTINEL
2026-07-30 15:23:31.081 -05:00 [DBG] Heartbeat MARKETSCRYER
2026-07-30 15:23:31.081 -05:00 [DBG] Heartbeat SIGNALFORGE
2026-07-30 15:23:31.081 -05:00 [DBG] Heartbeat ORACLEVAULT
2026-07-30 15:23:31.081 -05:00 [DBG] Heartbeat RISKWARDEN
2026-07-30 15:24:31.080 -05:00 [DBG] Heartbeat SYNAPSE
2026-07-30 15:24:31.080 -05:00 [DBG] Heartbeat TRADEWEAVER
2026-07-30 15:24:31.080 -05:00 [DBG] Heartbeat CASEBLADE
2026-07-30 15:24:31.080 -05:00 [DBG] Heartbeat PROX
2026-07-30 15:24:31.080 -05:00 [DBG] Heartbeat SENTINEL
2026-07-30 15:24:31.080 -05:00 [DBG] Heartbeat MARKETSCRYER
2026-07-30 15:24:31.080 -05:00 [DBG] Heartbeat SIGNALFORGE
2026-07-30 15:24:31.080 -05:00 [DBG] Heartbeat ORACLEVAULT
2026-07-30 15:24:31.080 -05:00 [DBG] Heartbeat RISKWARDEN
2026-07-30 15:25:31.080 -05:00 [DBG] Heartbeat SYNAPSE
2026-07-30 15:25:31.080 -05:00 [DBG] Heartbeat TRADEWEAVER
2026-07-30 15:25:31.080 -05:00 [DBG] Heartbeat CASEBLADE
2026-07-30 15:25:31.080 -05:00 [DBG] Heartbeat PROX
2026-07-30 15:25:31.080 -05:00 [DBG] Heartbeat SENTINEL
2026-07-30 15:25:31.080 -05:00 [DBG] Heartbeat MARKETSCRYER
2026-07-30 15:25:31.080 -05:00 [DBG] Heartbeat SIGNALFORGE
2026-07-30 15:25:31.080 -05:00 [DBG] Heartbeat ORACLEVAULT
2026-07-30 15:25:31.080 -05:00 [DBG] Heartbeat RISKWARDEN
2026-07-30 15:26:31.079 -05:00 [DBG] Heartbeat SYNAPSE
2026-07-30 15:26:31.079 -05:00 [DBG] Heartbeat TRADEWEAVER
2026-07-30 15:26:31.079 -05:00 [DBG] Heartbeat CASEBLADE
2026-07-30 15:26:31.079 -05:00 [DBG] Heartbeat PROX
2026-07-30 15:26:31.079 -05:00 [DBG] Heartbeat SENTINEL
2026-07-30 15:26:31.079 -05:00 [DBG] Heartbeat MARKETSCRYER
2026-07-30 15:26:31.079 -05:00 [DBG] Heartbeat SIGNALFORGE
2026-07-30 15:26:31.079 -05:00 [DBG] Heartbeat ORACLEVAULT
2026-07-30 15:26:31.079 -05:00 [DBG] Heartbeat RISKWARDEN
2026-07-30 15:27:31.078 -05:00 [DBG] Heartbeat SYNAPSE
2026-07-30 15:27:31.078 -05:00 [DBG] Heartbeat TRADEWEAVER
2026-07-30 15:27:31.078 -05:00 [DBG] Heartbeat CASEBLADE
2026-07-30 15:27:31.078 -05:00 [DBG] Heartbeat PROX
2026-07-30 15:27:31.078 -05:00 [DBG] Heartbeat SENTINEL
2026-07-30 15:27:31.078 -05:00 [DBG] Heartbeat MARKETSCRYER
2026-07-30 15:27:31.078 -05:00 [DBG] Heartbeat SIGNALFORGE
2026-07-30 15:27:31.078 -05:00 [DBG] Heartbeat ORACLEVAULT
2026-07-30 15:27:31.078 -05:00 [DBG] Heartbeat RISKWARDEN
2026-07-30 15:28:31.078 -05:00 [DBG] Heartbeat SYNAPSE
2026-07-30 15:28:31.078 -05:00 [DBG] Heartbeat TRADEWEAVER
2026-07-30 15:28:31.078 -05:00 [DBG] Heartbeat CASEBLADE
2026-07-30 15:28:31.078 -05:00 [DBG] Heartbeat PROX
2026-07-30 15:28:31.078 -05:00 [DBG] Heartbeat SENTINEL
2026-07-30 15:28:31.078 -05:00 [DBG] Heartbeat MARKETSCRYER
2026-07-30 15:28:31.078 -05:00 [DBG] Heartbeat SIGNALFORGE
2026-07-30 15:28:31.078 -05:00 [DBG] Heartbeat ORACLEVAULT
2026-07-30 15:28:31.078 -05:00 [DBG] Heartbeat RISKWARDEN
2026-07-30 15:28:43.222 -05:00 [INF] PC health: C: 77.5% used, 5 recent errors
2026-07-30 15:29:31.077 -05:00 [DBG] Heartbeat SYNAPSE
2026-07-30 15:29:31.077 -05:00 [DBG] Heartbeat TRADEWEAVER
2026-07-30 15:29:31.077 -05:00 [DBG] Heartbeat CASEBLADE
2026-07-30 15:29:31.077 -05:00 [DBG] Heartbeat PROX
2026-07-30 15:29:31.077 -05:00 [DBG] Heartbeat SENTINEL
2026-07-30 15:29:31.077 -05:00 [DBG] Heartbeat MARKETSCRYER
2026-07-30 15:29:31.077 -05:00 [DBG] Heartbeat SIGNALFORGE
2026-07-30 15:29:31.077 -05:00 [DBG] Heartbeat ORACLEVAULT
2026-07-30 15:29:31.077 -05:00 [DBG] Heartbeat RISKWARDEN
2026-07-30 15:30:31.075 -05:00 [DBG] Heartbeat SYNAPSE
2026-07-30 15:30:31.075 -05:00 [DBG] Heartbeat TRADEWEAVER
2026-07-30 15:30:31.075 -05:00 [DBG] Heartbeat CASEBLADE
2026-07-30 15:30:31.075 -05:00 [DBG] Heartbeat PROX
2026-07-30 15:30:31.075 -05:00 [DBG] Heartbeat SENTINEL
2026-07-30 15:30:31.075 -05:00 [DBG] Heartbeat MARKETSCRYER
2026-07-30 15:30:31.075 -05:00 [DBG] Heartbeat SIGNALFORGE
2026-07-30 15:30:31.075 -05:00 [DBG] Heartbeat ORACLEVAULT
2026-07-30 15:30:31.075 -05:00 [DBG] Heartbeat RISKWARDEN
2026-07-30 15:31:31.074 -05:00 [DBG] Heartbeat SYNAPSE
2026-07-30 15:31:31.074 -05:00 [DBG] Heartbeat TRADEWEAVER
2026-07-30 15:31:31.074 -05:00 [DBG] Heartbeat CASEBLADE
2026-07-30 15:31:31.074 -05:00 [DBG] Heartbeat PROX
2026-07-30 15:31:31.074 -05:00 [DBG] Heartbeat SENTINEL
2026-07-30 15:31:31.074 -05:00 [DBG] Heartbeat MARKETSCRYER
2026-07-30 15:31:31.074 -05:00 [DBG] Heartbeat SIGNALFORGE
2026-07-30 15:31:31.074 -05:00 [DBG] Heartbeat ORACLEVAULT
2026-07-30 15:31:31.074 -05:00 [DBG] Heartbeat RISKWARDEN
2026-07-30 15:32:31.073 -05:00 [DBG] Heartbeat SYNAPSE
2026-07-30 15:32:31.073 -05:00 [DBG] Heartbeat TRADEWEAVER
2026-07-30 15:32:31.073 -05:00 [DBG] Heartbeat CASEBLADE
2026-07-30 15:32:31.073 -05:00 [DBG] Heartbeat PROX
2026-07-30 15:32:31.073 -05:00 [DBG] Heartbeat SENTINEL
2026-07-30 15:32:31.073 -05:00 [DBG] Heartbeat MARKETSCRYER
2026-07-30 15:32:31.073 -05:00 [DBG] Heartbeat SIGNALFORGE
2026-07-30 15:32:31.073 -05:00 [DBG] Heartbeat ORACLEVAULT
2026-07-30 15:32:31.073 -05:00 [DBG] Heartbeat RISKWARDEN
2026-07-30 15:33:31.072 -05:00 [DBG] Heartbeat SYNAPSE
2026-07-30 15:33:31.072 -05:00 [DBG] Heartbeat TRADEWEAVER
2026-07-30 15:33:31.072 -05:00 [DBG] Heartbeat CASEBLADE
2026-07-30 15:33:31.072 -05:00 [DBG] Heartbeat PROX
2026-07-30 15:33:31.072 -05:00 [DBG] Heartbeat SENTINEL
2026-07-30 15:33:31.072 -05:00 [DBG] Heartbeat MARKETSCRYER
2026-07-30 15:33:31.072 -05:00 [DBG] Heartbeat SIGNALFORGE
2026-07-30 15:33:31.072 -05:00 [DBG] Heartbeat ORACLEVAULT
2026-07-30 15:33:31.072 -05:00 [DBG] Heartbeat RISKWARDEN
2026-07-30 15:33:56.837 -05:00 [INF] PC health: C: 77.5% used, 5 recent errors
2026-07-30 15:34:31.071 -05:00 [DBG] Heartbeat SYNAPSE
2026-07-30 15:34:31.071 -05:00 [DBG] Heartbeat TRADEWEAVER
2026-07-30 15:34:31.071 -05:00 [DBG] Heartbeat CASEBLADE
2026-07-30 15:34:31.071 -05:00 [DBG] Heartbeat PROX
2026-07-30 15:34:31.071 -05:00 [DBG] Heartbeat SENTINEL
2026-07-30 15:34:31.071 -05:00 [DBG] Heartbeat MARKETSCRYER
2026-07-30 15:34:31.071 -05:00 [DBG] Heartbeat SIGNALFORGE
2026-07-30 15:34:31.071 -05:00 [DBG] Heartbeat ORACLEVAULT
2026-07-30 15:34:31.071 -05:00 [DBG] Heartbeat RISKWARDEN
2026-07-30 15:35:31.070 -05:00 [DBG] Heartbeat SYNAPSE
2026-07-30 15:35:31.070 -05:00 [DBG] Heartbeat TRADEWEAVER
2026-07-30 15:35:31.070 -05:00 [DBG] Heartbeat CASEBLADE
2026-07-30 15:35:31.070 -05:00 [DBG] Heartbeat PROX
2026-07-30 15:35:31.070 -05:00 [DBG] Heartbeat SENTINEL
2026-07-30 15:35:31.070 -05:00 [DBG] Heartbeat MARKETSCRYER
2026-07-30 15:35:31.070 -05:00 [DBG] Heartbeat SIGNALFORGE
2026-07-30 15:35:31.070 -05:00 [DBG] Heartbeat ORACLEVAULT
2026-07-30 15:35:31.070 -05:00 [DBG] Heartbeat RISKWARDEN
2026-07-30 15:36:31.070 -05:00 [DBG] Heartbeat SYNAPSE
2026-07-30 15:36:31.070 -05:00 [DBG] Heartbeat TRADEWEAVER
2026-07-30 15:36:31.070 -05:00 [DBG] Heartbeat CASEBLADE
2026-07-30 15:36:31.070 -05:00 [DBG] Heartbeat PROX
2026-07-30 15:36:31.070 -05:00 [DBG] Heartbeat SENTINEL
2026-07-30 15:36:31.070 -05:00 [DBG] Heartbeat MARKETSCRYER
2026-07-30 15:36:31.070 -05:00 [DBG] Heartbeat SIGNALFORGE
2026-07-30 15:36:31.070 -05:00 [DBG] Heartbeat ORACLEVAULT
2026-07-30 15:36:31.070 -05:00 [DBG] Heartbeat RISKWARDEN
2026-07-30 15:37:31.070 -05:00 [DBG] Heartbeat SYNAPSE
2026-07-30 15:37:31.070 -05:00 [DBG] Heartbeat TRADEWEAVER
2026-07-30 15:37:31.070 -05:00 [DBG] Heartbeat CASEBLADE
2026-07-30 15:37:31.070 -05:00 [DBG] Heartbeat PROX
2026-07-30 15:37:31.070 -05:00 [DBG] Heartbeat SENTINEL
2026-07-30 15:37:31.070 -05:00 [DBG] Heartbeat MARKETSCRYER
2026-07-30 15:37:31.070 -05:00 [DBG] Heartbeat SIGNALFORGE
2026-07-30 15:37:31.070 -05:00 [DBG] Heartbeat ORACLEVAULT
2026-07-30 15:37:31.070 -05:00 [DBG] Heartbeat RISKWARDEN
2026-07-30 15:38:31.069 -05:00 [DBG] Heartbeat SYNAPSE
2026-07-30 15:38:31.069 -05:00 [DBG] Heartbeat TRADEWEAVER
2026-07-30 15:38:31.069 -05:00 [DBG] Heartbeat CASEBLADE
2026-07-30 15:38:31.069 -05:00 [DBG] Heartbeat PROX
2026-07-30 15:38:31.069 -05:00 [DBG] Heartbeat SENTINEL
2026-07-30 15:38:31.069 -05:00 [DBG] Heartbeat MARKETSCRYER
2026-07-30 15:38:31.069 -05:00 [DBG] Heartbeat SIGNALFORGE
2026-07-30 15:38:31.069 -05:00 [DBG] Heartbeat ORACLEVAULT
2026-07-30 15:38:31.070 -05:00 [DBG] Heartbeat RISKWARDEN
2026-07-30 15:39:10.530 -05:00 [INF] PC health: C: 77.5% used, 5 recent errors
2026-07-30 15:39:31.069 -05:00 [DBG] Heartbeat SYNAPSE
2026-07-30 15:39:31.069 -05:00 [DBG] Heartbeat TRADEWEAVER
2026-07-30 15:39:31.069 -05:00 [DBG] Heartbeat CASEBLADE
2026-07-30 15:39:31.069 -05:00 [DBG] Heartbeat PROX
2026-07-30 15:39:31.069 -05:00 [DBG] Heartbeat SENTINEL
2026-07-30 15:39:31.069 -05:00 [DBG] Heartbeat MARKETSCRYER
2026-07-30 15:39:31.069 -05:00 [DBG] Heartbeat SIGNALFORGE
2026-07-30 15:39:31.069 -05:00 [DBG] Heartbeat ORACLEVAULT
2026-07-30 15:39:31.069 -05:00 [DBG] Heartbeat RISKWARDEN
2026-07-30 15:40:31.068 -05:00 [DBG] Heartbeat SYNAPSE
2026-07-30 15:40:31.068 -05:00 [DBG] Heartbeat TRADEWEAVER
2026-07-30 15:40:31.068 -05:00 [DBG] Heartbeat CASEBLADE
2026-07-30 15:40:31.068 -05:00 [DBG] Heartbeat PROX
2026-07-30 15:40:31.068 -05:00 [DBG] Heartbeat SENTINEL
2026-07-30 15:40:31.068 -05:00 [DBG] Heartbeat MARKETSCRYER
2026-07-30 15:40:31.068 -05:00 [DBG] Heartbeat SIGNALFORGE
2026-07-30 15:40:31.068 -05:00 [DBG] Heartbeat ORACLEVAULT
2026-07-30 15:40:31.068 -05:00 [DBG] Heartbeat RISKWARDEN
2026-07-30 15:41:31.068 -05:00 [DBG] Heartbeat SYNAPSE
2026-07-30 15:41:31.068 -05:00 [DBG] Heartbeat TRADEWEAVER
2026-07-30 15:41:31.068 -05:00 [DBG] Heartbeat CASEBLADE
2026-07-30 15:41:31.068 -05:00 [DBG] Heartbeat PROX
2026-07-30 15:41:31.068 -05:00 [DBG] Heartbeat SENTINEL
2026-07-30 15:41:31.068 -05:00 [DBG] Heartbeat MARKETSCRYER
2026-07-30 15:41:31.068 -05:00 [DBG] Heartbeat SIGNALFORGE
2026-07-30 15:41:31.068 -05:00 [DBG] Heartbeat ORACLEVAULT
2026-07-30 15:41:31.068 -05:00 [DBG] Heartbeat RISKWARDEN
2026-07-30 15:42:31.067 -05:00 [DBG] Heartbeat SYNAPSE
2026-07-30 15:42:31.067 -05:00 [DBG] Heartbeat TRADEWEAVER
2026-07-30 15:42:31.067 -05:00 [DBG] Heartbeat CASEBLADE
2026-07-30 15:42:31.067 -05:00 [DBG] Heartbeat PROX
2026-07-30 15:42:31.067 -05:00 [DBG] Heartbeat SENTINEL
2026-07-30 15:42:31.067 -05:00 [DBG] Heartbeat MARKETSCRYER
2026-07-30 15:42:31.067 -05:00 [DBG] Heartbeat SIGNALFORGE
2026-07-30 15:42:31.067 -05:00 [DBG] Heartbeat ORACLEVAULT
2026-07-30 15:42:31.067 -05:00 [DBG] Heartbeat RISKWARDEN
2026-07-30 15:43:31.067 -05:00 [DBG] Heartbeat SYNAPSE
2026-07-30 15:43:31.067 -05:00 [DBG] Heartbeat TRADEWEAVER
2026-07-30 15:43:31.067 -05:00 [DBG] Heartbeat CASEBLADE
2026-07-30 15:43:31.067 -05:00 [DBG] Heartbeat PROX
2026-07-30 15:43:31.067 -05:00 [DBG] Heartbeat SENTINEL
2026-07-30 15:43:31.067 -05:00 [DBG] Heartbeat MARKETSCRYER
2026-07-30 15:43:31.067 -05:00 [DBG] Heartbeat SIGNALFORGE
2026-07-30 15:43:31.067 -05:00 [DBG] Heartbeat ORACLEVAULT
2026-07-30 15:43:31.067 -05:00 [DBG] Heartbeat RISKWARDEN
2026-07-30 15:44:24.195 -05:00 [INF] PC health: C: 77.5% used, 5 recent errors
2026-07-30 15:44:31.067 -05:00 [DBG] Heartbeat SYNAPSE
2026-07-30 15:44:31.067 -05:00 [DBG] Heartbeat TRADEWEAVER
2026-07-30 15:44:31.067 -05:00 [DBG] Heartbeat CASEBLADE
2026-07-30 15:44:31.067 -05:00 [DBG] Heartbeat PROX
2026-07-30 15:44:31.067 -05:00 [DBG] Heartbeat SENTINEL
2026-07-30 15:44:31.067 -05:00 [DBG] Heartbeat MARKETSCRYER
2026-07-30 15:44:31.067 -05:00 [DBG] Heartbeat SIGNALFORGE
2026-07-30 15:44:31.067 -05:00 [DBG] Heartbeat ORACLEVAULT
2026-07-30 15:44:31.067 -05:00 [DBG] Heartbeat RISKWARDEN
2026-07-30 15:45:31.067 -05:00 [DBG] Heartbeat SYNAPSE
2026-07-30 15:45:31.067 -05:00 [DBG] Heartbeat TRADEWEAVER
2026-07-30 15:45:31.067 -05:00 [DBG] Heartbeat CASEBLADE
2026-07-30 15:45:31.067 -05:00 [DBG] Heartbeat PROX
2026-07-30 15:45:31.067 -05:00 [DBG] Heartbeat SENTINEL
2026-07-30 15:45:31.067 -05:00 [DBG] Heartbeat MARKETSCRYER
2026-07-30 15:45:31.067 -05:00 [DBG] Heartbeat SIGNALFORGE
2026-07-30 15:45:31.067 -05:00 [DBG] Heartbeat ORACLEVAULT
2026-07-30 15:45:31.067 -05:00 [DBG] Heartbeat RISKWARDEN
2026-07-30 15:46:31.066 -05:00 [DBG] Heartbeat SYNAPSE
2026-07-30 15:46:31.066 -05:00 [DBG] Heartbeat TRADEWEAVER
2026-07-30 15:46:31.066 -05:00 [DBG] Heartbeat CASEBLADE
2026-07-30 15:46:31.066 -05:00 [DBG] Heartbeat PROX
2026-07-30 15:46:31.066 -05:00 [DBG] Heartbeat SENTINEL
2026-07-30 15:46:31.066 -05:00 [DBG] Heartbeat MARKETSCRYER
2026-07-30 15:46:31.066 -05:00 [DBG] Heartbeat SIGNALFORGE
2026-07-30 15:46:31.066 -05:00 [DBG] Heartbeat ORACLEVAULT
2026-07-30 15:46:31.066 -05:00 [DBG] Heartbeat RISKWARDEN
2026-07-30 15:47:31.065 -05:00 [DBG] Heartbeat SYNAPSE
2026-07-30 15:47:31.065 -05:00 [DBG] Heartbeat TRADEWEAVER
2026-07-30 15:47:31.065 -05:00 [DBG] Heartbeat CASEBLADE
2026-07-30 15:47:31.065 -05:00 [DBG] Heartbeat PROX
2026-07-30 15:47:31.065 -05:00 [DBG] Heartbeat SENTINEL
2026-07-30 15:47:31.065 -05:00 [DBG] Heartbeat MARKETSCRYER
2026-07-30 15:47:31.065 -05:00 [DBG] Heartbeat SIGNALFORGE
2026-07-30 15:47:31.065 -05:00 [DBG] Heartbeat ORACLEVAULT
2026-07-30 15:47:31.065 -05:00 [DBG] Heartbeat RISKWARDEN
2026-07-30 15:48:31.064 -05:00 [DBG] Heartbeat SYNAPSE
2026-07-30 15:48:31.064 -05:00 [DBG] Heartbeat TRADEWEAVER
2026-07-30 15:48:31.064 -05:00 [DBG] Heartbeat CASEBLADE
2026-07-30 15:48:31.064 -05:00 [DBG] Heartbeat PROX
2026-07-30 15:48:31.064 -05:00 [DBG] Heartbeat SENTINEL
2026-07-30 15:48:31.064 -05:00 [DBG] Heartbeat MARKETSCRYER
2026-07-30 15:48:31.064 -05:00 [DBG] Heartbeat SIGNALFORGE
2026-07-30 15:48:31.064 -05:00 [DBG] Heartbeat ORACLEVAULT
2026-07-30 15:48:31.064 -05:00 [DBG] Heartbeat RISKWARDEN
2026-07-30 15:49:31.063 -05:00 [DBG] Heartbeat SYNAPSE
2026-07-30 15:49:31.063 -05:00 [DBG] Heartbeat TRADEWEAVER
2026-07-30 15:49:31.063 -05:00 [DBG] Heartbeat CASEBLADE
2026-07-30 15:49:31.063 -05:00 [DBG] Heartbeat PROX
2026-07-30 15:49:31.063 -05:00 [DBG] Heartbeat SENTINEL
2026-07-30 15:49:31.063 -05:00 [DBG] Heartbeat MARKETSCRYER
2026-07-30 15:49:31.063 -05:00 [DBG] Heartbeat SIGNALFORGE
2026-07-30 15:49:31.063 -05:00 [DBG] Heartbeat ORACLEVAULT
2026-07-30 15:49:31.063 -05:00 [DBG] Heartbeat RISKWARDEN
2026-07-30 15:49:38.191 -05:00 [INF] PC health: C: 77.5% used, 5 recent errors
2026-07-30 15:50:31.063 -05:00 [DBG] Heartbeat SYNAPSE
2026-07-30 15:50:31.063 -05:00 [DBG] Heartbeat TRADEWEAVER
2026-07-30 15:50:31.063 -05:00 [DBG] Heartbeat CASEBLADE
2026-07-30 15:50:31.063 -05:00 [DBG] Heartbeat PROX
2026-07-30 15:50:31.063 -05:00 [DBG] Heartbeat SENTINEL
2026-07-30 15:50:31.063 -05:00 [DBG] Heartbeat MARKETSCRYER
2026-07-30 15:50:31.063 -05:00 [DBG] Heartbeat SIGNALFORGE
2026-07-30 15:50:31.063 -05:00 [DBG] Heartbeat ORACLEVAULT
2026-07-30 15:50:31.063 -05:00 [DBG] Heartbeat RISKWARDEN
2026-07-30 15:51:31.062 -05:00 [DBG] Heartbeat SYNAPSE
2026-07-30 15:51:31.062 -05:00 [DBG] Heartbeat TRADEWEAVER
2026-07-30 15:51:31.062 -05:00 [DBG] Heartbeat CASEBLADE
2026-07-30 15:51:31.062 -05:00 [DBG] Heartbeat PROX
2026-07-30 15:51:31.062 -05:00 [DBG] Heartbeat SENTINEL
2026-07-30 15:51:31.062 -05:00 [DBG] Heartbeat MARKETSCRYER
2026-07-30 15:51:31.062 -05:00 [DBG] Heartbeat SIGNALFORGE
2026-07-30 15:51:31.062 -05:00 [DBG] Heartbeat ORACLEVAULT
2026-07-30 15:51:31.062 -05:00 [DBG] Heartbeat RISKWARDEN
2026-07-30 15:52:31.061 -05:00 [DBG] Heartbeat SYNAPSE
2026-07-30 15:52:31.061 -05:00 [DBG] Heartbeat TRADEWEAVER
2026-07-30 15:52:31.061 -05:00 [DBG] Heartbeat CASEBLADE
2026-07-30 15:52:31.061 -05:00 [DBG] Heartbeat PROX
2026-07-30 15:52:31.061 -05:00 [DBG] Heartbeat SENTINEL
2026-07-30 15:52:31.061 -05:00 [DBG] Heartbeat MARKETSCRYER
2026-07-30 15:52:31.061 -05:00 [DBG] Heartbeat SIGNALFORGE
2026-07-30 15:52:31.061 -05:00 [DBG] Heartbeat ORACLEVAULT
2026-07-30 15:52:31.061 -05:00 [DBG] Heartbeat RISKWARDEN
2026-07-30 15:53:31.060 -05:00 [DBG] Heartbeat SYNAPSE
2026-07-30 15:53:31.060 -05:00 [DBG] Heartbeat TRADEWEAVER
2026-07-30 15:53:31.060 -05:00 [DBG] Heartbeat CASEBLADE
2026-07-30 15:53:31.060 -05:00 [DBG] Heartbeat PROX
2026-07-30 15:53:31.060 -05:00 [DBG] Heartbeat SENTINEL
2026-07-30 15:53:31.060 -05:00 [DBG] Heartbeat MARKETSCRYER
2026-07-30 15:53:31.060 -05:00 [DBG] Heartbeat SIGNALFORGE
2026-07-30 15:53:31.060 -05:00 [DBG] Heartbeat ORACLEVAULT
2026-07-30 15:53:31.060 -05:00 [DBG] Heartbeat RISKWARDEN
2026-07-30 15:54:31.059 -05:00 [DBG] Heartbeat SYNAPSE
2026-07-30 15:54:31.059 -05:00 [DBG] Heartbeat TRADEWEAVER
2026-07-30 15:54:31.059 -05:00 [DBG] Heartbeat CASEBLADE
2026-07-30 15:54:31.059 -05:00 [DBG] Heartbeat PROX
2026-07-30 15:54:31.059 -05:00 [DBG] Heartbeat SENTINEL
2026-07-30 15:54:31.059 -05:00 [DBG] Heartbeat MARKETSCRYER
2026-07-30 15:54:31.059 -05:00 [DBG] Heartbeat SIGNALFORGE
2026-07-30 15:54:31.059 -05:00 [DBG] Heartbeat ORACLEVAULT
2026-07-30 15:54:31.059 -05:00 [DBG] Heartbeat RISKWARDEN
2026-07-30 15:54:51.865 -05:00 [INF] PC health: C: 77.6% used, 5 recent errors
2026-07-30 15:55:31.059 -05:00 [DBG] Heartbeat SYNAPSE
2026-07-30 15:55:31.059 -05:00 [DBG] Heartbeat TRADEWEAVER
2026-07-30 15:55:31.059 -05:00 [DBG] Heartbeat CASEBLADE
2026-07-30 15:55:31.059 -05:00 [DBG] Heartbeat PROX
2026-07-30 15:55:31.059 -05:00 [DBG] Heartbeat SENTINEL
2026-07-30 15:55:31.059 -05:00 [DBG] Heartbeat MARKETSCRYER
2026-07-30 15:55:31.059 -05:00 [DBG] Heartbeat SIGNALFORGE
2026-07-30 15:55:31.059 -05:00 [DBG] Heartbeat ORACLEVAULT
2026-07-30 15:55:31.060 -05:00 [DBG] Heartbeat RISKWARDEN
2026-07-30 15:56:31.059 -05:00 [DBG] Heartbeat SYNAPSE
2026-07-30 15:56:31.060 -05:00 [DBG] Heartbeat TRADEWEAVER
2026-07-30 15:56:31.060 -05:00 [DBG] Heartbeat CASEBLADE
2026-07-30 15:56:31.060 -05:00 [DBG] Heartbeat PROX
2026-07-30 15:56:31.060 -05:00 [DBG] Heartbeat SENTINEL
2026-07-30 15:56:31.060 -05:00 [DBG] Heartbeat MARKETSCRYER
2026-07-30 15:56:31.060 -05:00 [DBG] Heartbeat SIGNALFORGE
2026-07-30 15:56:31.060 -05:00 [DBG] Heartbeat ORACLEVAULT
2026-07-30 15:56:31.060 -05:00 [DBG] Heartbeat RISKWARDEN
2026-07-30 15:57:31.059 -05:00 [DBG] Heartbeat SYNAPSE
2026-07-30 15:57:31.059 -05:00 [DBG] Heartbeat TRADEWEAVER
2026-07-30 15:57:31.059 -05:00 [DBG] Heartbeat CASEBLADE
2026-07-30 15:57:31.059 -05:00 [DBG] Heartbeat PROX
2026-07-30 15:57:31.059 -05:00 [DBG] Heartbeat SENTINEL
2026-07-30 15:57:31.059 -05:00 [DBG] Heartbeat MARKETSCRYER
2026-07-30 15:57:31.059 -05:00 [DBG] Heartbeat SIGNALFORGE
2026-07-30 15:57:31.059 -05:00 [DBG] Heartbeat ORACLEVAULT
2026-07-30 15:57:31.059 -05:00 [DBG] Heartbeat RISKWARDEN
2026-07-30 15:58:31.059 -05:00 [DBG] Heartbeat SYNAPSE
2026-07-30 15:58:31.059 -05:00 [DBG] Heartbeat TRADEWEAVER
2026-07-30 15:58:31.059 -05:00 [DBG] Heartbeat CASEBLADE
2026-07-30 15:58:31.059 -05:00 [DBG] Heartbeat PROX
2026-07-30 15:58:31.059 -05:00 [DBG] Heartbeat SENTINEL
2026-07-30 15:58:31.059 -05:00 [DBG] Heartbeat MARKETSCRYER
2026-07-30 15:58:31.059 -05:00 [DBG] Heartbeat SIGNALFORGE
2026-07-30 15:58:31.059 -05:00 [DBG] Heartbeat ORACLEVAULT
2026-07-30 15:58:31.059 -05:00 [DBG] Heartbeat RISKWARDEN
2026-07-30 15:59:31.059 -05:00 [DBG] Heartbeat SYNAPSE
2026-07-30 15:59:31.059 -05:00 [DBG] Heartbeat TRADEWEAVER
2026-07-30 15:59:31.059 -05:00 [DBG] Heartbeat CASEBLADE
2026-07-30 15:59:31.059 -05:00 [DBG] Heartbeat PROX
2026-07-30 15:59:31.059 -05:00 [DBG] Heartbeat SENTINEL
2026-07-30 15:59:31.059 -05:00 [DBG] Heartbeat MARKETSCRYER
2026-07-30 15:59:31.059 -05:00 [DBG] Heartbeat SIGNALFORGE
2026-07-30 15:59:31.059 -05:00 [DBG] Heartbeat ORACLEVAULT
2026-07-30 15:59:31.059 -05:00 [DBG] Heartbeat RISKWARDEN
2026-07-30 16:00:05.505 -05:00 [INF] PC health: C: 77.6% used, 5 recent errors
2026-07-30 16:00:31.060 -05:00 [DBG] Heartbeat SYNAPSE
2026-07-30 16:00:31.060 -05:00 [DBG] Heartbeat TRADEWEAVER
2026-07-30 16:00:31.060 -05:00 [DBG] Heartbeat CASEBLADE
2026-07-30 16:00:31.060 -05:00 [DBG] Heartbeat PROX
2026-07-30 16:00:31.060 -05:00 [DBG] Heartbeat SENTINEL
2026-07-30 16:00:31.060 -05:00 [DBG] Heartbeat MARKETSCRYER
2026-07-30 16:00:31.060 -05:00 [DBG] Heartbeat SIGNALFORGE
2026-07-30 16:00:31.060 -05:00 [DBG] Heartbeat ORACLEVAULT
2026-07-30 16:00:31.060 -05:00 [DBG] Heartbeat RISKWARDEN
2026-07-30 16:01:31.060 -05:00 [DBG] Heartbeat SYNAPSE
2026-07-30 16:01:31.060 -05:00 [DBG] Heartbeat TRADEWEAVER
2026-07-30 16:01:31.060 -05:00 [DBG] Heartbeat CASEBLADE
2026-07-30 16:01:31.060 -05:00 [DBG] Heartbeat PROX
2026-07-30 16:01:31.060 -05:00 [DBG] Heartbeat SENTINEL
2026-07-30 16:01:31.060 -05:00 [DBG] Heartbeat MARKETSCRYER
2026-07-30 16:01:31.060 -05:00 [DBG] Heartbeat SIGNALFORGE
2026-07-30 16:01:31.060 -05:00 [DBG] Heartbeat ORACLEVAULT
2026-07-30 16:01:31.060 -05:00 [DBG] Heartbeat RISKWARDEN
2026-07-30 16:02:31.060 -05:00 [DBG] Heartbeat SYNAPSE
2026-07-30 16:02:31.060 -05:00 [DBG] Heartbeat TRADEWEAVER
2026-07-30 16:02:31.060 -05:00 [DBG] Heartbeat CASEBLADE
2026-07-30 16:02:31.060 -05:00 [DBG] Heartbeat PROX
2026-07-30 16:02:31.060 -05:00 [DBG] Heartbeat SENTINEL
2026-07-30 16:02:31.060 -05:00 [DBG] Heartbeat MARKETSCRYER
2026-07-30 16:02:31.060 -05:00 [DBG] Heartbeat SIGNALFORGE
2026-07-30 16:02:31.060 -05:00 [DBG] Heartbeat ORACLEVAULT
2026-07-30 16:02:31.060 -05:00 [DBG] Heartbeat RISKWARDEN
2026-07-30 16:03:31.060 -05:00 [DBG] Heartbeat SYNAPSE
2026-07-30 16:03:31.060 -05:00 [DBG] Heartbeat TRADEWEAVER
2026-07-30 16:03:31.060 -05:00 [DBG] Heartbeat CASEBLADE
2026-07-30 16:03:31.060 -05:00 [DBG] Heartbeat PROX
2026-07-30 16:03:31.060 -05:00 [DBG] Heartbeat SENTINEL
2026-07-30 16:03:31.060 -05:00 [DBG] Heartbeat MARKETSCRYER
2026-07-30 16:03:31.060 -05:00 [DBG] Heartbeat SIGNALFORGE
2026-07-30 16:03:31.060 -05:00 [DBG] Heartbeat ORACLEVAULT
2026-07-30 16:03:31.060 -05:00 [DBG] Heartbeat RISKWARDEN
2026-07-30 16:04:31.060 -05:00 [DBG] Heartbeat SYNAPSE
2026-07-30 16:04:31.060 -05:00 [DBG] Heartbeat TRADEWEAVER
2026-07-30 16:04:31.060 -05:00 [DBG] Heartbeat CASEBLADE
2026-07-30 16:04:31.060 -05:00 [DBG] Heartbeat PROX
2026-07-30 16:04:31.060 -05:00 [DBG] Heartbeat SENTINEL
2026-07-30 16:04:31.060 -05:00 [DBG] Heartbeat MARKETSCRYER
2026-07-30 16:04:31.060 -05:00 [DBG] Heartbeat SIGNALFORGE
2026-07-30 16:04:31.060 -05:00 [DBG] Heartbeat ORACLEVAULT
2026-07-30 16:04:31.060 -05:00 [DBG] Heartbeat RISKWARDEN
2026-07-30 16:05:19.198 -05:00 [INF] PC health: C: 77.6% used, 5 recent errors
2026-07-30 16:05:31.059 -05:00 [DBG] Heartbeat SYNAPSE
2026-07-30 16:05:31.059 -05:00 [DBG] Heartbeat TRADEWEAVER
2026-07-30 16:05:31.059 -05:00 [DBG] Heartbeat CASEBLADE
2026-07-30 16:05:31.059 -05:00 [DBG] Heartbeat PROX
2026-07-30 16:05:31.059 -05:00 [DBG] Heartbeat SENTINEL
2026-07-30 16:05:31.059 -05:00 [DBG] Heartbeat MARKETSCRYER
2026-07-30 16:05:31.059 -05:00 [DBG] Heartbeat SIGNALFORGE
2026-07-30 16:05:31.059 -05:00 [DBG] Heartbeat ORACLEVAULT
2026-07-30 16:05:31.059 -05:00 [DBG] Heartbeat RISKWARDEN
2026-07-30 16:06:31.060 -05:00 [DBG] Heartbeat SYNAPSE
2026-07-30 16:06:31.060 -05:00 [DBG] Heartbeat TRADEWEAVER
2026-07-30 16:06:31.060 -05:00 [DBG] Heartbeat CASEBLADE
2026-07-30 16:06:31.060 -05:00 [DBG] Heartbeat PROX
2026-07-30 16:06:31.060 -05:00 [DBG] Heartbeat SENTINEL
2026-07-30 16:06:31.060 -05:00 [DBG] Heartbeat MARKETSCRYER
2026-07-30 16:06:31.060 -05:00 [DBG] Heartbeat SIGNALFORGE
2026-07-30 16:06:31.060 -05:00 [DBG] Heartbeat ORACLEVAULT
2026-07-30 16:06:31.060 -05:00 [DBG] Heartbeat RISKWARDEN
2026-07-30 16:07:31.060 -05:00 [DBG] Heartbeat SYNAPSE
2026-07-30 16:07:31.060 -05:00 [DBG] Heartbeat TRADEWEAVER
2026-07-30 16:07:31.060 -05:00 [DBG] Heartbeat CASEBLADE
2026-07-30 16:07:31.060 -05:00 [DBG] Heartbeat PROX
2026-07-30 16:07:31.060 -05:00 [DBG] Heartbeat SENTINEL
2026-07-30 16:07:31.060 -05:00 [DBG] Heartbeat MARKETSCRYER
2026-07-30 16:07:31.060 -05:00 [DBG] Heartbeat SIGNALFORGE
2026-07-30 16:07:31.060 -05:00 [DBG] Heartbeat ORACLEVAULT
2026-07-30 16:07:31.060 -05:00 [DBG] Heartbeat RISKWARDEN
2026-07-30 16:08:31.059 -05:00 [DBG] Heartbeat SYNAPSE
2026-07-30 16:08:31.059 -05:00 [DBG] Heartbeat TRADEWEAVER
2026-07-30 16:08:31.059 -05:00 [DBG] Heartbeat CASEBLADE
2026-07-30 16:08:31.059 -05:00 [DBG] Heartbeat PROX
2026-07-30 16:08:31.059 -05:00 [DBG] Heartbeat SENTINEL
2026-07-30 16:08:31.059 -05:00 [DBG] Heartbeat MARKETSCRYER
2026-07-30 16:08:31.059 -05:00 [DBG] Heartbeat SIGNALFORGE
2026-07-30 16:08:31.059 -05:00 [DBG] Heartbeat ORACLEVAULT
2026-07-30 16:08:31.059 -05:00 [DBG] Heartbeat RISKWARDEN
2026-07-30 16:09:31.059 -05:00 [DBG] Heartbeat SYNAPSE
2026-07-30 16:09:31.059 -05:00 [DBG] Heartbeat TRADEWEAVER
2026-07-30 16:09:31.059 -05:00 [DBG] Heartbeat CASEBLADE
2026-07-30 16:09:31.059 -05:00 [DBG] Heartbeat PROX
2026-07-30 16:09:31.059 -05:00 [DBG] Heartbeat SENTINEL
2026-07-30 16:09:31.059 -05:00 [DBG] Heartbeat MARKETSCRYER
2026-07-30 16:09:31.059 -05:00 [DBG] Heartbeat SIGNALFORGE
2026-07-30 16:09:31.059 -05:00 [DBG] Heartbeat ORACLEVAULT
2026-07-30 16:09:31.059 -05:00 [DBG] Heartbeat RISKWARDEN
2026-07-30 16:10:31.060 -05:00 [DBG] Heartbeat SYNAPSE
2026-07-30 16:10:31.060 -05:00 [DBG] Heartbeat TRADEWEAVER
2026-07-30 16:10:31.060 -05:00 [DBG] Heartbeat CASEBLADE
2026-07-30 16:10:31.060 -05:00 [DBG] Heartbeat PROX
2026-07-30 16:10:31.060 -05:00 [DBG] Heartbeat SENTINEL
2026-07-30 16:10:31.060 -05:00 [DBG] Heartbeat MARKETSCRYER
2026-07-30 16:10:31.060 -05:00 [DBG] Heartbeat SIGNALFORGE
2026-07-30 16:10:31.060 -05:00 [DBG] Heartbeat ORACLEVAULT
2026-07-30 16:10:31.060 -05:00 [DBG] Heartbeat RISKWARDEN
2026-07-30 16:10:32.960 -05:00 [INF] PC health: C: 77.6% used, 5 recent errors
2026-07-30 16:11:31.061 -05:00 [DBG] Heartbeat SYNAPSE
2026-07-30 16:11:31.061 -05:00 [DBG] Heartbeat TRADEWEAVER
2026-07-30 16:11:31.061 -05:00 [DBG] Heartbeat CASEBLADE
2026-07-30 16:11:31.061 -05:00 [DBG] Heartbeat PROX
2026-07-30 16:11:31.061 -05:00 [DBG] Heartbeat SENTINEL
2026-07-30 16:11:31.061 -05:00 [DBG] Heartbeat MARKETSCRYER
2026-07-30 16:11:31.061 -05:00 [DBG] Heartbeat SIGNALFORGE
2026-07-30 16:11:31.061 -05:00 [DBG] Heartbeat ORACLEVAULT
2026-07-30 16:11:31.061 -05:00 [DBG] Heartbeat RISKWARDEN
2026-07-30 16:12:31.061 -05:00 [DBG] Heartbeat SYNAPSE
2026-07-30 16:12:31.062 -05:00 [DBG] Heartbeat TRADEWEAVER
2026-07-30 16:12:31.062 -05:00 [DBG] Heartbeat CASEBLADE
2026-07-30 16:12:31.062 -05:00 [DBG] Heartbeat PROX
2026-07-30 16:12:31.062 -05:00 [DBG] Heartbeat SENTINEL
2026-07-30 16:12:31.062 -05:00 [DBG] Heartbeat MARKETSCRYER
2026-07-30 16:12:31.062 -05:00 [DBG] Heartbeat SIGNALFORGE
2026-07-30 16:12:31.062 -05:00 [DBG] Heartbeat ORACLEVAULT
2026-07-30 16:12:31.062 -05:00 [DBG] Heartbeat RISKWARDEN
2026-07-30 16:13:31.062 -05:00 [DBG] Heartbeat SYNAPSE
2026-07-30 16:13:31.062 -05:00 [DBG] Heartbeat TRADEWEAVER
2026-07-30 16:13:31.062 -05:00 [DBG] Heartbeat CASEBLADE
2026-07-30 16:13:31.062 -05:00 [DBG] Heartbeat PROX
2026-07-30 16:13:31.062 -05:00 [DBG] Heartbeat SENTINEL
2026-07-30 16:13:31.062 -05:00 [DBG] Heartbeat MARKETSCRYER
2026-07-30 16:13:31.062 -05:00 [DBG] Heartbeat SIGNALFORGE
2026-07-30 16:13:31.062 -05:00 [DBG] Heartbeat ORACLEVAULT
2026-07-30 16:13:31.062 -05:00 [DBG] Heartbeat RISKWARDEN
2026-07-30 16:14:31.062 -05:00 [DBG] Heartbeat SYNAPSE
2026-07-30 16:14:31.062 -05:00 [DBG] Heartbeat TRADEWEAVER
2026-07-30 16:14:31.062 -05:00 [DBG] Heartbeat CASEBLADE
2026-07-30 16:14:31.062 -05:00 [DBG] Heartbeat PROX
2026-07-30 16:14:31.062 -05:00 [DBG] Heartbeat SENTINEL
2026-07-30 16:14:31.062 -05:00 [DBG] Heartbeat MARKETSCRYER
2026-07-30 16:14:31.062 -05:00 [DBG] Heartbeat SIGNALFORGE
2026-07-30 16:14:31.062 -05:00 [DBG] Heartbeat ORACLEVAULT
2026-07-30 16:14:31.062 -05:00 [DBG] Heartbeat RISKWARDEN
2026-07-30 16:15:31.061 -05:00 [DBG] Heartbeat SYNAPSE
2026-07-30 16:15:31.061 -05:00 [DBG] Heartbeat TRADEWEAVER
2026-07-30 16:15:31.061 -05:00 [DBG] Heartbeat CASEBLADE
2026-07-30 16:15:31.061 -05:00 [DBG] Heartbeat PROX
2026-07-30 16:15:31.061 -05:00 [DBG] Heartbeat SENTINEL
2026-07-30 16:15:31.061 -05:00 [DBG] Heartbeat MARKETSCRYER
2026-07-30 16:15:31.061 -05:00 [DBG] Heartbeat SIGNALFORGE
2026-07-30 16:15:31.061 -05:00 [DBG] Heartbeat ORACLEVAULT
2026-07-30 16:15:31.061 -05:00 [DBG] Heartbeat RISKWARDEN
2026-07-30 16:15:46.659 -05:00 [INF] PC health: C: 77.6% used, 5 recent errors
2026-07-30 16:16:31.061 -05:00 [DBG] Heartbeat SYNAPSE
2026-07-30 16:16:31.061 -05:00 [DBG] Heartbeat TRADEWEAVER
2026-07-30 16:16:31.061 -05:00 [DBG] Heartbeat CASEBLADE
2026-07-30 16:16:31.061 -05:00 [DBG] Heartbeat PROX
2026-07-30 16:16:31.061 -05:00 [DBG] Heartbeat SENTINEL
2026-07-30 16:16:31.061 -05:00 [DBG] Heartbeat MARKETSCRYER
2026-07-30 16:16:31.061 -05:00 [DBG] Heartbeat SIGNALFORGE
2026-07-30 16:16:31.061 -05:00 [DBG] Heartbeat ORACLEVAULT
2026-07-30 16:16:31.061 -05:00 [DBG] Heartbeat RISKWARDEN
2026-07-30 16:17:31.061 -05:00 [DBG] Heartbeat SYNAPSE
2026-07-30 16:17:31.061 -05:00 [DBG] Heartbeat TRADEWEAVER
2026-07-30 16:17:31.061 -05:00 [DBG] Heartbeat CASEBLADE
2026-07-30 16:17:31.061 -05:00 [DBG] Heartbeat PROX
2026-07-30 16:17:31.061 -05:00 [DBG] Heartbeat SENTINEL
2026-07-30 16:17:31.061 -05:00 [DBG] Heartbeat MARKETSCRYER
2026-07-30 16:17:31.061 -05:00 [DBG] Heartbeat SIGNALFORGE
2026-07-30 16:17:31.061 -05:00 [DBG] Heartbeat ORACLEVAULT
2026-07-30 16:17:31.061 -05:00 [DBG] Heartbeat RISKWARDEN
2026-07-30 16:18:31.061 -05:00 [DBG] Heartbeat SYNAPSE
2026-07-30 16:18:31.061 -05:00 [DBG] Heartbeat TRADEWEAVER
2026-07-30 16:18:31.061 -05:00 [DBG] Heartbeat CASEBLADE
2026-07-30 16:18:31.061 -05:00 [DBG] Heartbeat PROX
2026-07-30 16:18:31.061 -05:00 [DBG] Heartbeat SENTINEL
2026-07-30 16:18:31.061 -05:00 [DBG] Heartbeat MARKETSCRYER
2026-07-30 16:18:31.061 -05:00 [DBG] Heartbeat SIGNALFORGE
2026-07-30 16:18:31.061 -05:00 [DBG] Heartbeat ORACLEVAULT
2026-07-30 16:18:31.061 -05:00 [DBG] Heartbeat RISKWARDEN
2026-07-30 16:19:31.061 -05:00 [DBG] Heartbeat SYNAPSE
2026-07-30 16:19:31.061 -05:00 [DBG] Heartbeat TRADEWEAVER
2026-07-30 16:19:31.061 -05:00 [DBG] Heartbeat CASEBLADE
2026-07-30 16:19:31.061 -05:00 [DBG] Heartbeat PROX
2026-07-30 16:19:31.061 -05:00 [DBG] Heartbeat SENTINEL
2026-07-30 16:19:31.061 -05:00 [DBG] Heartbeat MARKETSCRYER
2026-07-30 16:19:31.061 -05:00 [DBG] Heartbeat SIGNALFORGE
2026-07-30 16:19:31.061 -05:00 [DBG] Heartbeat ORACLEVAULT
2026-07-30 16:19:31.061 -05:00 [DBG] Heartbeat RISKWARDEN
2026-07-30 16:20:31.061 -05:00 [DBG] Heartbeat SYNAPSE
2026-07-30 16:20:31.061 -05:00 [DBG] Heartbeat TRADEWEAVER
2026-07-30 16:20:31.061 -05:00 [DBG] Heartbeat CASEBLADE
2026-07-30 16:20:31.061 -05:00 [DBG] Heartbeat PROX
2026-07-30 16:20:31.061 -05:00 [DBG] Heartbeat SENTINEL
2026-07-30 16:20:31.061 -05:00 [DBG] Heartbeat MARKETSCRYER
2026-07-30 16:20:31.061 -05:00 [DBG] Heartbeat SIGNALFORGE
2026-07-30 16:20:31.061 -05:00 [DBG] Heartbeat ORACLEVAULT
2026-07-30 16:20:31.061 -05:00 [DBG] Heartbeat RISKWARDEN
2026-07-30 16:21:00.053 -05:00 [INF] PC health: C: 77.6% used, 5 recent errors
2026-07-30 16:21:31.062 -05:00 [DBG] Heartbeat SYNAPSE
2026-07-30 16:21:31.062 -05:00 [DBG] Heartbeat TRADEWEAVER
2026-07-30 16:21:31.062 -05:00 [DBG] Heartbeat CASEBLADE
2026-07-30 16:21:31.062 -05:00 [DBG] Heartbeat PROX
2026-07-30 16:21:31.062 -05:00 [DBG] Heartbeat SENTINEL
2026-07-30 16:21:31.062 -05:00 [DBG] Heartbeat MARKETSCRYER
2026-07-30 16:21:31.062 -05:00 [DBG] Heartbeat SIGNALFORGE
2026-07-30 16:21:31.062 -05:00 [DBG] Heartbeat ORACLEVAULT
2026-07-30 16:21:31.062 -05:00 [DBG] Heartbeat RISKWARDEN
2026-07-30 16:22:31.062 -05:00 [DBG] Heartbeat SYNAPSE
2026-07-30 16:22:31.062 -05:00 [DBG] Heartbeat TRADEWEAVER
2026-07-30 16:22:31.062 -05:00 [DBG] Heartbeat CASEBLADE
2026-07-30 16:22:31.062 -05:00 [DBG] Heartbeat PROX
2026-07-30 16:22:31.062 -05:00 [DBG] Heartbeat SENTINEL
2026-07-30 16:22:31.062 -05:00 [DBG] Heartbeat MARKETSCRYER
2026-07-30 16:22:31.062 -05:00 [DBG] Heartbeat SIGNALFORGE
2026-07-30 16:22:31.062 -05:00 [DBG] Heartbeat ORACLEVAULT
2026-07-30 16:22:31.062 -05:00 [DBG] Heartbeat RISKWARDEN
2026-07-30 16:23:31.062 -05:00 [DBG] Heartbeat SYNAPSE
2026-07-30 16:23:31.062 -05:00 [DBG] Heartbeat TRADEWEAVER
2026-07-30 16:23:31.062 -05:00 [DBG] Heartbeat CASEBLADE
2026-07-30 16:23:31.062 -05:00 [DBG] Heartbeat PROX
2026-07-30 16:23:31.062 -05:00 [DBG] Heartbeat SENTINEL
2026-07-30 16:23:31.062 -05:00 [DBG] Heartbeat MARKETSCRYER
2026-07-30 16:23:31.062 -05:00 [DBG] Heartbeat SIGNALFORGE
2026-07-30 16:23:31.062 -05:00 [DBG] Heartbeat ORACLEVAULT
2026-07-30 16:23:31.062 -05:00 [DBG] Heartbeat RISKWARDEN
2026-07-30 16:24:31.062 -05:00 [DBG] Heartbeat SYNAPSE
2026-07-30 16:24:31.062 -05:00 [DBG] Heartbeat TRADEWEAVER
2026-07-30 16:24:31.062 -05:00 [DBG] Heartbeat CASEBLADE
2026-07-30 16:24:31.062 -05:00 [DBG] Heartbeat PROX
2026-07-30 16:24:31.062 -05:00 [DBG] Heartbeat SENTINEL
2026-07-30 16:24:31.062 -05:00 [DBG] Heartbeat MARKETSCRYER
2026-07-30 16:24:31.062 -05:00 [DBG] Heartbeat SIGNALFORGE
2026-07-30 16:24:31.062 -05:00 [DBG] Heartbeat ORACLEVAULT
2026-07-30 16:24:31.062 -05:00 [DBG] Heartbeat RISKWARDEN
2026-07-30 16:25:31.062 -05:00 [DBG] Heartbeat SYNAPSE
2026-07-30 16:25:31.062 -05:00 [DBG] Heartbeat TRADEWEAVER
2026-07-30 16:25:31.062 -05:00 [DBG] Heartbeat CASEBLADE
2026-07-30 16:25:31.062 -05:00 [DBG] Heartbeat PROX
2026-07-30 16:25:31.062 -05:00 [DBG] Heartbeat SENTINEL
2026-07-30 16:25:31.062 -05:00 [DBG] Heartbeat MARKETSCRYER
2026-07-30 16:25:31.062 -05:00 [DBG] Heartbeat SIGNALFORGE
2026-07-30 16:25:31.062 -05:00 [DBG] Heartbeat ORACLEVAULT
2026-07-30 16:25:31.062 -05:00 [DBG] Heartbeat RISKWARDEN
2026-07-30 16:26:13.820 -05:00 [INF] PC health: C: 77.6% used, 5 recent errors
2026-07-30 16:26:31.061 -05:00 [DBG] Heartbeat SYNAPSE
2026-07-30 16:26:31.061 -05:00 [DBG] Heartbeat TRADEWEAVER
2026-07-30 16:26:31.061 -05:00 [DBG] Heartbeat CASEBLADE
2026-07-30 16:26:31.061 -05:00 [DBG] Heartbeat PROX
2026-07-30 16:26:31.061 -05:00 [DBG] Heartbeat SENTINEL
2026-07-30 16:26:31.061 -05:00 [DBG] Heartbeat MARKETSCRYER
2026-07-30 16:26:31.061 -05:00 [DBG] Heartbeat SIGNALFORGE
2026-07-30 16:26:31.061 -05:00 [DBG] Heartbeat ORACLEVAULT
2026-07-30 16:26:31.061 -05:00 [DBG] Heartbeat RISKWARDEN
2026-07-30 16:27:31.061 -05:00 [DBG] Heartbeat SYNAPSE
2026-07-30 16:27:31.061 -05:00 [DBG] Heartbeat TRADEWEAVER
2026-07-30 16:27:31.061 -05:00 [DBG] Heartbeat CASEBLADE
2026-07-30 16:27:31.061 -05:00 [DBG] Heartbeat PROX
2026-07-30 16:27:31.061 -05:00 [DBG] Heartbeat SENTINEL
2026-07-30 16:27:31.061 -05:00 [DBG] Heartbeat MARKETSCRYER
2026-07-30 16:27:31.061 -05:00 [DBG] Heartbeat SIGNALFORGE
2026-07-30 16:27:31.061 -05:00 [DBG] Heartbeat ORACLEVAULT
2026-07-30 16:27:31.061 -05:00 [DBG] Heartbeat RISKWARDEN
2026-07-30 16:28:31.061 -05:00 [DBG] Heartbeat SYNAPSE
2026-07-30 16:28:31.061 -05:00 [DBG] Heartbeat TRADEWEAVER
2026-07-30 16:28:31.061 -05:00 [DBG] Heartbeat CASEBLADE
2026-07-30 16:28:31.061 -05:00 [DBG] Heartbeat PROX
2026-07-30 16:28:31.061 -05:00 [DBG] Heartbeat SENTINEL
2026-07-30 16:28:31.061 -05:00 [DBG] Heartbeat MARKETSCRYER
2026-07-30 16:28:31.061 -05:00 [DBG] Heartbeat SIGNALFORGE
2026-07-30 16:28:31.061 -05:00 [DBG] Heartbeat ORACLEVAULT
2026-07-30 16:28:31.061 -05:00 [DBG] Heartbeat RISKWARDEN
2026-07-30 16:29:31.061 -05:00 [DBG] Heartbeat SYNAPSE
2026-07-30 16:29:31.061 -05:00 [DBG] Heartbeat TRADEWEAVER
2026-07-30 16:29:31.061 -05:00 [DBG] Heartbeat CASEBLADE
2026-07-30 16:29:31.061 -05:00 [DBG] Heartbeat PROX
2026-07-30 16:29:31.061 -05:00 [DBG] Heartbeat SENTINEL
2026-07-30 16:29:31.061 -05:00 [DBG] Heartbeat MARKETSCRYER
2026-07-30 16:29:31.061 -05:00 [DBG] Heartbeat SIGNALFORGE
2026-07-30 16:29:31.061 -05:00 [DBG] Heartbeat ORACLEVAULT
2026-07-30 16:29:31.061 -05:00 [DBG] Heartbeat RISKWARDEN
2026-07-30 16:30:31.061 -05:00 [DBG] Heartbeat SYNAPSE
2026-07-30 16:30:31.061 -05:00 [DBG] Heartbeat TRADEWEAVER
2026-07-30 16:30:31.061 -05:00 [DBG] Heartbeat CASEBLADE
2026-07-30 16:30:31.061 -05:00 [DBG] Heartbeat PROX
2026-07-30 16:30:31.061 -05:00 [DBG] Heartbeat SENTINEL
2026-07-30 16:30:31.061 -05:00 [DBG] Heartbeat MARKETSCRYER
2026-07-30 16:30:31.061 -05:00 [DBG] Heartbeat SIGNALFORGE
2026-07-30 16:30:31.061 -05:00 [DBG] Heartbeat ORACLEVAULT
2026-07-30 16:30:31.061 -05:00 [DBG] Heartbeat RISKWARDEN
2026-07-30 16:31:27.414 -05:00 [INF] PC health: C: 77.6% used, 5 recent errors
2026-07-30 16:31:31.061 -05:00 [DBG] Heartbeat SYNAPSE
2026-07-30 16:31:31.061 -05:00 [DBG] Heartbeat TRADEWEAVER
2026-07-30 16:31:31.061 -05:00 [DBG] Heartbeat CASEBLADE
2026-07-30 16:31:31.061 -05:00 [DBG] Heartbeat PROX
2026-07-30 16:31:31.061 -05:00 [DBG] Heartbeat SENTINEL
2026-07-30 16:31:31.061 -05:00 [DBG] Heartbeat MARKETSCRYER
2026-07-30 16:31:31.061 -05:00 [DBG] Heartbeat SIGNALFORGE
2026-07-30 16:31:31.061 -05:00 [DBG] Heartbeat ORACLEVAULT
2026-07-30 16:31:31.061 -05:00 [DBG] Heartbeat RISKWARDEN
2026-07-30 16:32:31.061 -05:00 [DBG] Heartbeat SYNAPSE
2026-07-30 16:32:31.061 -05:00 [DBG] Heartbeat TRADEWEAVER
2026-07-30 16:32:31.061 -05:00 [DBG] Heartbeat CASEBLADE
2026-07-30 16:32:31.061 -05:00 [DBG] Heartbeat PROX
2026-07-30 16:32:31.061 -05:00 [DBG] Heartbeat SENTINEL
2026-07-30 16:32:31.061 -05:00 [DBG] Heartbeat MARKETSCRYER
2026-07-30 16:32:31.061 -05:00 [DBG] Heartbeat SIGNALFORGE
2026-07-30 16:32:31.061 -05:00 [DBG] Heartbeat ORACLEVAULT
2026-07-30 16:32:31.061 -05:00 [DBG] Heartbeat RISKWARDEN
2026-07-30 16:33:31.061 -05:00 [DBG] Heartbeat SYNAPSE
2026-07-30 16:33:31.061 -05:00 [DBG] Heartbeat TRADEWEAVER
2026-07-30 16:33:31.061 -05:00 [DBG] Heartbeat CASEBLADE
2026-07-30 16:33:31.061 -05:00 [DBG] Heartbeat PROX
2026-07-30 16:33:31.061 -05:00 [DBG] Heartbeat SENTINEL
2026-07-30 16:33:31.061 -05:00 [DBG] Heartbeat MARKETSCRYER
2026-07-30 16:33:31.061 -05:00 [DBG] Heartbeat SIGNALFORGE
2026-07-30 16:33:31.061 -05:00 [DBG] Heartbeat ORACLEVAULT
2026-07-30 16:33:31.061 -05:00 [DBG] Heartbeat RISKWARDEN
2026-07-30 16:34:31.061 -05:00 [DBG] Heartbeat SYNAPSE
2026-07-30 16:34:31.061 -05:00 [DBG] Heartbeat TRADEWEAVER
2026-07-30 16:34:31.061 -05:00 [DBG] Heartbeat CASEBLADE
2026-07-30 16:34:31.061 -05:00 [DBG] Heartbeat PROX
2026-07-30 16:34:31.061 -05:00 [DBG] Heartbeat SENTINEL
2026-07-30 16:34:31.061 -05:00 [DBG] Heartbeat MARKETSCRYER
2026-07-30 16:34:31.061 -05:00 [DBG] Heartbeat SIGNALFORGE
2026-07-30 16:34:31.061 -05:00 [DBG] Heartbeat ORACLEVAULT
2026-07-30 16:34:31.061 -05:00 [DBG] Heartbeat RISKWARDEN
2026-07-30 16:35:31.061 -05:00 [DBG] Heartbeat SYNAPSE
2026-07-30 16:35:31.061 -05:00 [DBG] Heartbeat TRADEWEAVER
2026-07-30 16:35:31.061 -05:00 [DBG] Heartbeat CASEBLADE
2026-07-30 16:35:31.061 -05:00 [DBG] Heartbeat PROX
2026-07-30 16:35:31.061 -05:00 [DBG] Heartbeat SENTINEL
2026-07-30 16:35:31.061 -05:00 [DBG] Heartbeat MARKETSCRYER
2026-07-30 16:35:31.061 -05:00 [DBG] Heartbeat SIGNALFORGE
2026-07-30 16:35:31.061 -05:00 [DBG] Heartbeat ORACLEVAULT
2026-07-30 16:35:31.061 -05:00 [DBG] Heartbeat RISKWARDEN
2026-07-30 16:36:31.062 -05:00 [DBG] Heartbeat SYNAPSE
2026-07-30 16:36:31.062 -05:00 [DBG] Heartbeat TRADEWEAVER
2026-07-30 16:36:31.062 -05:00 [DBG] Heartbeat CASEBLADE
2026-07-30 16:36:31.062 -05:00 [DBG] Heartbeat PROX
2026-07-30 16:36:31.062 -05:00 [DBG] Heartbeat SENTINEL
2026-07-30 16:36:31.062 -05:00 [DBG] Heartbeat MARKETSCRYER
2026-07-30 16:36:31.062 -05:00 [DBG] Heartbeat SIGNALFORGE
2026-07-30 16:36:31.062 -05:00 [DBG] Heartbeat ORACLEVAULT
2026-07-30 16:36:31.062 -05:00 [DBG] Heartbeat RISKWARDEN
2026-07-30 16:36:41.145 -05:00 [INF] PC health: C: 77.6% used, 5 recent errors
2026-07-30 16:37:31.062 -05:00 [DBG] Heartbeat SYNAPSE
2026-07-30 16:37:31.062 -05:00 [DBG] Heartbeat TRADEWEAVER
2026-07-30 16:37:31.062 -05:00 [DBG] Heartbeat CASEBLADE
2026-07-30 16:37:31.062 -05:00 [DBG] Heartbeat PROX
2026-07-30 16:37:31.062 -05:00 [DBG] Heartbeat SENTINEL
2026-07-30 16:37:31.062 -05:00 [DBG] Heartbeat MARKETSCRYER
2026-07-30 16:37:31.062 -05:00 [DBG] Heartbeat SIGNALFORGE
2026-07-30 16:37:31.062 -05:00 [DBG] Heartbeat ORACLEVAULT
2026-07-30 16:37:31.062 -05:00 [DBG] Heartbeat RISKWARDEN
2026-07-30 16:38:31.062 -05:00 [DBG] Heartbeat SYNAPSE
2026-07-30 16:38:31.062 -05:00 [DBG] Heartbeat TRADEWEAVER
2026-07-30 16:38:31.062 -05:00 [DBG] Heartbeat CASEBLADE
2026-07-30 16:38:31.062 -05:00 [DBG] Heartbeat PROX
2026-07-30 16:38:31.062 -05:00 [DBG] Heartbeat SENTINEL
2026-07-30 16:38:31.062 -05:00 [DBG] Heartbeat MARKETSCRYER
2026-07-30 16:38:31.062 -05:00 [DBG] Heartbeat SIGNALFORGE
2026-07-30 16:38:31.062 -05:00 [DBG] Heartbeat ORACLEVAULT
2026-07-30 16:38:31.062 -05:00 [DBG] Heartbeat RISKWARDEN
2026-07-30 16:39:31.062 -05:00 [DBG] Heartbeat SYNAPSE
2026-07-30 16:39:31.062 -05:00 [DBG] Heartbeat TRADEWEAVER
2026-07-30 16:39:31.062 -05:00 [DBG] Heartbeat CASEBLADE
2026-07-30 16:39:31.062 -05:00 [DBG] Heartbeat PROX
2026-07-30 16:39:31.062 -05:00 [DBG] Heartbeat SENTINEL
2026-07-30 16:39:31.062 -05:00 [DBG] Heartbeat MARKETSCRYER
2026-07-30 16:39:31.062 -05:00 [DBG] Heartbeat SIGNALFORGE
2026-07-30 16:39:31.062 -05:00 [DBG] Heartbeat ORACLEVAULT
2026-07-30 16:39:31.062 -05:00 [DBG] Heartbeat RISKWARDEN
2026-07-30 16:40:31.062 -05:00 [DBG] Heartbeat SYNAPSE
2026-07-30 16:40:31.062 -05:00 [DBG] Heartbeat TRADEWEAVER
2026-07-30 16:40:31.062 -05:00 [DBG] Heartbeat CASEBLADE
2026-07-30 16:40:31.062 -05:00 [DBG] Heartbeat PROX
2026-07-30 16:40:31.062 -05:00 [DBG] Heartbeat SENTINEL
2026-07-30 16:40:31.062 -05:00 [DBG] Heartbeat MARKETSCRYER
2026-07-30 16:40:31.062 -05:00 [DBG] Heartbeat SIGNALFORGE
2026-07-30 16:40:31.062 -05:00 [DBG] Heartbeat ORACLEVAULT
2026-07-30 16:40:31.062 -05:00 [DBG] Heartbeat RISKWARDEN
2026-07-30 16:41:31.063 -05:00 [DBG] Heartbeat SYNAPSE
2026-07-30 16:41:31.063 -05:00 [DBG] Heartbeat TRADEWEAVER
2026-07-30 16:41:31.063 -05:00 [DBG] Heartbeat CASEBLADE
2026-07-30 16:41:31.063 -05:00 [DBG] Heartbeat PROX
2026-07-30 16:41:31.063 -05:00 [DBG] Heartbeat SENTINEL
2026-07-30 16:41:31.063 -05:00 [DBG] Heartbeat MARKETSCRYER
2026-07-30 16:41:31.063 -05:00 [DBG] Heartbeat SIGNALFORGE
2026-07-30 16:41:31.063 -05:00 [DBG] Heartbeat ORACLEVAULT
2026-07-30 16:41:31.063 -05:00 [DBG] Heartbeat RISKWARDEN
2026-07-30 16:41:54.867 -05:00 [INF] PC health: C: 77.6% used, 5 recent errors
2026-07-30 16:42:31.063 -05:00 [DBG] Heartbeat SYNAPSE
2026-07-30 16:42:31.063 -05:00 [DBG] Heartbeat TRADEWEAVER
2026-07-30 16:42:31.063 -05:00 [DBG] Heartbeat CASEBLADE
2026-07-30 16:42:31.063 -05:00 [DBG] Heartbeat PROX
2026-07-30 16:42:31.063 -05:00 [DBG] Heartbeat SENTINEL
2026-07-30 16:42:31.063 -05:00 [DBG] Heartbeat MARKETSCRYER
2026-07-30 16:42:31.063 -05:00 [DBG] Heartbeat SIGNALFORGE
2026-07-30 16:42:31.063 -05:00 [DBG] Heartbeat ORACLEVAULT
2026-07-30 16:42:31.063 -05:00 [DBG] Heartbeat RISKWARDEN
2026-07-30 16:43:31.063 -05:00 [DBG] Heartbeat SYNAPSE
2026-07-30 16:43:31.063 -05:00 [DBG] Heartbeat TRADEWEAVER
2026-07-30 16:43:31.063 -05:00 [DBG] Heartbeat CASEBLADE
2026-07-30 16:43:31.063 -05:00 [DBG] Heartbeat PROX
2026-07-30 16:43:31.063 -05:00 [DBG] Heartbeat SENTINEL
2026-07-30 16:43:31.063 -05:00 [DBG] Heartbeat MARKETSCRYER
2026-07-30 16:43:31.063 -05:00 [DBG] Heartbeat SIGNALFORGE
2026-07-30 16:43:31.063 -05:00 [DBG] Heartbeat ORACLEVAULT
2026-07-30 16:43:31.064 -05:00 [DBG] Heartbeat RISKWARDEN
2026-07-30 16:44:31.063 -05:00 [DBG] Heartbeat SYNAPSE
2026-07-30 16:44:31.063 -05:00 [DBG] Heartbeat TRADEWEAVER
2026-07-30 16:44:31.063 -05:00 [DBG] Heartbeat CASEBLADE
2026-07-30 16:44:31.063 -05:00 [DBG] Heartbeat PROX
2026-07-30 16:44:31.063 -05:00 [DBG] Heartbeat SENTINEL
2026-07-30 16:44:31.063 -05:00 [DBG] Heartbeat MARKETSCRYER
2026-07-30 16:44:31.063 -05:00 [DBG] Heartbeat SIGNALFORGE
2026-07-30 16:44:31.063 -05:00 [DBG] Heartbeat ORACLEVAULT
2026-07-30 16:44:31.063 -05:00 [DBG] Heartbeat RISKWARDEN
2026-07-30 16:45:31.063 -05:00 [DBG] Heartbeat SYNAPSE
2026-07-30 16:45:31.064 -05:00 [DBG] Heartbeat TRADEWEAVER
2026-07-30 16:45:31.064 -05:00 [DBG] Heartbeat CASEBLADE
2026-07-30 16:45:31.064 -05:00 [DBG] Heartbeat PROX
2026-07-30 16:45:31.064 -05:00 [DBG] Heartbeat SENTINEL
2026-07-30 16:45:31.064 -05:00 [DBG] Heartbeat MARKETSCRYER
2026-07-30 16:45:31.064 -05:00 [DBG] Heartbeat SIGNALFORGE
2026-07-30 16:45:31.064 -05:00 [DBG] Heartbeat ORACLEVAULT
2026-07-30 16:45:31.064 -05:00 [DBG] Heartbeat RISKWARDEN
2026-07-30 16:46:31.064 -05:00 [DBG] Heartbeat SYNAPSE
2026-07-30 16:46:31.064 -05:00 [DBG] Heartbeat TRADEWEAVER
2026-07-30 16:46:31.064 -05:00 [DBG] Heartbeat CASEBLADE
2026-07-30 16:46:31.064 -05:00 [DBG] Heartbeat PROX
2026-07-30 16:46:31.064 -05:00 [DBG] Heartbeat SENTINEL
2026-07-30 16:46:31.064 -05:00 [DBG] Heartbeat MARKETSCRYER
2026-07-30 16:46:31.064 -05:00 [DBG] Heartbeat SIGNALFORGE
2026-07-30 16:46:31.064 -05:00 [DBG] Heartbeat ORACLEVAULT
2026-07-30 16:46:31.064 -05:00 [DBG] Heartbeat RISKWARDEN
2026-07-30 16:47:08.642 -05:00 [INF] PC health: C: 77.6% used, 5 recent errors
2026-07-30 16:47:31.064 -05:00 [DBG] Heartbeat SYNAPSE
2026-07-30 16:47:31.064 -05:00 [DBG] Heartbeat TRADEWEAVER
2026-07-30 16:47:31.064 -05:00 [DBG] Heartbeat CASEBLADE
2026-07-30 16:47:31.064 -05:00 [DBG] Heartbeat PROX
2026-07-30 16:47:31.064 -05:00 [DBG] Heartbeat SENTINEL
2026-07-30 16:47:31.064 -05:00 [DBG] Heartbeat MARKETSCRYER
2026-07-30 16:47:31.064 -05:00 [DBG] Heartbeat SIGNALFORGE
2026-07-30 16:47:31.064 -05:00 [DBG] Heartbeat ORACLEVAULT
2026-07-30 16:47:31.064 -05:00 [DBG] Heartbeat RISKWARDEN
2026-07-30 16:48:31.063 -05:00 [DBG] Heartbeat SYNAPSE
2026-07-30 16:48:31.063 -05:00 [DBG] Heartbeat TRADEWEAVER
2026-07-30 16:48:31.063 -05:00 [DBG] Heartbeat CASEBLADE
2026-07-30 16:48:31.063 -05:00 [DBG] Heartbeat PROX
2026-07-30 16:48:31.063 -05:00 [DBG] Heartbeat SENTINEL
2026-07-30 16:48:31.063 -05:00 [DBG] Heartbeat MARKETSCRYER
2026-07-30 16:48:31.063 -05:00 [DBG] Heartbeat SIGNALFORGE
2026-07-30 16:48:31.063 -05:00 [DBG] Heartbeat ORACLEVAULT
2026-07-30 16:48:31.063 -05:00 [DBG] Heartbeat RISKWARDEN
2026-07-30 16:49:31.064 -05:00 [DBG] Heartbeat SYNAPSE
2026-07-30 16:49:31.064 -05:00 [DBG] Heartbeat TRADEWEAVER
2026-07-30 16:49:31.064 -05:00 [DBG] Heartbeat CASEBLADE
2026-07-30 16:49:31.064 -05:00 [DBG] Heartbeat PROX
2026-07-30 16:49:31.064 -05:00 [DBG] Heartbeat SENTINEL
2026-07-30 16:49:31.064 -05:00 [DBG] Heartbeat MARKETSCRYER
2026-07-30 16:49:31.064 -05:00 [DBG] Heartbeat SIGNALFORGE
2026-07-30 16:49:31.064 -05:00 [DBG] Heartbeat ORACLEVAULT
2026-07-30 16:49:31.064 -05:00 [DBG] Heartbeat RISKWARDEN
2026-07-30 16:50:31.064 -05:00 [DBG] Heartbeat SYNAPSE
2026-07-30 16:50:31.064 -05:00 [DBG] Heartbeat TRADEWEAVER
2026-07-30 16:50:31.064 -05:00 [DBG] Heartbeat CASEBLADE
2026-07-30 16:50:31.064 -05:00 [DBG] Heartbeat PROX
2026-07-30 16:50:31.064 -05:00 [DBG] Heartbeat SENTINEL
2026-07-30 16:50:31.064 -05:00 [DBG] Heartbeat MARKETSCRYER
2026-07-30 16:50:31.064 -05:00 [DBG] Heartbeat SIGNALFORGE
2026-07-30 16:50:31.064 -05:00 [DBG] Heartbeat ORACLEVAULT
2026-07-30 16:50:31.064 -05:00 [DBG] Heartbeat RISKWARDEN
2026-07-30 16:51:31.064 -05:00 [DBG] Heartbeat SYNAPSE
2026-07-30 16:51:31.064 -05:00 [DBG] Heartbeat TRADEWEAVER
2026-07-30 16:51:31.064 -05:00 [DBG] Heartbeat CASEBLADE
2026-07-30 16:51:31.064 -05:00 [DBG] Heartbeat PROX
2026-07-30 16:51:31.064 -05:00 [DBG] Heartbeat SENTINEL
2026-07-30 16:51:31.064 -05:00 [DBG] Heartbeat MARKETSCRYER
2026-07-30 16:51:31.064 -05:00 [DBG] Heartbeat SIGNALFORGE
2026-07-30 16:51:31.064 -05:00 [DBG] Heartbeat ORACLEVAULT
2026-07-30 16:51:31.064 -05:00 [DBG] Heartbeat RISKWARDEN
2026-07-30 16:52:22.425 -05:00 [INF] PC health: C: 77.6% used, 5 recent errors
2026-07-30 16:52:31.064 -05:00 [DBG] Heartbeat SYNAPSE
2026-07-30 16:52:31.064 -05:00 [DBG] Heartbeat TRADEWEAVER
2026-07-30 16:52:31.064 -05:00 [DBG] Heartbeat CASEBLADE
2026-07-30 16:52:31.064 -05:00 [DBG] Heartbeat PROX
2026-07-30 16:52:31.064 -05:00 [DBG] Heartbeat SENTINEL
2026-07-30 16:52:31.064 -05:00 [DBG] Heartbeat MARKETSCRYER
2026-07-30 16:52:31.064 -05:00 [DBG] Heartbeat SIGNALFORGE
2026-07-30 16:52:31.064 -05:00 [DBG] Heartbeat ORACLEVAULT
2026-07-30 16:52:31.064 -05:00 [DBG] Heartbeat RISKWARDEN
2026-07-30 16:53:31.064 -05:00 [DBG] Heartbeat SYNAPSE
2026-07-30 16:53:31.064 -05:00 [DBG] Heartbeat TRADEWEAVER
2026-07-30 16:53:31.064 -05:00 [DBG] Heartbeat CASEBLADE
2026-07-30 16:53:31.064 -05:00 [DBG] Heartbeat PROX
2026-07-30 16:53:31.064 -05:00 [DBG] Heartbeat SENTINEL
2026-07-30 16:53:31.064 -05:00 [DBG] Heartbeat MARKETSCRYER
2026-07-30 16:53:31.064 -05:00 [DBG] Heartbeat SIGNALFORGE
2026-07-30 16:53:31.064 -05:00 [DBG] Heartbeat ORACLEVAULT
2026-07-30 16:53:31.064 -05:00 [DBG] Heartbeat RISKWARDEN
2026-07-30 16:54:31.064 -05:00 [DBG] Heartbeat SYNAPSE
2026-07-30 16:54:31.064 -05:00 [DBG] Heartbeat TRADEWEAVER
2026-07-30 16:54:31.064 -05:00 [DBG] Heartbeat CASEBLADE
2026-07-30 16:54:31.064 -05:00 [DBG] Heartbeat PROX
2026-07-30 16:54:31.064 -05:00 [DBG] Heartbeat SENTINEL
2026-07-30 16:54:31.064 -05:00 [DBG] Heartbeat MARKETSCRYER
2026-07-30 16:54:31.064 -05:00 [DBG] Heartbeat SIGNALFORGE
2026-07-30 16:54:31.065 -05:00 [DBG] Heartbeat ORACLEVAULT
2026-07-30 16:54:31.065 -05:00 [DBG] Heartbeat RISKWARDEN
2026-07-30 16:55:31.065 -05:00 [DBG] Heartbeat SYNAPSE
2026-07-30 16:55:31.065 -05:00 [DBG] Heartbeat TRADEWEAVER
2026-07-30 16:55:31.065 -05:00 [DBG] Heartbeat CASEBLADE
2026-07-30 16:55:31.065 -05:00 [DBG] Heartbeat PROX
2026-07-30 16:55:31.065 -05:00 [DBG] Heartbeat SENTINEL
2026-07-30 16:55:31.065 -05:00 [DBG] Heartbeat MARKETSCRYER
2026-07-30 16:55:31.065 -05:00 [DBG] Heartbeat SIGNALFORGE
2026-07-30 16:55:31.065 -05:00 [DBG] Heartbeat ORACLEVAULT
2026-07-30 16:55:31.065 -05:00 [DBG] Heartbeat RISKWARDEN
2026-07-30 16:56:31.066 -05:00 [DBG] Heartbeat SYNAPSE
2026-07-30 16:56:31.066 -05:00 [DBG] Heartbeat TRADEWEAVER
2026-07-30 16:56:31.066 -05:00 [DBG] Heartbeat CASEBLADE
2026-07-30 16:56:31.066 -05:00 [DBG] Heartbeat PROX
2026-07-30 16:56:31.066 -05:00 [DBG] Heartbeat SENTINEL
2026-07-30 16:56:31.066 -05:00 [DBG] Heartbeat MARKETSCRYER
2026-07-30 16:56:31.066 -05:00 [DBG] Heartbeat SIGNALFORGE
2026-07-30 16:56:31.066 -05:00 [DBG] Heartbeat ORACLEVAULT
2026-07-30 16:56:31.066 -05:00 [DBG] Heartbeat RISKWARDEN
2026-07-30 16:57:31.065 -05:00 [DBG] Heartbeat SYNAPSE
2026-07-30 16:57:31.065 -05:00 [DBG] Heartbeat TRADEWEAVER
2026-07-30 16:57:31.065 -05:00 [DBG] Heartbeat CASEBLADE
2026-07-30 16:57:31.065 -05:00 [DBG] Heartbeat PROX
2026-07-30 16:57:31.065 -05:00 [DBG] Heartbeat SENTINEL
2026-07-30 16:57:31.065 -05:00 [DBG] Heartbeat MARKETSCRYER
2026-07-30 16:57:31.065 -05:00 [DBG] Heartbeat SIGNALFORGE
2026-07-30 16:57:31.065 -05:00 [DBG] Heartbeat ORACLEVAULT
2026-07-30 16:57:31.065 -05:00 [DBG] Heartbeat RISKWARDEN
2026-07-30 16:57:36.117 -05:00 [INF] PC health: C: 77.6% used, 5 recent errors
2026-07-30 16:58:31.065 -05:00 [DBG] Heartbeat SYNAPSE
2026-07-30 16:58:31.065 -05:00 [DBG] Heartbeat TRADEWEAVER
2026-07-30 16:58:31.065 -05:00 [DBG] Heartbeat CASEBLADE
2026-07-30 16:58:31.065 -05:00 [DBG] Heartbeat PROX
2026-07-30 16:58:31.065 -05:00 [DBG] Heartbeat SENTINEL
2026-07-30 16:58:31.065 -05:00 [DBG] Heartbeat MARKETSCRYER
2026-07-30 16:58:31.065 -05:00 [DBG] Heartbeat SIGNALFORGE
2026-07-30 16:58:31.065 -05:00 [DBG] Heartbeat ORACLEVAULT
2026-07-30 16:58:31.065 -05:00 [DBG] Heartbeat RISKWARDEN
2026-07-30 16:59:31.065 -05:00 [DBG] Heartbeat SYNAPSE
2026-07-30 16:59:31.065 -05:00 [DBG] Heartbeat TRADEWEAVER
2026-07-30 16:59:31.065 -05:00 [DBG] Heartbeat CASEBLADE
2026-07-30 16:59:31.065 -05:00 [DBG] Heartbeat PROX
2026-07-30 16:59:31.065 -05:00 [DBG] Heartbeat SENTINEL
2026-07-30 16:59:31.065 -05:00 [DBG] Heartbeat MARKETSCRYER
2026-07-30 16:59:31.065 -05:00 [DBG] Heartbeat SIGNALFORGE
2026-07-30 16:59:31.065 -05:00 [DBG] Heartbeat ORACLEVAULT
2026-07-30 16:59:31.065 -05:00 [DBG] Heartbeat RISKWARDEN
2026-07-30 17:00:31.065 -05:00 [DBG] Heartbeat SYNAPSE
2026-07-30 17:00:31.065 -05:00 [DBG] Heartbeat TRADEWEAVER
2026-07-30 17:00:31.065 -05:00 [DBG] Heartbeat CASEBLADE
2026-07-30 17:00:31.065 -05:00 [DBG] Heartbeat PROX
2026-07-30 17:00:31.065 -05:00 [DBG] Heartbeat SENTINEL
2026-07-30 17:00:31.065 -05:00 [DBG] Heartbeat MARKETSCRYER
2026-07-30 17:00:31.065 -05:00 [DBG] Heartbeat SIGNALFORGE
2026-07-30 17:00:31.065 -05:00 [DBG] Heartbeat ORACLEVAULT
2026-07-30 17:00:31.065 -05:00 [DBG] Heartbeat RISKWARDEN
2026-07-30 17:01:31.065 -05:00 [DBG] Heartbeat SYNAPSE
2026-07-30 17:01:31.065 -05:00 [DBG] Heartbeat TRADEWEAVER
2026-07-30 17:01:31.065 -05:00 [DBG] Heartbeat CASEBLADE
2026-07-30 17:01:31.065 -05:00 [DBG] Heartbeat PROX
2026-07-30 17:01:31.065 -05:00 [DBG] Heartbeat SENTINEL
2026-07-30 17:01:31.065 -05:00 [DBG] Heartbeat MARKETSCRYER
2026-07-30 17:01:31.065 -05:00 [DBG] Heartbeat SIGNALFORGE
2026-07-30 17:01:31.065 -05:00 [DBG] Heartbeat ORACLEVAULT
2026-07-30 17:01:31.065 -05:00 [DBG] Heartbeat RISKWARDEN
2026-07-30 17:02:31.066 -05:00 [DBG] Heartbeat SYNAPSE
2026-07-30 17:02:31.066 -05:00 [DBG] Heartbeat TRADEWEAVER
2026-07-30 17:02:31.066 -05:00 [DBG] Heartbeat CASEBLADE
2026-07-30 17:02:31.066 -05:00 [DBG] Heartbeat PROX
2026-07-30 17:02:31.066 -05:00 [DBG] Heartbeat SENTINEL
2026-07-30 17:02:31.066 -05:00 [DBG] Heartbeat MARKETSCRYER
2026-07-30 17:02:31.066 -05:00 [DBG] Heartbeat SIGNALFORGE
2026-07-30 17:02:31.066 -05:00 [DBG] Heartbeat ORACLEVAULT
2026-07-30 17:02:31.066 -05:00 [DBG] Heartbeat RISKWARDEN
2026-07-30 17:02:49.896 -05:00 [INF] PC health: C: 77.6% used, 5 recent errors
2026-07-30 17:03:31.066 -05:00 [DBG] Heartbeat SYNAPSE
2026-07-30 17:03:31.066 -05:00 [DBG] Heartbeat TRADEWEAVER
2026-07-30 17:03:31.066 -05:00 [DBG] Heartbeat CASEBLADE
2026-07-30 17:03:31.066 -05:00 [DBG] Heartbeat PROX
2026-07-30 17:03:31.066 -05:00 [DBG] Heartbeat SENTINEL
2026-07-30 17:03:31.066 -05:00 [DBG] Heartbeat MARKETSCRYER
2026-07-30 17:03:31.066 -05:00 [DBG] Heartbeat SIGNALFORGE
2026-07-30 17:03:31.066 -05:00 [DBG] Heartbeat ORACLEVAULT
2026-07-30 17:03:31.066 -05:00 [DBG] Heartbeat RISKWARDEN
2026-07-30 17:04:31.066 -05:00 [DBG] Heartbeat SYNAPSE
2026-07-30 17:04:31.066 -05:00 [DBG] Heartbeat TRADEWEAVER
2026-07-30 17:04:31.066 -05:00 [DBG] Heartbeat CASEBLADE
2026-07-30 17:04:31.066 -05:00 [DBG] Heartbeat PROX
2026-07-30 17:04:31.066 -05:00 [DBG] Heartbeat SENTINEL
2026-07-30 17:04:31.066 -05:00 [DBG] Heartbeat MARKETSCRYER
2026-07-30 17:04:31.066 -05:00 [DBG] Heartbeat SIGNALFORGE
2026-07-30 17:04:31.066 -05:00 [DBG] Heartbeat ORACLEVAULT
2026-07-30 17:04:31.066 -05:00 [DBG] Heartbeat RISKWARDEN
2026-07-30 17:05:31.066 -05:00 [DBG] Heartbeat SYNAPSE
2026-07-30 17:05:31.066 -05:00 [DBG] Heartbeat TRADEWEAVER
2026-07-30 17:05:31.066 -05:00 [DBG] Heartbeat CASEBLADE
2026-07-30 17:05:31.066 -05:00 [DBG] Heartbeat PROX
2026-07-30 17:05:31.066 -05:00 [DBG] Heartbeat SENTINEL
2026-07-30 17:05:31.066 -05:00 [DBG] Heartbeat MARKETSCRYER
2026-07-30 17:05:31.066 -05:00 [DBG] Heartbeat SIGNALFORGE
2026-07-30 17:05:31.066 -05:00 [DBG] Heartbeat ORACLEVAULT
2026-07-30 17:05:31.066 -05:00 [DBG] Heartbeat RISKWARDEN
2026-07-30 17:06:31.067 -05:00 [DBG] Heartbeat SYNAPSE
2026-07-30 17:06:31.067 -05:00 [DBG] Heartbeat TRADEWEAVER
2026-07-30 17:06:31.067 -05:00 [DBG] Heartbeat CASEBLADE
2026-07-30 17:06:31.067 -05:00 [DBG] Heartbeat PROX
2026-07-30 17:06:31.067 -05:00 [DBG] Heartbeat SENTINEL
2026-07-30 17:06:31.067 -05:00 [DBG] Heartbeat MARKETSCRYER
2026-07-30 17:06:31.067 -05:00 [DBG] Heartbeat SIGNALFORGE
2026-07-30 17:06:31.067 -05:00 [DBG] Heartbeat ORACLEVAULT
2026-07-30 17:06:31.067 -05:00 [DBG] Heartbeat RISKWARDEN
2026-07-30 17:07:31.067 -05:00 [DBG] Heartbeat SYNAPSE
2026-07-30 17:07:31.067 -05:00 [DBG] Heartbeat TRADEWEAVER
2026-07-30 17:07:31.067 -05:00 [DBG] Heartbeat CASEBLADE
2026-07-30 17:07:31.067 -05:00 [DBG] Heartbeat PROX
2026-07-30 17:07:31.067 -05:00 [DBG] Heartbeat SENTINEL
2026-07-30 17:07:31.067 -05:00 [DBG] Heartbeat MARKETSCRYER
2026-07-30 17:07:31.067 -05:00 [DBG] Heartbeat SIGNALFORGE
2026-07-30 17:07:31.067 -05:00 [DBG] Heartbeat ORACLEVAULT
2026-07-30 17:07:31.067 -05:00 [DBG] Heartbeat RISKWARDEN
2026-07-30 17:08:03.610 -05:00 [INF] PC health: C: 77.6% used, 5 recent errors
2026-07-30 17:08:31.067 -05:00 [DBG] Heartbeat SYNAPSE
2026-07-30 17:08:31.067 -05:00 [DBG] Heartbeat TRADEWEAVER
2026-07-30 17:08:31.067 -05:00 [DBG] Heartbeat CASEBLADE
2026-07-30 17:08:31.067 -05:00 [DBG] Heartbeat PROX
2026-07-30 17:08:31.067 -05:00 [DBG] Heartbeat SENTINEL
2026-07-30 17:08:31.067 -05:00 [DBG] Heartbeat MARKETSCRYER
2026-07-30 17:08:31.067 -05:00 [DBG] Heartbeat SIGNALFORGE
2026-07-30 17:08:31.067 -05:00 [DBG] Heartbeat ORACLEVAULT
2026-07-30 17:08:31.067 -05:00 [DBG] Heartbeat RISKWARDEN
2026-07-30 17:09:31.068 -05:00 [DBG] Heartbeat SYNAPSE
2026-07-30 17:09:31.068 -05:00 [DBG] Heartbeat TRADEWEAVER
2026-07-30 17:09:31.068 -05:00 [DBG] Heartbeat CASEBLADE
2026-07-30 17:09:31.068 -05:00 [DBG] Heartbeat PROX
2026-07-30 17:09:31.068 -05:00 [DBG] Heartbeat SENTINEL
2026-07-30 17:09:31.068 -05:00 [DBG] Heartbeat MARKETSCRYER
2026-07-30 17:09:31.068 -05:00 [DBG] Heartbeat SIGNALFORGE
2026-07-30 17:09:31.068 -05:00 [DBG] Heartbeat ORACLEVAULT
2026-07-30 17:09:31.068 -05:00 [DBG] Heartbeat RISKWARDEN
2026-07-30 17:10:31.068 -05:00 [DBG] Heartbeat SYNAPSE
2026-07-30 17:10:31.068 -05:00 [DBG] Heartbeat TRADEWEAVER
2026-07-30 17:10:31.068 -05:00 [DBG] Heartbeat CASEBLADE
2026-07-30 17:10:31.068 -05:00 [DBG] Heartbeat PROX
2026-07-30 17:10:31.068 -05:00 [DBG] Heartbeat SENTINEL
2026-07-30 17:10:31.068 -05:00 [DBG] Heartbeat MARKETSCRYER
2026-07-30 17:10:31.068 -05:00 [DBG] Heartbeat SIGNALFORGE
2026-07-30 17:10:31.068 -05:00 [DBG] Heartbeat ORACLEVAULT
2026-07-30 17:10:31.068 -05:00 [DBG] Heartbeat RISKWARDEN
2026-07-30 17:11:31.069 -05:00 [DBG] Heartbeat SYNAPSE
2026-07-30 17:11:31.069 -05:00 [DBG] Heartbeat TRADEWEAVER
2026-07-30 17:11:31.069 -05:00 [DBG] Heartbeat CASEBLADE
2026-07-30 17:11:31.069 -05:00 [DBG] Heartbeat PROX
2026-07-30 17:11:31.069 -05:00 [DBG] Heartbeat SENTINEL
2026-07-30 17:11:31.069 -05:00 [DBG] Heartbeat MARKETSCRYER
2026-07-30 17:11:31.069 -05:00 [DBG] Heartbeat SIGNALFORGE
2026-07-30 17:11:31.069 -05:00 [DBG] Heartbeat ORACLEVAULT
2026-07-30 17:11:31.069 -05:00 [DBG] Heartbeat RISKWARDEN
2026-07-30 17:12:31.069 -05:00 [DBG] Heartbeat SYNAPSE
2026-07-30 17:12:31.069 -05:00 [DBG] Heartbeat TRADEWEAVER
2026-07-30 17:12:31.069 -05:00 [DBG] Heartbeat CASEBLADE
2026-07-30 17:12:31.069 -05:00 [DBG] Heartbeat PROX
2026-07-30 17:12:31.069 -05:00 [DBG] Heartbeat SENTINEL
2026-07-30 17:12:31.069 -05:00 [DBG] Heartbeat MARKETSCRYER
2026-07-30 17:12:31.069 -05:00 [DBG] Heartbeat SIGNALFORGE
2026-07-30 17:12:31.069 -05:00 [DBG] Heartbeat ORACLEVAULT
2026-07-30 17:12:31.069 -05:00 [DBG] Heartbeat RISKWARDEN
2026-07-30 17:13:17.336 -05:00 [INF] PC health: C: 77.6% used, 5 recent errors
2026-07-30 17:13:31.068 -05:00 [DBG] Heartbeat SYNAPSE
2026-07-30 17:13:31.068 -05:00 [DBG] Heartbeat TRADEWEAVER
2026-07-30 17:13:31.068 -05:00 [DBG] Heartbeat CASEBLADE
2026-07-30 17:13:31.068 -05:00 [DBG] Heartbeat PROX
2026-07-30 17:13:31.068 -05:00 [DBG] Heartbeat SENTINEL
2026-07-30 17:13:31.068 -05:00 [DBG] Heartbeat MARKETSCRYER
2026-07-30 17:13:31.068 -05:00 [DBG] Heartbeat SIGNALFORGE
2026-07-30 17:13:31.068 -05:00 [DBG] Heartbeat ORACLEVAULT
2026-07-30 17:13:31.068 -05:00 [DBG] Heartbeat RISKWARDEN
2026-07-30 17:14:31.069 -05:00 [DBG] Heartbeat SYNAPSE
2026-07-30 17:14:31.069 -05:00 [DBG] Heartbeat TRADEWEAVER
2026-07-30 17:14:31.069 -05:00 [DBG] Heartbeat CASEBLADE
2026-07-30 17:14:31.069 -05:00 [DBG] Heartbeat PROX
2026-07-30 17:14:31.069 -05:00 [DBG] Heartbeat SENTINEL
2026-07-30 17:14:31.069 -05:00 [DBG] Heartbeat MARKETSCRYER
2026-07-30 17:14:31.069 -05:00 [DBG] Heartbeat SIGNALFORGE
2026-07-30 17:14:31.069 -05:00 [DBG] Heartbeat ORACLEVAULT
2026-07-30 17:14:31.069 -05:00 [DBG] Heartbeat RISKWARDEN
2026-07-30 17:15:31.069 -05:00 [DBG] Heartbeat SYNAPSE
2026-07-30 17:15:31.069 -05:00 [DBG] Heartbeat TRADEWEAVER
2026-07-30 17:15:31.069 -05:00 [DBG] Heartbeat CASEBLADE
2026-07-30 17:15:31.069 -05:00 [DBG] Heartbeat PROX
2026-07-30 17:15:31.069 -05:00 [DBG] Heartbeat SENTINEL
2026-07-30 17:15:31.069 -05:00 [DBG] Heartbeat MARKETSCRYER
2026-07-30 17:15:31.069 -05:00 [DBG] Heartbeat SIGNALFORGE
2026-07-30 17:15:31.069 -05:00 [DBG] Heartbeat ORACLEVAULT
2026-07-30 17:15:31.069 -05:00 [DBG] Heartbeat RISKWARDEN
2026-07-30 17:16:31.068 -05:00 [DBG] Heartbeat SYNAPSE
2026-07-30 17:16:31.068 -05:00 [DBG] Heartbeat TRADEWEAVER
2026-07-30 17:16:31.068 -05:00 [DBG] Heartbeat CASEBLADE
2026-07-30 17:16:31.068 -05:00 [DBG] Heartbeat PROX
2026-07-30 17:16:31.068 -05:00 [DBG] Heartbeat SENTINEL
2026-07-30 17:16:31.068 -05:00 [DBG] Heartbeat MARKETSCRYER
2026-07-30 17:16:31.068 -05:00 [DBG] Heartbeat SIGNALFORGE
2026-07-30 17:16:31.068 -05:00 [DBG] Heartbeat ORACLEVAULT
2026-07-30 17:16:31.068 -05:00 [DBG] Heartbeat RISKWARDEN
2026-07-30 17:17:31.069 -05:00 [DBG] Heartbeat SYNAPSE
2026-07-30 17:17:31.069 -05:00 [DBG] Heartbeat TRADEWEAVER
2026-07-30 17:17:31.069 -05:00 [DBG] Heartbeat CASEBLADE
2026-07-30 17:17:31.069 -05:00 [DBG] Heartbeat PROX
2026-07-30 17:17:31.069 -05:00 [DBG] Heartbeat SENTINEL
2026-07-30 17:17:31.069 -05:00 [DBG] Heartbeat MARKETSCRYER
2026-07-30 17:17:31.069 -05:00 [DBG] Heartbeat SIGNALFORGE
2026-07-30 17:17:31.069 -05:00 [DBG] Heartbeat ORACLEVAULT
2026-07-30 17:17:31.069 -05:00 [DBG] Heartbeat RISKWARDEN
2026-07-30 17:18:31.053 -05:00 [INF] PC health: C: 77.6% used, 5 recent errors
2026-07-30 17:18:31.070 -05:00 [DBG] Heartbeat SYNAPSE
2026-07-30 17:18:31.070 -05:00 [DBG] Heartbeat TRADEWEAVER
2026-07-30 17:18:31.070 -05:00 [DBG] Heartbeat CASEBLADE
2026-07-30 17:18:31.070 -05:00 [DBG] Heartbeat PROX
2026-07-30 17:18:31.070 -05:00 [DBG] Heartbeat SENTINEL
2026-07-30 17:18:31.070 -05:00 [DBG] Heartbeat MARKETSCRYER
2026-07-30 17:18:31.070 -05:00 [DBG] Heartbeat SIGNALFORGE
2026-07-30 17:18:31.070 -05:00 [DBG] Heartbeat ORACLEVAULT
2026-07-30 17:18:31.070 -05:00 [DBG] Heartbeat RISKWARDEN
2026-07-30 17:19:31.069 -05:00 [DBG] Heartbeat SYNAPSE
2026-07-30 17:19:31.069 -05:00 [DBG] Heartbeat TRADEWEAVER
2026-07-30 17:19:31.069 -05:00 [DBG] Heartbeat CASEBLADE
2026-07-30 17:19:31.069 -05:00 [DBG] Heartbeat PROX
2026-07-30 17:19:31.069 -05:00 [DBG] Heartbeat SENTINEL
2026-07-30 17:19:31.070 -05:00 [DBG] Heartbeat MARKETSCRYER
2026-07-30 17:19:31.070 -05:00 [DBG] Heartbeat SIGNALFORGE
2026-07-30 17:19:31.070 -05:00 [DBG] Heartbeat ORACLEVAULT
2026-07-30 17:19:31.070 -05:00 [DBG] Heartbeat RISKWARDEN
2026-07-30 17:20:31.069 -05:00 [DBG] Heartbeat SYNAPSE
2026-07-30 17:20:31.069 -05:00 [DBG] Heartbeat TRADEWEAVER
2026-07-30 17:20:31.069 -05:00 [DBG] Heartbeat CASEBLADE
2026-07-30 17:20:31.069 -05:00 [DBG] Heartbeat PROX
2026-07-30 17:20:31.069 -05:00 [DBG] Heartbeat SENTINEL
2026-07-30 17:20:31.069 -05:00 [DBG] Heartbeat MARKETSCRYER
2026-07-30 17:20:31.069 -05:00 [DBG] Heartbeat SIGNALFORGE
2026-07-30 17:20:31.069 -05:00 [DBG] Heartbeat ORACLEVAULT
2026-07-30 17:20:31.069 -05:00 [DBG] Heartbeat RISKWARDEN
2026-07-30 17:21:31.070 -05:00 [DBG] Heartbeat SYNAPSE
2026-07-30 17:21:31.070 -05:00 [DBG] Heartbeat TRADEWEAVER
2026-07-30 17:21:31.070 -05:00 [DBG] Heartbeat CASEBLADE
2026-07-30 17:21:31.070 -05:00 [DBG] Heartbeat PROX
2026-07-30 17:21:31.070 -05:00 [DBG] Heartbeat SENTINEL
2026-07-30 17:21:31.070 -05:00 [DBG] Heartbeat MARKETSCRYER
2026-07-30 17:21:31.070 -05:00 [DBG] Heartbeat SIGNALFORGE
2026-07-30 17:21:31.070 -05:00 [DBG] Heartbeat ORACLEVAULT
2026-07-30 17:21:31.070 -05:00 [DBG] Heartbeat RISKWARDEN
2026-07-30 17:22:31.070 -05:00 [DBG] Heartbeat SYNAPSE
2026-07-30 17:22:31.070 -05:00 [DBG] Heartbeat TRADEWEAVER
2026-07-30 17:22:31.070 -05:00 [DBG] Heartbeat CASEBLADE
2026-07-30 17:22:31.070 -05:00 [DBG] Heartbeat PROX
2026-07-30 17:22:31.070 -05:00 [DBG] Heartbeat SENTINEL
2026-07-30 17:22:31.070 -05:00 [DBG] Heartbeat MARKETSCRYER
2026-07-30 17:22:31.070 -05:00 [DBG] Heartbeat SIGNALFORGE
2026-07-30 17:22:31.070 -05:00 [DBG] Heartbeat ORACLEVAULT
2026-07-30 17:22:31.070 -05:00 [DBG] Heartbeat RISKWARDEN
2026-07-30 17:23:31.070 -05:00 [DBG] Heartbeat SYNAPSE
2026-07-30 17:23:31.070 -05:00 [DBG] Heartbeat TRADEWEAVER
2026-07-30 17:23:31.070 -05:00 [DBG] Heartbeat CASEBLADE
2026-07-30 17:23:31.070 -05:00 [DBG] Heartbeat PROX
2026-07-30 17:23:31.070 -05:00 [DBG] Heartbeat SENTINEL
2026-07-30 17:23:31.070 -05:00 [DBG] Heartbeat MARKETSCRYER
2026-07-30 17:23:31.070 -05:00 [DBG] Heartbeat SIGNALFORGE
2026-07-30 17:23:31.070 -05:00 [DBG] Heartbeat ORACLEVAULT
2026-07-30 17:23:31.070 -05:00 [DBG] Heartbeat RISKWARDEN
2026-07-30 17:23:44.838 -05:00 [INF] PC health: C: 77.6% used, 5 recent errors
2026-07-30 17:24:31.070 -05:00 [DBG] Heartbeat SYNAPSE
2026-07-30 17:24:31.070 -05:00 [DBG] Heartbeat TRADEWEAVER
2026-07-30 17:24:31.070 -05:00 [DBG] Heartbeat CASEBLADE
2026-07-30 17:24:31.070 -05:00 [DBG] Heartbeat PROX
2026-07-30 17:24:31.070 -05:00 [DBG] Heartbeat SENTINEL
2026-07-30 17:24:31.070 -05:00 [DBG] Heartbeat MARKETSCRYER
2026-07-30 17:24:31.070 -05:00 [DBG] Heartbeat SIGNALFORGE
2026-07-30 17:24:31.070 -05:00 [DBG] Heartbeat ORACLEVAULT
2026-07-30 17:24:31.070 -05:00 [DBG] Heartbeat RISKWARDEN
2026-07-30 17:25:31.070 -05:00 [DBG] Heartbeat SYNAPSE
2026-07-30 17:25:31.070 -05:00 [DBG] Heartbeat TRADEWEAVER
2026-07-30 17:25:31.070 -05:00 [DBG] Heartbeat CASEBLADE
2026-07-30 17:25:31.070 -05:00 [DBG] Heartbeat PROX
2026-07-30 17:25:31.070 -05:00 [DBG] Heartbeat SENTINEL
2026-07-30 17:25:31.070 -05:00 [DBG] Heartbeat MARKETSCRYER
2026-07-30 17:25:31.070 -05:00 [DBG] Heartbeat SIGNALFORGE
2026-07-30 17:25:31.070 -05:00 [DBG] Heartbeat ORACLEVAULT
2026-07-30 17:25:31.070 -05:00 [DBG] Heartbeat RISKWARDEN
2026-07-30 17:26:31.070 -05:00 [DBG] Heartbeat SYNAPSE
2026-07-30 17:26:31.070 -05:00 [DBG] Heartbeat TRADEWEAVER
2026-07-30 17:26:31.070 -05:00 [DBG] Heartbeat CASEBLADE
2026-07-30 17:26:31.070 -05:00 [DBG] Heartbeat PROX
2026-07-30 17:26:31.070 -05:00 [DBG] Heartbeat SENTINEL
2026-07-30 17:26:31.070 -05:00 [DBG] Heartbeat MARKETSCRYER
2026-07-30 17:26:31.070 -05:00 [DBG] Heartbeat SIGNALFORGE
2026-07-30 17:26:31.070 -05:00 [DBG] Heartbeat ORACLEVAULT
2026-07-30 17:26:31.070 -05:00 [DBG] Heartbeat RISKWARDEN
2026-07-30 17:27:31.071 -05:00 [DBG] Heartbeat SYNAPSE
2026-07-30 17:27:31.071 -05:00 [DBG] Heartbeat TRADEWEAVER
2026-07-30 17:27:31.071 -05:00 [DBG] Heartbeat CASEBLADE
2026-07-30 17:27:31.071 -05:00 [DBG] Heartbeat PROX
2026-07-30 17:27:31.071 -05:00 [DBG] Heartbeat SENTINEL
2026-07-30 17:27:31.071 -05:00 [DBG] Heartbeat MARKETSCRYER
2026-07-30 17:27:31.071 -05:00 [DBG] Heartbeat SIGNALFORGE
2026-07-30 17:27:31.071 -05:00 [DBG] Heartbeat ORACLEVAULT
2026-07-30 17:27:31.071 -05:00 [DBG] Heartbeat RISKWARDEN
2026-07-30 17:28:31.071 -05:00 [DBG] Heartbeat SYNAPSE
2026-07-30 17:28:31.071 -05:00 [DBG] Heartbeat TRADEWEAVER
2026-07-30 17:28:31.071 -05:00 [DBG] Heartbeat CASEBLADE
2026-07-30 17:28:31.071 -05:00 [DBG] Heartbeat PROX
2026-07-30 17:28:31.071 -05:00 [DBG] Heartbeat SENTINEL
2026-07-30 17:28:31.071 -05:00 [DBG] Heartbeat MARKETSCRYER
2026-07-30 17:28:31.071 -05:00 [DBG] Heartbeat SIGNALFORGE
2026-07-30 17:28:31.071 -05:00 [DBG] Heartbeat ORACLEVAULT
2026-07-30 17:28:31.071 -05:00 [DBG] Heartbeat RISKWARDEN
2026-07-30 17:28:58.593 -05:00 [INF] PC health: C: 77.6% used, 5 recent errors
2026-07-30 17:29:31.071 -05:00 [DBG] Heartbeat SYNAPSE
2026-07-30 17:29:31.071 -05:00 [DBG] Heartbeat TRADEWEAVER
2026-07-30 17:29:31.071 -05:00 [DBG] Heartbeat CASEBLADE
2026-07-30 17:29:31.071 -05:00 [DBG] Heartbeat PROX
2026-07-30 17:29:31.071 -05:00 [DBG] Heartbeat SENTINEL
2026-07-30 17:29:31.071 -05:00 [DBG] Heartbeat MARKETSCRYER
2026-07-30 17:29:31.071 -05:00 [DBG] Heartbeat SIGNALFORGE
2026-07-30 17:29:31.071 -05:00 [DBG] Heartbeat ORACLEVAULT
2026-07-30 17:29:31.071 -05:00 [DBG] Heartbeat RISKWARDEN
2026-07-30 17:30:31.071 -05:00 [DBG] Heartbeat SYNAPSE
2026-07-30 17:30:31.071 -05:00 [DBG] Heartbeat TRADEWEAVER
2026-07-30 17:30:31.071 -05:00 [DBG] Heartbeat CASEBLADE
2026-07-30 17:30:31.071 -05:00 [DBG] Heartbeat PROX
2026-07-30 17:30:31.071 -05:00 [DBG] Heartbeat SENTINEL
2026-07-30 17:30:31.071 -05:00 [DBG] Heartbeat MARKETSCRYER
2026-07-30 17:30:31.071 -05:00 [DBG] Heartbeat SIGNALFORGE
2026-07-30 17:30:31.071 -05:00 [DBG] Heartbeat ORACLEVAULT
2026-07-30 17:30:31.071 -05:00 [DBG] Heartbeat RISKWARDEN
2026-07-30 17:31:31.072 -05:00 [DBG] Heartbeat SYNAPSE
2026-07-30 17:31:31.072 -05:00 [DBG] Heartbeat TRADEWEAVER
2026-07-30 17:31:31.072 -05:00 [DBG] Heartbeat CASEBLADE
2026-07-30 17:31:31.072 -05:00 [DBG] Heartbeat PROX
2026-07-30 17:31:31.072 -05:00 [DBG] Heartbeat SENTINEL
2026-07-30 17:31:31.072 -05:00 [DBG] Heartbeat MARKETSCRYER
2026-07-30 17:31:31.072 -05:00 [DBG] Heartbeat SIGNALFORGE
2026-07-30 17:31:31.072 -05:00 [DBG] Heartbeat ORACLEVAULT
2026-07-30 17:31:31.072 -05:00 [DBG] Heartbeat RISKWARDEN
2026-07-30 17:32:31.071 -05:00 [DBG] Heartbeat SYNAPSE
2026-07-30 17:32:31.071 -05:00 [DBG] Heartbeat TRADEWEAVER
2026-07-30 17:32:31.071 -05:00 [DBG] Heartbeat CASEBLADE
2026-07-30 17:32:31.071 -05:00 [DBG] Heartbeat PROX
2026-07-30 17:32:31.071 -05:00 [DBG] Heartbeat SENTINEL
2026-07-30 17:32:31.071 -05:00 [DBG] Heartbeat MARKETSCRYER
2026-07-30 17:32:31.071 -05:00 [DBG] Heartbeat SIGNALFORGE
2026-07-30 17:32:31.071 -05:00 [DBG] Heartbeat ORACLEVAULT
2026-07-30 17:32:31.071 -05:00 [DBG] Heartbeat RISKWARDEN
2026-07-30 17:33:31.071 -05:00 [DBG] Heartbeat SYNAPSE
2026-07-30 17:33:31.071 -05:00 [DBG] Heartbeat TRADEWEAVER
2026-07-30 17:33:31.071 -05:00 [DBG] Heartbeat CASEBLADE
2026-07-30 17:33:31.071 -05:00 [DBG] Heartbeat PROX
2026-07-30 17:33:31.071 -05:00 [DBG] Heartbeat SENTINEL
2026-07-30 17:33:31.071 -05:00 [DBG] Heartbeat MARKETSCRYER
2026-07-30 17:33:31.071 -05:00 [DBG] Heartbeat SIGNALFORGE
2026-07-30 17:33:31.071 -05:00 [DBG] Heartbeat ORACLEVAULT
2026-07-30 17:33:31.071 -05:00 [DBG] Heartbeat RISKWARDEN
2026-07-30 17:34:11.825 -05:00 [INF] PC health: C: 77.6% used, 5 recent errors
2026-07-30 17:34:31.071 -05:00 [DBG] Heartbeat SYNAPSE
2026-07-30 17:34:31.071 -05:00 [DBG] Heartbeat TRADEWEAVER
2026-07-30 17:34:31.071 -05:00 [DBG] Heartbeat CASEBLADE
2026-07-30 17:34:31.071 -05:00 [DBG] Heartbeat PROX
2026-07-30 17:34:31.071 -05:00 [DBG] Heartbeat SENTINEL
2026-07-30 17:34:31.071 -05:00 [DBG] Heartbeat MARKETSCRYER
2026-07-30 17:34:31.071 -05:00 [DBG] Heartbeat SIGNALFORGE
2026-07-30 17:34:31.071 -05:00 [DBG] Heartbeat ORACLEVAULT
2026-07-30 17:34:31.071 -05:00 [DBG] Heartbeat RISKWARDEN
2026-07-30 17:35:31.071 -05:00 [DBG] Heartbeat SYNAPSE
2026-07-30 17:35:31.071 -05:00 [DBG] Heartbeat TRADEWEAVER
2026-07-30 17:35:31.071 -05:00 [DBG] Heartbeat CASEBLADE
2026-07-30 17:35:31.071 -05:00 [DBG] Heartbeat PROX
2026-07-30 17:35:31.071 -05:00 [DBG] Heartbeat SENTINEL
2026-07-30 17:35:31.071 -05:00 [DBG] Heartbeat MARKETSCRYER
2026-07-30 17:35:31.071 -05:00 [DBG] Heartbeat SIGNALFORGE
2026-07-30 17:35:31.071 -05:00 [DBG] Heartbeat ORACLEVAULT
2026-07-30 17:35:31.071 -05:00 [DBG] Heartbeat RISKWARDEN
2026-07-30 17:36:31.071 -05:00 [DBG] Heartbeat SYNAPSE
2026-07-30 17:36:31.071 -05:00 [DBG] Heartbeat TRADEWEAVER
2026-07-30 17:36:31.071 -05:00 [DBG] Heartbeat CASEBLADE
2026-07-30 17:36:31.071 -05:00 [DBG] Heartbeat PROX
2026-07-30 17:36:31.071 -05:00 [DBG] Heartbeat SENTINEL
2026-07-30 17:36:31.071 -05:00 [DBG] Heartbeat MARKETSCRYER
2026-07-30 17:36:31.071 -05:00 [DBG] Heartbeat SIGNALFORGE
2026-07-30 17:36:31.071 -05:00 [DBG] Heartbeat ORACLEVAULT
2026-07-30 17:36:31.071 -05:00 [DBG] Heartbeat RISKWARDEN
2026-07-30 17:37:31.071 -05:00 [DBG] Heartbeat SYNAPSE
2026-07-30 17:37:31.071 -05:00 [DBG] Heartbeat TRADEWEAVER
2026-07-30 17:37:31.071 -05:00 [DBG] Heartbeat CASEBLADE
2026-07-30 17:37:31.071 -05:00 [DBG] Heartbeat PROX
2026-07-30 17:37:31.071 -05:00 [DBG] Heartbeat SENTINEL
2026-07-30 17:37:31.071 -05:00 [DBG] Heartbeat MARKETSCRYER
2026-07-30 17:37:31.071 -05:00 [DBG] Heartbeat SIGNALFORGE
2026-07-30 17:37:31.071 -05:00 [DBG] Heartbeat ORACLEVAULT
2026-07-30 17:37:31.071 -05:00 [DBG] Heartbeat RISKWARDEN
